date,core_position,ammo_position,target_position,ammo_released,ammo_us,ammo_crypto,us_core,crypto_core,trend_blocked_us,trend_blocked_crypto,extreme,note,warmup
2016-09-26,,0.0,,0,0.0,0.0,,,False,False,False,指数无效 | 指数无效,True
2016-09-27,,0.0,,0,0.0,0.0,,,False,False,False,指数无效 | 指数无效,True
2016-09-28,,0.0,,0,0.0,0.0,,,False,False,False,指数无效 | 指数无效,True
2016-09-29,,0.0,,0,0.0,0.0,,,False,False,False,指数无效 | 指数无效,True
2016-09-30,,0.0,,0,0.0,0.0,,,False,False,False,指数无效 | 指数无效,True
2016-10-03,,0.0,,0,0.0,0.0,,,False,False,False,指数无效 | 指数无效,True
2016-10-04,,0.0,,0,0.0,0.0,,,False,False,False,指数无效 | 指数无效,True
2016-10-05,,0.0,,0,0.0,0.0,,,False,False,False,指数无效 | 指数无效,True
2016-10-06,,0.0,,0,0.0,0.0,,,False,False,False,指数无效 | 指数无效,True
2016-10-07,,0.0,,0,0.0,0.0,,,False,False,False,指数无效 | 指数无效,True
2016-10-10,,0.0,,0,0.0,0.0,,,False,False,False,指数无效 | 指数无效,True
2016-10-11,,0.0,,0,0.0,0.0,,,False,False,False,指数无效 | 指数无效,True
2016-10-12,,0.0,,0,0.0,0.0,,,False,False,False,指数无效 | 指数无效,True
2016-10-13,,0.0,,0,0.0,0.0,,,False,False,False,指数无效 | 指数无效,True
2016-10-14,,0.0,,0,0.0,0.0,,,False,False,False,指数无效 | 指数无效,True
2016-10-17,,0.0,,0,0.0,0.0,,,False,False,False,指数无效 | 指数无效,True
2016-10-18,,0.0,,0,0.0,0.0,,,False,False,False,指数无效 | 指数无效,True
2016-10-19,,0.0,,0,0.0,0.0,,,False,False,False,指数无效 | 指数无效,True
2016-10-20,,0.0,,0,0.0,0.0,,,False,False,False,指数无效 | 指数无效,True
2016-10-21,,0.0,,0,0.0,0.0,,,False,False,False,指数无效 | 指数无效,True
2016-10-24,,0.0,,0,0.0,0.0,,,False,False,False,指数无效 | 指数无效,True
2016-10-25,,0.0,,0,0.0,0.0,,,False,False,False,指数无效 | 指数无效,True
2016-10-26,,0.0,,0,0.0,0.0,,,False,False,False,指数无效 | 指数无效,True
2016-10-27,,0.0,,0,0.0,0.0,,,False,False,False,指数无效 | 指数无效,True
2016-10-28,,0.0,,0,0.0,0.0,,,False,False,False,指数无效 | 指数无效,True
2016-10-31,,0.0,,0,0.0,0.0,,,False,False,False,指数无效 | 指数无效,True
2016-11-01,,0.0,,0,0.0,0.0,,,False,False,False,指数无效 | 指数无效,True
2016-11-02,,0.0,,0,0.0,0.0,,,False,False,False,指数无效 | 指数无效,True
2016-11-03,,0.0,,0,0.0,0.0,,,False,False,False,指数无效 | 指数无效,True
2016-11-04,,0.0,,0,0.0,0.0,,,False,False,False,指数无效 | 指数无效,True
2016-11-07,,0.0,,0,0.0,0.0,,,False,False,False,指数无效 | 指数无效,True
2016-11-08,,0.0,,0,0.0,0.0,,,False,False,False,指数无效 | 指数无效,True
2016-11-09,,0.0,,0,0.0,0.0,,,False,False,False,指数无效 | 指数无效,True
2016-11-10,,0.0,,0,0.0,0.0,,,False,False,False,指数无效 | 指数无效,True
2016-11-11,,0.0,,0,0.0,0.0,,,False,False,False,指数无效 | 指数无效,True
2016-11-14,,0.0,,0,0.0,0.0,,,False,False,False,指数无效 | 指数无效,True
2016-11-15,,0.0,,0,0.0,0.0,,,False,False,False,指数无效 | 指数无效,True
2016-11-16,,0.0,,0,0.0,0.0,,,False,False,False,指数无效 | 指数无效,True
2016-11-17,,0.0,,0,0.0,0.0,,,False,False,False,指数无效 | 指数无效,True
2016-11-18,,0.0,,0,0.0,0.0,,,False,False,False,指数无效 | 指数无效,True
2016-11-21,,0.0,,0,0.0,0.0,,,False,False,False,指数无效 | 指数无效,True
2016-11-22,,0.0,,0,0.0,0.0,,,False,False,False,指数无效 | 指数无效,True
2016-11-23,,0.0,,0,0.0,0.0,,,False,False,False,指数无效 | 指数无效,True
2016-11-25,,0.0,,0,0.0,0.0,,,False,False,False,指数无效 | 指数无效,True
2016-11-28,,0.0,,0,0.0,0.0,,,False,False,False,指数无效 | 指数无效,True
2016-11-29,,0.0,,0,0.0,0.0,,,False,False,False,指数无效 | 指数无效,True
2016-11-30,,0.0,,0,0.0,0.0,,,False,False,False,指数无效 | 指数无效,True
2016-12-01,,0.0,,0,0.0,0.0,,,False,False,False,指数无效 | 指数无效,True
2016-12-02,,0.0,,0,0.0,0.0,,,False,False,False,指数无效 | 指数无效,True
2016-12-05,,0.0,,0,0.0,0.0,,,False,False,False,指数无效 | 指数无效,True
2016-12-06,,0.0,,0,0.0,0.0,,,False,False,False,指数无效 | 指数无效,True
2016-12-07,,0.0,,0,0.0,0.0,,,False,False,False,指数无效 | 指数无效,True
2016-12-08,,0.0,,0,0.0,0.0,,,False,False,False,指数无效 | 指数无效,True
2016-12-09,,0.0,,0,0.0,0.0,,,False,False,False,指数无效 | 指数无效,True
2016-12-12,,0.0,,0,0.0,0.0,,,False,False,False,指数无效 | 指数无效,True
2016-12-13,,0.0,,0,0.0,0.0,,,False,False,False,指数无效 | 指数无效,True
2016-12-14,,0.0,,0,0.0,0.0,,,False,False,False,指数无效 | 指数无效,True
2016-12-15,,0.0,,0,0.0,0.0,,,False,False,False,指数无效 | 指数无效,True
2016-12-16,,0.0,,0,0.0,0.0,,,False,False,False,指数无效 | 指数无效,True
2016-12-19,,0.0,,0,0.0,0.0,,,False,False,False,指数无效 | 指数无效,True
2016-12-20,,0.0,,0,0.0,0.0,,,False,False,False,指数无效 | 指数无效,True
2016-12-21,,0.0,,0,0.0,0.0,,,False,False,False,指数无效 | 指数无效,True
2016-12-22,,0.0,,0,0.0,0.0,,,False,False,False,指数无效 | 指数无效,True
2016-12-23,,0.0,,0,0.0,0.0,,,False,False,False,指数无效 | 指数无效,True
2016-12-27,,0.0,,0,0.0,0.0,,,False,False,False,指数无效 | 指数无效,True
2016-12-28,,0.0,,0,0.0,0.0,,,False,False,False,指数无效 | 指数无效,True
2016-12-29,,0.0,,0,0.0,0.0,,,False,False,False,指数无效 | 指数无效,True
2016-12-30,,0.0,,0,0.0,0.0,,,False,False,False,指数无效 | 指数无效,True
2017-01-03,,0.0,,0,0.0,0.0,,,False,False,False,指数无效 | 指数无效,True
2017-01-04,,0.0,,0,0.0,0.0,,,False,False,False,指数无效 | 指数无效,True
2017-01-05,,0.0,,0,0.0,0.0,,,False,False,False,指数无效 | 指数无效,True
2017-01-06,,0.0,,0,0.0,0.0,,,False,False,False,指数无效 | 指数无效,True
2017-01-09,,0.0,,0,0.0,0.0,,,False,False,False,指数无效 | 指数无效,True
2017-01-10,,0.0,,0,0.0,0.0,,,False,False,False,指数无效 | 指数无效,True
2017-01-11,,0.0,,0,0.0,0.0,,,False,False,False,指数无效 | 指数无效,True
2017-01-12,,0.0,,0,0.0,0.0,,,False,False,False,指数无效 | 指数无效,True
2017-01-13,,0.0,,0,0.0,0.0,,,False,False,False,指数无效 | 指数无效,True
2017-01-17,,0.0,,0,0.0,0.0,,,False,False,False,指数无效 | 指数无效,True
2017-01-18,,0.0,,0,0.0,0.0,,,False,False,False,指数无效 | 指数无效,True
2017-01-19,,0.0,,0,0.0,0.0,,,False,False,False,指数无效 | 指数无效,True
2017-01-20,,0.0,,0,0.0,0.0,,,False,False,False,指数无效 | 指数无效,True
2017-01-23,,0.0,,0,0.0,0.0,,,False,False,False,指数无效 | 指数无效,True
2017-01-24,,0.0,,0,0.0,0.0,,,False,False,False,指数无效 | 指数无效,True
2017-01-25,,0.0,,0,0.0,0.0,,,False,False,False,指数无效 | 指数无效,True
2017-01-26,,0.0,,0,0.0,0.0,,,False,False,False,指数无效 | 指数无效,True
2017-01-27,,0.0,,0,0.0,0.0,,,False,False,False,指数无效 | 指数无效,True
2017-01-30,,0.0,,0,0.0,0.0,,,False,False,False,指数无效 | 指数无效,True
2017-01-31,,0.0,,0,0.0,0.0,,,False,False,False,指数无效 | 指数无效,True
2017-02-01,,0.0,,0,0.0,0.0,,,False,False,False,指数无效 | 指数无效,True
2017-02-02,,0.0,,0,0.0,0.0,,,False,False,False,指数无效 | 指数无效,True
2017-02-03,,0.0,,0,0.0,0.0,,,False,False,False,指数无效 | 指数无效,True
2017-02-06,,0.0,,0,0.0,0.0,,,False,False,False,指数无效 | 指数无效,True
2017-02-07,,0.0,,0,0.0,0.0,,,False,False,False,指数无效 | 指数无效,True
2017-02-08,,0.0,,0,0.0,0.0,,,False,False,False,指数无效 | 指数无效,True
2017-02-09,,0.0,,0,0.0,0.0,,,False,False,False,指数无效 | 指数无效,True
2017-02-10,,0.0,,0,0.0,0.0,,,False,False,False,指数无效 | 指数无效,True
2017-02-13,,0.0,,0,0.0,0.0,,,False,False,False,指数无效 | 指数无效,True
2017-02-14,,0.0,,0,0.0,0.0,,,False,False,False,指数无效 | 指数无效,True
2017-02-15,,0.0,,0,0.0,0.0,,,False,False,False,指数无效 | 指数无效,True
2017-02-16,,0.0,,0,0.0,0.0,,,False,False,False,指数无效 | 指数无效,True
2017-02-17,,0.0,,0,0.0,0.0,,,False,False,False,指数无效 | 指数无效,True
2017-02-21,,0.0,,0,0.0,0.0,,,False,False,False,指数无效 | 指数无效,True
2017-02-22,,0.0,,0,0.0,0.0,,,False,False,False,指数无效 | 指数无效,True
2017-02-23,,0.0,,0,0.0,0.0,,,False,False,False,指数无效 | 指数无效,True
2017-02-24,,0.0,,0,0.0,0.0,,,False,False,False,指数无效 | 指数无效,True
2017-02-27,,0.0,,0,0.0,0.0,,,False,False,False,指数无效 | 指数无效,True
2017-02-28,,0.0,,0,0.0,0.0,,,False,False,False,指数无效 | 指数无效,True
2017-03-01,,0.0,,0,0.0,0.0,,,False,False,False,指数无效 | 指数无效,True
2017-03-02,,0.0,,0,0.0,0.0,,,False,False,False,指数无效 | 指数无效,True
2017-03-03,,0.0,,0,0.0,0.0,,,False,False,False,指数无效 | 指数无效,True
2017-03-06,,0.0,,0,0.0,0.0,,,False,False,False,指数无效 | 指数无效,True
2017-03-07,,0.0,,0,0.0,0.0,,,False,False,False,指数无效 | 指数无效,True
2017-03-08,,0.0,,0,0.0,0.0,,,False,False,False,指数无效 | 指数无效,True
2017-03-09,,0.0,,0,0.0,0.0,,,False,False,False,指数无效 | 指数无效,True
2017-03-10,,0.0,,0,0.0,0.0,,,False,False,False,指数无效 | 指数无效,True
2017-03-13,,0.0,,0,0.0,0.0,,,False,False,False,指数无效 | 指数无效,True
2017-03-14,,0.0,,0,0.0,0.0,,,False,False,False,指数无效 | 指数无效,True
2017-03-15,,0.0,,0,0.0,0.0,,,False,False,False,指数无效 | 指数无效,True
2017-03-16,,0.0,,0,0.0,0.0,,,False,False,False,指数无效 | 指数无效,True
2017-03-17,,0.0,,0,0.0,0.0,,,False,False,False,指数无效 | 指数无效,True
2017-03-20,,0.0,,0,0.0,0.0,,,False,False,False,指数无效 | 指数无效,True
2017-03-21,,0.0,,0,0.0,0.0,,,False,False,False,指数无效 | 指数无效,True
2017-03-22,,0.0,,0,0.0,0.0,,,False,False,False,指数无效 | 指数无效,True
2017-03-23,,0.0,,0,0.0,0.0,,,False,False,False,指数无效 | 指数无效,True
2017-03-24,,0.0,,0,0.0,0.0,,,False,False,False,指数无效 | 指数无效,True
2017-03-27,,0.0,,0,0.0,0.0,,,False,False,False,指数无效 | 指数无效,True
2017-03-28,,0.0,,0,0.0,0.0,,,False,False,False,指数无效 | 指数无效,True
2017-03-29,,0.0,,0,0.0,0.0,,,False,False,False,指数无效 | 指数无效,True
2017-03-30,,0.0,,0,0.0,0.0,,,False,False,False,指数无效 | 指数无效,True
2017-03-31,,0.0,,0,0.0,0.0,,,False,False,False,指数无效 | 指数无效,True
2017-04-03,,0.0,,0,0.0,0.0,,,False,False,False,指数无效 | 指数无效,True
2017-04-04,,0.0,,0,0.0,0.0,,,False,False,False,指数无效 | 指数无效,True
2017-04-05,,0.0,,0,0.0,0.0,,,False,False,False,指数无效 | 指数无效,True
2017-04-06,,0.0,,0,0.0,0.0,,,False,False,False,指数无效 | 指数无效,True
2017-04-07,,0.0,,0,0.0,0.0,,,False,False,False,指数无效 | 指数无效,True
2017-04-10,,0.0,,0,0.0,0.0,,,False,False,False,指数无效 | 指数无效,True
2017-04-11,,0.0,,0,0.0,0.0,,,False,False,False,指数无效 | 指数无效,True
2017-04-12,,0.0,,0,0.0,0.0,,,False,False,False,指数无效 | 指数无效,True
2017-04-13,,0.0,,0,0.0,0.0,,,False,False,False,指数无效 | 指数无效,True
2017-04-17,,0.0,,0,0.0,0.0,,,False,False,False,指数无效 | 指数无效,True
2017-04-18,,0.0,,0,0.0,0.0,,,False,False,False,指数无效 | 指数无效,True
2017-04-19,,0.0,,0,0.0,0.0,,,False,False,False,指数无效 | 指数无效,True
2017-04-20,,0.0,,0,0.0,0.0,,,False,False,False,指数无效 | 指数无效,True
2017-04-21,,0.0,,0,0.0,0.0,,,False,False,False,指数无效 | 指数无效,True
2017-04-24,,0.0,,0,0.0,0.0,,,False,False,False,指数无效 | 指数无效,True
2017-04-25,,0.0,,0,0.0,0.0,,,False,False,False,指数无效 | 指数无效,True
2017-04-26,,0.0,,0,0.0,0.0,,,False,False,False,指数无效 | 指数无效,True
2017-04-27,,0.0,,0,0.0,0.0,,,False,False,False,指数无效 | 指数无效,True
2017-04-28,,0.0,,0,0.0,0.0,,,False,False,False,指数无效 | 指数无效,True
2017-05-01,,0.0,,0,0.0,0.0,,,False,False,False,指数无效 | 指数无效,True
2017-05-02,,0.0,,0,0.0,0.0,,,False,False,False,指数无效 | 指数无效,True
2017-05-03,,0.0,,0,0.0,0.0,,,False,False,False,指数无效 | 指数无效,True
2017-05-04,,0.0,,0,0.0,0.0,,,False,False,False,指数无效 | 指数无效,True
2017-05-05,,0.0,,0,0.0,0.0,,,False,False,False,指数无效 | 指数无效,True
2017-05-08,,0.0,,0,0.0,0.0,,,False,False,False,指数无效 | 指数无效,True
2017-05-09,,0.0,,0,0.0,0.0,,,False,False,False,指数无效 | 指数无效,True
2017-05-10,,0.0,,0,0.0,0.0,,,False,False,False,指数无效 | 指数无效,True
2017-05-11,,0.0,,0,0.0,0.0,,,False,False,False,指数无效 | 指数无效,True
2017-05-12,,0.0,,0,0.0,0.0,,,False,False,False,指数无效 | 指数无效,True
2017-05-15,,0.0,,0,0.0,0.0,,,False,False,False,指数无效 | 指数无效,True
2017-05-16,,0.0,,0,0.0,0.0,,,False,False,False,指数无效 | 指数无效,True
2017-05-17,,0.0,,0,0.0,0.0,,,False,False,False,指数无效 | 指数无效,True
2017-05-18,,0.0,,0,0.0,0.0,,,False,False,False,指数无效 | 指数无效,True
2017-05-19,,0.0,,0,0.0,0.0,,,False,False,False,指数无效 | 指数无效,True
2017-05-22,,0.0,,0,0.0,0.0,,,False,False,False,指数无效 | 指数无效,True
2017-05-23,,0.0,,0,0.0,0.0,,,False,False,False,指数无效 | 指数无效,True
2017-05-24,,0.0,,0,0.0,0.0,,,False,False,False,指数无效 | 指数无效,True
2017-05-25,,0.0,,0,0.0,0.0,,,False,False,False,指数无效 | 指数无效,True
2017-05-26,,0.0,,0,0.0,0.0,,,False,False,False,指数无效 | 指数无效,True
2017-05-30,,0.0,,0,0.0,0.0,,,False,False,False,指数无效 | 指数无效,True
2017-05-31,,0.0,,0,0.0,0.0,,,False,False,False,指数无效 | 指数无效,True
2017-06-01,,0.0,,0,0.0,0.0,,,False,False,False,指数无效 | 指数无效,True
2017-06-02,,0.0,,0,0.0,0.0,,,False,False,False,指数无效 | 指数无效,True
2017-06-05,,0.0,,0,0.0,0.0,,,False,False,False,指数无效 | 指数无效,True
2017-06-06,,0.0,,0,0.0,0.0,,,False,False,False,指数无效 | 指数无效,True
2017-06-07,,0.0,,0,0.0,0.0,,,False,False,False,指数无效 | 指数无效,True
2017-06-08,,0.0,,0,0.0,0.0,,,False,False,False,指数无效 | 指数无效,True
2017-06-09,,0.0,,0,0.0,0.0,,,False,False,False,指数无效 | 指数无效,True
2017-06-12,,0.0,,0,0.0,0.0,,,False,False,False,指数无效 | 指数无效,True
2017-06-13,,0.0,,0,0.0,0.0,,,False,False,False,指数无效 | 指数无效,True
2017-06-14,,0.0,,0,0.0,0.0,,,False,False,False,指数无效 | 指数无效,True
2017-06-15,,0.0,,0,0.0,0.0,,,False,False,False,指数无效 | 指数无效,True
2017-06-16,,0.0,,0,0.0,0.0,,,False,False,False,指数无效 | 指数无效,True
2017-06-19,,0.0,,0,0.0,0.0,,,False,False,False,指数无效 | 指数无效,True
2017-06-20,,0.0,,0,0.0,0.0,,,False,False,False,指数无效 | 指数无效,True
2017-06-21,,0.0,,0,0.0,0.0,,,False,False,False,指数无效 | 指数无效,True
2017-06-22,,0.0,,0,0.0,0.0,,,False,False,False,指数无效 | 指数无效,True
2017-06-23,,0.0,,0,0.0,0.0,,,False,False,False,指数无效 | 指数无效,True
2017-06-26,,0.0,,0,0.0,0.0,,,False,False,False,指数无效 | 指数无效,True
2017-06-27,,0.0,,0,0.0,0.0,,,False,False,False,指数无效 | 指数无效,True
2017-06-28,,0.0,,0,0.0,0.0,,,False,False,False,指数无效 | 指数无效,True
2017-06-29,,0.0,,0,0.0,0.0,,,False,False,False,指数无效 | 指数无效,True
2017-06-30,,0.0,,0,0.0,0.0,,,False,False,False,指数无效 | 指数无效,True
2017-07-03,,0.0,,0,0.0,0.0,,,False,False,False,指数无效 | 指数无效,True
2017-07-05,,0.0,,0,0.0,0.0,,,False,False,False,指数无效 | 指数无效,True
2017-07-06,,0.0,,0,0.0,0.0,,,False,False,False,指数无效 | 指数无效,True
2017-07-07,,0.0,,0,0.0,0.0,,,False,False,False,指数无效 | 指数无效,True
2017-07-10,,0.0,,0,0.0,0.0,,,False,False,False,指数无效 | 指数无效,True
2017-07-11,,0.0,,0,0.0,0.0,,,False,False,False,指数无效 | 指数无效,True
2017-07-12,,0.0,,0,0.0,0.0,,,False,False,False,指数无效 | 指数无效,True
2017-07-13,,0.0,,0,0.0,0.0,,,False,False,False,指数无效 | 指数无效,True
2017-07-14,,0.0,,0,0.0,0.0,,,False,False,False,指数无效 | 指数无效,True
2017-07-17,,0.0,,0,0.0,0.0,,,False,False,False,指数无效 | 指数无效,True
2017-07-18,,0.0,,0,0.0,0.0,,,False,False,False,指数无效 | 指数无效,True
2017-07-19,,0.0,,0,0.0,0.0,,,False,False,False,指数无效 | 指数无效,True
2017-07-20,,0.0,,0,0.0,0.0,,,False,False,False,指数无效 | 指数无效,True
2017-07-21,,0.0,,0,0.0,0.0,,,False,False,False,指数无效 | 指数无效,True
2017-07-24,,0.0,,0,0.0,0.0,,,False,False,False,指数无效 | 指数无效,True
2017-07-25,,0.0,,0,0.0,0.0,,,False,False,False,指数无效 | 指数无效,True
2017-07-26,,0.0,,0,0.0,0.0,,,False,False,False,指数无效 | 指数无效,True
2017-07-27,,0.0,,0,0.0,0.0,,,False,False,False,指数无效 | 指数无效,True
2017-07-28,,0.0,,0,0.0,0.0,,,False,False,False,指数无效 | 指数无效,True
2017-07-31,,0.0,,0,0.0,0.0,,,False,False,False,指数无效 | 指数无效,True
2017-08-01,,0.0,,0,0.0,0.0,,,False,False,False,指数无效 | 指数无效,True
2017-08-02,,0.0,,0,0.0,0.0,,,False,False,False,指数无效 | 指数无效,True
2017-08-03,,0.0,,0,0.0,0.0,,,False,False,False,指数无效 | 指数无效,True
2017-08-04,,0.0,,0,0.0,0.0,,,False,False,False,指数无效 | 指数无效,True
2017-08-07,,0.0,,0,0.0,0.0,,,False,False,False,指数无效 | 指数无效,True
2017-08-08,,0.0,,0,0.0,0.0,,,False,False,False,指数无效 | 指数无效,True
2017-08-09,,0.0,,0,0.0,0.0,,,False,False,False,指数无效 | 指数无效,True
2017-08-10,,0.0,,0,0.0,0.0,,,False,False,False,指数无效 | 指数无效,True
2017-08-11,,0.0,,0,0.0,0.0,,,False,False,False,指数无效 | 指数无效,True
2017-08-14,,0.0,,0,0.0,0.0,,,False,False,False,指数无效 | 指数无效,True
2017-08-15,,0.0,,0,0.0,0.0,,,False,False,False,指数无效 | 指数无效,True
2017-08-16,,0.0,,0,0.0,0.0,,,False,False,False,指数无效 | 指数无效,True
2017-08-17,,0.0,,0,0.0,0.0,,,False,False,False,指数无效 | 指数无效,True
2017-08-18,,0.0,,0,0.0,0.0,,,False,False,False,指数无效 | 指数无效,True
2017-08-21,,0.0,,0,0.0,0.0,,,False,False,False,指数无效 | 指数无效,True
2017-08-22,,0.0,,0,0.0,0.0,,,False,False,False,指数无效 | 指数无效,True
2017-08-23,,0.0,,0,0.0,0.0,,,False,False,False,指数无效 | 指数无效,True
2017-08-24,,0.0,,0,0.0,0.0,,,False,False,False,指数无效 | 指数无效,True
2017-08-25,,0.0,,0,0.0,0.0,,,False,False,False,指数无效 | 指数无效,True
2017-08-28,,0.0,,0,0.0,0.0,,,False,False,False,指数无效 | 指数无效,True
2017-08-29,,0.0,,0,0.0,0.0,,,False,False,False,指数无效 | 指数无效,True
2017-08-30,,0.0,,0,0.0,0.0,,,False,False,False,指数无效 | 指数无效,True
2017-08-31,,0.0,,0,0.0,0.0,,,False,False,False,指数无效 | 指数无效,True
2017-09-01,,0.0,,0,0.0,0.0,,,False,False,False,指数无效 | 指数无效,True
2017-09-05,,0.0,,0,0.0,0.0,,,False,False,False,指数无效 | 指数无效,True
2017-09-06,,0.0,,0,0.0,0.0,,,False,False,False,指数无效 | 指数无效,True
2017-09-07,,0.0,,0,0.0,0.0,,,False,False,False,指数无效 | 指数无效,True
2017-09-08,,0.0,,0,0.0,0.0,,,False,False,False,指数无效 | 指数无效,True
2017-09-11,,0.0,,0,0.0,0.0,,,False,False,False,指数无效 | 指数无效,True
2017-09-12,,0.0,,0,0.0,0.0,,,False,False,False,指数无效 | 指数无效,True
2017-09-13,,0.0,,0,0.0,0.0,,,False,False,False,指数无效 | 指数无效,True
2017-09-14,,0.0,,0,0.0,0.0,,,False,False,False,指数无效 | 指数无效,True
2017-09-15,,0.0,,0,0.0,0.0,,,False,False,False,指数无效 | 指数无效,True
2017-09-18,,0.0,,0,0.0,0.0,,,False,False,False,指数无效 | 指数无效,True
2017-09-19,,0.0,,0,0.0,0.0,,,False,False,False,指数无效 | 指数无效,True
2017-09-20,,0.0,,0,0.0,0.0,,,False,False,False,指数无效 | 指数无效,True
2017-09-21,,0.0,,0,0.0,0.0,,,False,False,False,指数无效 | 指数无效,True
2017-09-22,,0.0,,0,0.0,0.0,,,False,False,False,指数无效 | 指数无效,True
2017-09-25,,0.0,,0,0.0,0.0,,,False,False,False,指数无效 | 指数无效,True
2017-09-26,,0.0,,0,0.0,0.0,,,False,False,False,指数无效 | 指数无效,True
2017-09-27,,0.0,,0,0.0,0.0,,,False,False,False,指数无效 | 指数无效,True
2017-09-28,,0.0,,0,0.0,0.0,,,False,False,False,指数无效 | 指数无效,True
2017-09-29,,0.0,,0,0.0,0.0,,,False,False,False,指数无效 | 指数无效,True
2017-10-02,,0.0,,0,0.0,0.0,,,False,False,False,指数无效 | 指数无效,True
2017-10-03,,0.0,,0,0.0,0.0,,,False,False,False,指数无效 | 指数无效,True
2017-10-04,,0.0,,0,0.0,0.0,,,False,False,False,指数无效 | 指数无效,True
2017-10-05,,0.0,,0,0.0,0.0,,,False,False,False,指数无效 | 指数无效,True
2017-10-06,,0.0,,0,0.0,0.0,,,False,False,False,指数无效 | 指数无效,True
2017-10-09,,0.0,,0,0.0,0.0,,,False,False,False,指数无效 | 指数无效,True
2017-10-10,,0.0,,0,0.0,0.0,,,False,False,False,指数无效 | 指数无效,True
2017-10-11,,0.0,,0,0.0,0.0,,,False,False,False,指数无效 | 指数无效,True
2017-10-12,,0.0,,0,0.0,0.0,,,False,False,False,指数无效 | 指数无效,True
2017-10-13,,0.0,,0,0.0,0.0,,,False,False,False,指数无效 | 指数无效,True
2017-10-16,,0.0,,0,0.0,0.0,,,False,False,False,指数无效 | 指数无效,True
2017-10-17,,0.0,,0,0.0,0.0,,,False,False,False,指数无效 | 指数无效,True
2017-10-18,,0.0,,0,0.0,0.0,,,False,False,False,指数无效 | 指数无效,True
2017-10-19,,0.0,,0,0.0,0.0,,,False,False,False,指数无效 | 指数无效,True
2017-10-20,,0.0,,0,0.0,0.0,,,False,False,False,指数无效 | 指数无效,True
2017-10-23,,0.0,,0,0.0,0.0,,,False,False,False,指数无效 | 指数无效,True
2017-10-24,,0.0,,0,0.0,0.0,,,False,False,False,指数无效 | 指数无效,True
2017-10-25,,0.0,,0,0.0,0.0,,,False,False,False,指数无效 | 指数无效,True
2017-10-26,,0.0,,0,0.0,0.0,,,False,False,False,指数无效 | 指数无效,True
2017-10-27,,0.0,,0,0.0,0.0,,,False,False,False,指数无效 | 指数无效,True
2017-10-30,,0.0,,0,0.0,0.0,,,False,False,False,指数无效 | 指数无效,True
2017-10-31,,0.0,,0,0.0,0.0,,,False,False,False,指数无效 | 指数无效,True
2017-11-01,,0.0,,0,0.0,0.0,,,False,False,False,指数无效 | 指数无效,True
2017-11-02,,0.0,,0,0.0,0.0,,,False,False,False,指数无效 | 指数无效,True
2017-11-03,,0.0,,0,0.0,0.0,,,False,False,False,指数无效 | 指数无效,True
2017-11-06,,0.0,,0,0.0,0.0,,,False,False,False,指数无效 | 指数无效,True
2017-11-07,,0.0,,0,0.0,0.0,,,False,False,False,指数无效 | 指数无效,True
2017-11-08,,0.0,,0,0.0,0.0,,,False,False,False,指数无效 | 指数无效,True
2017-11-09,,0.0,,0,0.0,0.0,,,False,False,False,指数无效 | 指数无效,True
2017-11-10,,0.0,,0,0.0,0.0,,,False,False,False,指数无效 | 指数无效,True
2017-11-13,,0.0,,0,0.0,0.0,,,False,False,False,指数无效 | 指数无效,True
2017-11-14,,0.0,,0,0.0,0.0,,,False,False,False,指数无效 | 指数无效,True
2017-11-15,,0.0,,0,0.0,0.0,,,False,False,False,指数无效 | 指数无效,True
2017-11-16,,0.0,,0,0.0,0.0,,,False,False,False,指数无效 | 指数无效,True
2017-11-17,,0.0,,0,0.0,0.0,,,False,False,False,指数无效 | 指数无效,True
2017-11-20,,0.0,,0,0.0,0.0,,,False,False,False,指数无效 | 指数无效,True
2017-11-21,,0.0,,0,0.0,0.0,,,False,False,False,指数无效 | 指数无效,True
2017-11-22,,0.0,,0,0.0,0.0,,,False,False,False,指数无效 | 指数无效,True
2017-11-24,,0.0,,0,0.0,0.0,,,False,False,False,指数无效 | 指数无效,True
2017-11-27,,0.0,,0,0.0,0.0,,,False,False,False,指数无效 | 指数无效,True
2017-11-28,,0.0,,0,0.0,0.0,,,False,False,False,指数无效 | 指数无效,True
2017-11-29,,0.0,,0,0.0,0.0,,,False,False,False,指数无效 | 指数无效,True
2017-11-30,,0.0,,0,0.0,0.0,,,False,False,False,指数无效 | 指数无效,True
2017-12-01,,0.0,,0,0.0,0.0,,,False,False,False,指数无效 | 指数无效,True
2017-12-04,,0.0,,0,0.0,0.0,,,False,False,False,指数无效 | 指数无效,True
2017-12-05,,0.0,,0,0.0,0.0,,,False,False,False,指数无效 | 指数无效,True
2017-12-06,,0.0,,0,0.0,0.0,,,False,False,False,指数无效 | 指数无效,True
2017-12-07,,0.0,,0,0.0,0.0,,,False,False,False,指数无效 | 指数无效,True
2017-12-08,,0.0,,0,0.0,0.0,,,False,False,False,指数无效 | 指数无效,True
2017-12-11,,0.0,,0,0.0,0.0,,,False,False,False,指数无效 | 指数无效,True
2017-12-12,,0.0,,0,0.0,0.0,,,False,False,False,指数无效 | 指数无效,True
2017-12-13,,0.0,,0,0.0,0.0,,,False,False,False,指数无效 | 指数无效,True
2017-12-14,,0.0,,0,0.0,0.0,,,False,False,False,指数无效 | 指数无效,True
2017-12-15,,0.0,,0,0.0,0.0,,,False,False,False,指数无效 | 指数无效,True
2017-12-18,,0.0,,0,0.0,0.0,,,False,False,False,指数无效 | 指数无效,True
2017-12-19,,0.0,,0,0.0,0.0,,,False,False,False,指数无效 | 指数无效,True
2017-12-20,,0.0,,0,0.0,0.0,,,False,False,False,指数无效 | 指数无效,True
2017-12-21,,0.0,,0,0.0,0.0,,,False,False,False,指数无效 | 指数无效,True
2017-12-22,,0.0,,0,0.0,0.0,,,False,False,False,指数无效 | 指数无效,True
2017-12-26,,0.0,,0,0.0,0.0,,,False,False,False,指数无效 | 指数无效,True
2017-12-27,,0.0,,0,0.0,0.0,,,False,False,False,指数无效 | 指数无效,True
2017-12-28,,0.0,,0,0.0,0.0,,,False,False,False,指数无效 | 指数无效,True
2017-12-29,,0.0,,0,0.0,0.0,,,False,False,False,指数无效 | 指数无效,True
2018-01-02,,0.0,,0,0.0,0.0,,,False,False,False,指数无效 | 指数无效,True
2018-01-03,,0.0,,0,0.0,0.0,,,False,False,False,指数无效 | 指数无效,True
2018-01-04,,0.0,,0,0.0,0.0,,,False,False,False,指数无效 | 指数无效,True
2018-01-05,,0.0,,0,0.0,0.0,,,False,False,False,指数无效 | 指数无效,True
2018-01-08,,0.0,,0,0.0,0.0,,,False,False,False,指数无效 | 指数无效,True
2018-01-09,,0.0,,0,0.0,0.0,,,False,False,False,指数无效 | 指数无效,True
2018-01-10,,0.0,,0,0.0,0.0,,,False,False,False,指数无效 | 指数无效,True
2018-01-11,,0.0,,0,0.0,0.0,,,False,False,False,指数无效 | 指数无效,True
2018-01-12,,0.0,,0,0.0,0.0,,,False,False,False,指数无效 | 指数无效,True
2018-01-16,,0.0,,0,0.0,0.0,,,False,False,False,指数无效 | 指数无效,True
2018-01-17,,0.06666666666666667,,1,0.0,0.06666666666666667,,,False,False,False,弹药释放（crypto 回撤 40.2%） | 指数无效 | 指数无效,True
2018-01-18,,0.06666666666666667,,1,0.0,0.06666666666666667,,,False,False,False,指数无效 | 指数无效,True
2018-01-19,,0.06666666666666667,,1,0.0,0.06666666666666667,,,False,False,False,指数无效 | 指数无效,True
2018-01-22,,0.06666666666666667,,1,0.0,0.06666666666666667,,,False,False,False,指数无效 | 指数无效,True
2018-01-23,,0.06666666666666667,,1,0.0,0.06666666666666667,,,False,False,False,指数无效 | 指数无效,True
2018-01-24,,0.06666666666666667,,1,0.0,0.06666666666666667,,,False,False,False,指数无效 | 指数无效,True
2018-01-25,,0.06666666666666667,,1,0.0,0.06666666666666667,,,False,False,False,指数无效 | 指数无效,True
2018-01-26,,0.06666666666666667,,1,0.0,0.06666666666666667,,,False,False,False,指数无效 | 指数无效,True
2018-01-29,,0.06666666666666667,,1,0.0,0.06666666666666667,,,False,False,False,指数无效 | 指数无效,True
2018-01-30,,0.06666666666666667,,1,0.0,0.06666666666666667,,,False,False,False,指数无效 | 指数无效,True
2018-01-31,,0.06666666666666667,,1,0.0,0.06666666666666667,,,False,False,False,指数无效 | 指数无效,True
2018-02-01,,0.06666666666666667,,1,0.0,0.06666666666666667,,,False,False,False,指数无效 | 指数无效,True
2018-02-02,,0.13333333333333333,,2,0.0,0.13333333333333333,,,False,False,False,弹药释放（crypto 回撤 51.9%） | 指数无效 | 指数无效,True
2018-02-05,,0.13333333333333333,,2,0.0,0.13333333333333333,,,False,False,False,指数无效 | 指数无效,True
2018-02-06,,0.13333333333333333,,2,0.0,0.13333333333333333,,,False,False,False,指数无效 | 指数无效,True
2018-02-07,,0.13333333333333333,,2,0.0,0.13333333333333333,,,False,False,False,指数无效 | 指数无效,True
2018-02-08,,0.13333333333333333,,2,0.0,0.13333333333333333,,,False,False,False,指数无效 | 指数无效,True
2018-02-09,,0.13333333333333333,,2,0.0,0.13333333333333333,,,False,False,False,指数无效 | 指数无效,True
2018-02-12,,0.13333333333333333,,2,0.0,0.13333333333333333,,,False,False,False,指数无效 | 指数无效,True
2018-02-13,,0.13333333333333333,,2,0.0,0.13333333333333333,,,False,False,False,指数无效 | 指数无效,True
2018-02-14,,0.13333333333333333,,2,0.0,0.13333333333333333,,,False,False,False,指数无效 | 指数无效,True
2018-02-15,,0.13333333333333333,,2,0.0,0.13333333333333333,,,False,False,False,指数无效 | 指数无效,True
2018-02-16,,0.13333333333333333,,2,0.0,0.13333333333333333,,,False,False,False,指数无效 | 指数无效,True
2018-02-20,,0.13333333333333333,,2,0.0,0.13333333333333333,,,False,False,False,指数无效 | 指数无效,True
2018-02-21,,0.13333333333333333,,2,0.0,0.13333333333333333,,,False,False,False,指数无效 | 指数无效,True
2018-02-22,,0.13333333333333333,,2,0.0,0.13333333333333333,,,False,False,False,指数无效 | 指数无效,True
2018-02-23,,0.13333333333333333,,2,0.0,0.13333333333333333,,,False,False,False,指数无效 | 指数无效,True
2018-02-26,,0.13333333333333333,,2,0.0,0.13333333333333333,,,False,False,False,指数无效 | 指数无效,True
2018-02-27,,0.13333333333333333,,2,0.0,0.13333333333333333,,,False,False,False,指数无效 | 指数无效,True
2018-02-28,,0.13333333333333333,,2,0.0,0.13333333333333333,,,False,False,False,指数无效 | 指数无效,True
2018-03-01,,0.13333333333333333,,2,0.0,0.13333333333333333,,,False,False,False,指数无效 | 指数无效,True
2018-03-02,,0.13333333333333333,,2,0.0,0.13333333333333333,,,False,False,False,指数无效 | 指数无效,True
2018-03-05,,0.13333333333333333,,2,0.0,0.13333333333333333,,,False,False,False,指数无效 | 指数无效,True
2018-03-06,,0.13333333333333333,,2,0.0,0.13333333333333333,,,False,False,False,指数无效 | 指数无效,True
2018-03-07,,0.13333333333333333,,2,0.0,0.13333333333333333,,,False,False,False,指数无效 | 指数无效,True
2018-03-08,,0.13333333333333333,,2,0.0,0.13333333333333333,,,False,False,False,指数无效 | 指数无效,True
2018-03-09,,0.13333333333333333,,2,0.0,0.13333333333333333,,,False,False,False,指数无效 | 指数无效,True
2018-03-12,,0.13333333333333333,,2,0.0,0.13333333333333333,,,False,False,False,指数无效 | 指数无效,True
2018-03-13,,0.13333333333333333,,2,0.0,0.13333333333333333,,,False,False,False,指数无效 | 指数无效,True
2018-03-14,,0.13333333333333333,,2,0.0,0.13333333333333333,,,False,False,False,指数无效 | 指数无效,True
2018-03-15,,0.13333333333333333,,2,0.0,0.13333333333333333,,,False,False,False,指数无效 | 指数无效,True
2018-03-16,,0.13333333333333333,,2,0.0,0.13333333333333333,,,False,False,False,指数无效 | 指数无效,True
2018-03-19,,0.13333333333333333,,2,0.0,0.13333333333333333,,,False,False,False,指数无效 | 指数无效,True
2018-03-20,,0.13333333333333333,,2,0.0,0.13333333333333333,,,False,False,False,指数无效 | 指数无效,True
2018-03-21,,0.13333333333333333,,2,0.0,0.13333333333333333,,,False,False,False,指数无效 | 指数无效,True
2018-03-22,,0.13333333333333333,,2,0.0,0.13333333333333333,,,False,False,False,指数无效 | 指数无效,True
2018-03-23,,0.13333333333333333,,2,0.0,0.13333333333333333,,,False,False,False,指数无效 | 指数无效,True
2018-03-26,,0.13333333333333333,,2,0.0,0.13333333333333333,,,False,False,False,指数无效 | 指数无效,True
2018-03-27,,0.13333333333333333,,2,0.0,0.13333333333333333,,,False,False,False,指数无效 | 指数无效,True
2018-03-28,,0.13333333333333333,,2,0.0,0.13333333333333333,,,False,False,False,指数无效 | 指数无效,True
2018-03-29,,0.13333333333333333,,2,0.0,0.13333333333333333,,,False,False,False,指数无效 | 指数无效,True
2018-04-02,,0.13333333333333333,,2,0.0,0.13333333333333333,,,False,True,False,指数无效 | 指数无效,True
2018-04-03,,0.13333333333333333,,2,0.0,0.13333333333333333,,,False,True,False,指数无效 | 指数无效,True
2018-04-04,,0.13333333333333333,,2,0.0,0.13333333333333333,,,False,False,False,指数无效 | 指数无效,True
2018-04-05,,0.13333333333333333,,2,0.0,0.13333333333333333,,,False,True,False,指数无效 | 指数无效,True
2018-04-06,,0.13333333333333333,,2,0.0,0.13333333333333333,,,False,True,False,指数无效 | 指数无效,True
2018-04-09,,0.13333333333333333,,2,0.0,0.13333333333333333,,,False,True,False,指数无效 | 指数无效,True
2018-04-10,,0.13333333333333333,,2,0.0,0.13333333333333333,,,False,True,False,指数无效 | 指数无效,True
2018-04-11,,0.13333333333333333,,2,0.0,0.13333333333333333,,,False,True,False,指数无效 | 指数无效,True
2018-04-12,,0.13333333333333333,,2,0.0,0.13333333333333333,,,False,True,False,指数无效 | 指数无效,True
2018-04-13,,0.13333333333333333,,2,0.0,0.13333333333333333,,,False,False,False,指数无效 | 指数无效,True
2018-04-16,,0.13333333333333333,,2,0.0,0.13333333333333333,,,False,False,False,指数无效 | 指数无效,True
2018-04-17,,0.13333333333333333,,2,0.0,0.13333333333333333,,,False,False,False,指数无效 | 指数无效,True
2018-04-18,,0.13333333333333333,,2,0.0,0.13333333333333333,,,False,False,False,指数无效 | 指数无效,True
2018-04-19,,0.13333333333333333,,2,0.0,0.13333333333333333,,,False,False,False,指数无效 | 指数无效,True
2018-04-20,,0.13333333333333333,,2,0.0,0.13333333333333333,,,False,False,False,指数无效 | 指数无效,True
2018-04-23,,0.13333333333333333,,2,0.0,0.13333333333333333,,,False,False,False,指数无效 | 指数无效,True
2018-04-24,,0.13333333333333333,,2,0.0,0.13333333333333333,,,False,False,False,指数无效 | 指数无效,True
2018-04-25,,0.13333333333333333,,2,0.0,0.13333333333333333,,,False,False,False,指数无效 | 指数无效,True
2018-04-26,,0.13333333333333333,,2,0.0,0.13333333333333333,,,False,False,False,指数无效 | 指数无效,True
2018-04-27,,0.13333333333333333,,2,0.0,0.13333333333333333,,,False,False,False,指数无效 | 指数无效,True
2018-04-30,,0.13333333333333333,,2,0.0,0.13333333333333333,,,False,False,False,指数无效 | 指数无效,True
2018-05-01,,0.13333333333333333,,2,0.0,0.13333333333333333,,,False,False,False,指数无效 | 指数无效,True
2018-05-02,,0.13333333333333333,,2,0.0,0.13333333333333333,,,False,False,False,指数无效 | 指数无效,True
2018-05-03,,0.13333333333333333,,2,0.0,0.13333333333333333,,,False,False,False,指数无效 | 指数无效,True
2018-05-04,,0.13333333333333333,,2,0.0,0.13333333333333333,,,False,False,False,指数无效 | 指数无效,True
2018-05-07,,0.13333333333333333,,2,0.0,0.13333333333333333,,,False,False,False,指数无效 | 指数无效,True
2018-05-08,,0.13333333333333333,,2,0.0,0.13333333333333333,,,False,False,False,指数无效 | 指数无效,True
2018-05-09,,0.13333333333333333,,2,0.0,0.13333333333333333,,,False,False,False,指数无效 | 指数无效,True
2018-05-10,,0.13333333333333333,,2,0.0,0.13333333333333333,,,False,False,False,指数无效 | 指数无效,True
2018-05-11,,0.13333333333333333,,2,0.0,0.13333333333333333,,,False,False,False,指数无效 | 指数无效,True
2018-05-14,,0.13333333333333333,,2,0.0,0.13333333333333333,,,False,False,False,指数无效 | 指数无效,True
2018-05-15,,0.13333333333333333,,2,0.0,0.13333333333333333,,,False,False,False,指数无效 | 指数无效,True
2018-05-16,,0.13333333333333333,,2,0.0,0.13333333333333333,,,False,False,False,指数无效 | 指数无效,True
2018-05-17,,0.13333333333333333,,2,0.0,0.13333333333333333,,,False,False,False,指数无效 | 指数无效,True
2018-05-18,,0.13333333333333333,,2,0.0,0.13333333333333333,,,False,True,False,指数无效 | 指数无效,True
2018-05-21,,0.13333333333333333,,2,0.0,0.13333333333333333,,,False,False,False,指数无效 | 指数无效,True
2018-05-22,,0.13333333333333333,,2,0.0,0.13333333333333333,,,False,True,False,指数无效 | 指数无效,True
2018-05-23,,0.13333333333333333,,2,0.0,0.13333333333333333,,,False,True,False,指数无效 | 指数无效,True
2018-05-24,,0.13333333333333333,,2,0.0,0.13333333333333333,,,False,True,False,指数无效 | 指数无效,True
2018-05-25,,0.13333333333333333,,2,0.0,0.13333333333333333,,,False,True,False,指数无效 | 指数无效,True
2018-05-29,,0.13333333333333333,,2,0.0,0.13333333333333333,,,False,True,False,指数无效 | 指数无效,True
2018-05-30,,0.13333333333333333,,2,0.0,0.13333333333333333,,,False,True,False,指数无效 | 指数无效,True
2018-05-31,,0.13333333333333333,,2,0.0,0.13333333333333333,,,False,True,False,指数无效 | 指数无效,True
2018-06-01,,0.13333333333333333,,2,0.0,0.13333333333333333,,,False,True,False,指数无效 | 指数无效,True
2018-06-04,,0.13333333333333333,,2,0.0,0.13333333333333333,,,False,True,False,指数无效 | 指数无效,True
2018-06-05,,0.13333333333333333,,2,0.0,0.13333333333333333,,,False,True,False,指数无效 | 指数无效,True
2018-06-06,,0.13333333333333333,,2,0.0,0.13333333333333333,,,False,True,False,指数无效 | 指数无效,True
2018-06-07,,0.13333333333333333,,2,0.0,0.13333333333333333,,,False,True,False,指数无效 | 指数无效,True
2018-06-08,,0.13333333333333333,,2,0.0,0.13333333333333333,,,False,True,False,指数无效 | 指数无效,True
2018-06-11,,0.13333333333333333,,2,0.0,0.13333333333333333,,,False,True,False,指数无效 | 指数无效,True
2018-06-12,,0.13333333333333333,,2,0.0,0.13333333333333333,,,False,True,False,指数无效 | 指数无效,True
2018-06-13,,0.13333333333333333,,2,0.0,0.13333333333333333,,,False,True,False,指数无效 | 指数无效,True
2018-06-14,,0.13333333333333333,,2,0.0,0.13333333333333333,,,False,True,False,指数无效 | 指数无效,True
2018-06-15,,0.13333333333333333,,2,0.0,0.13333333333333333,,,False,True,False,指数无效 | 指数无效,True
2018-06-18,,0.13333333333333333,,2,0.0,0.13333333333333333,,,False,True,False,指数无效 | 指数无效,True
2018-06-19,,0.13333333333333333,,2,0.0,0.13333333333333333,,,False,True,False,指数无效 | 指数无效,True
2018-06-20,,0.13333333333333333,,2,0.0,0.13333333333333333,,,False,True,False,指数无效 | 指数无效,True
2018-06-21,,0.13333333333333333,,2,0.0,0.13333333333333333,,,False,True,False,指数无效 | 指数无效,True
2018-06-22,,0.13333333333333333,,2,0.0,0.13333333333333333,,,False,True,False,指数无效 | 指数无效,True
2018-06-25,,0.13333333333333333,,2,0.0,0.13333333333333333,,,False,True,False,指数无效 | 指数无效,True
2018-06-26,,0.13333333333333333,,2,0.0,0.13333333333333333,,,False,True,False,指数无效 | 指数无效,True
2018-06-27,,0.13333333333333333,,2,0.0,0.13333333333333333,,,False,True,False,指数无效 | 指数无效,True
2018-06-28,,0.13333333333333333,,2,0.0,0.13333333333333333,,,False,True,False,指数无效 | 指数无效,True
2018-06-29,,0.13333333333333333,,2,0.0,0.13333333333333333,,,False,True,False,指数无效 | 指数无效,True
2018-07-02,,0.13333333333333333,,2,0.0,0.13333333333333333,,,False,True,False,指数无效 | 指数无效,True
2018-07-03,,0.13333333333333333,,2,0.0,0.13333333333333333,,,False,True,False,指数无效 | 指数无效,True
2018-07-05,,0.13333333333333333,,2,0.0,0.13333333333333333,,,False,True,False,指数无效 | 指数无效,True
2018-07-06,,0.13333333333333333,,2,0.0,0.13333333333333333,,,False,True,False,指数无效 | 指数无效,True
2018-07-09,,0.13333333333333333,,2,0.0,0.13333333333333333,,,False,True,False,指数无效 | 指数无效,True
2018-07-10,,0.13333333333333333,,2,0.0,0.13333333333333333,,,False,True,False,指数无效 | 指数无效,True
2018-07-11,,0.13333333333333333,,2,0.0,0.13333333333333333,,,False,True,False,指数无效 | 指数无效,True
2018-07-12,,0.13333333333333333,,2,0.0,0.13333333333333333,,,False,True,False,指数无效 | 指数无效,True
2018-07-13,,0.13333333333333333,,2,0.0,0.13333333333333333,,,False,True,False,指数无效 | 指数无效,True
2018-07-16,,0.13333333333333333,,2,0.0,0.13333333333333333,,,False,True,False,指数无效 | 指数无效,True
2018-07-17,,0.13333333333333333,,2,0.0,0.13333333333333333,,,False,True,False,指数无效 | 指数无效,True
2018-07-18,,0.13333333333333333,,2,0.0,0.13333333333333333,,,False,True,False,指数无效 | 指数无效,True
2018-07-19,,0.13333333333333333,,2,0.0,0.13333333333333333,,,False,True,False,指数无效 | 指数无效,True
2018-07-20,,0.13333333333333333,,2,0.0,0.13333333333333333,,,False,True,False,指数无效 | 指数无效,True
2018-07-23,,0.13333333333333333,,2,0.0,0.13333333333333333,,,False,True,False,指数无效 | 指数无效,True
2018-07-24,,0.13333333333333333,,2,0.0,0.13333333333333333,,,False,True,False,指数无效 | 指数无效,True
2018-07-25,,0.13333333333333333,,2,0.0,0.13333333333333333,,,False,True,False,指数无效 | 指数无效,True
2018-07-26,,0.13333333333333333,,2,0.0,0.13333333333333333,,,False,True,False,指数无效 | 指数无效,True
2018-07-27,,0.13333333333333333,,2,0.0,0.13333333333333333,,,False,True,False,指数无效 | 指数无效,True
2018-07-30,,0.13333333333333333,,2,0.0,0.13333333333333333,,,False,True,False,指数无效 | 指数无效,True
2018-07-31,,0.13333333333333333,,2,0.0,0.13333333333333333,,,False,True,False,指数无效 | 指数无效,True
2018-08-01,,0.13333333333333333,,2,0.0,0.13333333333333333,,,False,True,False,指数无效 | 指数无效,True
2018-08-02,,0.13333333333333333,,2,0.0,0.13333333333333333,,,False,True,False,指数无效 | 指数无效,True
2018-08-03,,0.13333333333333333,,2,0.0,0.13333333333333333,,,False,True,False,指数无效 | 指数无效,True
2018-08-06,,0.13333333333333333,,2,0.0,0.13333333333333333,,,False,True,False,指数无效 | 指数无效,True
2018-08-07,,0.13333333333333333,,2,0.0,0.13333333333333333,,,False,True,False,指数无效 | 指数无效,True
2018-08-08,,0.13333333333333333,,2,0.0,0.13333333333333333,,,False,True,False,指数无效 | 指数无效,True
2018-08-09,,0.13333333333333333,,2,0.0,0.13333333333333333,,,False,True,False,指数无效 | 指数无效,True
2018-08-10,,0.13333333333333333,,2,0.0,0.13333333333333333,,,False,True,False,指数无效 | 指数无效,True
2018-08-13,,0.13333333333333333,,2,0.0,0.13333333333333333,,,False,True,False,指数无效 | 指数无效,True
2018-08-14,,0.13333333333333333,,2,0.0,0.13333333333333333,,,False,True,False,指数无效 | 指数无效,True
2018-08-15,,0.13333333333333333,,2,0.0,0.13333333333333333,,,False,True,False,指数无效 | 指数无效,True
2018-08-16,,0.13333333333333333,,2,0.0,0.13333333333333333,,,False,True,False,指数无效 | 指数无效,True
2018-08-17,,0.13333333333333333,,2,0.0,0.13333333333333333,,,False,True,False,指数无效 | 指数无效,True
2018-08-20,,0.13333333333333333,,2,0.0,0.13333333333333333,,,False,True,False,指数无效 | 指数无效,True
2018-08-21,,0.13333333333333333,,2,0.0,0.13333333333333333,,,False,True,False,指数无效 | 指数无效,True
2018-08-22,,0.13333333333333333,,2,0.0,0.13333333333333333,,,False,True,False,指数无效 | 指数无效,True
2018-08-23,,0.13333333333333333,,2,0.0,0.13333333333333333,,,False,True,False,指数无效 | 指数无效,True
2018-08-24,,0.13333333333333333,,2,0.0,0.13333333333333333,,,False,True,False,指数无效 | 指数无效,True
2018-08-27,,0.13333333333333333,,2,0.0,0.13333333333333333,,,False,True,False,指数无效 | 指数无效,True
2018-08-28,,0.13333333333333333,,2,0.0,0.13333333333333333,,,False,True,False,指数无效 | 指数无效,True
2018-08-29,,0.13333333333333333,,2,0.0,0.13333333333333333,,,False,True,False,指数无效 | 指数无效,True
2018-08-30,,0.13333333333333333,,2,0.0,0.13333333333333333,,,False,True,False,指数无效 | 指数无效,True
2018-08-31,,0.13333333333333333,,2,0.0,0.13333333333333333,,,False,True,False,指数无效 | 指数无效,True
2018-09-04,,0.13333333333333333,,2,0.0,0.13333333333333333,,,False,True,False,指数无效 | 指数无效,True
2018-09-05,,0.13333333333333333,,2,0.0,0.13333333333333333,,,False,True,False,指数无效 | 指数无效,True
2018-09-06,,0.13333333333333333,,2,0.0,0.13333333333333333,,,False,True,False,指数无效 | 指数无效,True
2018-09-07,,0.13333333333333333,,2,0.0,0.13333333333333333,,,False,True,False,指数无效 | 指数无效,True
2018-09-10,,0.13333333333333333,,2,0.0,0.13333333333333333,,,False,True,False,指数无效 | 指数无效,True
2018-09-11,,0.13333333333333333,,2,0.0,0.13333333333333333,,,False,True,False,指数无效 | 指数无效,True
2018-09-12,,0.13333333333333333,,2,0.0,0.13333333333333333,,,False,True,False,指数无效 | 指数无效,True
2018-09-13,,0.13333333333333333,,2,0.0,0.13333333333333333,,,False,True,False,指数无效 | 指数无效,True
2018-09-14,,0.13333333333333333,,2,0.0,0.13333333333333333,,,False,True,False,指数无效 | 指数无效,True
2018-09-17,,0.13333333333333333,,2,0.0,0.13333333333333333,,,False,True,False,指数无效 | 指数无效,True
2018-09-18,,0.13333333333333333,,2,0.0,0.13333333333333333,,,False,True,False,指数无效 | 指数无效,True
2018-09-19,,0.13333333333333333,,2,0.0,0.13333333333333333,,,False,True,False,指数无效 | 指数无效,True
2018-09-20,,0.13333333333333333,,2,0.0,0.13333333333333333,,,False,True,False,指数无效 | 指数无效,True
2018-09-21,,0.13333333333333333,,2,0.0,0.13333333333333333,,,False,True,False,指数无效 | 指数无效,True
2018-09-24,,0.13333333333333333,,2,0.0,0.13333333333333333,,,False,True,False,指数无效 | 指数无效,True
2018-09-25,,0.13333333333333333,,2,0.0,0.13333333333333333,,,False,True,False,指数无效 | 指数无效,True
2018-09-26,,0.13333333333333333,,2,0.0,0.13333333333333333,,,False,True,False,指数无效 | 指数无效,True
2018-09-27,,0.13333333333333333,,2,0.0,0.13333333333333333,,,False,True,False,指数无效 | 指数无效,True
2018-09-28,,0.13333333333333333,,2,0.0,0.13333333333333333,,,False,True,False,指数无效 | 指数无效,True
2018-10-01,,0.13333333333333333,,2,0.0,0.13333333333333333,,,False,True,False,指数无效 | 指数无效,True
2018-10-02,,0.13333333333333333,,2,0.0,0.13333333333333333,,,False,True,False,指数无效 | 指数无效,True
2018-10-03,,0.13333333333333333,,2,0.0,0.13333333333333333,,,False,True,False,指数无效 | 指数无效,True
2018-10-04,,0.13333333333333333,,2,0.0,0.13333333333333333,,,False,True,False,指数无效 | 指数无效,True
2018-10-05,,0.13333333333333333,,2,0.0,0.13333333333333333,,,False,True,False,指数无效 | 指数无效,True
2018-10-08,,0.13333333333333333,,2,0.0,0.13333333333333333,,,False,True,False,指数无效 | 指数无效,True
2018-10-09,,0.13333333333333333,,2,0.0,0.13333333333333333,,,False,True,False,指数无效 | 指数无效,True
2018-10-10,,0.13333333333333333,,2,0.0,0.13333333333333333,,,False,True,False,指数无效 | 指数无效,True
2018-10-11,,0.13333333333333333,,2,0.0,0.13333333333333333,,,True,True,False,指数无效 | 指数无效,True
2018-10-12,,0.13333333333333333,,2,0.0,0.13333333333333333,,,False,True,False,指数无效 | 指数无效,True
2018-10-15,,0.13333333333333333,,2,0.0,0.13333333333333333,,,False,True,False,指数无效 | 指数无效,True
2018-10-16,,0.13333333333333333,,2,0.0,0.13333333333333333,,,False,True,False,指数无效 | 指数无效,True
2018-10-17,,0.13333333333333333,,2,0.0,0.13333333333333333,,,False,True,False,指数无效 | 指数无效,True
2018-10-18,,0.13333333333333333,,2,0.0,0.13333333333333333,,,False,True,False,指数无效 | 指数无效,True
2018-10-19,,0.13333333333333333,,2,0.0,0.13333333333333333,,,False,True,False,指数无效 | 指数无效,True
2018-10-22,,0.13333333333333333,,2,0.0,0.13333333333333333,,,False,True,False,指数无效 | 指数无效,True
2018-10-23,,0.13333333333333333,,2,0.0,0.13333333333333333,,,False,True,False,指数无效 | 指数无效,True
2018-10-24,,0.13333333333333333,,2,0.0,0.13333333333333333,,,True,True,False,指数无效 | 指数无效,True
2018-10-25,,0.13333333333333333,,2,0.0,0.13333333333333333,,,True,True,False,指数无效 | 指数无效,True
2018-10-26,,0.13333333333333333,,2,0.0,0.13333333333333333,,,True,True,False,指数无效 | 指数无效,True
2018-10-29,,0.13333333333333333,,2,0.0,0.13333333333333333,,,True,True,False,指数无效 | 指数无效,True
2018-10-30,,0.13333333333333333,,2,0.0,0.13333333333333333,,,True,True,False,指数无效 | 指数无效,True
2018-10-31,,0.13333333333333333,,2,0.0,0.13333333333333333,,,True,True,False,指数无效 | 指数无效,True
2018-11-01,,0.13333333333333333,,2,0.0,0.13333333333333333,,,True,True,False,指数无效 | 指数无效,True
2018-11-02,,0.13333333333333333,,2,0.0,0.13333333333333333,,,True,True,False,指数无效 | 指数无效,True
2018-11-05,,0.13333333333333333,,2,0.0,0.13333333333333333,,,True,True,False,指数无效 | 指数无效,True
2018-11-06,,0.13333333333333333,,2,0.0,0.13333333333333333,,,True,True,False,指数无效 | 指数无效,True
2018-11-07,,0.13333333333333333,,2,0.0,0.13333333333333333,,,False,True,False,指数无效 | 指数无效,True
2018-11-08,,0.13333333333333333,,2,0.0,0.13333333333333333,,,False,True,False,指数无效 | 指数无效,True
2018-11-09,,0.13333333333333333,,2,0.0,0.13333333333333333,,,True,True,False,指数无效 | 指数无效,True
2018-11-12,,0.13333333333333333,,2,0.0,0.13333333333333333,,,True,True,False,指数无效 | 指数无效,True
2018-11-13,,0.13333333333333333,,2,0.0,0.13333333333333333,,,True,True,False,指数无效 | 指数无效,True
2018-11-14,,0.13333333333333333,,2,0.0,0.13333333333333333,,,True,True,False,指数无效 | 指数无效,True
2018-11-15,,0.13333333333333333,,2,0.0,0.13333333333333333,,,True,True,False,指数无效 | 指数无效,True
2018-11-16,,0.13333333333333333,,2,0.0,0.13333333333333333,,,True,True,False,指数无效 | 指数无效,True
2018-11-19,,0.13333333333333333,,2,0.0,0.13333333333333333,,,True,True,False,指数无效 | 指数无效,True
2018-11-20,,0.13333333333333333,,2,0.0,0.13333333333333333,,,True,True,False,指数无效 | 指数无效,True
2018-11-21,,0.13333333333333333,,2,0.0,0.13333333333333333,,,True,True,False,指数无效 | 指数无效,True
2018-11-23,,0.13333333333333333,,2,0.0,0.13333333333333333,,,True,True,False,指数无效 | 指数无效,True
2018-11-26,,0.13333333333333333,,2,0.0,0.13333333333333333,,,True,True,False,指数无效 | 指数无效,True
2018-11-27,,0.13333333333333333,,2,0.0,0.13333333333333333,,,True,True,False,指数无效 | 指数无效,True
2018-11-28,,0.13333333333333333,,2,0.0,0.13333333333333333,,,True,True,False,指数无效 | 指数无效,True
2018-11-29,,0.13333333333333333,,2,0.0,0.13333333333333333,,,True,True,False,指数无效 | 指数无效,True
2018-11-30,,0.13333333333333333,,2,0.0,0.13333333333333333,,,True,True,False,指数无效 | 指数无效,True
2018-12-03,,0.13333333333333333,,2,0.0,0.13333333333333333,,,True,True,False,指数无效 | 指数无效,True
2018-12-04,,0.13333333333333333,,2,0.0,0.13333333333333333,,,True,True,False,指数无效 | 指数无效,True
2018-12-06,,0.13333333333333333,,2,0.0,0.13333333333333333,,,True,True,False,指数无效 | 指数无效,True
2018-12-07,,0.13333333333333333,,2,0.0,0.13333333333333333,,,True,True,False,指数无效 | 指数无效,True
2018-12-10,,0.13333333333333333,,2,0.0,0.13333333333333333,,,True,True,False,指数无效 | 指数无效,True
2018-12-11,,0.13333333333333333,,2,0.0,0.13333333333333333,,,True,True,False,指数无效 | 指数无效,True
2018-12-12,,0.13333333333333333,,2,0.0,0.13333333333333333,,,True,True,False,指数无效 | 指数无效,True
2018-12-13,,0.13333333333333333,,2,0.0,0.13333333333333333,,,True,True,False,指数无效 | 指数无效,True
2018-12-14,,0.13333333333333333,,2,0.0,0.13333333333333333,,,True,True,False,指数无效 | 指数无效,True
2018-12-17,,0.13333333333333333,,2,0.0,0.13333333333333333,,,True,True,False,指数无效 | 指数无效,True
2018-12-18,,0.13333333333333333,,2,0.0,0.13333333333333333,,,True,True,False,指数无效 | 指数无效,True
2018-12-19,,0.13333333333333333,,2,0.0,0.13333333333333333,,,True,True,False,指数无效 | 指数无效,True
2018-12-20,,0.13333333333333333,,2,0.0,0.13333333333333333,,,True,True,False,指数无效 | 指数无效,True
2018-12-21,,0.13333333333333333,,2,0.0,0.13333333333333333,,,True,True,False,指数无效 | 指数无效,True
2018-12-24,,0.2,,3,0.06666666666666667,0.13333333333333333,,,True,True,False,弹药释放（us_equity 回撤 21.4%） | 指数无效 | 指数无效,True
2018-12-26,,0.2,,3,0.06666666666666667,0.13333333333333333,,,True,True,False,指数无效 | 指数无效,True
2018-12-27,,0.2,,3,0.06666666666666667,0.13333333333333333,,,True,True,False,指数无效 | 指数无效,True
2018-12-28,,0.2,,3,0.06666666666666667,0.13333333333333333,,,True,True,False,指数无效 | 指数无效,True
2018-12-31,,0.2,,3,0.06666666666666667,0.13333333333333333,,,True,True,False,指数无效 | 指数无效,True
2019-01-02,,0.2,,3,0.06666666666666667,0.13333333333333333,,,True,True,False,指数无效 | 指数无效,True
2019-01-03,,0.2,,3,0.06666666666666667,0.13333333333333333,,,True,True,False,指数无效 | 指数无效,True
2019-01-04,,0.2,,3,0.06666666666666667,0.13333333333333333,,,True,True,False,指数无效 | 指数无效,True
2019-01-07,,0.2,,3,0.06666666666666667,0.13333333333333333,,,True,True,False,指数无效 | 指数无效,True
2019-01-08,,0.2,,3,0.06666666666666667,0.13333333333333333,,,True,True,False,指数无效 | 指数无效,True
2019-01-09,,0.2,,3,0.06666666666666667,0.13333333333333333,,,True,True,False,指数无效 | 指数无效,True
2019-01-10,,0.2,,3,0.06666666666666667,0.13333333333333333,,,True,True,False,指数无效 | 指数无效,True
2019-01-11,,0.2,,3,0.06666666666666667,0.13333333333333333,,,True,True,False,指数无效 | 指数无效,True
2019-01-14,,0.2,,3,0.06666666666666667,0.13333333333333333,,,True,True,False,指数无效 | 指数无效,True
2019-01-15,,0.2,,3,0.06666666666666667,0.13333333333333333,,,True,True,False,指数无效 | 指数无效,True
2019-01-16,,0.2,,3,0.06666666666666667,0.13333333333333333,,,True,True,False,指数无效 | 指数无效,True
2019-01-17,,0.2,,3,0.06666666666666667,0.13333333333333333,,,True,True,False,指数无效 | 指数无效,True
2019-01-18,,0.2,,3,0.06666666666666667,0.13333333333333333,,,True,True,False,指数无效 | 指数无效,True
2019-01-22,,0.2,,3,0.06666666666666667,0.13333333333333333,,,True,True,False,指数无效 | 指数无效,True
2019-01-23,,0.2,,3,0.06666666666666667,0.13333333333333333,,,True,True,False,指数无效 | 指数无效,True
2019-01-24,,0.2,,3,0.06666666666666667,0.13333333333333333,,,True,True,False,指数无效 | 指数无效,True
2019-01-25,,0.2,,3,0.06666666666666667,0.13333333333333333,,,True,True,False,指数无效 | 指数无效,True
2019-01-28,,0.2,,3,0.06666666666666667,0.13333333333333333,,,True,True,False,指数无效 | 指数无效,True
2019-01-29,,0.2,,3,0.06666666666666667,0.13333333333333333,,,True,True,False,指数无效 | 指数无效,True
2019-01-30,,0.2,,3,0.06666666666666667,0.13333333333333333,,,True,True,False,指数无效 | 指数无效,True
2019-01-31,,0.2,,3,0.06666666666666667,0.13333333333333333,,,True,True,False,指数无效 | 指数无效,True
2019-02-01,,0.2,,3,0.06666666666666667,0.13333333333333333,,,True,True,False,指数无效 | 指数无效,True
2019-02-04,,0.2,,3,0.06666666666666667,0.13333333333333333,,,True,True,False,指数无效 | 指数无效,True
2019-02-05,,0.2,,3,0.06666666666666667,0.13333333333333333,,,True,True,False,指数无效 | 指数无效,True
2019-02-06,,0.2,,3,0.06666666666666667,0.13333333333333333,,,True,True,False,指数无效 | 指数无效,True
2019-02-07,,0.2,,3,0.06666666666666667,0.13333333333333333,,,True,True,False,指数无效 | 指数无效,True
2019-02-08,,0.2,,3,0.06666666666666667,0.13333333333333333,,,True,True,False,指数无效 | 指数无效,True
2019-02-11,,0.2,,3,0.06666666666666667,0.13333333333333333,,,True,True,False,指数无效 | 指数无效,True
2019-02-12,,0.2,,3,0.06666666666666667,0.13333333333333333,,,True,True,False,指数无效 | 指数无效,True
2019-02-13,,0.2,,3,0.06666666666666667,0.13333333333333333,,,True,True,False,指数无效 | 指数无效,True
2019-02-14,,0.2,,3,0.06666666666666667,0.13333333333333333,,,True,True,False,指数无效 | 指数无效,True
2019-02-15,,0.2,,3,0.06666666666666667,0.13333333333333333,,,False,True,False,指数无效 | 指数无效,True
2019-02-19,,0.2,,3,0.06666666666666667,0.13333333333333333,,,False,True,False,指数无效 | 指数无效,True
2019-02-20,,0.2,,3,0.06666666666666667,0.13333333333333333,,,False,True,False,指数无效 | 指数无效,True
2019-02-21,,0.2,,3,0.06666666666666667,0.13333333333333333,,,True,True,False,指数无效 | 指数无效,True
2019-02-22,,0.2,,3,0.06666666666666667,0.13333333333333333,,,False,True,False,指数无效 | 指数无效,True
2019-02-25,,0.2,,3,0.06666666666666667,0.13333333333333333,,,False,True,False,指数无效 | 指数无效,True
2019-02-26,,0.2,,3,0.06666666666666667,0.13333333333333333,,,False,True,False,指数无效 | 指数无效,True
2019-02-27,,0.2,,3,0.06666666666666667,0.13333333333333333,,,False,True,False,指数无效 | 指数无效,True
2019-02-28,,0.2,,3,0.06666666666666667,0.13333333333333333,,,False,True,False,指数无效 | 指数无效,True
2019-03-01,,0.2,,3,0.06666666666666667,0.13333333333333333,,,False,True,False,指数无效 | 指数无效,True
2019-03-04,,0.2,,3,0.06666666666666667,0.13333333333333333,,,False,True,False,指数无效 | 指数无效,True
2019-03-05,,0.2,,3,0.06666666666666667,0.13333333333333333,,,False,True,False,指数无效 | 指数无效,True
2019-03-06,,0.2,,3,0.06666666666666667,0.13333333333333333,,,False,True,False,指数无效 | 指数无效,True
2019-03-07,,0.2,,3,0.06666666666666667,0.13333333333333333,,,True,True,False,指数无效 | 指数无效,True
2019-03-08,,0.2,,3,0.06666666666666667,0.13333333333333333,,,True,True,False,指数无效 | 指数无效,True
2019-03-11,,0.2,,3,0.06666666666666667,0.13333333333333333,,,False,True,False,指数无效 | 指数无效,True
2019-03-12,,0.2,,3,0.06666666666666667,0.13333333333333333,,,False,True,False,指数无效 | 指数无效,True
2019-03-13,,0.2,,3,0.06666666666666667,0.13333333333333333,,,False,True,False,指数无效 | 指数无效,True
2019-03-14,,0.2,,3,0.06666666666666667,0.13333333333333333,,,False,True,False,指数无效 | 指数无效,True
2019-03-15,,0.2,,3,0.06666666666666667,0.13333333333333333,,,False,True,False,指数无效 | 指数无效,True
2019-03-18,,0.2,,3,0.06666666666666667,0.13333333333333333,,,False,True,False,指数无效 | 指数无效,True
2019-03-19,,0.2,,3,0.06666666666666667,0.13333333333333333,,,False,True,False,指数无效 | 指数无效,True
2019-03-20,,0.2,,3,0.06666666666666667,0.13333333333333333,,,False,True,False,指数无效 | 指数无效,True
2019-03-21,,0.2,,3,0.06666666666666667,0.13333333333333333,,,False,True,False,指数无效 | 指数无效,True
2019-03-22,,0.2,,3,0.06666666666666667,0.13333333333333333,,,False,True,False,指数无效 | 指数无效,True
2019-03-25,,0.2,,3,0.06666666666666667,0.13333333333333333,,,False,True,False,指数无效 | 指数无效,True
2019-03-26,,0.2,,3,0.06666666666666667,0.13333333333333333,,,False,True,False,指数无效 | 指数无效,True
2019-03-27,,0.2,,3,0.06666666666666667,0.13333333333333333,,,False,True,False,指数无效 | 指数无效,True
2019-03-28,,0.2,,3,0.06666666666666667,0.13333333333333333,,,False,True,False,指数无效 | 指数无效,True
2019-03-29,,0.2,,3,0.06666666666666667,0.13333333333333333,,,False,True,False,指数无效 | 指数无效,True
2019-04-01,,0.2,,3,0.06666666666666667,0.13333333333333333,,,False,True,False,指数无效 | 指数无效,True
2019-04-02,,0.2,,3,0.06666666666666667,0.13333333333333333,,,False,True,False,指数无效 | 指数无效,True
2019-04-03,,0.2,,3,0.06666666666666667,0.13333333333333333,,,False,True,False,指数无效 | 指数无效,True
2019-04-04,,0.2,,3,0.06666666666666667,0.13333333333333333,,,False,True,False,指数无效 | 指数无效,True
2019-04-05,,0.2,,3,0.06666666666666667,0.13333333333333333,,,False,True,False,指数无效 | 指数无效,True
2019-04-08,,0.2,,3,0.06666666666666667,0.13333333333333333,,,False,True,False,指数无效 | 指数无效,True
2019-04-09,,0.2,,3,0.06666666666666667,0.13333333333333333,,,False,True,False,指数无效 | 指数无效,True
2019-04-10,,0.2,,3,0.06666666666666667,0.13333333333333333,,,False,True,False,指数无效 | 指数无效,True
2019-04-11,,0.2,,3,0.06666666666666667,0.13333333333333333,,,False,False,False,指数无效 | 指数无效,True
2019-04-12,,0.2,,3,0.06666666666666667,0.13333333333333333,,,False,True,False,指数无效 | 指数无效,True
2019-04-15,,0.2,,3,0.06666666666666667,0.13333333333333333,,,False,True,False,指数无效 | 指数无效,True
2019-04-16,,0.2,,3,0.06666666666666667,0.13333333333333333,,,False,True,False,指数无效 | 指数无效,True
2019-04-17,,0.2,,3,0.06666666666666667,0.13333333333333333,,,False,True,False,指数无效 | 指数无效,True
2019-04-18,,0.2,,3,0.06666666666666667,0.13333333333333333,,,False,True,False,指数无效 | 指数无效,True
2019-04-22,,0.2,,3,0.06666666666666667,0.13333333333333333,,,False,False,False,指数无效 | 指数无效,True
2019-04-23,,0.2,,3,0.06666666666666667,0.13333333333333333,,,False,False,False,指数无效 | 指数无效,True
2019-04-24,,0.2,,3,0.06666666666666667,0.13333333333333333,,,False,False,False,指数无效 | 指数无效,True
2019-04-25,,0.2,,3,0.06666666666666667,0.13333333333333333,,,False,False,False,指数无效 | 指数无效,True
2019-04-26,,0.2,,3,0.06666666666666667,0.13333333333333333,,,False,True,False,指数无效 | 指数无效,True
2019-04-29,,0.2,,3,0.06666666666666667,0.13333333333333333,,,False,False,False,指数无效 | 指数无效,True
2019-04-30,,0.2,,3,0.06666666666666667,0.13333333333333333,,,False,False,False,指数无效 | 指数无效,True
2019-05-01,,0.2,,3,0.06666666666666667,0.13333333333333333,,,False,False,False,指数无效 | 指数无效,True
2019-05-02,,0.2,,3,0.06666666666666667,0.13333333333333333,,,False,False,False,指数无效 | 指数无效,True
2019-05-03,,0.2,,3,0.06666666666666667,0.13333333333333333,,,False,False,False,指数无效 | 指数无效,True
2019-05-06,,0.2,,3,0.06666666666666667,0.13333333333333333,,,False,False,False,指数无效 | 指数无效,True
2019-05-07,,0.2,,3,0.06666666666666667,0.13333333333333333,,,False,False,False,指数无效 | 指数无效,True
2019-05-08,,0.2,,3,0.06666666666666667,0.13333333333333333,,,False,False,False,指数无效 | 指数无效,True
2019-05-09,,0.2,,3,0.06666666666666667,0.13333333333333333,,,False,False,False,指数无效 | 指数无效,True
2019-05-10,,0.2,,3,0.06666666666666667,0.13333333333333333,,,False,False,False,指数无效 | 指数无效,True
2019-05-13,,0.2,,3,0.06666666666666667,0.13333333333333333,,,False,False,False,指数无效 | 指数无效,True
2019-05-14,,0.2,,3,0.06666666666666667,0.13333333333333333,,,False,False,False,指数无效 | 指数无效,True
2019-05-15,,0.2,,3,0.06666666666666667,0.13333333333333333,,,False,False,False,指数无效 | 指数无效,True
2019-05-16,,0.2,,3,0.06666666666666667,0.13333333333333333,,,False,False,False,指数无效 | 指数无效,True
2019-05-17,,0.2,,3,0.06666666666666667,0.13333333333333333,,,False,False,False,指数无效 | 指数无效,True
2019-05-20,,0.2,,3,0.06666666666666667,0.13333333333333333,,,False,False,False,指数无效 | 指数无效,True
2019-05-21,,0.2,,3,0.06666666666666667,0.13333333333333333,,,False,False,False,指数无效 | 指数无效,True
2019-05-22,,0.2,,3,0.06666666666666667,0.13333333333333333,,,False,False,False,指数无效 | 指数无效,True
2019-05-23,,0.2,,3,0.06666666666666667,0.13333333333333333,,,False,False,False,指数无效 | 指数无效,True
2019-05-24,,0.2,,3,0.06666666666666667,0.13333333333333333,,,False,False,False,指数无效 | 指数无效,True
2019-05-28,,0.2,,3,0.06666666666666667,0.13333333333333333,,,False,False,False,指数无效 | 指数无效,True
2019-05-29,,0.2,,3,0.06666666666666667,0.13333333333333333,,,False,False,False,指数无效 | 指数无效,True
2019-05-30,,0.2,,3,0.06666666666666667,0.13333333333333333,,,False,False,False,指数无效 | 指数无效,True
2019-05-31,,0.2,,3,0.06666666666666667,0.13333333333333333,,,True,False,False,指数无效 | 指数无效,True
2019-06-03,,0.2,,3,0.06666666666666667,0.13333333333333333,,,True,False,False,指数无效 | 指数无效,True
2019-06-04,,0.2,,3,0.06666666666666667,0.13333333333333333,,,False,False,False,指数无效 | 指数无效,True
2019-06-05,,0.2,,3,0.06666666666666667,0.13333333333333333,,,False,False,False,指数无效 | 指数无效,True
2019-06-06,,0.2,,3,0.06666666666666667,0.13333333333333333,,,False,False,False,指数无效 | 指数无效,True
2019-06-07,,0.2,,3,0.06666666666666667,0.13333333333333333,,,False,False,False,指数无效 | 指数无效,True
2019-06-10,,0.2,,3,0.06666666666666667,0.13333333333333333,,,False,False,False,指数无效 | 指数无效,True
2019-06-11,,0.2,,3,0.06666666666666667,0.13333333333333333,,,False,False,False,指数无效 | 指数无效,True
2019-06-12,,0.2,,3,0.06666666666666667,0.13333333333333333,,,False,False,False,指数无效 | 指数无效,True
2019-06-13,,0.2,,3,0.06666666666666667,0.13333333333333333,,,False,False,False,指数无效 | 指数无效,True
2019-06-14,,0.2,,3,0.06666666666666667,0.13333333333333333,,,False,False,False,指数无效 | 指数无效,True
2019-06-17,,0.2,,3,0.06666666666666667,0.13333333333333333,,,False,False,False,指数无效 | 指数无效,True
2019-06-18,,0.2,,3,0.06666666666666667,0.13333333333333333,,,False,False,False,指数无效 | 指数无效,True
2019-06-19,,0.2,,3,0.06666666666666667,0.13333333333333333,,,False,False,False,指数无效 | 指数无效,True
2019-06-20,,0.2,,3,0.06666666666666667,0.13333333333333333,,,False,False,False,指数无效 | 指数无效,True
2019-06-21,,0.2,,3,0.06666666666666667,0.13333333333333333,,,False,False,False,指数无效 | 指数无效,True
2019-06-24,,0.2,,3,0.06666666666666667,0.13333333333333333,,,False,False,False,指数无效 | 指数无效,True
2019-06-25,,0.2,,3,0.06666666666666667,0.13333333333333333,,,False,False,False,指数无效 | 指数无效,True
2019-06-26,,0.2,,3,0.06666666666666667,0.13333333333333333,,,False,False,False,指数无效 | 指数无效,True
2019-06-27,,0.2,,3,0.06666666666666667,0.13333333333333333,,,False,False,False,指数无效 | 指数无效,True
2019-06-28,,0.2,,3,0.06666666666666667,0.13333333333333333,,,False,False,False,指数无效 | 指数无效,True
2019-07-01,,0.2,,3,0.06666666666666667,0.13333333333333333,,,False,False,False,指数无效 | 指数无效,True
2019-07-02,,0.2,,3,0.06666666666666667,0.13333333333333333,,,False,False,False,指数无效 | 指数无效,True
2019-07-03,,0.2,,3,0.06666666666666667,0.13333333333333333,,,False,False,False,指数无效 | 指数无效,True
2019-07-05,,0.2,,3,0.06666666666666667,0.13333333333333333,,,False,False,False,指数无效 | 指数无效,True
2019-07-08,,0.2,,3,0.06666666666666667,0.13333333333333333,,,False,False,False,指数无效 | 指数无效,True
2019-07-09,,0.2,,3,0.06666666666666667,0.13333333333333333,,,False,False,False,指数无效 | 指数无效,True
2019-07-10,,0.2,,3,0.06666666666666667,0.13333333333333333,,,False,False,False,指数无效 | 指数无效,True
2019-07-11,,0.2,,3,0.06666666666666667,0.13333333333333333,,,False,False,False,指数无效 | 指数无效,True
2019-07-12,,0.2,,3,0.06666666666666667,0.13333333333333333,,,False,False,False,指数无效 | 指数无效,True
2019-07-15,,0.2,,3,0.06666666666666667,0.13333333333333333,,,False,False,False,指数无效 | 指数无效,True
2019-07-16,,0.2,,3,0.06666666666666667,0.13333333333333333,,,False,False,False,指数无效 | 指数无效,True
2019-07-17,,0.2,,3,0.06666666666666667,0.13333333333333333,,,False,False,False,指数无效 | 指数无效,True
2019-07-18,,0.2,,3,0.06666666666666667,0.13333333333333333,,,False,False,False,指数无效 | 指数无效,True
2019-07-19,,0.2,,3,0.06666666666666667,0.13333333333333333,,,False,False,False,指数无效 | 指数无效,True
2019-07-22,,0.2,,3,0.06666666666666667,0.13333333333333333,,,False,False,False,指数无效 | 指数无效,True
2019-07-23,,0.2,,3,0.06666666666666667,0.13333333333333333,,,False,False,False,指数无效 | 指数无效,True
2019-07-24,,0.2,,3,0.06666666666666667,0.13333333333333333,,,False,False,False,指数无效 | 指数无效,True
2019-07-25,,0.2,,3,0.06666666666666667,0.13333333333333333,,,False,False,False,指数无效 | 指数无效,True
2019-07-26,,0.2,,3,0.06666666666666667,0.13333333333333333,,,False,False,False,指数无效 | 指数无效,True
2019-07-29,,0.2,,3,0.06666666666666667,0.13333333333333333,,,False,False,False,指数无效 | 指数无效,True
2019-07-30,,0.2,,3,0.06666666666666667,0.13333333333333333,,,False,False,False,指数无效 | 指数无效,True
2019-07-31,,0.2,,3,0.06666666666666667,0.13333333333333333,,,False,False,False,指数无效 | 指数无效,True
2019-08-01,,0.2,,3,0.06666666666666667,0.13333333333333333,,,False,False,False,指数无效 | 指数无效,True
2019-08-02,,0.2,,3,0.06666666666666667,0.13333333333333333,,,False,False,False,指数无效 | 指数无效,True
2019-08-05,,0.2,,3,0.06666666666666667,0.13333333333333333,,,False,False,False,指数无效 | 指数无效,True
2019-08-06,,0.2,,3,0.06666666666666667,0.13333333333333333,,,False,False,False,指数无效 | 指数无效,True
2019-08-07,,0.2,,3,0.06666666666666667,0.13333333333333333,,,False,False,False,指数无效 | 指数无效,True
2019-08-08,,0.2,,3,0.06666666666666667,0.13333333333333333,,,False,False,False,指数无效 | 指数无效,True
2019-08-09,,0.2,,3,0.06666666666666667,0.13333333333333333,,,False,False,False,指数无效 | 指数无效,True
2019-08-12,,0.2,,3,0.06666666666666667,0.13333333333333333,,,False,False,False,指数无效 | 指数无效,True
2019-08-13,,0.2,,3,0.06666666666666667,0.13333333333333333,,,False,False,False,指数无效 | 指数无效,True
2019-08-14,,0.2,,3,0.06666666666666667,0.13333333333333333,,,False,False,False,指数无效 | 指数无效,True
2019-08-15,,0.2,,3,0.06666666666666667,0.13333333333333333,,,False,False,False,指数无效 | 指数无效,True
2019-08-16,,0.2,,3,0.06666666666666667,0.13333333333333333,,,False,False,False,指数无效 | 指数无效,True
2019-08-19,,0.2,,3,0.06666666666666667,0.13333333333333333,,,False,False,False,指数无效 | 指数无效,True
2019-08-20,,0.2,,3,0.06666666666666667,0.13333333333333333,,,False,False,False,指数无效 | 指数无效,True
2019-08-21,,0.2,,3,0.06666666666666667,0.13333333333333333,,,False,False,False,指数无效 | 指数无效,True
2019-08-22,,0.2,,3,0.06666666666666667,0.13333333333333333,,,False,False,False,指数无效 | 指数无效,True
2019-08-23,,0.2,,3,0.06666666666666667,0.13333333333333333,,,False,False,False,指数无效 | 指数无效,True
2019-08-26,,0.2,,3,0.06666666666666667,0.13333333333333333,,,False,False,False,指数无效 | 指数无效,True
2019-08-27,,0.2,,3,0.06666666666666667,0.13333333333333333,,,False,False,False,指数无效 | 指数无效,True
2019-08-28,,0.2,,3,0.06666666666666667,0.13333333333333333,,,False,False,False,指数无效 | 指数无效,True
2019-08-29,,0.2,,3,0.06666666666666667,0.13333333333333333,,,False,False,False,指数无效 | 指数无效,True
2019-08-30,,0.2,,3,0.06666666666666667,0.13333333333333333,,,False,False,False,指数无效 | 指数无效,True
2019-09-03,,0.2,,3,0.06666666666666667,0.13333333333333333,,,False,False,False,指数无效 | 指数无效,True
2019-09-04,,0.2,,3,0.06666666666666667,0.13333333333333333,,,False,False,False,指数无效 | 指数无效,True
2019-09-05,,0.2,,3,0.06666666666666667,0.13333333333333333,,,False,False,False,指数无效 | 指数无效,True
2019-09-06,,0.2,,3,0.06666666666666667,0.13333333333333333,,,False,False,False,指数无效 | 指数无效,True
2019-09-09,,0.2,,3,0.06666666666666667,0.13333333333333333,,,False,False,False,指数无效 | 指数无效,True
2019-09-10,,0.2,,3,0.06666666666666667,0.13333333333333333,,,False,False,False,指数无效 | 指数无效,True
2019-09-11,,0.2,,3,0.06666666666666667,0.13333333333333333,,,False,False,False,指数无效 | 指数无效,True
2019-09-12,,0.2,,3,0.06666666666666667,0.13333333333333333,,,False,False,False,指数无效 | 指数无效,True
2019-09-13,,0.2,,3,0.06666666666666667,0.13333333333333333,,,False,False,False,指数无效 | 指数无效,True
2019-09-16,,0.2,,3,0.06666666666666667,0.13333333333333333,,,False,False,False,指数无效 | 指数无效,True
2019-09-17,,0.2,,3,0.06666666666666667,0.13333333333333333,,,False,False,False,指数无效 | 指数无效,True
2019-09-18,,0.2,,3,0.06666666666666667,0.13333333333333333,,,False,False,False,指数无效 | 指数无效,True
2019-09-19,,0.2,,3,0.06666666666666667,0.13333333333333333,,,False,False,False,指数无效 | 指数无效,True
2019-09-20,,0.2,,3,0.06666666666666667,0.13333333333333333,,,False,False,False,指数无效 | 指数无效,True
2019-09-23,,0.2,,3,0.06666666666666667,0.13333333333333333,,,False,False,False,指数无效 | 指数无效,True
2019-09-24,,0.2,,3,0.06666666666666667,0.13333333333333333,,,False,False,False,指数无效 | 指数无效,True
2019-09-25,,0.2,,3,0.06666666666666667,0.13333333333333333,,,False,False,False,指数无效 | 指数无效,True
2019-09-26,,0.2,,3,0.06666666666666667,0.13333333333333333,,,False,False,False,指数无效 | 指数无效,True
2019-09-27,,0.2,,3,0.06666666666666667,0.13333333333333333,,,False,False,False,指数无效 | 指数无效,True
2019-09-30,,0.2,,3,0.06666666666666667,0.13333333333333333,,,False,False,False,指数无效 | 指数无效,True
2019-10-01,,0.2,,3,0.06666666666666667,0.13333333333333333,,,False,False,False,指数无效 | 指数无效,True
2019-10-02,,0.2,,3,0.06666666666666667,0.13333333333333333,,,False,False,False,指数无效 | 指数无效,True
2019-10-03,0.36000000000000004,0.2,,3,0.06666666666666667,0.13333333333333333,0.36000000000000004,,False,False,False,指数无效,False
2019-10-04,0.27,0.2,0.56,3,0.06666666666666667,0.13333333333333333,0.27,,False,False,False,指数无效,False
2019-10-07,0.36000000000000004,0.2,0.47000000000000003,3,0.06666666666666667,0.13333333333333333,0.36000000000000004,,False,False,False,指数无效,False
2019-10-08,0.36000000000000004,0.2,0.56,3,0.06666666666666667,0.13333333333333333,0.36000000000000004,,False,False,False,指数无效,False
2019-10-09,0.27,0.2,0.56,3,0.06666666666666667,0.13333333333333333,0.27,,False,False,False,指数无效,False
2019-10-10,0.27,0.2,0.47000000000000003,3,0.06666666666666667,0.13333333333333333,0.27,,False,False,False,指数无效,False
2019-10-11,0.27,0.2,0.47000000000000003,3,0.06666666666666667,0.13333333333333333,0.27,,False,False,False,指数无效,False
2019-10-14,0.18000000000000002,0.2,0.47000000000000003,3,0.06666666666666667,0.13333333333333333,0.18000000000000002,,False,False,False,指数无效,False
2019-10-15,0.18000000000000002,0.2,0.38,3,0.06666666666666667,0.13333333333333333,0.18000000000000002,,False,False,False,指数无效,False
2019-10-16,0.18000000000000002,0.2,0.38,3,0.06666666666666667,0.13333333333333333,0.18000000000000002,,False,False,False,指数无效,False
2019-10-17,0.09000000000000001,0.2,0.38,3,0.06666666666666667,0.13333333333333333,0.09000000000000001,,False,False,False,指数无效,False
2019-10-18,0.18000000000000002,0.2,0.29000000000000004,3,0.06666666666666667,0.13333333333333333,0.18000000000000002,,False,False,False,指数无效,False
2019-10-21,0.18000000000000002,0.2,0.38,3,0.06666666666666667,0.13333333333333333,0.18000000000000002,,False,False,False,指数无效,False
2019-10-22,0.18000000000000002,0.2,0.38,3,0.06666666666666667,0.13333333333333333,0.18000000000000002,,False,False,False,指数无效,False
2019-10-23,0.18000000000000002,0.2,0.38,3,0.06666666666666667,0.13333333333333333,0.18000000000000002,,False,False,False,指数无效,False
2019-10-24,0.18000000000000002,0.2,0.38,3,0.06666666666666667,0.13333333333333333,0.18000000000000002,,False,False,False,指数无效,False
2019-10-25,0.09000000000000001,0.2,0.38,3,0.06666666666666667,0.13333333333333333,0.09000000000000001,,False,False,False,指数无效,False
2019-10-28,0.18000000000000002,0.2,0.29000000000000004,3,0.06666666666666667,0.13333333333333333,0.18000000000000002,,False,False,False,指数无效,False
2019-10-29,0.09000000000000001,0.2,0.38,3,0.06666666666666667,0.13333333333333333,0.09000000000000001,,False,False,False,指数无效,False
2019-10-30,0.09000000000000001,0.2,0.29000000000000004,3,0.06666666666666667,0.13333333333333333,0.09000000000000001,,False,False,False,指数无效,False
2019-10-31,0.09000000000000001,0.2,0.29000000000000004,3,0.06666666666666667,0.13333333333333333,0.09000000000000001,,False,False,False,指数无效,False
2019-11-01,0.09000000000000001,0.2,0.29000000000000004,3,0.06666666666666667,0.13333333333333333,0.09000000000000001,,False,False,False,指数无效,False
2019-11-04,0.09000000000000001,0.2,0.29000000000000004,3,0.06666666666666667,0.13333333333333333,0.09000000000000001,,False,False,False,指数无效,False
2019-11-05,0.09000000000000001,0.2,0.29000000000000004,3,0.06666666666666667,0.13333333333333333,0.09000000000000001,,False,False,False,指数无效,False
2019-11-06,0.09000000000000001,0.2,0.29000000000000004,3,0.06666666666666667,0.13333333333333333,0.09000000000000001,,False,False,False,指数无效,False
2019-11-07,0.09000000000000001,0.2,0.29000000000000004,3,0.06666666666666667,0.13333333333333333,0.09000000000000001,,False,False,False,指数无效,False
2019-11-08,0.09000000000000001,0.2,0.29000000000000004,3,0.06666666666666667,0.13333333333333333,0.09000000000000001,,False,False,False,指数无效,False
2019-11-11,0.09000000000000001,0.2,0.29000000000000004,3,0.06666666666666667,0.13333333333333333,0.09000000000000001,,False,False,False,指数无效,False
2019-11-12,0.09000000000000001,0.2,0.29000000000000004,3,0.06666666666666667,0.13333333333333333,0.09000000000000001,,False,False,False,指数无效,False
2019-11-13,0.18000000000000002,0.2,0.29000000000000004,3,0.06666666666666667,0.13333333333333333,0.18000000000000002,,False,False,False,指数无效,False
2019-11-14,0.18000000000000002,0.2,0.38,3,0.06666666666666667,0.13333333333333333,0.18000000000000002,,False,False,False,指数无效,False
2019-11-15,0.09000000000000001,0.2,0.38,3,0.06666666666666667,0.13333333333333333,0.09000000000000001,,False,False,False,指数无效,False
2019-11-18,0.09000000000000001,0.2,0.29000000000000004,3,0.06666666666666667,0.13333333333333333,0.09000000000000001,,False,False,False,指数无效,False
2019-11-19,0.18000000000000002,0.2,0.29000000000000004,3,0.06666666666666667,0.13333333333333333,0.18000000000000002,,False,False,False,指数无效,False
2019-11-20,0.09000000000000001,0.2,0.38,3,0.06666666666666667,0.13333333333333333,0.09000000000000001,,False,False,False,指数无效,False
2019-11-21,0.18000000000000002,0.2,0.29000000000000004,3,0.06666666666666667,0.13333333333333333,0.18000000000000002,,False,False,False,指数无效,False
2019-11-22,0.09000000000000001,0.2,0.38,3,0.06666666666666667,0.13333333333333333,0.09000000000000001,,False,True,False,指数无效,False
2019-11-25,0.09000000000000001,0.2,0.29000000000000004,3,0.06666666666666667,0.13333333333333333,0.09000000000000001,,False,True,False,指数无效,False
2019-11-26,0.09000000000000001,0.2,0.29000000000000004,3,0.06666666666666667,0.13333333333333333,0.09000000000000001,,False,True,False,指数无效,False
2019-11-27,0.09000000000000001,0.2,0.29000000000000004,3,0.06666666666666667,0.13333333333333333,0.09000000000000001,,False,True,False,指数无效,False
2019-11-29,0.09000000000000001,0.2,0.29000000000000004,3,0.06666666666666667,0.13333333333333333,0.09000000000000001,,False,True,False,指数无效,False
2019-12-02,0.18000000000000002,0.2,0.29000000000000004,3,0.06666666666666667,0.13333333333333333,0.18000000000000002,,False,True,False,指数无效,False
2019-12-03,0.27,0.2,0.38,3,0.06666666666666667,0.13333333333333333,0.27,,False,True,False,指数无效,False
2019-12-04,0.27,0.2,0.47000000000000003,3,0.06666666666666667,0.13333333333333333,0.27,,False,True,False,指数无效,False
2019-12-05,0.27,0.2,0.47000000000000003,3,0.06666666666666667,0.13333333333333333,0.27,,False,True,False,指数无效,False
2019-12-06,0.18000000000000002,0.2,0.47000000000000003,3,0.06666666666666667,0.13333333333333333,0.18000000000000002,,False,True,False,指数无效,False
2019-12-09,0.27,0.2,0.38,3,0.06666666666666667,0.13333333333333333,0.27,,False,True,False,指数无效,False
2019-12-10,0.27,0.2,0.47000000000000003,3,0.06666666666666667,0.13333333333333333,0.27,,False,True,False,指数无效,False
2019-12-11,0.27,0.2,0.47000000000000003,3,0.06666666666666667,0.13333333333333333,0.27,,False,True,False,指数无效,False
2019-12-12,0.18000000000000002,0.2,0.47000000000000003,3,0.06666666666666667,0.13333333333333333,0.18000000000000002,,False,True,False,指数无效,False
2019-12-13,0.18000000000000002,0.2,0.38,3,0.06666666666666667,0.13333333333333333,0.18000000000000002,,False,True,False,指数无效,False
2019-12-16,0.09000000000000001,0.2,0.38,3,0.06666666666666667,0.13333333333333333,0.09000000000000001,,False,True,False,指数无效,False
2019-12-17,0.09000000000000001,0.2,0.29000000000000004,3,0.06666666666666667,0.13333333333333333,0.09000000000000001,,False,True,False,指数无效,False
2019-12-18,0.09000000000000001,0.2,0.29000000000000004,3,0.06666666666666667,0.13333333333333333,0.09000000000000001,,False,True,False,指数无效,False
2019-12-19,0.09000000000000001,0.2,0.29000000000000004,3,0.06666666666666667,0.13333333333333333,0.09000000000000001,,False,True,False,指数无效,False
2019-12-20,0.09000000000000001,0.2,0.29000000000000004,3,0.06666666666666667,0.13333333333333333,0.09000000000000001,,False,True,False,指数无效,False
2019-12-23,0.09000000000000001,0.2,0.29000000000000004,3,0.06666666666666667,0.13333333333333333,0.09000000000000001,,False,True,False,指数无效,False
2019-12-24,0.09000000000000001,0.2,0.29000000000000004,3,0.06666666666666667,0.13333333333333333,0.09000000000000001,,False,True,False,指数无效,False
2019-12-26,0.09000000000000001,0.2,0.29000000000000004,3,0.06666666666666667,0.13333333333333333,0.09000000000000001,,False,True,False,指数无效,False
2019-12-27,0.18000000000000002,0.2,0.29000000000000004,3,0.06666666666666667,0.13333333333333333,0.18000000000000002,,False,True,False,指数无效,False
2019-12-30,0.18000000000000002,0.2,0.38,3,0.06666666666666667,0.13333333333333333,0.18000000000000002,,False,True,False,指数无效,False
2019-12-31,0.18000000000000002,0.2,0.38,3,0.06666666666666667,0.13333333333333333,0.18000000000000002,,False,True,False,指数无效,False
2020-01-02,0.09000000000000001,0.2,0.38,3,0.06666666666666667,0.13333333333333333,0.09000000000000001,,False,True,False,指数无效,False
2020-01-03,0.18000000000000002,0.2,0.29000000000000004,3,0.06666666666666667,0.13333333333333333,0.18000000000000002,,False,True,False,指数无效,False
2020-01-06,0.18000000000000002,0.2,0.38,3,0.06666666666666667,0.13333333333333333,0.18000000000000002,,False,True,False,指数无效,False
2020-01-07,0.18000000000000002,0.2,0.38,3,0.06666666666666667,0.13333333333333333,0.18000000000000002,,False,True,False,指数无效,False
2020-01-08,0.18000000000000002,0.2,0.38,3,0.06666666666666667,0.13333333333333333,0.18000000000000002,,False,True,False,指数无效,False
2020-01-09,0.18000000000000002,0.2,0.38,3,0.06666666666666667,0.13333333333333333,0.18000000000000002,,False,True,False,指数无效,False
2020-01-10,0.09000000000000001,0.2,0.38,3,0.06666666666666667,0.13333333333333333,0.09000000000000001,,False,True,False,指数无效,False
2020-01-13,0.09000000000000001,0.2,0.29000000000000004,3,0.06666666666666667,0.13333333333333333,0.09000000000000001,,False,True,False,指数无效,False
2020-01-14,0.09000000000000001,0.2,0.29000000000000004,3,0.06666666666666667,0.13333333333333333,0.09000000000000001,,False,True,False,指数无效,False
2020-01-15,0.09000000000000001,0.2,0.29000000000000004,3,0.06666666666666667,0.13333333333333333,0.09000000000000001,,False,False,False,指数无效,False
2020-01-16,0.09000000000000001,0.2,0.29000000000000004,3,0.06666666666666667,0.13333333333333333,0.09000000000000001,,False,False,False,指数无效,False
2020-01-17,0.09000000000000001,0.2,0.29000000000000004,3,0.06666666666666667,0.13333333333333333,0.09000000000000001,,False,False,False,指数无效,False
2020-01-21,0.18000000000000002,0.2,0.29000000000000004,3,0.06666666666666667,0.13333333333333333,0.18000000000000002,,False,False,False,指数无效,False
2020-01-22,0.18000000000000002,0.2,0.38,3,0.06666666666666667,0.13333333333333333,0.18000000000000002,,False,False,False,指数无效,False
2020-01-23,0.18000000000000002,0.2,0.38,3,0.06666666666666667,0.13333333333333333,0.18000000000000002,,False,False,False,指数无效,False
2020-01-24,0.18000000000000002,0.2,0.38,3,0.06666666666666667,0.13333333333333333,0.18000000000000002,,False,True,False,指数无效,False
2020-01-27,0.27,0.2,0.38,3,0.06666666666666667,0.13333333333333333,0.27,,False,True,False,指数无效,False
2020-01-28,0.27,0.2,0.47000000000000003,3,0.06666666666666667,0.13333333333333333,0.27,,False,False,False,指数无效,False
2020-01-29,0.27,0.2,0.47000000000000003,3,0.06666666666666667,0.13333333333333333,0.27,,False,False,False,指数无效,False
2020-01-30,0.27,0.2,0.47000000000000003,3,0.06666666666666667,0.13333333333333333,0.27,,False,False,False,指数无效,False
2020-01-31,0.27,0.2,0.47000000000000003,3,0.06666666666666667,0.13333333333333333,0.27,,False,False,False,指数无效,False
2020-02-03,0.27,0.2,0.47000000000000003,3,0.06666666666666667,0.13333333333333333,0.27,,False,False,False,指数无效,False
2020-02-04,0.27,0.2,0.47000000000000003,3,0.06666666666666667,0.13333333333333333,0.27,,False,False,False,指数无效,False
2020-02-05,0.18000000000000002,0.2,0.47000000000000003,3,0.06666666666666667,0.13333333333333333,0.18000000000000002,,False,False,False,指数无效,False
2020-02-06,0.18000000000000002,0.2,0.38,3,0.06666666666666667,0.13333333333333333,0.18000000000000002,,False,False,False,指数无效,False
2020-02-07,0.18000000000000002,0.2,0.38,3,0.06666666666666667,0.13333333333333333,0.18000000000000002,,False,False,False,指数无效,False
2020-02-10,0.18000000000000002,0.2,0.38,3,0.06666666666666667,0.13333333333333333,0.18000000000000002,,False,False,False,指数无效,False
2020-02-11,0.18000000000000002,0.2,0.38,3,0.06666666666666667,0.13333333333333333,0.18000000000000002,,False,False,False,指数无效,False
2020-02-12,0.18000000000000002,0.2,0.38,3,0.06666666666666667,0.13333333333333333,0.18000000000000002,,False,False,False,指数无效,False
2020-02-13,0.18000000000000002,0.2,0.38,3,0.06666666666666667,0.13333333333333333,0.18000000000000002,,False,False,False,指数无效,False
2020-02-14,0.18000000000000002,0.2,0.38,3,0.06666666666666667,0.13333333333333333,0.18000000000000002,,False,False,False,指数无效,False
2020-02-18,0.18000000000000002,0.2,0.38,3,0.06666666666666667,0.13333333333333333,0.18000000000000002,,False,False,False,指数无效,False
2020-02-19,0.18000000000000002,0.2,0.38,3,0.06666666666666667,0.13333333333333333,0.18000000000000002,,False,False,False,指数无效,False
2020-02-20,0.27,0.2,0.38,3,0.06666666666666667,0.13333333333333333,0.27,,False,False,False,指数无效,False
2020-02-21,0.27,0.2,0.47000000000000003,3,0.06666666666666667,0.13333333333333333,0.27,,False,False,False,指数无效,False
2020-02-24,0.27,0.2,0.47000000000000003,3,0.06666666666666667,0.13333333333333333,0.27,,False,False,False,指数无效,False
2020-02-25,0.36000000000000004,0.2,0.47000000000000003,3,0.06666666666666667,0.13333333333333333,0.36000000000000004,,False,False,False,指数无效,False
2020-02-26,0.36000000000000004,0.2,0.56,3,0.06666666666666667,0.13333333333333333,0.36000000000000004,,False,False,False,指数无效,False
2020-02-27,0.36000000000000004,0.2,0.56,3,0.06666666666666667,0.13333333333333333,0.36000000000000004,,False,True,False,指数无效,False
2020-02-28,0.36000000000000004,0.2,0.56,3,0.06666666666666667,0.13333333333333333,0.36000000000000004,,False,True,False,指数无效,False
2020-03-02,0.36000000000000004,0.2,0.56,3,0.06666666666666667,0.13333333333333333,0.36000000000000004,,False,True,False,指数无效,False
2020-03-03,0.36000000000000004,0.2,0.56,3,0.06666666666666667,0.13333333333333333,0.36000000000000004,,False,True,False,指数无效,False
2020-03-04,0.36000000000000004,0.2,0.56,3,0.06666666666666667,0.13333333333333333,0.36000000000000004,,False,True,False,指数无效,False
2020-03-05,0.36000000000000004,0.2,0.56,3,0.06666666666666667,0.13333333333333333,0.36000000000000004,,False,True,False,指数无效,False
2020-03-06,0.36000000000000004,0.2,0.56,3,0.06666666666666667,0.13333333333333333,0.36000000000000004,,False,True,False,指数无效,False
2020-03-09,0.18000000000000002,0.2,0.56,3,0.06666666666666667,0.13333333333333333,0.18000000000000002,,True,True,False,指数无效,False
2020-03-10,0.36000000000000004,0.2,0.38,3,0.06666666666666667,0.13333333333333333,0.36000000000000004,,False,True,False,指数无效,False
2020-03-11,0.18000000000000002,0.2,0.56,3,0.06666666666666667,0.13333333333333333,0.18000000000000002,,True,True,False,指数无效,False
2020-03-12,0.18000000000000002,0.2,0.38,3,0.06666666666666667,0.13333333333333333,0.18000000000000002,,True,True,False,指数无效,False
2020-03-13,0.18000000000000002,0.2,0.38,3,0.06666666666666667,0.13333333333333333,0.18000000000000002,,True,True,False,指数无效,False
2020-03-16,0.18000000000000002,0.2,0.38,3,0.06666666666666667,0.13333333333333333,0.18000000000000002,,True,True,False,指数无效,False
2020-03-17,0.18000000000000002,0.2,0.38,3,0.06666666666666667,0.13333333333333333,0.18000000000000002,,True,True,False,指数无效,False
2020-03-18,0.18000000000000002,0.2,0.38,3,0.06666666666666667,0.13333333333333333,0.18000000000000002,,True,True,False,指数无效,False
2020-03-19,0.18000000000000002,0.2,0.38,3,0.06666666666666667,0.13333333333333333,0.18000000000000002,,True,True,False,指数无效,False
2020-03-20,0.18000000000000002,0.2,0.38,3,0.06666666666666667,0.13333333333333333,0.18000000000000002,,True,True,False,指数无效,False
2020-03-23,0.135,0.2,0.38,3,0.06666666666666667,0.13333333333333333,0.135,,True,True,False,指数无效,False
2020-03-24,0.135,0.2,0.335,3,0.06666666666666667,0.13333333333333333,0.135,,True,True,False,指数无效,False
2020-03-25,0.135,0.2,0.335,3,0.06666666666666667,0.13333333333333333,0.135,,True,True,False,指数无效,False
2020-03-26,0.135,0.2,0.335,3,0.06666666666666667,0.13333333333333333,0.135,,True,True,False,指数无效,False
2020-03-27,0.18000000000000002,0.2,0.335,3,0.06666666666666667,0.13333333333333333,0.18000000000000002,,True,True,False,指数无效,False
2020-03-30,0.135,0.2,0.38,3,0.06666666666666667,0.13333333333333333,0.135,,True,True,False,指数无效,False
2020-03-31,0.135,0.2,0.335,3,0.06666666666666667,0.13333333333333333,0.135,,True,True,False,指数无效,False
2020-04-01,0.135,0.2,0.335,3,0.06666666666666667,0.13333333333333333,0.135,,True,True,False,指数无效,False
2020-04-02,0.135,0.2,0.335,3,0.06666666666666667,0.13333333333333333,0.135,,True,True,False,指数无效,False
2020-04-03,0.135,0.2,0.335,3,0.06666666666666667,0.13333333333333333,0.135,,True,True,False,指数无效,False
2020-04-06,0.135,0.2,0.335,3,0.06666666666666667,0.13333333333333333,0.135,,True,True,False,指数无效,False
2020-04-07,0.135,0.2,0.335,3,0.06666666666666667,0.13333333333333333,0.135,,True,True,False,指数无效,False
2020-04-08,0.27,0.2,0.335,3,0.06666666666666667,0.13333333333333333,0.27,,False,True,False,指数无效,False
2020-04-09,0.27,0.2,0.47000000000000003,3,0.06666666666666667,0.13333333333333333,0.27,,False,True,False,指数无效,False
2020-04-13,0.27,0.2,0.47000000000000003,3,0.06666666666666667,0.13333333333333333,0.27,,False,True,False,指数无效,False
2020-04-14,0.27,0.2,0.47000000000000003,3,0.06666666666666667,0.13333333333333333,0.27,,False,True,False,指数无效,False
2020-04-15,0.27,0.2,0.47000000000000003,3,0.06666666666666667,0.13333333333333333,0.27,,False,True,False,指数无效,False
2020-04-16,0.27,0.2,0.47000000000000003,3,0.06666666666666667,0.13333333333333333,0.27,,False,True,False,指数无效,False
2020-04-17,0.27,0.2,0.47000000000000003,3,0.06666666666666667,0.13333333333333333,0.27,,False,True,False,指数无效,False
2020-04-20,0.36000000000000004,0.2,0.47000000000000003,3,0.06666666666666667,0.13333333333333333,0.36000000000000004,,False,True,False,指数无效,False
2020-04-21,0.36000000000000004,0.2,0.56,3,0.06666666666666667,0.13333333333333333,0.36000000000000004,,False,True,False,指数无效,False
2020-04-22,0.36000000000000004,0.2,0.56,3,0.06666666666666667,0.13333333333333333,0.36000000000000004,,False,True,False,指数无效,False
2020-04-23,0.36000000000000004,0.2,0.56,3,0.06666666666666667,0.13333333333333333,0.36000000000000004,,False,True,False,指数无效,False
2020-04-24,0.27,0.2,0.56,3,0.06666666666666667,0.13333333333333333,0.27,,False,True,False,指数无效,False
2020-04-27,0.27,0.2,0.47000000000000003,3,0.06666666666666667,0.13333333333333333,0.27,,False,True,False,指数无效,False
2020-04-28,0.27,0.2,0.47000000000000003,3,0.06666666666666667,0.13333333333333333,0.27,,False,True,False,指数无效,False
2020-04-29,0.27,0.2,0.47000000000000003,3,0.06666666666666667,0.13333333333333333,0.27,,False,True,False,指数无效,False
2020-04-30,0.27,0.2,0.47000000000000003,3,0.06666666666666667,0.13333333333333333,0.27,,False,False,False,指数无效,False
2020-05-01,0.27,0.2,0.47000000000000003,3,0.06666666666666667,0.13333333333333333,0.27,,False,False,False,指数无效,False
2020-05-04,0.27,0.2,0.47000000000000003,3,0.06666666666666667,0.13333333333333333,0.27,,False,False,False,指数无效,False
2020-05-05,0.27,0.2,0.47000000000000003,3,0.06666666666666667,0.13333333333333333,0.27,,False,False,False,指数无效,False
2020-05-06,0.27,0.2,0.47000000000000003,3,0.06666666666666667,0.13333333333333333,0.27,,False,False,False,指数无效,False
2020-05-07,0.27,0.2,0.47000000000000003,3,0.06666666666666667,0.13333333333333333,0.27,,False,False,False,指数无效,False
2020-05-08,0.27,0.2,0.47000000000000003,3,0.06666666666666667,0.13333333333333333,0.27,,False,False,False,指数无效,False
2020-05-11,0.27,0.2,0.47000000000000003,3,0.06666666666666667,0.13333333333333333,0.27,,False,False,False,指数无效,False
2020-05-12,0.27,0.2,0.47000000000000003,3,0.06666666666666667,0.13333333333333333,0.27,,False,False,False,指数无效,False
2020-05-13,0.27,0.2,0.47000000000000003,3,0.06666666666666667,0.13333333333333333,0.27,,False,False,False,指数无效,False
2020-05-14,0.27,0.2,0.47000000000000003,3,0.06666666666666667,0.13333333333333333,0.27,,False,False,False,指数无效,False
2020-05-15,0.27,0.2,0.47000000000000003,3,0.06666666666666667,0.13333333333333333,0.27,,False,False,False,指数无效,False
2020-05-18,0.27,0.2,0.47000000000000003,3,0.06666666666666667,0.13333333333333333,0.27,,False,False,False,指数无效,False
2020-05-19,0.27,0.2,0.47000000000000003,3,0.06666666666666667,0.13333333333333333,0.27,,False,False,False,指数无效,False
2020-05-20,0.27,0.2,0.47000000000000003,3,0.06666666666666667,0.13333333333333333,0.27,,False,False,False,指数无效,False
2020-05-21,0.27,0.2,0.47000000000000003,3,0.06666666666666667,0.13333333333333333,0.27,,False,False,False,指数无效,False
2020-05-22,0.27,0.2,0.47000000000000003,3,0.06666666666666667,0.13333333333333333,0.27,,False,False,False,指数无效,False
2020-05-26,0.27,0.2,0.47000000000000003,3,0.06666666666666667,0.13333333333333333,0.27,,False,False,False,指数无效,False
2020-05-27,0.27,0.2,0.47000000000000003,3,0.06666666666666667,0.13333333333333333,0.27,,False,False,False,指数无效,False
2020-05-28,0.27,0.2,0.47000000000000003,3,0.06666666666666667,0.13333333333333333,0.27,,False,False,False,指数无效,False
2020-05-29,0.27,0.2,0.47000000000000003,3,0.06666666666666667,0.13333333333333333,0.27,,False,False,False,指数无效,False
2020-06-01,0.27,0.2,0.47000000000000003,3,0.06666666666666667,0.13333333333333333,0.27,,False,False,False,指数无效,False
2020-06-02,0.27,0.2,0.47000000000000003,3,0.06666666666666667,0.13333333333333333,0.27,,False,False,False,指数无效,False
2020-06-03,0.18000000000000002,0.2,0.47000000000000003,3,0.06666666666666667,0.13333333333333333,0.18000000000000002,,False,False,False,指数无效,False
2020-06-04,0.18000000000000002,0.2,0.38,3,0.06666666666666667,0.13333333333333333,0.18000000000000002,,False,False,False,指数无效,False
2020-06-05,0.18000000000000002,0.2,0.38,3,0.06666666666666667,0.13333333333333333,0.18000000000000002,,False,False,False,指数无效,False
2020-06-08,0.18000000000000002,0.2,0.38,3,0.06666666666666667,0.13333333333333333,0.18000000000000002,,False,False,False,指数无效,False
2020-06-09,0.18000000000000002,0.2,0.38,3,0.06666666666666667,0.13333333333333333,0.18000000000000002,,False,False,False,指数无效,False
2020-06-10,0.18000000000000002,0.2,0.38,3,0.06666666666666667,0.13333333333333333,0.18000000000000002,,False,False,False,指数无效,False
2020-06-11,0.27,0.2,0.38,3,0.06666666666666667,0.13333333333333333,0.27,,False,False,False,指数无效,False
2020-06-12,0.27,0.2,0.47000000000000003,3,0.06666666666666667,0.13333333333333333,0.27,,False,False,False,指数无效,False
2020-06-15,0.27,0.2,0.47000000000000003,3,0.06666666666666667,0.13333333333333333,0.27,,False,False,False,指数无效,False
2020-06-16,0.27,0.2,0.47000000000000003,3,0.06666666666666667,0.13333333333333333,0.27,,False,False,False,指数无效,False
2020-06-17,0.27,0.2,0.47000000000000003,3,0.06666666666666667,0.13333333333333333,0.27,,False,False,False,指数无效,False
2020-06-18,0.18000000000000002,0.2,0.47000000000000003,3,0.06666666666666667,0.13333333333333333,0.18000000000000002,,False,False,False,指数无效,False
2020-06-19,0.27,0.2,0.38,3,0.06666666666666667,0.13333333333333333,0.27,,False,False,False,指数无效,False
2020-06-22,0.18000000000000002,0.2,0.47000000000000003,3,0.06666666666666667,0.13333333333333333,0.18000000000000002,,False,False,False,指数无效,False
2020-06-23,0.27,0.2,0.38,3,0.06666666666666667,0.13333333333333333,0.27,,False,False,False,指数无效,False
2020-06-24,0.27,0.2,0.47000000000000003,3,0.06666666666666667,0.13333333333333333,0.27,,False,False,False,指数无效,False
2020-06-25,0.27,0.2,0.47000000000000003,3,0.06666666666666667,0.13333333333333333,0.27,,False,False,False,指数无效,False
2020-06-26,0.27,0.2,0.47000000000000003,3,0.06666666666666667,0.13333333333333333,0.27,,False,False,False,指数无效,False
2020-06-29,0.27,0.2,0.47000000000000003,3,0.06666666666666667,0.13333333333333333,0.27,,False,False,False,指数无效,False
2020-06-30,0.27,0.2,0.47000000000000003,3,0.06666666666666667,0.13333333333333333,0.27,,False,False,False,指数无效,False
2020-07-01,0.18000000000000002,0.2,0.47000000000000003,3,0.06666666666666667,0.13333333333333333,0.18000000000000002,,False,False,False,指数无效,False
2020-07-02,0.18000000000000002,0.2,0.38,3,0.06666666666666667,0.13333333333333333,0.18000000000000002,,False,False,False,指数无效,False
2020-07-06,0.18000000000000002,0.2,0.38,3,0.06666666666666667,0.13333333333333333,0.18000000000000002,,False,False,False,指数无效,False
2020-07-07,0.27,0.2,0.38,3,0.06666666666666667,0.13333333333333333,0.27,,False,False,False,指数无效,False
2020-07-08,0.18000000000000002,0.2,0.47000000000000003,3,0.06666666666666667,0.13333333333333333,0.18000000000000002,,False,False,False,指数无效,False
2020-07-09,0.27,0.2,0.38,3,0.06666666666666667,0.13333333333333333,0.27,,False,False,False,指数无效,False
2020-07-10,0.18000000000000002,0.2,0.47000000000000003,3,0.06666666666666667,0.13333333333333333,0.18000000000000002,,False,False,False,指数无效,False
2020-07-13,0.27,0.2,0.38,3,0.06666666666666667,0.13333333333333333,0.27,,False,False,False,指数无效,False
2020-07-14,0.27,0.2,0.47000000000000003,3,0.06666666666666667,0.13333333333333333,0.27,,False,False,False,指数无效,False
2020-07-15,0.18000000000000002,0.2,0.47000000000000003,3,0.06666666666666667,0.13333333333333333,0.18000000000000002,,False,False,False,指数无效,False
2020-07-16,0.18000000000000002,0.2,0.38,3,0.06666666666666667,0.13333333333333333,0.18000000000000002,,False,False,False,指数无效,False
2020-07-17,0.18000000000000002,0.2,0.38,3,0.06666666666666667,0.13333333333333333,0.18000000000000002,,False,False,False,指数无效,False
2020-07-20,0.18000000000000002,0.2,0.38,3,0.06666666666666667,0.13333333333333333,0.18000000000000002,,False,False,False,指数无效,False
2020-07-21,0.18000000000000002,0.2,0.38,3,0.06666666666666667,0.13333333333333333,0.18000000000000002,,False,False,False,指数无效,False
2020-07-22,0.18000000000000002,0.2,0.38,3,0.06666666666666667,0.13333333333333333,0.18000000000000002,,False,False,False,指数无效,False
2020-07-23,0.18000000000000002,0.2,0.38,3,0.06666666666666667,0.13333333333333333,0.18000000000000002,,False,False,False,指数无效,False
2020-07-24,0.18000000000000002,0.2,0.38,3,0.06666666666666667,0.13333333333333333,0.18000000000000002,,False,False,False,指数无效,False
2020-07-27,0.18000000000000002,0.2,0.38,3,0.06666666666666667,0.13333333333333333,0.18000000000000002,,False,False,False,指数无效,False
2020-07-28,0.18000000000000002,0.2,0.38,3,0.06666666666666667,0.13333333333333333,0.18000000000000002,,False,False,False,指数无效,False
2020-07-29,0.18000000000000002,0.2,0.38,3,0.06666666666666667,0.13333333333333333,0.18000000000000002,,False,False,False,指数无效,False
2020-07-30,0.18000000000000002,0.2,0.38,3,0.06666666666666667,0.13333333333333333,0.18000000000000002,,False,False,False,指数无效,False
2020-07-31,0.18000000000000002,0.2,0.38,3,0.06666666666666667,0.13333333333333333,0.18000000000000002,,False,False,False,指数无效,False
2020-08-03,0.18000000000000002,0.2,0.38,3,0.06666666666666667,0.13333333333333333,0.18000000000000002,,False,False,False,指数无效,False
2020-08-04,0.18000000000000002,0.2,0.38,3,0.06666666666666667,0.13333333333333333,0.18000000000000002,,False,False,False,指数无效,False
2020-08-05,0.18000000000000002,0.2,0.38,3,0.06666666666666667,0.13333333333333333,0.18000000000000002,,False,False,False,指数无效,False
2020-08-06,0.09000000000000001,0.2,0.38,3,0.06666666666666667,0.13333333333333333,0.09000000000000001,,False,False,False,指数无效,False
2020-08-07,0.09000000000000001,0.2,0.29000000000000004,3,0.06666666666666667,0.13333333333333333,0.09000000000000001,,False,False,False,指数无效,False
2020-08-10,0.09000000000000001,0.2,0.29000000000000004,3,0.06666666666666667,0.13333333333333333,0.09000000000000001,,False,False,False,指数无效,False
2020-08-11,0.18000000000000002,0.2,0.29000000000000004,3,0.06666666666666667,0.13333333333333333,0.18000000000000002,,False,False,False,指数无效,False
2020-08-12,0.09000000000000001,0.2,0.38,3,0.06666666666666667,0.13333333333333333,0.09000000000000001,,False,False,False,指数无效,False
2020-08-13,0.09000000000000001,0.2,0.29000000000000004,3,0.06666666666666667,0.13333333333333333,0.09000000000000001,,False,False,False,指数无效,False
2020-08-14,0.18000000000000002,0.2,0.29000000000000004,3,0.06666666666666667,0.13333333333333333,0.18000000000000002,,False,False,False,指数无效,False
2020-08-17,0.09000000000000001,0.2,0.38,3,0.06666666666666667,0.13333333333333333,0.09000000000000001,,False,False,False,指数无效,False
2020-08-18,0.09000000000000001,0.2,0.29000000000000004,3,0.06666666666666667,0.13333333333333333,0.09000000000000001,,False,False,False,指数无效,False
2020-08-19,0.18000000000000002,0.2,0.29000000000000004,3,0.06666666666666667,0.13333333333333333,0.18000000000000002,,False,False,False,指数无效,False
2020-08-20,0.18000000000000002,0.2,0.38,3,0.06666666666666667,0.13333333333333333,0.18000000000000002,,False,False,False,指数无效,False
2020-08-21,0.18000000000000002,0.2,0.38,3,0.06666666666666667,0.13333333333333333,0.18000000000000002,,False,False,False,指数无效,False
2020-08-24,0.18000000000000002,0.2,0.38,3,0.06666666666666667,0.13333333333333333,0.18000000000000002,,False,False,False,指数无效,False
2020-08-25,0.18000000000000002,0.2,0.38,3,0.06666666666666667,0.13333333333333333,0.18000000000000002,,False,False,False,指数无效,False
2020-08-26,0.18000000000000002,0.2,0.38,3,0.06666666666666667,0.13333333333333333,0.18000000000000002,,False,False,False,指数无效,False
2020-08-27,0.18000000000000002,0.2,0.38,3,0.06666666666666667,0.13333333333333333,0.18000000000000002,,False,False,False,指数无效,False
2020-08-28,0.18000000000000002,0.2,0.38,3,0.06666666666666667,0.13333333333333333,0.18000000000000002,,False,False,False,指数无效,False
2020-08-31,0.18000000000000002,0.2,0.38,3,0.06666666666666667,0.13333333333333333,0.18000000000000002,,False,False,False,指数无效,False
2020-09-01,0.18000000000000002,0.2,0.38,3,0.06666666666666667,0.13333333333333333,0.18000000000000002,,False,False,False,指数无效,False
2020-09-02,0.18000000000000002,0.2,0.38,3,0.06666666666666667,0.13333333333333333,0.18000000000000002,,False,False,False,指数无效,False
2020-09-03,0.18000000000000002,0.2,0.38,3,0.06666666666666667,0.13333333333333333,0.18000000000000002,,False,False,False,指数无效,False
2020-09-04,0.27,0.2,0.38,3,0.06666666666666667,0.13333333333333333,0.27,,False,False,False,指数无效,False
2020-09-08,0.27,0.2,0.47000000000000003,3,0.06666666666666667,0.13333333333333333,0.27,,False,False,False,指数无效,False
2020-09-09,0.27,0.2,0.47000000000000003,3,0.06666666666666667,0.13333333333333333,0.27,,False,False,False,指数无效,False
2020-09-10,0.27,0.2,0.47000000000000003,3,0.06666666666666667,0.13333333333333333,0.27,,False,False,False,指数无效,False
2020-09-11,0.18000000000000002,0.2,0.47000000000000003,3,0.06666666666666667,0.13333333333333333,0.18000000000000002,,False,False,False,指数无效,False
2020-09-14,0.18000000000000002,0.2,0.38,3,0.06666666666666667,0.13333333333333333,0.18000000000000002,,False,False,False,指数无效,False
2020-09-15,0.18000000000000002,0.2,0.38,3,0.06666666666666667,0.13333333333333333,0.18000000000000002,,False,False,False,指数无效,False
2020-09-16,0.18000000000000002,0.2,0.38,3,0.06666666666666667,0.13333333333333333,0.18000000000000002,,False,False,False,指数无效,False
2020-09-17,0.18000000000000002,0.2,0.38,3,0.06666666666666667,0.13333333333333333,0.18000000000000002,,False,False,False,指数无效,False
2020-09-18,0.18000000000000002,0.2,0.38,3,0.06666666666666667,0.13333333333333333,0.18000000000000002,,False,False,False,指数无效,False
2020-09-21,0.18000000000000002,0.2,0.38,3,0.06666666666666667,0.13333333333333333,0.18000000000000002,,False,False,False,指数无效,False
2020-09-22,0.18000000000000002,0.2,0.38,3,0.06666666666666667,0.13333333333333333,0.18000000000000002,,False,False,False,指数无效,False
2020-09-23,0.27,0.2,0.38,3,0.06666666666666667,0.13333333333333333,0.27,,False,False,False,指数无效,False
2020-09-24,0.27,0.2,0.47000000000000003,3,0.06666666666666667,0.13333333333333333,0.27,,False,False,False,指数无效,False
2020-09-25,0.27,0.2,0.47000000000000003,3,0.06666666666666667,0.13333333333333333,0.27,,False,False,False,指数无效,False
2020-09-28,0.18000000000000002,0.2,0.47000000000000003,3,0.06666666666666667,0.13333333333333333,0.18000000000000002,,False,False,False,指数无效,False
2020-09-29,0.18000000000000002,0.2,0.38,3,0.06666666666666667,0.13333333333333333,0.18000000000000002,,False,False,False,指数无效,False
2020-09-30,0.18000000000000002,0.2,0.38,3,0.06666666666666667,0.13333333333333333,0.18000000000000002,,False,False,False,指数无效,False
2020-10-01,0.18000000000000002,0.2,0.38,3,0.06666666666666667,0.13333333333333333,0.18000000000000002,,False,False,False,指数无效,False
2020-10-02,0.27,0.2,0.38,3,0.06666666666666667,0.13333333333333333,0.27,,False,False,False,指数无效,False
2020-10-05,0.27,0.2,0.47000000000000003,3,0.06666666666666667,0.13333333333333333,0.27,,False,False,False,指数无效,False
2020-10-06,0.27,0.2,0.47000000000000003,3,0.06666666666666667,0.13333333333333333,0.27,,False,False,False,指数无效,False
2020-10-07,0.27,0.2,0.47000000000000003,3,0.06666666666666667,0.13333333333333333,0.27,,False,False,False,指数无效,False
2020-10-08,0.18000000000000002,0.2,0.47000000000000003,3,0.06666666666666667,0.13333333333333333,0.18000000000000002,,False,False,False,指数无效,False
2020-10-09,0.18000000000000002,0.2,0.38,3,0.06666666666666667,0.13333333333333333,0.18000000000000002,,False,False,False,指数无效,False
2020-10-12,0.18000000000000002,0.2,0.38,3,0.06666666666666667,0.13333333333333333,0.18000000000000002,,False,False,False,指数无效,False
2020-10-13,0.18000000000000002,0.2,0.38,3,0.06666666666666667,0.13333333333333333,0.18000000000000002,,False,False,False,指数无效,False
2020-10-14,0.18000000000000002,0.2,0.38,3,0.06666666666666667,0.13333333333333333,0.18000000000000002,,False,False,False,指数无效,False
2020-10-15,0.18000000000000002,0.2,0.38,3,0.06666666666666667,0.13333333333333333,0.18000000000000002,,False,False,False,指数无效,False
2020-10-16,0.27,0.2,0.38,3,0.06666666666666667,0.13333333333333333,0.27,,False,False,False,指数无效,False
2020-10-19,0.27,0.2,0.47000000000000003,3,0.06666666666666667,0.13333333333333333,0.27,,False,False,False,指数无效,False
2020-10-20,0.27,0.2,0.47000000000000003,3,0.06666666666666667,0.13333333333333333,0.27,,False,False,False,指数无效,False
2020-10-21,0.27,0.2,0.47000000000000003,3,0.06666666666666667,0.13333333333333333,0.27,,False,False,False,指数无效,False
2020-10-22,0.27,0.2,0.47000000000000003,3,0.06666666666666667,0.13333333333333333,0.27,,False,False,False,指数无效,False
2020-10-23,0.27,0.2,0.47000000000000003,3,0.06666666666666667,0.13333333333333333,0.27,,False,False,False,指数无效,False
2020-10-26,0.27,0.2,0.47000000000000003,3,0.06666666666666667,0.13333333333333333,0.27,,False,False,False,指数无效,False
2020-10-27,0.27,0.2,0.47000000000000003,3,0.06666666666666667,0.13333333333333333,0.27,,False,False,False,指数无效,False
2020-10-28,0.27,0.2,0.47000000000000003,3,0.06666666666666667,0.13333333333333333,0.27,,False,False,False,指数无效,False
2020-10-29,0.27,0.2,0.47000000000000003,3,0.06666666666666667,0.13333333333333333,0.27,,False,False,False,指数无效,False
2020-10-30,0.27,0.2,0.47000000000000003,3,0.06666666666666667,0.13333333333333333,0.27,,False,False,False,指数无效,False
2020-11-02,0.27,0.2,0.47000000000000003,3,0.06666666666666667,0.13333333333333333,0.27,,False,False,False,指数无效,False
2020-11-03,0.27,0.2,0.47000000000000003,3,0.06666666666666667,0.13333333333333333,0.27,,False,False,False,指数无效,False
2020-11-04,0.27,0.2,0.47000000000000003,3,0.06666666666666667,0.13333333333333333,0.27,,False,False,False,指数无效,False
2020-11-05,0.18000000000000002,0.2,0.47000000000000003,3,0.06666666666666667,0.13333333333333333,0.18000000000000002,,False,False,False,指数无效,False
2020-11-06,0.18000000000000002,0.2,0.38,3,0.06666666666666667,0.13333333333333333,0.18000000000000002,,False,False,False,指数无效,False
2020-11-09,0.18000000000000002,0.2,0.38,3,0.06666666666666667,0.13333333333333333,0.18000000000000002,,False,False,False,指数无效,False
2020-11-10,0.18000000000000002,0.2,0.38,3,0.06666666666666667,0.13333333333333333,0.18000000000000002,,False,False,False,指数无效,False
2020-11-11,0.18000000000000002,0.2,0.38,3,0.06666666666666667,0.13333333333333333,0.18000000000000002,,False,False,False,指数无效,False
2020-11-12,0.18000000000000002,0.2,0.38,3,0.06666666666666667,0.13333333333333333,0.18000000000000002,,False,False,False,指数无效,False
2020-11-13,0.18000000000000002,0.2,0.38,3,0.06666666666666667,0.13333333333333333,0.18000000000000002,,False,False,False,指数无效,False
2020-11-16,0.18000000000000002,0.2,0.38,3,0.06666666666666667,0.13333333333333333,0.18000000000000002,,False,False,False,指数无效,False
2020-11-17,0.18000000000000002,0.2,0.38,3,0.06666666666666667,0.13333333333333333,0.18000000000000002,,False,False,False,指数无效,False
2020-11-18,0.18000000000000002,0.2,0.38,3,0.06666666666666667,0.13333333333333333,0.18000000000000002,,False,False,False,指数无效,False
2020-11-19,0.18000000000000002,0.2,0.38,3,0.06666666666666667,0.13333333333333333,0.18000000000000002,,False,False,False,指数无效,False
2020-11-20,0.18000000000000002,0.2,0.38,3,0.06666666666666667,0.13333333333333333,0.18000000000000002,,False,False,False,指数无效,False
2020-11-23,0.18000000000000002,0.2,0.38,3,0.06666666666666667,0.13333333333333333,0.18000000000000002,,False,False,False,指数无效,False
2020-11-24,0.18000000000000002,0.2,0.38,3,0.06666666666666667,0.13333333333333333,0.18000000000000002,,False,False,False,指数无效,False
2020-11-25,0.18000000000000002,0.2,0.38,3,0.06666666666666667,0.13333333333333333,0.18000000000000002,,False,False,False,指数无效,False
2020-11-27,0.18000000000000002,0.2,0.38,3,0.06666666666666667,0.13333333333333333,0.18000000000000002,,False,False,False,指数无效,False
2020-11-30,0.18000000000000002,0.2,0.38,3,0.06666666666666667,0.13333333333333333,0.18000000000000002,,False,False,False,指数无效,False
2020-12-01,0.09000000000000001,0.2,0.38,3,0.06666666666666667,0.13333333333333333,0.09000000000000001,,False,False,False,指数无效,False
2020-12-02,0.09000000000000001,0.2,0.29000000000000004,3,0.06666666666666667,0.13333333333333333,0.09000000000000001,,False,False,False,指数无效,False
2020-12-03,0.09000000000000001,0.2,0.29000000000000004,3,0.06666666666666667,0.13333333333333333,0.09000000000000001,,False,False,False,指数无效,False
2020-12-04,0.09000000000000001,0.2,0.29000000000000004,3,0.06666666666666667,0.13333333333333333,0.09000000000000001,,False,False,False,指数无效,False
2020-12-07,0.09000000000000001,0.2,0.29000000000000004,3,0.06666666666666667,0.13333333333333333,0.09000000000000001,,False,False,False,指数无效,False
2020-12-08,0.09000000000000001,0.2,0.29000000000000004,3,0.06666666666666667,0.13333333333333333,0.09000000000000001,,False,False,False,指数无效,False
2020-12-09,0.18000000000000002,0.2,0.29000000000000004,3,0.06666666666666667,0.13333333333333333,0.18000000000000002,,False,False,False,指数无效,False
2020-12-10,0.18000000000000002,0.2,0.38,3,0.06666666666666667,0.13333333333333333,0.18000000000000002,,False,False,False,指数无效,False
2020-12-11,0.18000000000000002,0.2,0.38,3,0.06666666666666667,0.13333333333333333,0.18000000000000002,,False,False,False,指数无效,False
2020-12-14,0.18000000000000002,0.2,0.38,3,0.06666666666666667,0.13333333333333333,0.18000000000000002,,False,False,False,指数无效,False
2020-12-15,0.18000000000000002,0.2,0.38,3,0.06666666666666667,0.13333333333333333,0.18000000000000002,,False,False,False,指数无效,False
2020-12-16,0.18000000000000002,0.2,0.38,3,0.06666666666666667,0.13333333333333333,0.18000000000000002,,False,False,False,指数无效,False
2020-12-17,0.09000000000000001,0.2,0.38,3,0.06666666666666667,0.13333333333333333,0.09000000000000001,,False,False,False,指数无效,False
2020-12-18,0.09000000000000001,0.2,0.29000000000000004,3,0.06666666666666667,0.13333333333333333,0.09000000000000001,,False,False,False,指数无效,False
2020-12-21,0.18000000000000002,0.2,0.29000000000000004,3,0.06666666666666667,0.13333333333333333,0.18000000000000002,,False,False,False,指数无效,False
2020-12-22,0.18000000000000002,0.2,0.38,3,0.06666666666666667,0.13333333333333333,0.18000000000000002,,False,False,False,指数无效,False
2020-12-23,0.18000000000000002,0.2,0.38,3,0.06666666666666667,0.13333333333333333,0.18000000000000002,,False,False,False,指数无效,False
2020-12-24,0.18000000000000002,0.2,0.38,3,0.06666666666666667,0.13333333333333333,0.18000000000000002,,False,False,False,指数无效,False
2020-12-28,0.18000000000000002,0.2,0.38,3,0.06666666666666667,0.13333333333333333,0.18000000000000002,,False,False,False,指数无效,False
2020-12-29,0.09000000000000001,0.2,0.38,3,0.06666666666666667,0.13333333333333333,0.09000000000000001,,False,False,False,指数无效,False
2020-12-30,0.09000000000000001,0.2,0.29000000000000004,3,0.06666666666666667,0.13333333333333333,0.09000000000000001,,False,False,False,指数无效,False
2020-12-31,0.09000000000000001,0.2,0.29000000000000004,3,0.06666666666666667,0.13333333333333333,0.09000000000000001,,False,False,False,指数无效,False
2021-01-04,0.18000000000000002,0.2,0.29000000000000004,3,0.06666666666666667,0.13333333333333333,0.18000000000000002,,False,False,False,指数无效,False
2021-01-05,0.18000000000000002,0.2,0.38,3,0.06666666666666667,0.13333333333333333,0.18000000000000002,,False,False,False,指数无效,False
2021-01-06,0.18000000000000002,0.2,0.38,3,0.06666666666666667,0.13333333333333333,0.18000000000000002,,False,False,False,指数无效,False
2021-01-07,0.18000000000000002,0.2,0.38,3,0.06666666666666667,0.13333333333333333,0.18000000000000002,,False,False,False,指数无效,False
2021-01-08,0.18000000000000002,0.2,0.38,3,0.06666666666666667,0.13333333333333333,0.18000000000000002,,False,False,False,指数无效,False
2021-01-11,0.18000000000000002,0.2,0.38,3,0.06666666666666667,0.13333333333333333,0.18000000000000002,,False,False,False,指数无效,False
2021-01-12,0.18000000000000002,0.2,0.38,3,0.06666666666666667,0.13333333333333333,0.18000000000000002,,False,False,False,指数无效,False
2021-01-13,0.18000000000000002,0.2,0.38,3,0.06666666666666667,0.13333333333333333,0.18000000000000002,,False,False,False,指数无效,False
2021-01-14,0.18000000000000002,0.2,0.38,3,0.06666666666666667,0.13333333333333333,0.18000000000000002,,False,False,False,指数无效,False
2021-01-15,0.18000000000000002,0.2,0.38,3,0.06666666666666667,0.13333333333333333,0.18000000000000002,,False,False,False,指数无效,False
2021-01-19,0.18000000000000002,0.2,0.38,3,0.06666666666666667,0.13333333333333333,0.18000000000000002,,False,False,False,指数无效,False
2021-01-20,0.09000000000000001,0.2,0.38,3,0.06666666666666667,0.13333333333333333,0.09000000000000001,,False,False,False,指数无效,False
2021-01-21,0.09000000000000001,0.2,0.29000000000000004,3,0.06666666666666667,0.13333333333333333,0.09000000000000001,,False,False,False,指数无效,False
2021-01-22,0.09000000000000001,0.2,0.29000000000000004,3,0.06666666666666667,0.13333333333333333,0.09000000000000001,,False,False,False,指数无效,False
2021-01-25,0.09000000000000001,0.2,0.29000000000000004,3,0.06666666666666667,0.13333333333333333,0.09000000000000001,,False,False,False,指数无效,False
2021-01-26,0.09000000000000001,0.2,0.29000000000000004,3,0.06666666666666667,0.13333333333333333,0.09000000000000001,,False,False,False,指数无效,False
2021-01-27,0.18000000000000002,0.2,0.29000000000000004,3,0.06666666666666667,0.13333333333333333,0.18000000000000002,,False,False,False,指数无效,False
2021-01-28,0.18000000000000002,0.2,0.38,3,0.06666666666666667,0.13333333333333333,0.18000000000000002,,False,False,False,指数无效,False
2021-01-29,0.27,0.2,0.38,3,0.06666666666666667,0.13333333333333333,0.27,,False,False,False,指数无效,False
2021-02-01,0.18000000000000002,0.2,0.47000000000000003,3,0.06666666666666667,0.13333333333333333,0.18000000000000002,,False,False,False,指数无效,False
2021-02-02,0.2025,0.2,0.38,3,0.06666666666666667,0.13333333333333333,0.18000000000000002,0.022500000000000003,False,False,False,,False
2021-02-03,0.2025,0.2,0.4025,3,0.06666666666666667,0.13333333333333333,0.18000000000000002,0.022500000000000003,False,False,False,,False
2021-02-04,0.11250000000000002,0.2,0.4025,3,0.06666666666666667,0.13333333333333333,0.09000000000000001,0.022500000000000003,False,False,False,,False
2021-02-05,0.11250000000000002,0.2,0.3125,3,0.06666666666666667,0.13333333333333333,0.09000000000000001,0.022500000000000003,False,False,False,,False
2021-02-08,0.11250000000000002,0.2,0.3125,3,0.06666666666666667,0.13333333333333333,0.09000000000000001,0.022500000000000003,False,False,False,,False
2021-02-09,0.09000000000000001,0.2,0.3125,3,0.06666666666666667,0.13333333333333333,0.09000000000000001,0.0,False,False,False,,False
2021-02-10,0.09000000000000001,0.2,0.29000000000000004,3,0.06666666666666667,0.13333333333333333,0.09000000000000001,0.0,False,False,False,,False
2021-02-11,0.09000000000000001,0.2,0.29000000000000004,3,0.06666666666666667,0.13333333333333333,0.09000000000000001,0.0,False,False,False,,False
2021-02-12,0.09000000000000001,0.2,0.29000000000000004,3,0.06666666666666667,0.13333333333333333,0.09000000000000001,0.0,False,False,False,,False
2021-02-16,0.09000000000000001,0.2,0.29000000000000004,3,0.06666666666666667,0.13333333333333333,0.09000000000000001,0.0,False,False,False,,False
2021-02-17,0.15000000000000002,0.2,0.29000000000000004,3,0.06666666666666667,0.13333333333333333,0.09000000000000001,0.060000000000000005,False,False,True,加密极贪减仓至第 1 档（指数 85.9）,False
2021-02-18,0.15000000000000002,0.2,0.35000000000000003,3,0.06666666666666667,0.13333333333333333,0.09000000000000001,0.060000000000000005,False,False,False,,False
2021-02-19,0.15000000000000002,0.2,0.35000000000000003,3,0.06666666666666667,0.13333333333333333,0.09000000000000001,0.060000000000000005,False,False,False,,False
2021-02-22,0.24000000000000002,0.2,0.35000000000000003,3,0.06666666666666667,0.13333333333333333,0.18000000000000002,0.060000000000000005,False,False,False,,False
2021-02-23,0.24000000000000002,0.2,0.44000000000000006,3,0.06666666666666667,0.13333333333333333,0.18000000000000002,0.060000000000000005,False,False,False,,False
2021-02-24,0.24000000000000002,0.2,0.44000000000000006,3,0.06666666666666667,0.13333333333333333,0.18000000000000002,0.060000000000000005,False,False,False,,False
2021-02-25,0.33,0.2,0.44000000000000006,3,0.06666666666666667,0.13333333333333333,0.27,0.060000000000000005,False,False,False,,False
2021-02-26,0.33,0.2,0.53,3,0.06666666666666667,0.13333333333333333,0.27,0.060000000000000005,False,False,False,,False
2021-03-01,0.22500000000000003,0.2,0.53,3,0.06666666666666667,0.13333333333333333,0.18000000000000002,0.045000000000000005,False,False,True,加密极贪恢复一档（指数 47.9，剩余 0 档）,False
2021-03-02,0.2025,0.2,0.42500000000000004,3,0.06666666666666667,0.13333333333333333,0.18000000000000002,0.022500000000000003,False,False,False,,False
2021-03-03,0.29250000000000004,0.2,0.4025,3,0.06666666666666667,0.13333333333333333,0.27,0.022500000000000003,False,False,False,,False
2021-03-04,0.29250000000000004,0.2,0.49250000000000005,3,0.06666666666666667,0.13333333333333333,0.27,0.022500000000000003,False,False,False,,False
2021-03-05,0.2025,0.2,0.49250000000000005,3,0.06666666666666667,0.13333333333333333,0.18000000000000002,0.022500000000000003,False,False,False,,False
2021-03-08,0.29250000000000004,0.2,0.4025,3,0.06666666666666667,0.13333333333333333,0.27,0.022500000000000003,False,False,False,,False
2021-03-09,0.29250000000000004,0.2,0.49250000000000005,3,0.06666666666666667,0.13333333333333333,0.27,0.022500000000000003,False,False,False,,False
2021-03-10,0.2025,0.2,0.49250000000000005,3,0.06666666666666667,0.13333333333333333,0.18000000000000002,0.022500000000000003,False,False,False,,False
2021-03-11,0.2025,0.2,0.4025,3,0.06666666666666667,0.13333333333333333,0.18000000000000002,0.022500000000000003,False,False,False,,False
2021-03-12,0.2025,0.2,0.4025,3,0.06666666666666667,0.13333333333333333,0.18000000000000002,0.022500000000000003,False,False,False,,False
2021-03-15,0.2025,0.2,0.4025,3,0.06666666666666667,0.13333333333333333,0.18000000000000002,0.022500000000000003,False,False,False,,False
2021-03-16,0.2025,0.2,0.4025,3,0.06666666666666667,0.13333333333333333,0.18000000000000002,0.022500000000000003,False,False,False,,False
2021-03-17,0.2025,0.2,0.4025,3,0.06666666666666667,0.13333333333333333,0.18000000000000002,0.022500000000000003,False,False,False,,False
2021-03-18,0.2025,0.2,0.4025,3,0.06666666666666667,0.13333333333333333,0.18000000000000002,0.022500000000000003,False,False,False,,False
2021-03-19,0.2025,0.2,0.4025,3,0.06666666666666667,0.13333333333333333,0.18000000000000002,0.022500000000000003,False,False,False,,False
2021-03-22,0.2025,0.2,0.4025,3,0.06666666666666667,0.13333333333333333,0.18000000000000002,0.022500000000000003,False,False,False,,False
2021-03-23,0.2025,0.2,0.4025,3,0.06666666666666667,0.13333333333333333,0.18000000000000002,0.022500000000000003,False,False,False,,False
2021-03-24,0.2025,0.2,0.4025,3,0.06666666666666667,0.13333333333333333,0.18000000000000002,0.022500000000000003,False,False,False,,False
2021-03-25,0.2025,0.2,0.4025,3,0.06666666666666667,0.13333333333333333,0.18000000000000002,0.022500000000000003,False,False,False,,False
2021-03-26,0.2025,0.2,0.4025,3,0.06666666666666667,0.13333333333333333,0.18000000000000002,0.022500000000000003,False,False,False,,False
2021-03-29,0.2025,0.2,0.4025,3,0.06666666666666667,0.13333333333333333,0.18000000000000002,0.022500000000000003,False,False,False,,False
2021-03-30,0.2025,0.2,0.4025,3,0.06666666666666667,0.13333333333333333,0.18000000000000002,0.022500000000000003,False,False,False,,False
2021-03-31,0.18000000000000002,0.2,0.4025,3,0.06666666666666667,0.13333333333333333,0.18000000000000002,0.0,False,False,False,,False
2021-04-01,0.2025,0.2,0.38,3,0.06666666666666667,0.13333333333333333,0.18000000000000002,0.022500000000000003,False,False,False,,False
2021-04-05,0.2025,0.2,0.4025,3,0.06666666666666667,0.13333333333333333,0.18000000000000002,0.022500000000000003,False,False,False,,False
2021-04-06,0.09000000000000001,0.2,0.4025,3,0.06666666666666667,0.13333333333333333,0.09000000000000001,0.0,False,False,False,,False
2021-04-07,0.11250000000000002,0.2,0.29000000000000004,3,0.06666666666666667,0.13333333333333333,0.09000000000000001,0.022500000000000003,False,False,False,,False
2021-04-08,0.11250000000000002,0.2,0.3125,3,0.06666666666666667,0.13333333333333333,0.09000000000000001,0.022500000000000003,False,False,False,,False
2021-04-09,0.11250000000000002,0.2,0.3125,3,0.06666666666666667,0.13333333333333333,0.09000000000000001,0.022500000000000003,False,False,False,,False
2021-04-12,0.11250000000000002,0.2,0.3125,3,0.06666666666666667,0.13333333333333333,0.09000000000000001,0.022500000000000003,False,False,False,,False
2021-04-13,0.11250000000000002,0.2,0.3125,3,0.06666666666666667,0.13333333333333333,0.09000000000000001,0.022500000000000003,False,False,False,,False
2021-04-14,0.09000000000000001,0.2,0.3125,3,0.06666666666666667,0.13333333333333333,0.09000000000000001,0.0,False,False,False,,False
2021-04-15,0.09000000000000001,0.2,0.29000000000000004,3,0.06666666666666667,0.13333333333333333,0.09000000000000001,0.0,False,False,False,,False
2021-04-16,0.09000000000000001,0.2,0.29000000000000004,3,0.06666666666666667,0.13333333333333333,0.09000000000000001,0.0,False,False,False,,False
2021-04-19,0.11250000000000002,0.2,0.29000000000000004,3,0.06666666666666667,0.13333333333333333,0.09000000000000001,0.022500000000000003,False,False,False,,False
2021-04-20,0.2025,0.2,0.3125,3,0.06666666666666667,0.13333333333333333,0.18000000000000002,0.022500000000000003,False,False,False,,False
2021-04-21,0.11250000000000002,0.2,0.4025,3,0.06666666666666667,0.13333333333333333,0.09000000000000001,0.022500000000000003,False,False,False,,False
2021-04-22,0.2025,0.2,0.3125,3,0.06666666666666667,0.13333333333333333,0.18000000000000002,0.022500000000000003,False,False,False,,False
2021-04-23,0.135,0.2,0.4025,3,0.06666666666666667,0.13333333333333333,0.09000000000000001,0.045000000000000005,False,False,False,,False
2021-04-26,0.15750000000000003,0.2,0.335,3,0.06666666666666667,0.13333333333333333,0.09000000000000001,0.0675,False,False,False,,False
2021-04-27,0.135,0.2,0.35750000000000004,3,0.06666666666666667,0.13333333333333333,0.09000000000000001,0.045000000000000005,False,False,False,,False
2021-04-28,0.11250000000000002,0.2,0.335,3,0.06666666666666667,0.13333333333333333,0.09000000000000001,0.022500000000000003,False,False,False,,False
2021-04-29,0.135,0.2,0.3125,3,0.06666666666666667,0.13333333333333333,0.09000000000000001,0.045000000000000005,False,False,False,,False
2021-04-30,0.22500000000000003,0.2,0.335,3,0.06666666666666667,0.13333333333333333,0.18000000000000002,0.045000000000000005,False,False,False,,False
2021-05-03,0.2025,0.2,0.42500000000000004,3,0.06666666666666667,0.13333333333333333,0.18000000000000002,0.022500000000000003,False,False,False,,False
2021-05-04,0.2025,0.2,0.4025,3,0.06666666666666667,0.13333333333333333,0.18000000000000002,0.022500000000000003,False,False,False,,False
2021-05-05,0.22500000000000003,0.2,0.4025,3,0.06666666666666667,0.13333333333333333,0.18000000000000002,0.045000000000000005,False,False,False,,False
2021-05-06,0.2025,0.2,0.42500000000000004,3,0.06666666666666667,0.13333333333333333,0.18000000000000002,0.022500000000000003,False,False,False,,False
2021-05-07,0.11250000000000002,0.2,0.4025,3,0.06666666666666667,0.13333333333333333,0.09000000000000001,0.022500000000000003,False,False,False,,False
2021-05-10,0.2025,0.2,0.3125,3,0.06666666666666667,0.13333333333333333,0.18000000000000002,0.022500000000000003,False,False,False,,False
2021-05-11,0.22500000000000003,0.2,0.4025,3,0.06666666666666667,0.13333333333333333,0.18000000000000002,0.045000000000000005,False,False,False,,False
2021-05-12,0.29250000000000004,0.2,0.42500000000000004,3,0.06666666666666667,0.13333333333333333,0.27,0.022500000000000003,False,False,False,,False
2021-05-13,0.3375,0.2,0.49250000000000005,3,0.06666666666666667,0.13333333333333333,0.27,0.0675,False,False,False,,False
2021-05-14,0.24750000000000003,0.2,0.5375000000000001,3,0.06666666666666667,0.13333333333333333,0.18000000000000002,0.0675,False,False,False,,False
2021-05-17,0.24750000000000003,0.2,0.4475,3,0.06666666666666667,0.13333333333333333,0.18000000000000002,0.0675,False,False,False,,False
2021-05-18,0.27,0.2,0.4475,3,0.06666666666666667,0.13333333333333333,0.18000000000000002,0.09000000000000001,False,False,False,,False
2021-05-19,0.27,0.2,0.47000000000000003,3,0.06666666666666667,0.13333333333333333,0.18000000000000002,0.09000000000000001,False,False,False,,False
2021-05-20,0.27,0.2,0.47000000000000003,3,0.06666666666666667,0.13333333333333333,0.18000000000000002,0.09000000000000001,False,False,False,,False
2021-05-21,0.27,0.2,0.47000000000000003,3,0.06666666666666667,0.13333333333333333,0.18000000000000002,0.09000000000000001,False,False,False,,False
2021-05-24,0.27,0.2,0.47000000000000003,3,0.06666666666666667,0.13333333333333333,0.18000000000000002,0.09000000000000001,False,False,False,,False
2021-05-25,0.27,0.2,0.47000000000000003,3,0.06666666666666667,0.13333333333333333,0.18000000000000002,0.09000000000000001,False,False,False,,False
2021-05-26,0.18000000000000002,0.2,0.47000000000000003,3,0.06666666666666667,0.13333333333333333,0.09000000000000001,0.09000000000000001,False,False,False,,False
2021-05-27,0.15750000000000003,0.2,0.38,3,0.06666666666666667,0.13333333333333333,0.09000000000000001,0.0675,False,False,False,,False
2021-05-28,0.18000000000000002,0.2,0.35750000000000004,3,0.06666666666666667,0.13333333333333333,0.09000000000000001,0.09000000000000001,False,False,False,,False
2021-06-01,0.27,0.2,0.38,3,0.06666666666666667,0.13333333333333333,0.18000000000000002,0.09000000000000001,False,False,False,,False
2021-06-02,0.18000000000000002,0.2,0.47000000000000003,3,0.06666666666666667,0.13333333333333333,0.09000000000000001,0.09000000000000001,False,False,False,,False
2021-06-03,0.27,0.2,0.38,3,0.06666666666666667,0.13333333333333333,0.18000000000000002,0.09000000000000001,False,False,False,,False
2021-06-04,0.15750000000000003,0.2,0.47000000000000003,3,0.06666666666666667,0.13333333333333333,0.09000000000000001,0.0675,False,False,False,,False
2021-06-07,0.18000000000000002,0.2,0.35750000000000004,3,0.06666666666666667,0.13333333333333333,0.09000000000000001,0.09000000000000001,False,False,False,,False
2021-06-08,0.18000000000000002,0.2,0.38,3,0.06666666666666667,0.13333333333333333,0.09000000000000001,0.09000000000000001,False,False,False,,False
2021-06-09,0.27,0.2,0.38,3,0.06666666666666667,0.13333333333333333,0.18000000000000002,0.09000000000000001,False,False,False,,False
2021-06-10,0.18000000000000002,0.2,0.47000000000000003,3,0.06666666666666667,0.13333333333333333,0.09000000000000001,0.09000000000000001,False,False,False,,False
2021-06-11,0.18000000000000002,0.2,0.38,3,0.06666666666666667,0.13333333333333333,0.09000000000000001,0.09000000000000001,False,False,False,,False
2021-06-14,0.15750000000000003,0.2,0.38,3,0.06666666666666667,0.13333333333333333,0.09000000000000001,0.0675,False,False,False,,False
2021-06-15,0.15750000000000003,0.2,0.35750000000000004,3,0.06666666666666667,0.13333333333333333,0.09000000000000001,0.0675,False,False,False,,False
2021-06-16,0.15750000000000003,0.2,0.35750000000000004,3,0.06666666666666667,0.13333333333333333,0.09000000000000001,0.0675,False,False,False,,False
2021-06-17,0.15750000000000003,0.2,0.35750000000000004,3,0.06666666666666667,0.13333333333333333,0.09000000000000001,0.0675,False,False,False,,False
2021-06-18,0.24750000000000003,0.2,0.35750000000000004,3,0.06666666666666667,0.13333333333333333,0.18000000000000002,0.0675,False,False,False,,False
2021-06-21,0.18000000000000002,0.2,0.4475,3,0.06666666666666667,0.13333333333333333,0.09000000000000001,0.09000000000000001,False,False,False,,False
2021-06-22,0.135,0.2,0.38,3,0.06666666666666667,0.13333333333333333,0.09000000000000001,0.045000000000000005,False,True,False,,False
2021-06-23,0.135,0.2,0.335,3,0.06666666666666667,0.13333333333333333,0.09000000000000001,0.045000000000000005,False,True,False,,False
2021-06-24,0.135,0.2,0.335,3,0.06666666666666667,0.13333333333333333,0.09000000000000001,0.045000000000000005,False,True,False,,False
2021-06-25,0.15750000000000003,0.2,0.335,3,0.06666666666666667,0.13333333333333333,0.09000000000000001,0.0675,False,False,False,,False
2021-06-28,0.15750000000000003,0.2,0.35750000000000004,3,0.06666666666666667,0.13333333333333333,0.09000000000000001,0.0675,False,False,False,,False
2021-06-29,0.15750000000000003,0.2,0.35750000000000004,3,0.06666666666666667,0.13333333333333333,0.09000000000000001,0.0675,False,False,False,,False
2021-06-30,0.15750000000000003,0.2,0.35750000000000004,3,0.06666666666666667,0.13333333333333333,0.09000000000000001,0.0675,False,False,False,,False
2021-07-01,0.15750000000000003,0.2,0.35750000000000004,3,0.06666666666666667,0.13333333333333333,0.09000000000000001,0.0675,False,False,False,,False
2021-07-02,0.135,0.2,0.35750000000000004,3,0.06666666666666667,0.13333333333333333,0.09000000000000001,0.045000000000000005,False,True,False,,False
2021-07-06,0.135,0.2,0.335,3,0.06666666666666667,0.13333333333333333,0.09000000000000001,0.045000000000000005,False,True,False,,False
2021-07-07,0.12375000000000001,0.2,0.335,3,0.06666666666666667,0.13333333333333333,0.09000000000000001,0.03375,False,True,False,,False
2021-07-08,0.135,0.2,0.32375000000000004,3,0.06666666666666667,0.13333333333333333,0.09000000000000001,0.045000000000000005,False,True,False,,False
2021-07-09,0.135,0.2,0.335,3,0.06666666666666667,0.13333333333333333,0.09000000000000001,0.045000000000000005,False,True,False,,False
2021-07-12,0.12375000000000001,0.2,0.335,3,0.06666666666666667,0.13333333333333333,0.09000000000000001,0.03375,False,True,False,,False
2021-07-13,0.12375000000000001,0.2,0.32375000000000004,3,0.06666666666666667,0.13333333333333333,0.09000000000000001,0.03375,False,True,False,,False
2021-07-14,0.12375000000000001,0.2,0.32375000000000004,3,0.06666666666666667,0.13333333333333333,0.09000000000000001,0.03375,False,True,False,,False
2021-07-15,0.12375000000000001,0.2,0.32375000000000004,3,0.06666666666666667,0.13333333333333333,0.09000000000000001,0.03375,False,True,False,,False
2021-07-16,0.21375000000000002,0.2,0.32375000000000004,3,0.06666666666666667,0.13333333333333333,0.18000000000000002,0.03375,False,True,False,,False
2021-07-19,0.21375000000000002,0.2,0.41375000000000006,3,0.06666666666666667,0.13333333333333333,0.18000000000000002,0.03375,False,True,False,,False
2021-07-20,0.22500000000000003,0.2,0.41375000000000006,3,0.06666666666666667,0.13333333333333333,0.18000000000000002,0.045000000000000005,False,True,False,,False
2021-07-21,0.135,0.2,0.42500000000000004,3,0.06666666666666667,0.13333333333333333,0.09000000000000001,0.045000000000000005,False,True,False,,False
2021-07-22,0.12375000000000001,0.2,0.335,3,0.06666666666666667,0.13333333333333333,0.09000000000000001,0.03375,False,True,False,,False
2021-07-23,0.12375000000000001,0.2,0.32375000000000004,3,0.06666666666666667,0.13333333333333333,0.09000000000000001,0.03375,False,True,False,,False
2021-07-26,0.12375000000000001,0.2,0.32375000000000004,3,0.06666666666666667,0.13333333333333333,0.09000000000000001,0.03375,False,True,False,,False
2021-07-27,0.15750000000000003,0.2,0.32375000000000004,3,0.06666666666666667,0.13333333333333333,0.09000000000000001,0.0675,False,False,False,,False
2021-07-28,0.135,0.2,0.35750000000000004,3,0.06666666666666667,0.13333333333333333,0.09000000000000001,0.045000000000000005,False,False,False,,False
2021-07-29,0.135,0.2,0.335,3,0.06666666666666667,0.13333333333333333,0.09000000000000001,0.045000000000000005,False,False,False,,False
2021-07-30,0.135,0.2,0.335,3,0.06666666666666667,0.13333333333333333,0.09000000000000001,0.045000000000000005,False,False,False,,False
2021-08-02,0.22500000000000003,0.2,0.335,3,0.06666666666666667,0.13333333333333333,0.18000000000000002,0.045000000000000005,False,False,False,,False
2021-08-03,0.135,0.2,0.42500000000000004,3,0.06666666666666667,0.13333333333333333,0.09000000000000001,0.045000000000000005,False,False,False,,False
2021-08-04,0.135,0.2,0.335,3,0.06666666666666667,0.13333333333333333,0.09000000000000001,0.045000000000000005,False,False,False,,False
2021-08-05,0.135,0.2,0.335,3,0.06666666666666667,0.13333333333333333,0.09000000000000001,0.045000000000000005,False,False,False,,False
2021-08-06,0.135,0.2,0.335,3,0.06666666666666667,0.13333333333333333,0.09000000000000001,0.045000000000000005,False,False,False,,False
2021-08-09,0.11250000000000002,0.2,0.335,3,0.06666666666666667,0.13333333333333333,0.09000000000000001,0.022500000000000003,False,False,False,,False
2021-08-10,0.11250000000000002,0.2,0.3125,3,0.06666666666666667,0.13333333333333333,0.09000000000000001,0.022500000000000003,False,False,False,,False
2021-08-11,0.11250000000000002,0.2,0.3125,3,0.06666666666666667,0.13333333333333333,0.09000000000000001,0.022500000000000003,False,False,False,,False
2021-08-12,0.11250000000000002,0.2,0.3125,3,0.06666666666666667,0.13333333333333333,0.09000000000000001,0.022500000000000003,False,False,False,,False
2021-08-13,0.11250000000000002,0.2,0.3125,3,0.06666666666666667,0.13333333333333333,0.09000000000000001,0.022500000000000003,False,False,False,,False
2021-08-16,0.11250000000000002,0.2,0.3125,3,0.06666666666666667,0.13333333333333333,0.09000000000000001,0.022500000000000003,False,False,False,,False
2021-08-17,0.11250000000000002,0.2,0.3125,3,0.06666666666666667,0.13333333333333333,0.09000000000000001,0.022500000000000003,False,False,False,,False
2021-08-18,0.2025,0.2,0.3125,3,0.06666666666666667,0.13333333333333333,0.18000000000000002,0.022500000000000003,False,False,False,,False
2021-08-19,0.2025,0.2,0.4025,3,0.06666666666666667,0.13333333333333333,0.18000000000000002,0.022500000000000003,False,False,False,,False
2021-08-20,0.2025,0.2,0.4025,3,0.06666666666666667,0.13333333333333333,0.18000000000000002,0.022500000000000003,False,False,False,,False
2021-08-23,0.09000000000000001,0.2,0.4025,3,0.06666666666666667,0.13333333333333333,0.09000000000000001,0.0,False,False,False,,False
2021-08-24,0.09000000000000001,0.2,0.29000000000000004,3,0.06666666666666667,0.13333333333333333,0.09000000000000001,0.0,False,False,False,,False
2021-08-25,0.11250000000000002,0.2,0.29000000000000004,3,0.06666666666666667,0.13333333333333333,0.09000000000000001,0.022500000000000003,False,False,False,,False
2021-08-26,0.11250000000000002,0.2,0.3125,3,0.06666666666666667,0.13333333333333333,0.09000000000000001,0.022500000000000003,False,False,False,,False
2021-08-27,0.11250000000000002,0.2,0.3125,3,0.06666666666666667,0.13333333333333333,0.09000000000000001,0.022500000000000003,False,False,False,,False
2021-08-30,0.11250000000000002,0.2,0.3125,3,0.06666666666666667,0.13333333333333333,0.09000000000000001,0.022500000000000003,False,False,False,,False
2021-08-31,0.11250000000000002,0.2,0.3125,3,0.06666666666666667,0.13333333333333333,0.09000000000000001,0.022500000000000003,False,False,False,,False
2021-09-01,0.11250000000000002,0.2,0.3125,3,0.06666666666666667,0.13333333333333333,0.09000000000000001,0.022500000000000003,False,False,False,,False
2021-09-02,0.11250000000000002,0.2,0.3125,3,0.06666666666666667,0.13333333333333333,0.09000000000000001,0.022500000000000003,False,False,False,,False
2021-09-03,0.11250000000000002,0.2,0.3125,3,0.06666666666666667,0.13333333333333333,0.09000000000000001,0.022500000000000003,False,False,False,,False
2021-09-07,0.11250000000000002,0.2,0.3125,3,0.06666666666666667,0.13333333333333333,0.09000000000000001,0.022500000000000003,False,False,False,,False
2021-09-08,0.135,0.2,0.3125,3,0.06666666666666667,0.13333333333333333,0.09000000000000001,0.045000000000000005,False,False,False,,False
2021-09-09,0.135,0.2,0.335,3,0.06666666666666667,0.13333333333333333,0.09000000000000001,0.045000000000000005,False,False,False,,False
2021-09-10,0.22500000000000003,0.2,0.335,3,0.06666666666666667,0.13333333333333333,0.18000000000000002,0.045000000000000005,False,False,False,,False
2021-09-13,0.22500000000000003,0.2,0.42500000000000004,3,0.06666666666666667,0.13333333333333333,0.18000000000000002,0.045000000000000005,False,False,False,,False
2021-09-14,0.24750000000000003,0.2,0.42500000000000004,3,0.06666666666666667,0.13333333333333333,0.18000000000000002,0.0675,False,False,False,,False
2021-09-15,0.22500000000000003,0.2,0.4475,3,0.06666666666666667,0.13333333333333333,0.18000000000000002,0.045000000000000005,False,False,False,,False
2021-09-16,0.22500000000000003,0.2,0.42500000000000004,3,0.06666666666666667,0.13333333333333333,0.18000000000000002,0.045000000000000005,False,False,False,,False
2021-09-17,0.22500000000000003,0.2,0.42500000000000004,3,0.06666666666666667,0.13333333333333333,0.18000000000000002,0.045000000000000005,False,False,False,,False
2021-09-20,0.315,0.2,0.42500000000000004,3,0.06666666666666667,0.13333333333333333,0.27,0.045000000000000005,False,False,False,,False
2021-09-21,0.3375,0.2,0.515,3,0.06666666666666667,0.13333333333333333,0.27,0.0675,False,False,False,,False
2021-09-22,0.21375000000000002,0.2,0.5375000000000001,3,0.06666666666666667,0.13333333333333333,0.18000000000000002,0.03375,False,True,False,,False
2021-09-23,0.24750000000000003,0.2,0.41375000000000006,3,0.06666666666666667,0.13333333333333333,0.18000000000000002,0.0675,False,False,False,,False
2021-09-24,0.24750000000000003,0.2,0.4475,3,0.06666666666666667,0.13333333333333333,0.18000000000000002,0.0675,False,False,False,,False
2021-09-27,0.24750000000000003,0.2,0.4475,3,0.06666666666666667,0.13333333333333333,0.18000000000000002,0.0675,False,False,False,,False
2021-09-28,0.21375000000000002,0.2,0.4475,3,0.06666666666666667,0.13333333333333333,0.18000000000000002,0.03375,False,True,False,,False
2021-09-29,0.30375,0.2,0.41375000000000006,3,0.06666666666666667,0.13333333333333333,0.27,0.03375,False,True,False,,False
2021-09-30,0.30375,0.2,0.50375,3,0.06666666666666667,0.13333333333333333,0.27,0.03375,False,True,False,,False
2021-10-01,0.3375,0.2,0.50375,3,0.06666666666666667,0.13333333333333333,0.27,0.0675,False,False,False,,False
2021-10-04,0.315,0.2,0.5375000000000001,3,0.06666666666666667,0.13333333333333333,0.27,0.045000000000000005,False,False,False,,False
2021-10-05,0.22500000000000003,0.2,0.515,3,0.06666666666666667,0.13333333333333333,0.18000000000000002,0.045000000000000005,False,False,False,,False
2021-10-06,0.2025,0.2,0.42500000000000004,3,0.06666666666666667,0.13333333333333333,0.18000000000000002,0.022500000000000003,False,False,False,,False
2021-10-07,0.2025,0.2,0.4025,3,0.06666666666666667,0.13333333333333333,0.18000000000000002,0.022500000000000003,False,False,False,,False
2021-10-08,0.2025,0.2,0.4025,3,0.06666666666666667,0.13333333333333333,0.18000000000000002,0.022500000000000003,False,False,False,,False
2021-10-11,0.2025,0.2,0.4025,3,0.06666666666666667,0.13333333333333333,0.18000000000000002,0.022500000000000003,False,False,False,,False
2021-10-12,0.2025,0.2,0.4025,3,0.06666666666666667,0.13333333333333333,0.18000000000000002,0.022500000000000003,False,False,False,,False
2021-10-13,0.2025,0.2,0.4025,3,0.06666666666666667,0.13333333333333333,0.18000000000000002,0.022500000000000003,False,False,False,,False
2021-10-14,0.2025,0.2,0.4025,3,0.06666666666666667,0.13333333333333333,0.18000000000000002,0.022500000000000003,False,False,False,,False
2021-10-15,0.11250000000000002,0.2,0.4025,3,0.06666666666666667,0.13333333333333333,0.09000000000000001,0.022500000000000003,False,False,False,,False
2021-10-18,0.09000000000000001,0.2,0.3125,3,0.06666666666666667,0.13333333333333333,0.09000000000000001,0.0,False,False,False,,False
2021-10-19,0.09000000000000001,0.2,0.29000000000000004,3,0.06666666666666667,0.13333333333333333,0.09000000000000001,0.0,False,False,False,,False
2021-10-20,0.15000000000000002,0.2,0.29000000000000004,3,0.06666666666666667,0.13333333333333333,0.09000000000000001,0.060000000000000005,False,False,True,加密极贪减仓至第 1 档（指数 86.0）,False
2021-10-21,0.15000000000000002,0.2,0.35000000000000003,3,0.06666666666666667,0.13333333333333333,0.09000000000000001,0.060000000000000005,False,False,False,,False
2021-10-22,0.15000000000000002,0.2,0.35000000000000003,3,0.06666666666666667,0.13333333333333333,0.09000000000000001,0.060000000000000005,False,False,False,,False
2021-10-25,0.15000000000000002,0.2,0.35000000000000003,3,0.06666666666666667,0.13333333333333333,0.09000000000000001,0.060000000000000005,False,False,False,,False
2021-10-26,0.15000000000000002,0.2,0.35000000000000003,3,0.06666666666666667,0.13333333333333333,0.09000000000000001,0.060000000000000005,False,False,False,,False
2021-10-27,0.15000000000000002,0.2,0.35000000000000003,3,0.06666666666666667,0.13333333333333333,0.09000000000000001,0.060000000000000005,False,False,False,,False
2021-10-28,0.15000000000000002,0.2,0.35000000000000003,3,0.06666666666666667,0.13333333333333333,0.09000000000000001,0.060000000000000005,False,False,False,,False
2021-10-29,0.15000000000000002,0.2,0.35000000000000003,3,0.06666666666666667,0.13333333333333333,0.09000000000000001,0.060000000000000005,False,False,False,,False
2021-11-01,0.15000000000000002,0.2,0.35000000000000003,3,0.06666666666666667,0.13333333333333333,0.09000000000000001,0.060000000000000005,False,False,False,,False
2021-11-02,0.15000000000000002,0.2,0.35000000000000003,3,0.06666666666666667,0.13333333333333333,0.09000000000000001,0.060000000000000005,False,False,False,,False
2021-11-03,0.060000000000000005,0.2,0.35000000000000003,3,0.06666666666666667,0.13333333333333333,0.0,0.060000000000000005,False,False,False,,False
2021-11-04,0.15000000000000002,0.2,0.26,3,0.06666666666666667,0.13333333333333333,0.09000000000000001,0.060000000000000005,False,False,False,,False
2021-11-05,0.15000000000000002,0.2,0.35000000000000003,3,0.06666666666666667,0.13333333333333333,0.09000000000000001,0.060000000000000005,False,False,False,,False
2021-11-08,0.15000000000000002,0.2,0.35000000000000003,3,0.06666666666666667,0.13333333333333333,0.09000000000000001,0.060000000000000005,False,False,False,,False
2021-11-09,0.15000000000000002,0.2,0.35000000000000003,3,0.06666666666666667,0.13333333333333333,0.09000000000000001,0.060000000000000005,False,False,False,,False
2021-11-10,0.24000000000000002,0.2,0.35000000000000003,3,0.06666666666666667,0.13333333333333333,0.18000000000000002,0.060000000000000005,False,False,False,,False
2021-11-11,0.15000000000000002,0.2,0.44000000000000006,3,0.06666666666666667,0.13333333333333333,0.09000000000000001,0.060000000000000005,False,False,False,,False
2021-11-12,0.15000000000000002,0.2,0.35000000000000003,3,0.06666666666666667,0.13333333333333333,0.09000000000000001,0.060000000000000005,False,False,False,,False
2021-11-15,0.15000000000000002,0.2,0.35000000000000003,3,0.06666666666666667,0.13333333333333333,0.09000000000000001,0.060000000000000005,False,False,False,,False
2021-11-16,0.15000000000000002,0.2,0.35000000000000003,3,0.06666666666666667,0.13333333333333333,0.09000000000000001,0.060000000000000005,False,False,False,,False
2021-11-17,0.135,0.2,0.35000000000000003,3,0.06666666666666667,0.13333333333333333,0.09000000000000001,0.045000000000000005,False,False,True,加密极贪恢复一档（指数 55.2，剩余 0 档）,False
2021-11-18,0.135,0.2,0.335,3,0.06666666666666667,0.13333333333333333,0.09000000000000001,0.045000000000000005,False,False,False,,False
2021-11-19,0.15750000000000003,0.2,0.335,3,0.06666666666666667,0.13333333333333333,0.09000000000000001,0.0675,False,False,False,,False
2021-11-22,0.22500000000000003,0.2,0.35750000000000004,3,0.06666666666666667,0.13333333333333333,0.18000000000000002,0.045000000000000005,False,False,False,,False
2021-11-23,0.24750000000000003,0.2,0.42500000000000004,3,0.06666666666666667,0.13333333333333333,0.18000000000000002,0.0675,False,False,False,,False
2021-11-24,0.22500000000000003,0.2,0.4475,3,0.06666666666666667,0.13333333333333333,0.18000000000000002,0.045000000000000005,False,False,False,,False
2021-11-26,0.315,0.2,0.42500000000000004,3,0.06666666666666667,0.13333333333333333,0.27,0.045000000000000005,False,False,False,,False
2021-11-29,0.24750000000000003,0.2,0.515,3,0.06666666666666667,0.13333333333333333,0.18000000000000002,0.0675,False,False,False,,False
2021-11-30,0.315,0.2,0.4475,3,0.06666666666666667,0.13333333333333333,0.27,0.045000000000000005,False,False,False,,False
2021-12-01,0.3375,0.2,0.515,3,0.06666666666666667,0.13333333333333333,0.27,0.0675,False,False,False,,False
2021-12-02,0.3375,0.2,0.5375000000000001,3,0.06666666666666667,0.13333333333333333,0.27,0.0675,False,False,False,,False
2021-12-03,0.3375,0.2,0.5375000000000001,3,0.06666666666666667,0.13333333333333333,0.27,0.0675,False,False,False,,False
2021-12-06,0.36000000000000004,0.2,0.5375000000000001,3,0.06666666666666667,0.13333333333333333,0.27,0.09000000000000001,False,False,False,,False
2021-12-07,0.24750000000000003,0.2,0.56,3,0.06666666666666667,0.13333333333333333,0.18000000000000002,0.0675,False,False,False,,False
2021-12-08,0.24750000000000003,0.2,0.4475,3,0.06666666666666667,0.13333333333333333,0.18000000000000002,0.0675,False,False,False,,False
2021-12-09,0.24750000000000003,0.2,0.4475,3,0.06666666666666667,0.13333333333333333,0.18000000000000002,0.0675,False,False,False,,False
2021-12-10,0.21375000000000002,0.2,0.4475,3,0.06666666666666667,0.13333333333333333,0.18000000000000002,0.03375,False,True,False,,False
2021-12-13,0.24750000000000003,0.2,0.41375000000000006,3,0.06666666666666667,0.13333333333333333,0.18000000000000002,0.0675,False,False,False,,False
2021-12-14,0.22500000000000003,0.2,0.4475,3,0.06666666666666667,0.13333333333333333,0.18000000000000002,0.045000000000000005,False,True,False,,False
2021-12-15,0.21375000000000002,0.2,0.42500000000000004,3,0.06666666666666667,0.13333333333333333,0.18000000000000002,0.03375,False,True,False,,False
2021-12-16,0.24750000000000003,0.2,0.41375000000000006,3,0.06666666666666667,0.13333333333333333,0.18000000000000002,0.0675,False,False,False,,False
2021-12-17,0.30375,0.2,0.4475,3,0.06666666666666667,0.13333333333333333,0.27,0.03375,False,True,False,,False
2021-12-20,0.30375,0.2,0.50375,3,0.06666666666666667,0.13333333333333333,0.27,0.03375,False,True,False,,False
2021-12-21,0.21375000000000002,0.2,0.50375,3,0.06666666666666667,0.13333333333333333,0.18000000000000002,0.03375,False,True,False,,False
2021-12-22,0.22500000000000003,0.2,0.41375000000000006,3,0.06666666666666667,0.13333333333333333,0.18000000000000002,0.045000000000000005,False,False,False,,False
2021-12-23,0.21375000000000002,0.2,0.42500000000000004,3,0.06666666666666667,0.13333333333333333,0.18000000000000002,0.03375,False,True,False,,False
2021-12-27,0.15750000000000003,0.2,0.41375000000000006,3,0.06666666666666667,0.13333333333333333,0.09000000000000001,0.0675,False,False,False,,False
2021-12-28,0.15750000000000003,0.2,0.35750000000000004,3,0.06666666666666667,0.13333333333333333,0.09000000000000001,0.0675,False,False,False,,False
2021-12-29,0.12375000000000001,0.2,0.35750000000000004,3,0.06666666666666667,0.13333333333333333,0.09000000000000001,0.03375,False,True,False,,False
2021-12-30,0.135,0.2,0.32375000000000004,3,0.06666666666666667,0.13333333333333333,0.09000000000000001,0.045000000000000005,False,True,False,,False
2021-12-31,0.21375000000000002,0.2,0.335,3,0.06666666666666667,0.13333333333333333,0.18000000000000002,0.03375,False,True,False,,False
2022-01-03,0.12375000000000001,0.2,0.41375000000000006,3,0.06666666666666667,0.13333333333333333,0.09000000000000001,0.03375,False,True,False,,False
2022-01-04,0.21375000000000002,0.2,0.32375000000000004,3,0.06666666666666667,0.13333333333333333,0.18000000000000002,0.03375,False,True,False,,False
2022-01-05,0.21375000000000002,0.2,0.41375000000000006,3,0.06666666666666667,0.13333333333333333,0.18000000000000002,0.03375,False,True,False,,False
2022-01-06,0.22500000000000003,0.2,0.41375000000000006,3,0.06666666666666667,0.13333333333333333,0.18000000000000002,0.045000000000000005,False,True,False,,False
2022-01-07,0.22500000000000003,0.2,0.42500000000000004,3,0.06666666666666667,0.13333333333333333,0.18000000000000002,0.045000000000000005,False,True,False,,False
2022-01-10,0.30375,0.2,0.42500000000000004,3,0.06666666666666667,0.13333333333333333,0.27,0.03375,False,True,False,,False
2022-01-11,0.21375000000000002,0.2,0.50375,3,0.06666666666666667,0.13333333333333333,0.18000000000000002,0.03375,False,True,False,,False
2022-01-12,0.21375000000000002,0.2,0.41375000000000006,3,0.06666666666666667,0.13333333333333333,0.18000000000000002,0.03375,False,True,False,,False
2022-01-13,0.21375000000000002,0.2,0.41375000000000006,3,0.06666666666666667,0.13333333333333333,0.18000000000000002,0.03375,False,True,False,,False
2022-01-14,0.21375000000000002,0.2,0.41375000000000006,3,0.06666666666666667,0.13333333333333333,0.18000000000000002,0.03375,False,True,False,,False
2022-01-18,0.30375,0.2,0.41375000000000006,3,0.06666666666666667,0.13333333333333333,0.27,0.03375,False,True,False,,False
2022-01-19,0.30375,0.2,0.50375,3,0.06666666666666667,0.13333333333333333,0.27,0.03375,False,True,False,,False
2022-01-20,0.16875,0.2,0.50375,3,0.06666666666666667,0.13333333333333333,0.135,0.03375,True,True,False,,False
2022-01-21,0.22500000000000003,0.2,0.36875,3,0.06666666666666667,0.13333333333333333,0.18000000000000002,0.045000000000000005,True,True,False,,False
2022-01-24,0.22500000000000003,0.2,0.42500000000000004,3,0.06666666666666667,0.13333333333333333,0.18000000000000002,0.045000000000000005,True,True,False,,False
2022-01-25,0.22500000000000003,0.2,0.42500000000000004,3,0.06666666666666667,0.13333333333333333,0.18000000000000002,0.045000000000000005,True,True,False,,False
2022-01-26,0.22500000000000003,0.2,0.42500000000000004,3,0.06666666666666667,0.13333333333333333,0.18000000000000002,0.045000000000000005,True,True,False,,False
2022-01-27,0.22500000000000003,0.2,0.42500000000000004,3,0.06666666666666667,0.13333333333333333,0.18000000000000002,0.045000000000000005,True,True,False,,False
2022-01-28,0.21375000000000002,0.2,0.42500000000000004,3,0.06666666666666667,0.13333333333333333,0.18000000000000002,0.03375,True,True,False,,False
2022-01-31,0.18000000000000002,0.2,0.41375000000000006,3,0.06666666666666667,0.13333333333333333,0.135,0.045000000000000005,True,True,False,,False
2022-02-01,0.16875,0.2,0.38,3,0.06666666666666667,0.13333333333333333,0.135,0.03375,True,True,False,,False
2022-02-02,0.30375,0.2,0.36875,3,0.06666666666666667,0.13333333333333333,0.27,0.03375,False,True,False,,False
2022-02-03,0.18000000000000002,0.2,0.50375,3,0.06666666666666667,0.13333333333333333,0.135,0.045000000000000005,True,True,False,,False
2022-02-04,0.18000000000000002,0.2,0.38,3,0.06666666666666667,0.13333333333333333,0.135,0.045000000000000005,True,True,False,,False
2022-02-07,0.16875,0.2,0.38,3,0.06666666666666667,0.13333333333333333,0.135,0.03375,True,True,False,,False
2022-02-08,0.1575,0.2,0.36875,3,0.06666666666666667,0.13333333333333333,0.135,0.022500000000000003,True,True,False,,False
2022-02-09,0.2025,0.2,0.35750000000000004,3,0.06666666666666667,0.13333333333333333,0.18000000000000002,0.022500000000000003,False,True,False,,False
2022-02-10,0.1575,0.2,0.4025,3,0.06666666666666667,0.13333333333333333,0.135,0.022500000000000003,True,True,False,,False
2022-02-11,0.1575,0.2,0.35750000000000004,3,0.06666666666666667,0.13333333333333333,0.135,0.022500000000000003,True,True,False,,False
2022-02-14,0.21375000000000002,0.2,0.35750000000000004,3,0.06666666666666667,0.13333333333333333,0.18000000000000002,0.03375,True,True,False,,False
2022-02-15,0.16875,0.2,0.41375000000000006,3,0.06666666666666667,0.13333333333333333,0.135,0.03375,True,True,False,,False
2022-02-16,0.1575,0.2,0.36875,3,0.06666666666666667,0.13333333333333333,0.135,0.022500000000000003,True,True,False,,False
2022-02-17,0.2025,0.2,0.35750000000000004,3,0.06666666666666667,0.13333333333333333,0.18000000000000002,0.022500000000000003,True,True,False,,False
2022-02-18,0.21375000000000002,0.2,0.4025,3,0.06666666666666667,0.13333333333333333,0.18000000000000002,0.03375,True,True,False,,False
2022-02-22,0.22500000000000003,0.2,0.41375000000000006,3,0.06666666666666667,0.13333333333333333,0.18000000000000002,0.045000000000000005,True,True,False,,False
2022-02-23,0.21375000000000002,0.2,0.42500000000000004,3,0.06666666666666667,0.13333333333333333,0.18000000000000002,0.03375,True,True,False,,False
2022-02-24,0.22500000000000003,0.2,0.41375000000000006,3,0.06666666666666667,0.13333333333333333,0.18000000000000002,0.045000000000000005,True,True,False,,False
2022-02-25,0.16875,0.2,0.42500000000000004,3,0.06666666666666667,0.13333333333333333,0.135,0.03375,True,True,False,,False
2022-02-28,0.22500000000000003,0.2,0.36875,3,0.06666666666666667,0.13333333333333333,0.18000000000000002,0.045000000000000005,True,True,False,,False
2022-03-01,0.2025,0.2,0.42500000000000004,3,0.06666666666666667,0.13333333333333333,0.18000000000000002,0.022500000000000003,True,True,False,,False
2022-03-02,0.2025,0.2,0.4025,3,0.06666666666666667,0.13333333333333333,0.18000000000000002,0.022500000000000003,True,True,False,,False
2022-03-03,0.21375000000000002,0.2,0.4025,3,0.06666666666666667,0.13333333333333333,0.18000000000000002,0.03375,True,True,False,,False
2022-03-04,0.21375000000000002,0.2,0.41375000000000006,3,0.06666666666666667,0.13333333333333333,0.18000000000000002,0.03375,True,True,False,,False
2022-03-07,0.22500000000000003,0.2,0.41375000000000006,3,0.06666666666666667,0.13333333333333333,0.18000000000000002,0.045000000000000005,True,True,False,,False
2022-03-08,0.22500000000000003,0.2,0.42500000000000004,3,0.06666666666666667,0.13333333333333333,0.18000000000000002,0.045000000000000005,True,True,False,,False
2022-03-09,0.22500000000000003,0.2,0.42500000000000004,3,0.06666666666666667,0.13333333333333333,0.18000000000000002,0.045000000000000005,True,True,False,,False
2022-03-10,0.21375000000000002,0.2,0.42500000000000004,3,0.06666666666666667,0.13333333333333333,0.18000000000000002,0.03375,True,True,False,,False
2022-03-11,0.22500000000000003,0.2,0.41375000000000006,3,0.06666666666666667,0.13333333333333333,0.18000000000000002,0.045000000000000005,True,True,False,,False
2022-03-14,0.18000000000000002,0.2,0.42500000000000004,3,0.06666666666666667,0.13333333333333333,0.135,0.045000000000000005,True,True,False,,False
2022-03-15,0.18000000000000002,0.2,0.38,3,0.06666666666666667,0.13333333333333333,0.135,0.045000000000000005,True,True,False,,False
2022-03-16,0.16875,0.2,0.38,3,0.06666666666666667,0.13333333333333333,0.135,0.03375,True,True,False,,False
2022-03-17,0.16875,0.2,0.36875,3,0.06666666666666667,0.13333333333333333,0.135,0.03375,True,True,False,,False
2022-03-18,0.16875,0.2,0.36875,3,0.06666666666666667,0.13333333333333333,0.135,0.03375,True,True,False,,False
2022-03-21,0.16875,0.2,0.36875,3,0.06666666666666667,0.13333333333333333,0.135,0.03375,True,True,False,,False
2022-03-22,0.12375000000000001,0.2,0.36875,3,0.06666666666666667,0.13333333333333333,0.09000000000000001,0.03375,True,True,False,,False
2022-03-23,0.16875,0.2,0.32375000000000004,3,0.06666666666666667,0.13333333333333333,0.135,0.03375,True,True,False,,False
2022-03-24,0.12375000000000001,0.2,0.36875,3,0.06666666666666667,0.13333333333333333,0.09000000000000001,0.03375,True,True,False,,False
2022-03-25,0.11250000000000002,0.2,0.32375000000000004,3,0.06666666666666667,0.13333333333333333,0.09000000000000001,0.022500000000000003,True,True,False,,False
2022-03-28,0.135,0.2,0.3125,3,0.06666666666666667,0.13333333333333333,0.09000000000000001,0.045000000000000005,True,False,False,,False
2022-03-29,0.22500000000000003,0.2,0.335,3,0.06666666666666667,0.13333333333333333,0.18000000000000002,0.045000000000000005,False,False,False,,False
2022-03-30,0.135,0.2,0.42500000000000004,3,0.06666666666666667,0.13333333333333333,0.09000000000000001,0.045000000000000005,True,False,False,,False
2022-03-31,0.135,0.2,0.335,3,0.06666666666666667,0.13333333333333333,0.09000000000000001,0.045000000000000005,True,False,False,,False
2022-04-01,0.11250000000000002,0.2,0.335,3,0.06666666666666667,0.13333333333333333,0.09000000000000001,0.022500000000000003,True,True,False,,False
2022-04-04,0.22500000000000003,0.2,0.3125,3,0.06666666666666667,0.13333333333333333,0.18000000000000002,0.045000000000000005,False,False,False,,False
2022-04-05,0.135,0.2,0.42500000000000004,3,0.06666666666666667,0.13333333333333333,0.09000000000000001,0.045000000000000005,True,False,False,,False
2022-04-06,0.1575,0.2,0.335,3,0.06666666666666667,0.13333333333333333,0.135,0.022500000000000003,True,True,False,,False
2022-04-07,0.12375000000000001,0.2,0.35750000000000004,3,0.06666666666666667,0.13333333333333333,0.09000000000000001,0.03375,True,True,False,,False
2022-04-08,0.1575,0.2,0.32375000000000004,3,0.06666666666666667,0.13333333333333333,0.135,0.022500000000000003,True,True,False,,False
2022-04-11,0.16875,0.2,0.35750000000000004,3,0.06666666666666667,0.13333333333333333,0.135,0.03375,True,True,False,,False
2022-04-12,0.16875,0.2,0.36875,3,0.06666666666666667,0.13333333333333333,0.135,0.03375,True,True,False,,False
2022-04-13,0.16875,0.2,0.36875,3,0.06666666666666667,0.13333333333333333,0.135,0.03375,True,True,False,,False
2022-04-14,0.16875,0.2,0.36875,3,0.06666666666666667,0.13333333333333333,0.135,0.03375,True,True,False,,False
2022-04-18,0.16875,0.2,0.36875,3,0.06666666666666667,0.13333333333333333,0.135,0.03375,True,True,False,,False
2022-04-19,0.12375000000000001,0.2,0.36875,3,0.06666666666666667,0.13333333333333333,0.09000000000000001,0.03375,True,True,False,,False
2022-04-20,0.12375000000000001,0.2,0.32375000000000004,3,0.06666666666666667,0.13333333333333333,0.09000000000000001,0.03375,True,True,False,,False
2022-04-21,0.16875,0.2,0.32375000000000004,3,0.06666666666666667,0.13333333333333333,0.135,0.03375,True,True,False,,False
2022-04-22,0.16875,0.2,0.36875,3,0.06666666666666667,0.13333333333333333,0.135,0.03375,True,True,False,,False
2022-04-25,0.16875,0.2,0.36875,3,0.06666666666666667,0.13333333333333333,0.135,0.03375,True,True,False,,False
2022-04-26,0.21375000000000002,0.2,0.36875,3,0.06666666666666667,0.13333333333333333,0.18000000000000002,0.03375,True,True,False,,False
2022-04-27,0.21375000000000002,0.2,0.41375000000000006,3,0.06666666666666667,0.13333333333333333,0.18000000000000002,0.03375,True,True,False,,False
2022-04-28,0.21375000000000002,0.2,0.41375000000000006,3,0.06666666666666667,0.13333333333333333,0.18000000000000002,0.03375,True,True,False,,False
2022-04-29,0.21375000000000002,0.2,0.41375000000000006,3,0.06666666666666667,0.13333333333333333,0.18000000000000002,0.03375,True,True,False,,False
2022-05-02,0.21375000000000002,0.2,0.41375000000000006,3,0.06666666666666667,0.13333333333333333,0.18000000000000002,0.03375,True,True,False,,False
2022-05-03,0.16875,0.2,0.41375000000000006,3,0.06666666666666667,0.13333333333333333,0.135,0.03375,True,True,False,,False
2022-05-04,0.16875,0.2,0.36875,3,0.06666666666666667,0.13333333333333333,0.135,0.03375,True,True,False,,False
2022-05-05,0.21375000000000002,0.2,0.36875,3,0.06666666666666667,0.13333333333333333,0.18000000000000002,0.03375,True,True,False,,False
2022-05-06,0.16875,0.2,0.41375000000000006,3,0.06666666666666667,0.13333333333333333,0.135,0.03375,True,True,False,,False
2022-05-09,0.22500000000000003,0.2,0.36875,3,0.06666666666666667,0.13333333333333333,0.18000000000000002,0.045000000000000005,True,True,False,,False
2022-05-10,0.22500000000000003,0.2,0.42500000000000004,3,0.06666666666666667,0.13333333333333333,0.18000000000000002,0.045000000000000005,True,True,False,,False
2022-05-11,0.22500000000000003,0.2,0.42500000000000004,3,0.06666666666666667,0.13333333333333333,0.18000000000000002,0.045000000000000005,True,True,False,,False
2022-05-12,0.22500000000000003,0.2,0.42500000000000004,3,0.06666666666666667,0.13333333333333333,0.18000000000000002,0.045000000000000005,True,True,False,,False
2022-05-13,0.22500000000000003,0.2,0.42500000000000004,3,0.06666666666666667,0.13333333333333333,0.18000000000000002,0.045000000000000005,True,True,False,,False
2022-05-16,0.18000000000000002,0.2,0.42500000000000004,3,0.06666666666666667,0.13333333333333333,0.135,0.045000000000000005,True,True,False,,False
2022-05-17,0.18000000000000002,0.2,0.38,3,0.06666666666666667,0.13333333333333333,0.135,0.045000000000000005,True,True,False,,False
2022-05-18,0.18000000000000002,0.2,0.38,3,0.06666666666666667,0.13333333333333333,0.135,0.045000000000000005,True,True,False,,False
2022-05-19,0.18000000000000002,0.2,0.38,3,0.06666666666666667,0.13333333333333333,0.135,0.045000000000000005,True,True,False,,False
2022-05-20,0.22500000000000003,0.2,0.38,3,0.06666666666666667,0.13333333333333333,0.18000000000000002,0.045000000000000005,True,True,False,,False
2022-05-23,0.22500000000000003,0.2,0.42500000000000004,3,0.06666666666666667,0.13333333333333333,0.18000000000000002,0.045000000000000005,True,True,False,,False
2022-05-24,0.22500000000000003,0.2,0.42500000000000004,3,0.06666666666666667,0.13333333333333333,0.18000000000000002,0.045000000000000005,True,True,False,,False
2022-05-25,0.18000000000000002,0.2,0.42500000000000004,3,0.06666666666666667,0.13333333333333333,0.135,0.045000000000000005,True,True,False,,False
2022-05-26,0.18000000000000002,0.2,0.38,3,0.06666666666666667,0.13333333333333333,0.135,0.045000000000000005,True,True,False,,False
2022-05-27,0.18000000000000002,0.2,0.38,3,0.06666666666666667,0.13333333333333333,0.135,0.045000000000000005,True,True,False,,False
2022-05-31,0.18000000000000002,0.2,0.38,3,0.06666666666666667,0.13333333333333333,0.135,0.045000000000000005,True,True,False,,False
2022-06-01,0.18000000000000002,0.2,0.38,3,0.06666666666666667,0.13333333333333333,0.135,0.045000000000000005,True,True,False,,False
2022-06-02,0.18000000000000002,0.2,0.38,3,0.06666666666666667,0.13333333333333333,0.135,0.045000000000000005,True,True,False,,False
2022-06-03,0.18000000000000002,0.2,0.38,3,0.06666666666666667,0.13333333333333333,0.135,0.045000000000000005,True,True,False,,False
2022-06-06,0.18000000000000002,0.2,0.38,3,0.06666666666666667,0.13333333333333333,0.135,0.045000000000000005,True,True,False,,False
2022-06-07,0.18000000000000002,0.2,0.38,3,0.06666666666666667,0.13333333333333333,0.135,0.045000000000000005,True,True,False,,False
2022-06-08,0.18000000000000002,0.2,0.38,3,0.06666666666666667,0.13333333333333333,0.135,0.045000000000000005,True,True,False,,False
2022-06-09,0.18000000000000002,0.2,0.38,3,0.06666666666666667,0.13333333333333333,0.135,0.045000000000000005,True,True,False,,False
2022-06-10,0.18000000000000002,0.2,0.38,3,0.06666666666666667,0.13333333333333333,0.135,0.045000000000000005,True,True,False,,False
2022-06-13,0.22500000000000003,0.2,0.38,3,0.06666666666666667,0.13333333333333333,0.18000000000000002,0.045000000000000005,True,True,False,,False
2022-06-14,0.22500000000000003,0.2,0.42500000000000004,3,0.06666666666666667,0.13333333333333333,0.18000000000000002,0.045000000000000005,True,True,False,,False
2022-06-15,0.22500000000000003,0.2,0.42500000000000004,3,0.06666666666666667,0.13333333333333333,0.18000000000000002,0.045000000000000005,True,True,False,,False
2022-06-16,0.22500000000000003,0.2,0.42500000000000004,3,0.06666666666666667,0.13333333333333333,0.18000000000000002,0.045000000000000005,True,True,False,,False
2022-06-17,0.22500000000000003,0.2,0.42500000000000004,3,0.06666666666666667,0.13333333333333333,0.18000000000000002,0.045000000000000005,True,True,False,,False
2022-06-21,0.18000000000000002,0.2,0.42500000000000004,3,0.06666666666666667,0.13333333333333333,0.135,0.045000000000000005,True,True,False,,False
2022-06-22,0.18000000000000002,0.2,0.38,3,0.06666666666666667,0.13333333333333333,0.135,0.045000000000000005,True,True,False,,False
2022-06-23,0.18000000000000002,0.2,0.38,3,0.06666666666666667,0.13333333333333333,0.135,0.045000000000000005,True,True,False,,False
2022-06-24,0.18000000000000002,0.2,0.38,3,0.06666666666666667,0.13333333333333333,0.135,0.045000000000000005,True,True,False,,False
2022-06-27,0.18000000000000002,0.2,0.38,3,0.06666666666666667,0.13333333333333333,0.135,0.045000000000000005,True,True,False,,False
2022-06-28,0.18000000000000002,0.2,0.38,3,0.06666666666666667,0.13333333333333333,0.135,0.045000000000000005,True,True,False,,False
2022-06-29,0.18000000000000002,0.2,0.38,3,0.06666666666666667,0.13333333333333333,0.135,0.045000000000000005,True,True,False,,False
2022-06-30,0.22500000000000003,0.2,0.38,3,0.06666666666666667,0.13333333333333333,0.18000000000000002,0.045000000000000005,True,True,False,,False
2022-07-01,0.18000000000000002,0.2,0.42500000000000004,3,0.06666666666666667,0.13333333333333333,0.135,0.045000000000000005,True,True,False,,False
2022-07-05,0.18000000000000002,0.2,0.38,3,0.06666666666666667,0.13333333333333333,0.135,0.045000000000000005,True,True,False,,False
2022-07-06,0.18000000000000002,0.2,0.38,3,0.06666666666666667,0.13333333333333333,0.135,0.045000000000000005,True,True,False,,False
2022-07-07,0.18000000000000002,0.2,0.38,3,0.06666666666666667,0.13333333333333333,0.135,0.045000000000000005,True,True,False,,False
2022-07-08,0.18000000000000002,0.2,0.38,3,0.06666666666666667,0.13333333333333333,0.135,0.045000000000000005,True,True,False,,False
2022-07-11,0.18000000000000002,0.2,0.38,3,0.06666666666666667,0.13333333333333333,0.135,0.045000000000000005,True,True,False,,False
2022-07-12,0.18000000000000002,0.2,0.38,3,0.06666666666666667,0.13333333333333333,0.135,0.045000000000000005,True,True,False,,False
2022-07-13,0.18000000000000002,0.2,0.38,3,0.06666666666666667,0.13333333333333333,0.135,0.045000000000000005,True,True,False,,False
2022-07-14,0.18000000000000002,0.2,0.38,3,0.06666666666666667,0.13333333333333333,0.135,0.045000000000000005,True,True,False,,False
2022-07-15,0.18000000000000002,0.2,0.38,3,0.06666666666666667,0.13333333333333333,0.135,0.045000000000000005,True,True,False,,False
2022-07-18,0.16875,0.2,0.38,3,0.06666666666666667,0.13333333333333333,0.135,0.03375,True,True,False,,False
2022-07-19,0.16875,0.2,0.36875,3,0.06666666666666667,0.13333333333333333,0.135,0.03375,True,True,False,,False
2022-07-20,0.12375000000000001,0.2,0.36875,3,0.06666666666666667,0.13333333333333333,0.09000000000000001,0.03375,True,True,False,,False
2022-07-21,0.12375000000000001,0.2,0.32375000000000004,3,0.06666666666666667,0.13333333333333333,0.09000000000000001,0.03375,True,True,False,,False
2022-07-22,0.16875,0.2,0.32375000000000004,3,0.06666666666666667,0.13333333333333333,0.135,0.03375,True,True,False,,False
2022-07-25,0.16875,0.2,0.36875,3,0.06666666666666667,0.13333333333333333,0.135,0.03375,True,True,False,,False
2022-07-26,0.16875,0.2,0.36875,3,0.06666666666666667,0.13333333333333333,0.135,0.03375,True,True,False,,False
2022-07-27,0.16875,0.2,0.36875,3,0.06666666666666667,0.13333333333333333,0.135,0.03375,True,True,False,,False
2022-07-28,0.12375000000000001,0.2,0.36875,3,0.06666666666666667,0.13333333333333333,0.09000000000000001,0.03375,True,True,False,,False
2022-07-29,0.11250000000000002,0.2,0.32375000000000004,3,0.06666666666666667,0.13333333333333333,0.09000000000000001,0.022500000000000003,True,True,False,,False
2022-08-01,0.12375000000000001,0.2,0.3125,3,0.06666666666666667,0.13333333333333333,0.09000000000000001,0.03375,True,True,False,,False
2022-08-02,0.16875,0.2,0.32375000000000004,3,0.06666666666666667,0.13333333333333333,0.135,0.03375,True,True,False,,False
2022-08-03,0.12375000000000001,0.2,0.36875,3,0.06666666666666667,0.13333333333333333,0.09000000000000001,0.03375,True,True,False,,False
2022-08-04,0.12375000000000001,0.2,0.32375000000000004,3,0.06666666666666667,0.13333333333333333,0.09000000000000001,0.03375,True,True,False,,False
2022-08-05,0.12375000000000001,0.2,0.32375000000000004,3,0.06666666666666667,0.13333333333333333,0.09000000000000001,0.03375,True,True,False,,False
2022-08-08,0.12375000000000001,0.2,0.32375000000000004,3,0.06666666666666667,0.13333333333333333,0.09000000000000001,0.03375,True,True,False,,False
2022-08-09,0.11250000000000002,0.2,0.32375000000000004,3,0.06666666666666667,0.13333333333333333,0.09000000000000001,0.022500000000000003,True,True,False,,False
2022-08-10,0.12375000000000001,0.2,0.3125,3,0.06666666666666667,0.13333333333333333,0.09000000000000001,0.03375,True,True,False,,False
2022-08-11,0.11250000000000002,0.2,0.32375000000000004,3,0.06666666666666667,0.13333333333333333,0.09000000000000001,0.022500000000000003,True,True,False,,False
2022-08-12,0.11250000000000002,0.2,0.3125,3,0.06666666666666667,0.13333333333333333,0.09000000000000001,0.022500000000000003,True,True,False,,False
2022-08-15,0.11250000000000002,0.2,0.3125,3,0.06666666666666667,0.13333333333333333,0.09000000000000001,0.022500000000000003,True,True,False,,False
2022-08-16,0.0675,0.2,0.3125,3,0.06666666666666667,0.13333333333333333,0.045000000000000005,0.022500000000000003,True,True,False,,False
2022-08-17,0.11250000000000002,0.2,0.2675,3,0.06666666666666667,0.13333333333333333,0.09000000000000001,0.022500000000000003,True,True,False,,False
2022-08-18,0.12375000000000001,0.2,0.3125,3,0.06666666666666667,0.13333333333333333,0.09000000000000001,0.03375,True,True,False,,False
2022-08-19,0.11250000000000002,0.2,0.32375000000000004,3,0.06666666666666667,0.13333333333333333,0.09000000000000001,0.022500000000000003,True,True,False,,False
2022-08-22,0.16875,0.2,0.3125,3,0.06666666666666667,0.13333333333333333,0.135,0.03375,True,True,False,,False
2022-08-23,0.16875,0.2,0.36875,3,0.06666666666666667,0.13333333333333333,0.135,0.03375,True,True,False,,False
2022-08-24,0.16875,0.2,0.36875,3,0.06666666666666667,0.13333333333333333,0.135,0.03375,True,True,False,,False
2022-08-25,0.16875,0.2,0.36875,3,0.06666666666666667,0.13333333333333333,0.135,0.03375,True,True,False,,False
2022-08-26,0.16875,0.2,0.36875,3,0.06666666666666667,0.13333333333333333,0.135,0.03375,True,True,False,,False
2022-08-29,0.16875,0.2,0.36875,3,0.06666666666666667,0.13333333333333333,0.135,0.03375,True,True,False,,False
2022-08-30,0.16875,0.2,0.36875,3,0.06666666666666667,0.13333333333333333,0.135,0.03375,True,True,False,,False
2022-08-31,0.16875,0.2,0.36875,3,0.06666666666666667,0.13333333333333333,0.135,0.03375,True,True,False,,False
2022-09-01,0.16875,0.2,0.36875,3,0.06666666666666667,0.13333333333333333,0.135,0.03375,True,True,False,,False
2022-09-02,0.16875,0.2,0.36875,3,0.06666666666666667,0.13333333333333333,0.135,0.03375,True,True,False,,False
2022-09-06,0.16875,0.2,0.36875,3,0.06666666666666667,0.13333333333333333,0.135,0.03375,True,True,False,,False
2022-09-07,0.16875,0.2,0.36875,3,0.06666666666666667,0.13333333333333333,0.135,0.03375,True,True,False,,False
2022-09-08,0.16875,0.2,0.36875,3,0.06666666666666667,0.13333333333333333,0.135,0.03375,True,True,False,,False
2022-09-09,0.16875,0.2,0.36875,3,0.06666666666666667,0.13333333333333333,0.135,0.03375,True,True,False,,False
2022-09-12,0.16875,0.2,0.36875,3,0.06666666666666667,0.13333333333333333,0.135,0.03375,True,True,False,,False
2022-09-13,0.16875,0.2,0.36875,3,0.06666666666666667,0.13333333333333333,0.135,0.03375,True,True,False,,False
2022-09-14,0.16875,0.2,0.36875,3,0.06666666666666667,0.13333333333333333,0.135,0.03375,True,True,False,,False
2022-09-15,0.16875,0.2,0.36875,3,0.06666666666666667,0.13333333333333333,0.135,0.03375,True,True,False,,False
2022-09-16,0.18000000000000002,0.2,0.36875,3,0.06666666666666667,0.13333333333333333,0.135,0.045000000000000005,True,True,False,,False
2022-09-19,0.16875,0.2,0.38,3,0.06666666666666667,0.13333333333333333,0.135,0.03375,True,True,False,,False
2022-09-20,0.16875,0.2,0.36875,3,0.06666666666666667,0.13333333333333333,0.135,0.03375,True,True,False,,False
2022-09-21,0.21375000000000002,0.2,0.36875,3,0.06666666666666667,0.13333333333333333,0.18000000000000002,0.03375,True,True,False,,False
2022-09-22,0.16875,0.2,0.41375000000000006,3,0.06666666666666667,0.13333333333333333,0.135,0.03375,True,True,False,,False
2022-09-23,0.21375000000000002,0.2,0.36875,3,0.06666666666666667,0.13333333333333333,0.18000000000000002,0.03375,True,True,False,,False
2022-09-26,0.21375000000000002,0.2,0.41375000000000006,3,0.06666666666666667,0.13333333333333333,0.18000000000000002,0.03375,True,True,False,,False
2022-09-27,0.21375000000000002,0.2,0.41375000000000006,3,0.06666666666666667,0.13333333333333333,0.18000000000000002,0.03375,True,True,False,,False
2022-09-28,0.21375000000000002,0.2,0.41375000000000006,3,0.06666666666666667,0.13333333333333333,0.18000000000000002,0.03375,True,True,False,,False
2022-09-29,0.21375000000000002,0.2,0.41375000000000006,3,0.06666666666666667,0.13333333333333333,0.18000000000000002,0.03375,True,True,False,,False
2022-09-30,0.21375000000000002,0.2,0.41375000000000006,3,0.06666666666666667,0.13333333333333333,0.18000000000000002,0.03375,True,True,False,,False
2022-10-03,0.16875,0.2,0.41375000000000006,3,0.06666666666666667,0.13333333333333333,0.135,0.03375,True,True,False,,False
2022-10-04,0.16875,0.2,0.36875,3,0.06666666666666667,0.13333333333333333,0.135,0.03375,True,True,False,,False
2022-10-05,0.16875,0.2,0.36875,3,0.06666666666666667,0.13333333333333333,0.135,0.03375,True,True,False,,False
2022-10-06,0.16875,0.2,0.36875,3,0.06666666666666667,0.13333333333333333,0.135,0.03375,True,True,False,,False
2022-10-07,0.21375000000000002,0.2,0.36875,3,0.06666666666666667,0.13333333333333333,0.18000000000000002,0.03375,True,True,False,,False
2022-10-10,0.21375000000000002,0.2,0.41375000000000006,3,0.06666666666666667,0.13333333333333333,0.18000000000000002,0.03375,True,True,False,,False
2022-10-11,0.21375000000000002,0.2,0.41375000000000006,3,0.06666666666666667,0.13333333333333333,0.18000000000000002,0.03375,True,True,False,,False
2022-10-12,0.21375000000000002,0.2,0.41375000000000006,3,0.06666666666666667,0.13333333333333333,0.18000000000000002,0.03375,True,True,False,,False
2022-10-13,0.21375000000000002,0.2,0.41375000000000006,3,0.06666666666666667,0.13333333333333333,0.18000000000000002,0.03375,True,True,False,,False
2022-10-14,0.21375000000000002,0.2,0.41375000000000006,3,0.06666666666666667,0.13333333333333333,0.18000000000000002,0.03375,True,True,False,,False
2022-10-17,0.21375000000000002,0.2,0.41375000000000006,3,0.06666666666666667,0.13333333333333333,0.18000000000000002,0.03375,True,True,False,,False
2022-10-18,0.16875,0.2,0.41375000000000006,3,0.06666666666666667,0.13333333333333333,0.135,0.03375,True,True,False,,False
2022-10-19,0.16875,0.2,0.36875,3,0.06666666666666667,0.13333333333333333,0.135,0.03375,True,True,False,,False
2022-10-20,0.16875,0.2,0.36875,3,0.06666666666666667,0.13333333333333333,0.135,0.03375,True,True,False,,False
2022-10-21,0.16875,0.2,0.36875,3,0.06666666666666667,0.13333333333333333,0.135,0.03375,True,True,False,,False
2022-10-24,0.16875,0.2,0.36875,3,0.06666666666666667,0.13333333333333333,0.135,0.03375,True,True,False,,False
2022-10-25,0.16875,0.2,0.36875,3,0.06666666666666667,0.13333333333333333,0.135,0.03375,True,True,False,,False
2022-10-26,0.1575,0.2,0.36875,3,0.06666666666666667,0.13333333333333333,0.135,0.022500000000000003,True,True,False,,False
2022-10-27,0.1575,0.2,0.35750000000000004,3,0.06666666666666667,0.13333333333333333,0.135,0.022500000000000003,True,True,False,,False
2022-10-28,0.1575,0.2,0.35750000000000004,3,0.06666666666666667,0.13333333333333333,0.135,0.022500000000000003,True,True,False,,False
2022-10-31,0.1575,0.2,0.35750000000000004,3,0.06666666666666667,0.13333333333333333,0.135,0.022500000000000003,True,True,False,,False
2022-11-01,0.1575,0.2,0.35750000000000004,3,0.06666666666666667,0.13333333333333333,0.135,0.022500000000000003,True,True,False,,False
2022-11-02,0.1575,0.2,0.35750000000000004,3,0.06666666666666667,0.13333333333333333,0.135,0.022500000000000003,True,True,False,,False
2022-11-03,0.1575,0.2,0.35750000000000004,3,0.06666666666666667,0.13333333333333333,0.135,0.022500000000000003,True,True,False,,False
2022-11-04,0.1575,0.2,0.35750000000000004,3,0.06666666666666667,0.13333333333333333,0.135,0.022500000000000003,True,True,False,,False
2022-11-07,0.1575,0.2,0.35750000000000004,3,0.06666666666666667,0.13333333333333333,0.135,0.022500000000000003,True,True,False,,False
2022-11-08,0.1575,0.2,0.35750000000000004,3,0.06666666666666667,0.13333333333333333,0.135,0.022500000000000003,True,True,False,,False
2022-11-09,0.16875,0.2,0.35750000000000004,3,0.06666666666666667,0.13333333333333333,0.135,0.03375,True,True,False,,False
2022-11-10,0.18000000000000002,0.2,0.36875,3,0.06666666666666667,0.13333333333333333,0.135,0.045000000000000005,True,True,False,,False
2022-11-11,0.12375000000000001,0.2,0.38,3,0.06666666666666667,0.13333333333333333,0.09000000000000001,0.03375,True,True,False,,False
2022-11-14,0.18000000000000002,0.2,0.32375000000000004,3,0.06666666666666667,0.13333333333333333,0.135,0.045000000000000005,True,True,False,,False
2022-11-15,0.135,0.2,0.38,3,0.06666666666666667,0.13333333333333333,0.09000000000000001,0.045000000000000005,True,True,False,,False
2022-11-16,0.16875,0.2,0.335,3,0.06666666666666667,0.13333333333333333,0.135,0.03375,True,True,False,,False
2022-11-17,0.18000000000000002,0.2,0.36875,3,0.06666666666666667,0.13333333333333333,0.135,0.045000000000000005,True,True,False,,False
2022-11-18,0.16875,0.2,0.38,3,0.06666666666666667,0.13333333333333333,0.135,0.03375,True,True,False,,False
2022-11-21,0.135,0.2,0.36875,3,0.06666666666666667,0.13333333333333333,0.09000000000000001,0.045000000000000005,True,True,False,,False
2022-11-22,0.135,0.2,0.335,3,0.06666666666666667,0.13333333333333333,0.09000000000000001,0.045000000000000005,True,True,False,,False
2022-11-23,0.135,0.2,0.335,3,0.06666666666666667,0.13333333333333333,0.09000000000000001,0.045000000000000005,True,True,False,,False
2022-11-25,0.135,0.2,0.335,3,0.06666666666666667,0.13333333333333333,0.09000000000000001,0.045000000000000005,True,True,False,,False
2022-11-28,0.12375000000000001,0.2,0.335,3,0.06666666666666667,0.13333333333333333,0.09000000000000001,0.03375,True,True,False,,False
2022-11-29,0.12375000000000001,0.2,0.32375000000000004,3,0.06666666666666667,0.13333333333333333,0.09000000000000001,0.03375,True,True,False,,False
2022-11-30,0.12375000000000001,0.2,0.32375000000000004,3,0.06666666666666667,0.13333333333333333,0.09000000000000001,0.03375,True,True,False,,False
2022-12-01,0.12375000000000001,0.2,0.32375000000000004,3,0.06666666666666667,0.13333333333333333,0.09000000000000001,0.03375,True,True,False,,False
2022-12-02,0.12375000000000001,0.2,0.32375000000000004,3,0.06666666666666667,0.13333333333333333,0.09000000000000001,0.03375,True,True,False,,False
2022-12-05,0.12375000000000001,0.2,0.32375000000000004,3,0.06666666666666667,0.13333333333333333,0.09000000000000001,0.03375,True,True,False,,False
2022-12-06,0.12375000000000001,0.2,0.32375000000000004,3,0.06666666666666667,0.13333333333333333,0.09000000000000001,0.03375,True,True,False,,False
2022-12-07,0.16875,0.2,0.32375000000000004,3,0.06666666666666667,0.13333333333333333,0.135,0.03375,True,True,False,,False
2022-12-08,0.12375000000000001,0.2,0.36875,3,0.06666666666666667,0.13333333333333333,0.09000000000000001,0.03375,True,True,False,,False
2022-12-09,0.16875,0.2,0.32375000000000004,3,0.06666666666666667,0.13333333333333333,0.135,0.03375,True,True,False,,False
2022-12-12,0.1575,0.2,0.36875,3,0.06666666666666667,0.13333333333333333,0.135,0.022500000000000003,True,True,False,,False
2022-12-13,0.11250000000000002,0.2,0.35750000000000004,3,0.06666666666666667,0.13333333333333333,0.09000000000000001,0.022500000000000003,True,True,False,,False
2022-12-14,0.11250000000000002,0.2,0.3125,3,0.06666666666666667,0.13333333333333333,0.09000000000000001,0.022500000000000003,True,True,False,,False
2022-12-15,0.1575,0.2,0.3125,3,0.06666666666666667,0.13333333333333333,0.135,0.022500000000000003,True,True,False,,False
2022-12-16,0.1575,0.2,0.35750000000000004,3,0.06666666666666667,0.13333333333333333,0.135,0.022500000000000003,True,True,False,,False
2022-12-19,0.11250000000000002,0.2,0.35750000000000004,3,0.06666666666666667,0.13333333333333333,0.09000000000000001,0.022500000000000003,True,True,False,,False
2022-12-20,0.11250000000000002,0.2,0.3125,3,0.06666666666666667,0.13333333333333333,0.09000000000000001,0.022500000000000003,True,True,False,,False
2022-12-21,0.12375000000000001,0.2,0.3125,3,0.06666666666666667,0.13333333333333333,0.09000000000000001,0.03375,True,True,False,,False
2022-12-22,0.11250000000000002,0.2,0.32375000000000004,3,0.06666666666666667,0.13333333333333333,0.09000000000000001,0.022500000000000003,True,True,False,,False
2022-12-23,0.11250000000000002,0.2,0.3125,3,0.06666666666666667,0.13333333333333333,0.09000000000000001,0.022500000000000003,True,True,False,,False
2022-12-27,0.11250000000000002,0.2,0.3125,3,0.06666666666666667,0.13333333333333333,0.09000000000000001,0.022500000000000003,True,True,False,,False
2022-12-28,0.1575,0.2,0.3125,3,0.06666666666666667,0.13333333333333333,0.135,0.022500000000000003,True,True,False,,False
2022-12-29,0.1575,0.2,0.35750000000000004,3,0.06666666666666667,0.13333333333333333,0.135,0.022500000000000003,True,True,False,,False
2022-12-30,0.11250000000000002,0.2,0.35750000000000004,3,0.06666666666666667,0.13333333333333333,0.09000000000000001,0.022500000000000003,True,True,False,,False
2023-01-03,0.16875,0.2,0.3125,3,0.06666666666666667,0.13333333333333333,0.135,0.03375,True,True,False,,False
2023-01-04,0.11250000000000002,0.2,0.36875,3,0.06666666666666667,0.13333333333333333,0.09000000000000001,0.022500000000000003,True,True,False,,False
2023-01-05,0.1575,0.2,0.3125,3,0.06666666666666667,0.13333333333333333,0.135,0.022500000000000003,True,True,False,,False
2023-01-06,0.11250000000000002,0.2,0.35750000000000004,3,0.06666666666666667,0.13333333333333333,0.09000000000000001,0.022500000000000003,True,True,False,,False
2023-01-09,0.11250000000000002,0.2,0.3125,3,0.06666666666666667,0.13333333333333333,0.09000000000000001,0.022500000000000003,True,True,False,,False
2023-01-10,0.11250000000000002,0.2,0.3125,3,0.06666666666666667,0.13333333333333333,0.09000000000000001,0.022500000000000003,True,True,False,,False
2023-01-11,0.11250000000000002,0.2,0.3125,3,0.06666666666666667,0.13333333333333333,0.09000000000000001,0.022500000000000003,True,True,False,,False
2023-01-12,0.11250000000000002,0.2,0.3125,3,0.06666666666666667,0.13333333333333333,0.09000000000000001,0.022500000000000003,True,True,False,,False
2023-01-13,0.0675,0.2,0.3125,3,0.06666666666666667,0.13333333333333333,0.045000000000000005,0.022500000000000003,True,True,False,,False
2023-01-17,0.05625000000000001,0.2,0.2675,3,0.06666666666666667,0.13333333333333333,0.045000000000000005,0.011250000000000001,True,True,False,,False
2023-01-18,0.10125,0.2,0.25625000000000003,3,0.06666666666666667,0.13333333333333333,0.09000000000000001,0.011250000000000001,True,True,False,,False
2023-01-19,0.10125,0.2,0.30125,3,0.06666666666666667,0.13333333333333333,0.09000000000000001,0.011250000000000001,True,True,False,,False
2023-01-20,0.10125,0.2,0.30125,3,0.06666666666666667,0.13333333333333333,0.09000000000000001,0.011250000000000001,True,True,False,,False
2023-01-23,0.10125,0.2,0.30125,3,0.06666666666666667,0.13333333333333333,0.09000000000000001,0.011250000000000001,True,True,False,,False
2023-01-24,0.10125,0.2,0.30125,3,0.06666666666666667,0.13333333333333333,0.09000000000000001,0.011250000000000001,True,True,False,,False
2023-01-25,0.05625000000000001,0.2,0.30125,3,0.06666666666666667,0.13333333333333333,0.045000000000000005,0.011250000000000001,True,True,False,,False
2023-01-26,0.11250000000000002,0.2,0.25625000000000003,3,0.06666666666666667,0.13333333333333333,0.09000000000000001,0.022500000000000003,False,False,False,,False
2023-01-27,0.11250000000000002,0.2,0.3125,3,0.06666666666666667,0.13333333333333333,0.09000000000000001,0.022500000000000003,False,False,False,,False
2023-01-30,0.11250000000000002,0.2,0.3125,3,0.06666666666666667,0.13333333333333333,0.09000000000000001,0.022500000000000003,True,False,False,,False
2023-01-31,0.11250000000000002,0.2,0.3125,3,0.06666666666666667,0.13333333333333333,0.09000000000000001,0.022500000000000003,False,False,False,,False
2023-02-01,0.11250000000000002,0.2,0.3125,3,0.06666666666666667,0.13333333333333333,0.09000000000000001,0.022500000000000003,False,False,False,,False
2023-02-02,0.11250000000000002,0.2,0.3125,3,0.06666666666666667,0.13333333333333333,0.09000000000000001,0.022500000000000003,False,False,False,,False
2023-02-03,0.11250000000000002,0.2,0.3125,3,0.06666666666666667,0.13333333333333333,0.09000000000000001,0.022500000000000003,False,False,False,,False
2023-02-06,0.11250000000000002,0.2,0.3125,3,0.06666666666666667,0.13333333333333333,0.09000000000000001,0.022500000000000003,False,False,False,,False
2023-02-07,0.11250000000000002,0.2,0.3125,3,0.06666666666666667,0.13333333333333333,0.09000000000000001,0.022500000000000003,False,False,False,,False
2023-02-08,0.2025,0.2,0.3125,3,0.06666666666666667,0.13333333333333333,0.18000000000000002,0.022500000000000003,False,False,False,,False
2023-02-09,0.2025,0.2,0.4025,3,0.06666666666666667,0.13333333333333333,0.18000000000000002,0.022500000000000003,False,False,False,,False
2023-02-10,0.2025,0.2,0.4025,3,0.06666666666666667,0.13333333333333333,0.18000000000000002,0.022500000000000003,False,True,False,,False
2023-02-13,0.2025,0.2,0.4025,3,0.06666666666666667,0.13333333333333333,0.18000000000000002,0.022500000000000003,False,True,False,,False
2023-02-14,0.10125,0.2,0.4025,3,0.06666666666666667,0.13333333333333333,0.09000000000000001,0.011250000000000001,False,True,False,,False
2023-02-15,0.11250000000000002,0.2,0.30125,3,0.06666666666666667,0.13333333333333333,0.09000000000000001,0.022500000000000003,False,False,False,,False
2023-02-16,0.2025,0.2,0.3125,3,0.06666666666666667,0.13333333333333333,0.18000000000000002,0.022500000000000003,False,False,False,,False
2023-02-17,0.2025,0.2,0.4025,3,0.06666666666666667,0.13333333333333333,0.18000000000000002,0.022500000000000003,False,False,False,,False
2023-02-21,0.2025,0.2,0.4025,3,0.06666666666666667,0.13333333333333333,0.18000000000000002,0.022500000000000003,False,False,False,,False
2023-02-22,0.2025,0.2,0.4025,3,0.06666666666666667,0.13333333333333333,0.18000000000000002,0.022500000000000003,False,False,False,,False
2023-02-23,0.2025,0.2,0.4025,3,0.06666666666666667,0.13333333333333333,0.18000000000000002,0.022500000000000003,False,False,False,,False
2023-02-24,0.2025,0.2,0.4025,3,0.06666666666666667,0.13333333333333333,0.18000000000000002,0.022500000000000003,False,False,False,,False
2023-02-27,0.2025,0.2,0.4025,3,0.06666666666666667,0.13333333333333333,0.18000000000000002,0.022500000000000003,False,False,False,,False
2023-02-28,0.2025,0.2,0.4025,3,0.06666666666666667,0.13333333333333333,0.18000000000000002,0.022500000000000003,False,False,False,,False
2023-03-01,0.22500000000000003,0.2,0.4025,3,0.06666666666666667,0.13333333333333333,0.18000000000000002,0.045000000000000005,False,False,False,,False
2023-03-02,0.2025,0.2,0.42500000000000004,3,0.06666666666666667,0.13333333333333333,0.18000000000000002,0.022500000000000003,False,False,False,,False
2023-03-03,0.22500000000000003,0.2,0.4025,3,0.06666666666666667,0.13333333333333333,0.18000000000000002,0.045000000000000005,False,False,False,,False
2023-03-06,0.135,0.2,0.42500000000000004,3,0.06666666666666667,0.13333333333333333,0.09000000000000001,0.045000000000000005,False,False,False,,False
2023-03-07,0.22500000000000003,0.2,0.335,3,0.06666666666666667,0.13333333333333333,0.18000000000000002,0.045000000000000005,False,False,False,,False
2023-03-08,0.22500000000000003,0.2,0.42500000000000004,3,0.06666666666666667,0.13333333333333333,0.18000000000000002,0.045000000000000005,False,False,False,,False
2023-03-09,0.22500000000000003,0.2,0.42500000000000004,3,0.06666666666666667,0.13333333333333333,0.18000000000000002,0.045000000000000005,False,False,False,,False
2023-03-10,0.16875,0.2,0.42500000000000004,3,0.06666666666666667,0.13333333333333333,0.135,0.03375,True,True,False,,False
2023-03-13,0.315,0.2,0.36875,3,0.06666666666666667,0.13333333333333333,0.27,0.045000000000000005,False,False,False,,False
2023-03-14,0.29250000000000004,0.2,0.515,3,0.06666666666666667,0.13333333333333333,0.27,0.022500000000000003,False,False,False,,False
2023-03-15,0.315,0.2,0.49250000000000005,3,0.06666666666666667,0.13333333333333333,0.27,0.045000000000000005,False,False,False,,False
2023-03-16,0.22500000000000003,0.2,0.515,3,0.06666666666666667,0.13333333333333333,0.18000000000000002,0.045000000000000005,False,False,False,,False
2023-03-17,0.29250000000000004,0.2,0.42500000000000004,3,0.06666666666666667,0.13333333333333333,0.27,0.022500000000000003,False,False,False,,False
2023-03-20,0.2025,0.2,0.49250000000000005,3,0.06666666666666667,0.13333333333333333,0.18000000000000002,0.022500000000000003,False,False,False,,False
2023-03-21,0.2025,0.2,0.4025,3,0.06666666666666667,0.13333333333333333,0.18000000000000002,0.022500000000000003,False,False,False,,False
2023-03-22,0.2025,0.2,0.4025,3,0.06666666666666667,0.13333333333333333,0.18000000000000002,0.022500000000000003,False,False,False,,False
2023-03-23,0.2025,0.2,0.4025,3,0.06666666666666667,0.13333333333333333,0.18000000000000002,0.022500000000000003,False,False,False,,False
2023-03-24,0.2025,0.2,0.4025,3,0.06666666666666667,0.13333333333333333,0.18000000000000002,0.022500000000000003,False,False,False,,False
2023-03-27,0.11250000000000002,0.2,0.4025,3,0.06666666666666667,0.13333333333333333,0.09000000000000001,0.022500000000000003,False,False,False,,False
2023-03-28,0.2025,0.2,0.3125,3,0.06666666666666667,0.13333333333333333,0.18000000000000002,0.022500000000000003,False,False,False,,False
2023-03-29,0.11250000000000002,0.2,0.4025,3,0.06666666666666667,0.13333333333333333,0.09000000000000001,0.022500000000000003,False,False,False,,False
2023-03-30,0.11250000000000002,0.2,0.3125,3,0.06666666666666667,0.13333333333333333,0.09000000000000001,0.022500000000000003,False,False,False,,False
2023-03-31,0.11250000000000002,0.2,0.3125,3,0.06666666666666667,0.13333333333333333,0.09000000000000001,0.022500000000000003,False,False,False,,False
2023-04-03,0.11250000000000002,0.2,0.3125,3,0.06666666666666667,0.13333333333333333,0.09000000000000001,0.022500000000000003,False,False,False,,False
2023-04-04,0.11250000000000002,0.2,0.3125,3,0.06666666666666667,0.13333333333333333,0.09000000000000001,0.022500000000000003,False,False,False,,False
2023-04-05,0.11250000000000002,0.2,0.3125,3,0.06666666666666667,0.13333333333333333,0.09000000000000001,0.022500000000000003,False,False,False,,False
2023-04-06,0.11250000000000002,0.2,0.3125,3,0.06666666666666667,0.13333333333333333,0.09000000000000001,0.022500000000000003,False,False,False,,False
2023-04-10,0.11250000000000002,0.2,0.3125,3,0.06666666666666667,0.13333333333333333,0.09000000000000001,0.022500000000000003,False,False,False,,False
2023-04-11,0.11250000000000002,0.2,0.3125,3,0.06666666666666667,0.13333333333333333,0.09000000000000001,0.022500000000000003,False,False,False,,False
2023-04-12,0.11250000000000002,0.2,0.3125,3,0.06666666666666667,0.13333333333333333,0.09000000000000001,0.022500000000000003,False,False,False,,False
2023-04-13,0.11250000000000002,0.2,0.3125,3,0.06666666666666667,0.13333333333333333,0.09000000000000001,0.022500000000000003,False,False,False,,False
2023-04-14,0.11250000000000002,0.2,0.3125,3,0.06666666666666667,0.13333333333333333,0.09000000000000001,0.022500000000000003,False,False,False,,False
2023-04-17,0.11250000000000002,0.2,0.3125,3,0.06666666666666667,0.13333333333333333,0.09000000000000001,0.022500000000000003,False,False,False,,False
2023-04-18,0.11250000000000002,0.2,0.3125,3,0.06666666666666667,0.13333333333333333,0.09000000000000001,0.022500000000000003,False,False,False,,False
2023-04-19,0.11250000000000002,0.2,0.3125,3,0.06666666666666667,0.13333333333333333,0.09000000000000001,0.022500000000000003,False,False,False,,False
2023-04-20,0.11250000000000002,0.2,0.3125,3,0.06666666666666667,0.13333333333333333,0.09000000000000001,0.022500000000000003,False,False,False,,False
2023-04-21,0.11250000000000002,0.2,0.3125,3,0.06666666666666667,0.13333333333333333,0.09000000000000001,0.022500000000000003,False,False,False,,False
2023-04-24,0.11250000000000002,0.2,0.3125,3,0.06666666666666667,0.13333333333333333,0.09000000000000001,0.022500000000000003,False,False,False,,False
2023-04-25,0.2025,0.2,0.3125,3,0.06666666666666667,0.13333333333333333,0.18000000000000002,0.022500000000000003,False,False,False,,False
2023-04-26,0.2025,0.2,0.4025,3,0.06666666666666667,0.13333333333333333,0.18000000000000002,0.022500000000000003,False,False,False,,False
2023-04-27,0.11250000000000002,0.2,0.4025,3,0.06666666666666667,0.13333333333333333,0.09000000000000001,0.022500000000000003,False,False,False,,False
2023-04-28,0.11250000000000002,0.2,0.3125,3,0.06666666666666667,0.13333333333333333,0.09000000000000001,0.022500000000000003,False,False,False,,False
2023-05-01,0.11250000000000002,0.2,0.3125,3,0.06666666666666667,0.13333333333333333,0.09000000000000001,0.022500000000000003,False,False,False,,False
2023-05-02,0.11250000000000002,0.2,0.3125,3,0.06666666666666667,0.13333333333333333,0.09000000000000001,0.022500000000000003,False,False,False,,False
2023-05-03,0.11250000000000002,0.2,0.3125,3,0.06666666666666667,0.13333333333333333,0.09000000000000001,0.022500000000000003,False,False,False,,False
2023-05-04,0.2025,0.2,0.3125,3,0.06666666666666667,0.13333333333333333,0.18000000000000002,0.022500000000000003,False,False,False,,False
2023-05-05,0.11250000000000002,0.2,0.4025,3,0.06666666666666667,0.13333333333333333,0.09000000000000001,0.022500000000000003,False,False,False,,False
2023-05-08,0.11250000000000002,0.2,0.3125,3,0.06666666666666667,0.13333333333333333,0.09000000000000001,0.022500000000000003,False,False,False,,False
2023-05-09,0.135,0.2,0.3125,3,0.06666666666666667,0.13333333333333333,0.09000000000000001,0.045000000000000005,False,False,False,,False
2023-05-10,0.11250000000000002,0.2,0.335,3,0.06666666666666667,0.13333333333333333,0.09000000000000001,0.022500000000000003,False,False,False,,False
2023-05-11,0.11250000000000002,0.2,0.3125,3,0.06666666666666667,0.13333333333333333,0.09000000000000001,0.022500000000000003,False,False,False,,False
2023-05-12,0.135,0.2,0.3125,3,0.06666666666666667,0.13333333333333333,0.09000000000000001,0.045000000000000005,False,False,False,,False
2023-05-15,0.135,0.2,0.335,3,0.06666666666666667,0.13333333333333333,0.09000000000000001,0.045000000000000005,False,False,False,,False
2023-05-16,0.11250000000000002,0.2,0.335,3,0.06666666666666667,0.13333333333333333,0.09000000000000001,0.022500000000000003,False,False,False,,False
2023-05-17,0.135,0.2,0.3125,3,0.06666666666666667,0.13333333333333333,0.09000000000000001,0.045000000000000005,False,False,False,,False
2023-05-18,0.11250000000000002,0.2,0.335,3,0.06666666666666667,0.13333333333333333,0.09000000000000001,0.022500000000000003,False,False,False,,False
2023-05-19,0.135,0.2,0.3125,3,0.06666666666666667,0.13333333333333333,0.09000000000000001,0.045000000000000005,False,False,False,,False
2023-05-22,0.135,0.2,0.335,3,0.06666666666666667,0.13333333333333333,0.09000000000000001,0.045000000000000005,False,False,False,,False
2023-05-23,0.135,0.2,0.335,3,0.06666666666666667,0.13333333333333333,0.09000000000000001,0.045000000000000005,False,False,False,,False
2023-05-24,0.2025,0.2,0.335,3,0.06666666666666667,0.13333333333333333,0.18000000000000002,0.022500000000000003,False,False,False,,False
2023-05-25,0.135,0.2,0.4025,3,0.06666666666666667,0.13333333333333333,0.09000000000000001,0.045000000000000005,False,False,False,,False
2023-05-26,0.135,0.2,0.335,3,0.06666666666666667,0.13333333333333333,0.09000000000000001,0.045000000000000005,False,False,False,,False
2023-05-30,0.11250000000000002,0.2,0.335,3,0.06666666666666667,0.13333333333333333,0.09000000000000001,0.022500000000000003,False,False,False,,False
2023-05-31,0.11250000000000002,0.2,0.3125,3,0.06666666666666667,0.13333333333333333,0.09000000000000001,0.022500000000000003,False,False,False,,False
2023-06-01,0.11250000000000002,0.2,0.3125,3,0.06666666666666667,0.13333333333333333,0.09000000000000001,0.022500000000000003,False,False,False,,False
2023-06-02,0.045000000000000005,0.2,0.3125,3,0.06666666666666667,0.13333333333333333,0.0,0.045000000000000005,False,False,False,,False
2023-06-05,0.022500000000000003,0.2,0.24500000000000002,3,0.06666666666666667,0.13333333333333333,0.0,0.022500000000000003,False,False,False,,False
2023-06-06,0.135,0.2,0.2225,3,0.06666666666666667,0.13333333333333333,0.09000000000000001,0.045000000000000005,False,False,True,极贪熔断触发（指数 86.3）,False
2023-06-07,0.11250000000000002,0.2,0.335,3,0.06666666666666667,0.13333333333333333,0.09000000000000001,0.022500000000000003,False,False,True,熔断维持中,False
2023-06-08,0.135,0.2,0.3125,3,0.06666666666666667,0.13333333333333333,0.09000000000000001,0.045000000000000005,False,False,True,熔断维持中,False
2023-06-09,0.135,0.2,0.335,3,0.06666666666666667,0.13333333333333333,0.09000000000000001,0.045000000000000005,False,False,True,熔断维持中,False
2023-06-12,0.135,0.2,0.335,3,0.06666666666666667,0.13333333333333333,0.09000000000000001,0.045000000000000005,False,False,True,熔断维持中,False
2023-06-13,0.135,0.2,0.335,3,0.06666666666666667,0.13333333333333333,0.09000000000000001,0.045000000000000005,False,False,True,熔断维持中,False
2023-06-14,0.135,0.2,0.335,3,0.06666666666666667,0.13333333333333333,0.09000000000000001,0.045000000000000005,False,False,True,熔断维持中,False
2023-06-15,0.135,0.2,0.335,3,0.06666666666666667,0.13333333333333333,0.09000000000000001,0.045000000000000005,False,False,True,熔断维持中,False
2023-06-16,0.135,0.2,0.335,3,0.06666666666666667,0.13333333333333333,0.09000000000000001,0.045000000000000005,False,False,True,熔断维持中,False
2023-06-20,0.135,0.2,0.335,3,0.06666666666666667,0.13333333333333333,0.09000000000000001,0.045000000000000005,False,False,True,熔断维持中,False
2023-06-21,0.11250000000000002,0.2,0.335,3,0.06666666666666667,0.13333333333333333,0.09000000000000001,0.022500000000000003,False,False,True,熔断维持中,False
2023-06-22,0.11250000000000002,0.2,0.3125,3,0.06666666666666667,0.13333333333333333,0.09000000000000001,0.022500000000000003,False,False,True,熔断维持中,False
2023-06-23,0.11250000000000002,0.2,0.3125,3,0.06666666666666667,0.13333333333333333,0.09000000000000001,0.022500000000000003,False,False,True,熔断维持中,False
2023-06-26,0.11250000000000002,0.2,0.3125,3,0.06666666666666667,0.13333333333333333,0.09000000000000001,0.022500000000000003,False,False,True,熔断维持中,False
2023-06-27,0.11250000000000002,0.2,0.3125,3,0.06666666666666667,0.13333333333333333,0.09000000000000001,0.022500000000000003,False,False,True,熔断维持中,False
2023-06-28,0.11250000000000002,0.2,0.3125,3,0.06666666666666667,0.13333333333333333,0.09000000000000001,0.022500000000000003,False,False,True,熔断维持中,False
2023-06-29,0.11250000000000002,0.2,0.3125,3,0.06666666666666667,0.13333333333333333,0.09000000000000001,0.022500000000000003,False,False,True,熔断维持中,False
2023-06-30,0.11250000000000002,0.2,0.3125,3,0.06666666666666667,0.13333333333333333,0.09000000000000001,0.022500000000000003,False,False,True,熔断维持中,False
2023-07-03,0.11250000000000002,0.2,0.3125,3,0.06666666666666667,0.13333333333333333,0.09000000000000001,0.022500000000000003,False,False,True,熔断维持中,False
2023-07-05,0.11250000000000002,0.2,0.3125,3,0.06666666666666667,0.13333333333333333,0.09000000000000001,0.022500000000000003,False,False,True,熔断维持中,False
2023-07-06,0.11250000000000002,0.2,0.3125,3,0.06666666666666667,0.13333333333333333,0.09000000000000001,0.022500000000000003,False,False,False,,False
2023-07-07,0.11250000000000002,0.2,0.3125,3,0.06666666666666667,0.13333333333333333,0.09000000000000001,0.022500000000000003,False,False,False,,False
2023-07-10,0.11250000000000002,0.2,0.3125,3,0.06666666666666667,0.13333333333333333,0.09000000000000001,0.022500000000000003,False,False,False,,False
2023-07-11,0.11250000000000002,0.2,0.3125,3,0.06666666666666667,0.13333333333333333,0.09000000000000001,0.022500000000000003,False,False,False,,False
2023-07-12,0.11250000000000002,0.2,0.3125,3,0.06666666666666667,0.13333333333333333,0.09000000000000001,0.022500000000000003,False,False,False,,False
2023-07-13,0.022500000000000003,0.2,0.3125,3,0.06666666666666667,0.13333333333333333,0.0,0.022500000000000003,False,False,False,,False
2023-07-14,0.022500000000000003,0.2,0.2225,3,0.06666666666666667,0.13333333333333333,0.0,0.022500000000000003,False,False,False,,False
2023-07-17,0.022500000000000003,0.2,0.2225,3,0.06666666666666667,0.13333333333333333,0.0,0.022500000000000003,False,False,False,,False
2023-07-18,0.022500000000000003,0.2,0.2225,3,0.06666666666666667,0.13333333333333333,0.0,0.022500000000000003,False,False,False,,False
2023-07-19,0.11250000000000002,0.2,0.2225,3,0.06666666666666667,0.13333333333333333,0.09000000000000001,0.022500000000000003,False,False,False,,False
2023-07-20,0.11250000000000002,0.2,0.3125,3,0.06666666666666667,0.13333333333333333,0.09000000000000001,0.022500000000000003,False,False,False,,False
2023-07-21,0.11250000000000002,0.2,0.3125,3,0.06666666666666667,0.13333333333333333,0.09000000000000001,0.022500000000000003,False,False,False,,False
2023-07-24,0.11250000000000002,0.2,0.3125,3,0.06666666666666667,0.13333333333333333,0.09000000000000001,0.022500000000000003,False,False,False,,False
2023-07-25,0.135,0.2,0.3125,3,0.06666666666666667,0.13333333333333333,0.09000000000000001,0.045000000000000005,False,False,False,,False
2023-07-26,0.11250000000000002,0.2,0.335,3,0.06666666666666667,0.13333333333333333,0.09000000000000001,0.022500000000000003,False,False,False,,False
2023-07-27,0.11250000000000002,0.2,0.3125,3,0.06666666666666667,0.13333333333333333,0.09000000000000001,0.022500000000000003,False,False,False,,False
2023-07-28,0.11250000000000002,0.2,0.3125,3,0.06666666666666667,0.13333333333333333,0.09000000000000001,0.022500000000000003,False,False,False,,False
2023-07-31,0.11250000000000002,0.2,0.3125,3,0.06666666666666667,0.13333333333333333,0.09000000000000001,0.022500000000000003,False,False,False,,False
2023-08-01,0.11250000000000002,0.2,0.3125,3,0.06666666666666667,0.13333333333333333,0.09000000000000001,0.022500000000000003,False,False,False,,False
2023-08-02,0.11250000000000002,0.2,0.3125,3,0.06666666666666667,0.13333333333333333,0.09000000000000001,0.022500000000000003,False,False,False,,False
2023-08-03,0.11250000000000002,0.2,0.3125,3,0.06666666666666667,0.13333333333333333,0.09000000000000001,0.022500000000000003,False,False,False,,False
2023-08-04,0.2025,0.2,0.3125,3,0.06666666666666667,0.13333333333333333,0.18000000000000002,0.022500000000000003,False,False,False,,False
2023-08-07,0.135,0.2,0.4025,3,0.06666666666666667,0.13333333333333333,0.09000000000000001,0.045000000000000005,False,False,False,,False
2023-08-08,0.11250000000000002,0.2,0.335,3,0.06666666666666667,0.13333333333333333,0.09000000000000001,0.022500000000000003,False,False,False,,False
2023-08-09,0.11250000000000002,0.2,0.3125,3,0.06666666666666667,0.13333333333333333,0.09000000000000001,0.022500000000000003,False,False,False,,False
2023-08-10,0.11250000000000002,0.2,0.3125,3,0.06666666666666667,0.13333333333333333,0.09000000000000001,0.022500000000000003,False,False,False,,False
2023-08-11,0.11250000000000002,0.2,0.3125,3,0.06666666666666667,0.13333333333333333,0.09000000000000001,0.022500000000000003,False,False,False,,False
2023-08-14,0.11250000000000002,0.2,0.3125,3,0.06666666666666667,0.13333333333333333,0.09000000000000001,0.022500000000000003,False,False,False,,False
2023-08-15,0.11250000000000002,0.2,0.3125,3,0.06666666666666667,0.13333333333333333,0.09000000000000001,0.022500000000000003,False,False,False,,False
2023-08-16,0.2025,0.2,0.3125,3,0.06666666666666667,0.13333333333333333,0.18000000000000002,0.022500000000000003,False,False,False,,False
2023-08-17,0.22500000000000003,0.2,0.4025,3,0.06666666666666667,0.13333333333333333,0.18000000000000002,0.045000000000000005,False,False,False,,False
2023-08-18,0.22500000000000003,0.2,0.42500000000000004,3,0.06666666666666667,0.13333333333333333,0.18000000000000002,0.045000000000000005,False,False,False,,False
2023-08-21,0.22500000000000003,0.2,0.42500000000000004,3,0.06666666666666667,0.13333333333333333,0.18000000000000002,0.045000000000000005,False,False,False,,False
2023-08-22,0.22500000000000003,0.2,0.42500000000000004,3,0.06666666666666667,0.13333333333333333,0.18000000000000002,0.045000000000000005,False,False,False,,False
2023-08-23,0.135,0.2,0.42500000000000004,3,0.06666666666666667,0.13333333333333333,0.09000000000000001,0.045000000000000005,False,False,False,,False
2023-08-24,0.22500000000000003,0.2,0.335,3,0.06666666666666667,0.13333333333333333,0.18000000000000002,0.045000000000000005,False,False,False,,False
2023-08-25,0.135,0.2,0.42500000000000004,3,0.06666666666666667,0.13333333333333333,0.09000000000000001,0.045000000000000005,False,False,False,,False
2023-08-28,0.135,0.2,0.335,3,0.06666666666666667,0.13333333333333333,0.09000000000000001,0.045000000000000005,False,False,False,,False
2023-08-29,0.135,0.2,0.335,3,0.06666666666666667,0.13333333333333333,0.09000000000000001,0.045000000000000005,False,False,False,,False
2023-08-30,0.135,0.2,0.335,3,0.06666666666666667,0.13333333333333333,0.09000000000000001,0.045000000000000005,False,False,False,,False
2023-08-31,0.135,0.2,0.335,3,0.06666666666666667,0.13333333333333333,0.09000000000000001,0.045000000000000005,False,False,False,,False
2023-09-01,0.135,0.2,0.335,3,0.06666666666666667,0.13333333333333333,0.09000000000000001,0.045000000000000005,False,False,False,,False
2023-09-05,0.135,0.2,0.335,3,0.06666666666666667,0.13333333333333333,0.09000000000000001,0.045000000000000005,False,False,False,,False
2023-09-06,0.135,0.2,0.335,3,0.06666666666666667,0.13333333333333333,0.09000000000000001,0.045000000000000005,False,False,False,,False
2023-09-07,0.135,0.2,0.335,3,0.06666666666666667,0.13333333333333333,0.09000000000000001,0.045000000000000005,False,False,False,,False
2023-09-08,0.135,0.2,0.335,3,0.06666666666666667,0.13333333333333333,0.09000000000000001,0.045000000000000005,False,False,False,,False
2023-09-11,0.135,0.2,0.335,3,0.06666666666666667,0.13333333333333333,0.09000000000000001,0.045000000000000005,False,False,False,,False
2023-09-12,0.135,0.2,0.335,3,0.06666666666666667,0.13333333333333333,0.09000000000000001,0.045000000000000005,False,False,False,,False
2023-09-13,0.135,0.2,0.335,3,0.06666666666666667,0.13333333333333333,0.09000000000000001,0.045000000000000005,False,False,False,,False
2023-09-14,0.135,0.2,0.335,3,0.06666666666666667,0.13333333333333333,0.09000000000000001,0.045000000000000005,False,False,False,,False
2023-09-15,0.135,0.2,0.335,3,0.06666666666666667,0.13333333333333333,0.09000000000000001,0.045000000000000005,False,False,False,,False
2023-09-18,0.135,0.2,0.335,3,0.06666666666666667,0.13333333333333333,0.09000000000000001,0.045000000000000005,False,False,False,,False
2023-09-19,0.135,0.2,0.335,3,0.06666666666666667,0.13333333333333333,0.09000000000000001,0.045000000000000005,False,False,False,,False
2023-09-20,0.22500000000000003,0.2,0.335,3,0.06666666666666667,0.13333333333333333,0.18000000000000002,0.045000000000000005,False,False,False,,False
2023-09-21,0.22500000000000003,0.2,0.42500000000000004,3,0.06666666666666667,0.13333333333333333,0.18000000000000002,0.045000000000000005,False,False,False,,False
2023-09-22,0.22500000000000003,0.2,0.42500000000000004,3,0.06666666666666667,0.13333333333333333,0.18000000000000002,0.045000000000000005,False,False,False,,False
2023-09-25,0.22500000000000003,0.2,0.42500000000000004,3,0.06666666666666667,0.13333333333333333,0.18000000000000002,0.045000000000000005,False,False,False,,False
2023-09-26,0.315,0.2,0.42500000000000004,3,0.06666666666666667,0.13333333333333333,0.27,0.045000000000000005,False,False,False,,False
2023-09-27,0.315,0.2,0.515,3,0.06666666666666667,0.13333333333333333,0.27,0.045000000000000005,False,False,False,,False
2023-09-28,0.22500000000000003,0.2,0.515,3,0.06666666666666667,0.13333333333333333,0.18000000000000002,0.045000000000000005,False,False,False,,False
2023-09-29,0.22500000000000003,0.2,0.42500000000000004,3,0.06666666666666667,0.13333333333333333,0.18000000000000002,0.045000000000000005,False,False,False,,False
2023-10-02,0.2025,0.2,0.42500000000000004,3,0.06666666666666667,0.13333333333333333,0.18000000000000002,0.022500000000000003,False,False,False,,False
2023-10-03,0.29250000000000004,0.2,0.4025,3,0.06666666666666667,0.13333333333333333,0.27,0.022500000000000003,False,False,False,,False
2023-10-04,0.2025,0.2,0.49250000000000005,3,0.06666666666666667,0.13333333333333333,0.18000000000000002,0.022500000000000003,False,False,False,,False
2023-10-05,0.2025,0.2,0.4025,3,0.06666666666666667,0.13333333333333333,0.18000000000000002,0.022500000000000003,False,False,False,,False
2023-10-06,0.2025,0.2,0.4025,3,0.06666666666666667,0.13333333333333333,0.18000000000000002,0.022500000000000003,False,False,False,,False
2023-10-09,0.2025,0.2,0.4025,3,0.06666666666666667,0.13333333333333333,0.18000000000000002,0.022500000000000003,False,False,False,,False
2023-10-10,0.2025,0.2,0.4025,3,0.06666666666666667,0.13333333333333333,0.18000000000000002,0.022500000000000003,False,False,False,,False
2023-10-11,0.22500000000000003,0.2,0.4025,3,0.06666666666666667,0.13333333333333333,0.18000000000000002,0.045000000000000005,False,False,False,,False
2023-10-12,0.22500000000000003,0.2,0.42500000000000004,3,0.06666666666666667,0.13333333333333333,0.18000000000000002,0.045000000000000005,False,False,False,,False
2023-10-13,0.22500000000000003,0.2,0.42500000000000004,3,0.06666666666666667,0.13333333333333333,0.18000000000000002,0.045000000000000005,False,False,False,,False
2023-10-16,0.22500000000000003,0.2,0.42500000000000004,3,0.06666666666666667,0.13333333333333333,0.18000000000000002,0.045000000000000005,False,False,False,,False
2023-10-17,0.2025,0.2,0.42500000000000004,3,0.06666666666666667,0.13333333333333333,0.18000000000000002,0.022500000000000003,False,False,False,,False
2023-10-18,0.2025,0.2,0.4025,3,0.06666666666666667,0.13333333333333333,0.18000000000000002,0.022500000000000003,False,False,False,,False
2023-10-19,0.29250000000000004,0.2,0.4025,3,0.06666666666666667,0.13333333333333333,0.27,0.022500000000000003,False,False,False,,False
2023-10-20,0.29250000000000004,0.2,0.49250000000000005,3,0.06666666666666667,0.13333333333333333,0.27,0.022500000000000003,False,False,False,,False
2023-10-23,0.29250000000000004,0.2,0.49250000000000005,3,0.06666666666666667,0.13333333333333333,0.27,0.022500000000000003,False,False,False,,False
2023-10-24,0.18000000000000002,0.2,0.49250000000000005,3,0.06666666666666667,0.13333333333333333,0.18000000000000002,0.0,False,False,False,,False
2023-10-25,0.27,0.2,0.38,3,0.06666666666666667,0.13333333333333333,0.27,0.0,False,False,False,,False
2023-10-26,0.27,0.2,0.47000000000000003,3,0.06666666666666667,0.13333333333333333,0.27,0.0,False,False,False,,False
2023-10-27,0.27,0.2,0.47000000000000003,3,0.06666666666666667,0.13333333333333333,0.27,0.0,False,False,False,,False
2023-10-30,0.27,0.2,0.47000000000000003,3,0.06666666666666667,0.13333333333333333,0.27,0.0,False,False,False,,False
2023-10-31,0.18000000000000002,0.2,0.47000000000000003,3,0.06666666666666667,0.13333333333333333,0.18000000000000002,0.0,False,False,False,,False
2023-11-01,0.18000000000000002,0.2,0.38,3,0.06666666666666667,0.13333333333333333,0.18000000000000002,0.0,False,False,False,,False
2023-11-02,0.18000000000000002,0.2,0.38,3,0.06666666666666667,0.13333333333333333,0.18000000000000002,0.0,False,False,False,,False
2023-11-03,0.09000000000000001,0.2,0.38,3,0.06666666666666667,0.13333333333333333,0.09000000000000001,0.0,False,False,False,,False
2023-11-06,0.15000000000000002,0.2,0.29000000000000004,3,0.06666666666666667,0.13333333333333333,0.09000000000000001,0.060000000000000005,False,False,True,加密极贪减仓至第 1 档（指数 85.4）,False
2023-11-07,0.15000000000000002,0.2,0.35000000000000003,3,0.06666666666666667,0.13333333333333333,0.09000000000000001,0.060000000000000005,False,False,False,,False
2023-11-08,0.15000000000000002,0.2,0.35000000000000003,3,0.06666666666666667,0.13333333333333333,0.09000000000000001,0.060000000000000005,False,False,False,,False
2023-11-09,0.15000000000000002,0.2,0.35000000000000003,3,0.06666666666666667,0.13333333333333333,0.09000000000000001,0.060000000000000005,False,False,False,,False
2023-11-10,0.15000000000000002,0.2,0.35000000000000003,3,0.06666666666666667,0.13333333333333333,0.09000000000000001,0.060000000000000005,False,False,False,,False
2023-11-13,0.15000000000000002,0.2,0.35000000000000003,3,0.06666666666666667,0.13333333333333333,0.09000000000000001,0.060000000000000005,False,False,False,,False
2023-11-14,0.15000000000000002,0.2,0.35000000000000003,3,0.06666666666666667,0.13333333333333333,0.09000000000000001,0.060000000000000005,False,False,False,,False
2023-11-15,0.15000000000000002,0.2,0.35000000000000003,3,0.06666666666666667,0.13333333333333333,0.09000000000000001,0.060000000000000005,False,False,False,,False
2023-11-16,0.15000000000000002,0.2,0.35000000000000003,3,0.06666666666666667,0.13333333333333333,0.09000000000000001,0.060000000000000005,False,False,False,,False
2023-11-17,0.15000000000000002,0.2,0.35000000000000003,3,0.06666666666666667,0.13333333333333333,0.09000000000000001,0.060000000000000005,False,False,False,,False
2023-11-20,0.15000000000000002,0.2,0.35000000000000003,3,0.06666666666666667,0.13333333333333333,0.09000000000000001,0.060000000000000005,False,False,False,,False
2023-11-21,0.15000000000000002,0.2,0.35000000000000003,3,0.06666666666666667,0.13333333333333333,0.09000000000000001,0.060000000000000005,False,False,False,,False
2023-11-22,0.15000000000000002,0.2,0.35000000000000003,3,0.06666666666666667,0.13333333333333333,0.09000000000000001,0.060000000000000005,False,False,False,,False
2023-11-24,0.060000000000000005,0.2,0.35000000000000003,3,0.06666666666666667,0.13333333333333333,0.0,0.060000000000000005,False,False,False,,False
2023-11-27,0.15000000000000002,0.2,0.26,3,0.06666666666666667,0.13333333333333333,0.09000000000000001,0.060000000000000005,False,False,False,,False
2023-11-28,0.15000000000000002,0.2,0.35000000000000003,3,0.06666666666666667,0.13333333333333333,0.09000000000000001,0.060000000000000005,False,False,False,,False
2023-11-29,0.15000000000000002,0.2,0.35000000000000003,3,0.06666666666666667,0.13333333333333333,0.09000000000000001,0.060000000000000005,False,False,False,,False
2023-11-30,0.15000000000000002,0.2,0.35000000000000003,3,0.06666666666666667,0.13333333333333333,0.09000000000000001,0.060000000000000005,False,False,False,,False
2023-12-01,0.15000000000000002,0.2,0.35000000000000003,3,0.06666666666666667,0.13333333333333333,0.09000000000000001,0.060000000000000005,False,False,False,,False
2023-12-04,0.15000000000000002,0.2,0.35000000000000003,3,0.06666666666666667,0.13333333333333333,0.09000000000000001,0.060000000000000005,False,False,False,,False
2023-12-05,0.15000000000000002,0.2,0.35000000000000003,3,0.06666666666666667,0.13333333333333333,0.09000000000000001,0.060000000000000005,False,False,False,,False
2023-12-06,0.15000000000000002,0.2,0.35000000000000003,3,0.06666666666666667,0.13333333333333333,0.09000000000000001,0.060000000000000005,False,False,False,,False
2023-12-07,0.15000000000000002,0.2,0.35000000000000003,3,0.06666666666666667,0.13333333333333333,0.09000000000000001,0.060000000000000005,False,False,False,,False
2023-12-08,0.060000000000000005,0.2,0.35000000000000003,3,0.06666666666666667,0.13333333333333333,0.0,0.060000000000000005,False,False,False,,False
2023-12-11,0.060000000000000005,0.2,0.26,3,0.06666666666666667,0.13333333333333333,0.0,0.060000000000000005,False,False,False,,False
2023-12-12,0.060000000000000005,0.2,0.26,3,0.06666666666666667,0.13333333333333333,0.0,0.060000000000000005,False,False,False,,False
2023-12-13,0.15000000000000002,0.2,0.26,3,0.06666666666666667,0.13333333333333333,0.09000000000000001,0.060000000000000005,False,False,True,极贪熔断触发（指数 85.6）,False
2023-12-14,0.15000000000000002,0.2,0.35000000000000003,3,0.06666666666666667,0.13333333333333333,0.09000000000000001,0.060000000000000005,False,False,True,熔断维持中,False
2023-12-15,0.15000000000000002,0.2,0.35000000000000003,3,0.06666666666666667,0.13333333333333333,0.09000000000000001,0.060000000000000005,False,False,True,熔断维持中,False
2023-12-18,0.15000000000000002,0.2,0.35000000000000003,3,0.06666666666666667,0.13333333333333333,0.09000000000000001,0.060000000000000005,False,False,True,熔断维持中,False
2023-12-19,0.15000000000000002,0.2,0.35000000000000003,3,0.06666666666666667,0.13333333333333333,0.09000000000000001,0.060000000000000005,False,False,True,熔断维持中,False
2023-12-20,0.15000000000000002,0.2,0.35000000000000003,3,0.06666666666666667,0.13333333333333333,0.09000000000000001,0.060000000000000005,False,False,True,熔断维持中,False
2023-12-21,0.15000000000000002,0.2,0.35000000000000003,3,0.06666666666666667,0.13333333333333333,0.09000000000000001,0.060000000000000005,False,False,True,熔断维持中,False
2023-12-22,0.15000000000000002,0.2,0.35000000000000003,3,0.06666666666666667,0.13333333333333333,0.09000000000000001,0.060000000000000005,False,False,True,熔断维持中,False
2023-12-26,0.15000000000000002,0.2,0.35000000000000003,3,0.06666666666666667,0.13333333333333333,0.09000000000000001,0.060000000000000005,False,False,True,熔断维持中,False
2023-12-27,0.15000000000000002,0.2,0.35000000000000003,3,0.06666666666666667,0.13333333333333333,0.09000000000000001,0.060000000000000005,False,False,True,熔断维持中,False
2023-12-28,0.15000000000000002,0.2,0.35000000000000003,3,0.06666666666666667,0.13333333333333333,0.09000000000000001,0.060000000000000005,False,False,True,熔断维持中,False
2023-12-29,0.15000000000000002,0.2,0.35000000000000003,3,0.06666666666666667,0.13333333333333333,0.09000000000000001,0.060000000000000005,False,False,True,熔断维持中,False
2024-01-02,0.15000000000000002,0.2,0.35000000000000003,3,0.06666666666666667,0.13333333333333333,0.09000000000000001,0.060000000000000005,False,False,True,熔断维持中,False
2024-01-03,0.15000000000000002,0.2,0.35000000000000003,3,0.06666666666666667,0.13333333333333333,0.09000000000000001,0.060000000000000005,False,False,False,,False
2024-01-04,0.15000000000000002,0.2,0.35000000000000003,3,0.06666666666666667,0.13333333333333333,0.09000000000000001,0.060000000000000005,False,False,False,,False
2024-01-05,0.15000000000000002,0.2,0.35000000000000003,3,0.06666666666666667,0.13333333333333333,0.09000000000000001,0.060000000000000005,False,False,False,,False
2024-01-08,0.15000000000000002,0.2,0.35000000000000003,3,0.06666666666666667,0.13333333333333333,0.09000000000000001,0.060000000000000005,False,False,False,,False
2024-01-09,0.15000000000000002,0.2,0.35000000000000003,3,0.06666666666666667,0.13333333333333333,0.09000000000000001,0.060000000000000005,False,False,False,,False
2024-01-10,0.15000000000000002,0.2,0.35000000000000003,3,0.06666666666666667,0.13333333333333333,0.09000000000000001,0.060000000000000005,False,False,False,,False
2024-01-11,0.15000000000000002,0.2,0.35000000000000003,3,0.06666666666666667,0.13333333333333333,0.09000000000000001,0.060000000000000005,False,False,False,,False
2024-01-12,0.15000000000000002,0.2,0.35000000000000003,3,0.06666666666666667,0.13333333333333333,0.09000000000000001,0.060000000000000005,False,False,False,,False
2024-01-16,0.15000000000000002,0.2,0.35000000000000003,3,0.06666666666666667,0.13333333333333333,0.09000000000000001,0.060000000000000005,False,False,False,,False
2024-01-17,0.15000000000000002,0.2,0.35000000000000003,3,0.06666666666666667,0.13333333333333333,0.09000000000000001,0.060000000000000005,False,False,False,,False
2024-01-18,0.15000000000000002,0.2,0.35000000000000003,3,0.06666666666666667,0.13333333333333333,0.09000000000000001,0.060000000000000005,False,False,False,,False
2024-01-19,0.135,0.2,0.35000000000000003,3,0.06666666666666667,0.13333333333333333,0.09000000000000001,0.045000000000000005,False,False,True,加密极贪恢复一档（指数 58.4，剩余 0 档）,False
2024-01-22,0.11250000000000002,0.2,0.335,3,0.06666666666666667,0.13333333333333333,0.09000000000000001,0.022500000000000003,False,False,False,,False
2024-01-23,0.045000000000000005,0.2,0.3125,3,0.06666666666666667,0.13333333333333333,0.0,0.045000000000000005,False,False,False,,False
2024-01-24,0.135,0.2,0.24500000000000002,3,0.06666666666666667,0.13333333333333333,0.09000000000000001,0.045000000000000005,False,False,False,,False
2024-01-25,0.135,0.2,0.335,3,0.06666666666666667,0.13333333333333333,0.09000000000000001,0.045000000000000005,False,False,False,,False
2024-01-26,0.135,0.2,0.335,3,0.06666666666666667,0.13333333333333333,0.09000000000000001,0.045000000000000005,False,False,False,,False
2024-01-29,0.11250000000000002,0.2,0.335,3,0.06666666666666667,0.13333333333333333,0.09000000000000001,0.022500000000000003,False,False,False,,False
2024-01-30,0.11250000000000002,0.2,0.3125,3,0.06666666666666667,0.13333333333333333,0.09000000000000001,0.022500000000000003,False,False,False,,False
2024-01-31,0.11250000000000002,0.2,0.3125,3,0.06666666666666667,0.13333333333333333,0.09000000000000001,0.022500000000000003,False,False,False,,False
2024-02-01,0.11250000000000002,0.2,0.3125,3,0.06666666666666667,0.13333333333333333,0.09000000000000001,0.022500000000000003,False,False,False,,False
2024-02-02,0.11250000000000002,0.2,0.3125,3,0.06666666666666667,0.13333333333333333,0.09000000000000001,0.022500000000000003,False,False,False,,False
2024-02-05,0.11250000000000002,0.2,0.3125,3,0.06666666666666667,0.13333333333333333,0.09000000000000001,0.022500000000000003,False,False,False,,False
2024-02-06,0.11250000000000002,0.2,0.3125,3,0.06666666666666667,0.13333333333333333,0.09000000000000001,0.022500000000000003,False,False,False,,False
2024-02-07,0.11250000000000002,0.2,0.3125,3,0.06666666666666667,0.13333333333333333,0.09000000000000001,0.022500000000000003,False,False,False,,False
2024-02-08,0.11250000000000002,0.2,0.3125,3,0.06666666666666667,0.13333333333333333,0.09000000000000001,0.022500000000000003,False,False,False,,False
2024-02-09,0.09000000000000001,0.2,0.3125,3,0.06666666666666667,0.13333333333333333,0.09000000000000001,0.0,False,False,False,,False
2024-02-12,0.09000000000000001,0.2,0.29000000000000004,3,0.06666666666666667,0.13333333333333333,0.09000000000000001,0.0,False,False,False,,False
2024-02-13,0.12000000000000001,0.2,0.29000000000000004,3,0.06666666666666667,0.13333333333333333,0.09000000000000001,0.030000000000000002,False,False,True,加密极贪减仓至第 2 档（指数 92.6）,False
2024-02-14,0.12000000000000001,0.2,0.32,3,0.06666666666666667,0.13333333333333333,0.09000000000000001,0.030000000000000002,False,False,False,,False
2024-02-15,0.12000000000000001,0.2,0.32,3,0.06666666666666667,0.13333333333333333,0.09000000000000001,0.030000000000000002,False,False,False,,False
2024-02-16,0.12000000000000001,0.2,0.32,3,0.06666666666666667,0.13333333333333333,0.09000000000000001,0.030000000000000002,False,False,False,,False
2024-02-20,0.21000000000000002,0.2,0.32,3,0.06666666666666667,0.13333333333333333,0.18000000000000002,0.030000000000000002,False,False,False,,False
2024-02-21,0.12000000000000001,0.2,0.41000000000000003,3,0.06666666666666667,0.13333333333333333,0.09000000000000001,0.030000000000000002,False,False,False,,False
2024-02-22,0.12000000000000001,0.2,0.32,3,0.06666666666666667,0.13333333333333333,0.09000000000000001,0.030000000000000002,False,False,False,,False
2024-02-23,0.12000000000000001,0.2,0.32,3,0.06666666666666667,0.13333333333333333,0.09000000000000001,0.030000000000000002,False,False,False,,False
2024-02-26,0.12000000000000001,0.2,0.32,3,0.06666666666666667,0.13333333333333333,0.09000000000000001,0.030000000000000002,False,False,False,,False
2024-02-27,0.11250000000000002,0.2,0.32,3,0.06666666666666667,0.13333333333333333,0.09000000000000001,0.022500000000000003,False,False,True,加密极贪减仓至第 3 档（指数 95.3）,False
2024-02-28,0.11250000000000002,0.2,0.3125,3,0.06666666666666667,0.13333333333333333,0.09000000000000001,0.022500000000000003,False,False,False,,False
2024-02-29,0.11250000000000002,0.2,0.3125,3,0.06666666666666667,0.13333333333333333,0.09000000000000001,0.022500000000000003,False,False,False,,False
2024-03-01,0.11250000000000002,0.2,0.3125,3,0.06666666666666667,0.13333333333333333,0.09000000000000001,0.022500000000000003,False,False,False,,False
2024-03-04,0.11250000000000002,0.2,0.3125,3,0.06666666666666667,0.13333333333333333,0.09000000000000001,0.022500000000000003,False,False,False,,False
2024-03-05,0.2025,0.2,0.3125,3,0.06666666666666667,0.13333333333333333,0.18000000000000002,0.022500000000000003,False,False,False,,False
2024-03-06,0.11250000000000002,0.2,0.4025,3,0.06666666666666667,0.13333333333333333,0.09000000000000001,0.022500000000000003,False,False,False,,False
2024-03-07,0.11250000000000002,0.2,0.3125,3,0.06666666666666667,0.13333333333333333,0.09000000000000001,0.022500000000000003,False,False,False,,False
2024-03-08,0.2025,0.2,0.3125,3,0.06666666666666667,0.13333333333333333,0.18000000000000002,0.022500000000000003,False,False,False,,False
2024-03-11,0.2025,0.2,0.4025,3,0.06666666666666667,0.13333333333333333,0.18000000000000002,0.022500000000000003,False,False,False,,False
2024-03-12,0.11250000000000002,0.2,0.4025,3,0.06666666666666667,0.13333333333333333,0.09000000000000001,0.022500000000000003,False,False,False,,False
2024-03-13,0.11250000000000002,0.2,0.3125,3,0.06666666666666667,0.13333333333333333,0.09000000000000001,0.022500000000000003,False,False,False,,False
2024-03-14,0.2025,0.2,0.3125,3,0.06666666666666667,0.13333333333333333,0.18000000000000002,0.022500000000000003,False,False,False,,False
2024-03-15,0.2025,0.2,0.4025,3,0.06666666666666667,0.13333333333333333,0.18000000000000002,0.022500000000000003,False,False,False,,False
2024-03-18,0.11250000000000002,0.2,0.4025,3,0.06666666666666667,0.13333333333333333,0.09000000000000001,0.022500000000000003,False,False,False,,False
2024-03-19,0.11250000000000002,0.2,0.3125,3,0.06666666666666667,0.13333333333333333,0.09000000000000001,0.022500000000000003,False,False,False,,False
2024-03-20,0.11250000000000002,0.2,0.3125,3,0.06666666666666667,0.13333333333333333,0.09000000000000001,0.022500000000000003,False,False,False,,False
2024-03-21,0.11250000000000002,0.2,0.3125,3,0.06666666666666667,0.13333333333333333,0.09000000000000001,0.022500000000000003,False,False,False,,False
2024-03-22,0.11250000000000002,0.2,0.3125,3,0.06666666666666667,0.13333333333333333,0.09000000000000001,0.022500000000000003,False,False,False,,False
2024-03-25,0.11250000000000002,0.2,0.3125,3,0.06666666666666667,0.13333333333333333,0.09000000000000001,0.022500000000000003,False,False,False,,False
2024-03-26,0.11250000000000002,0.2,0.3125,3,0.06666666666666667,0.13333333333333333,0.09000000000000001,0.022500000000000003,False,False,False,,False
2024-03-27,0.11250000000000002,0.2,0.3125,3,0.06666666666666667,0.13333333333333333,0.09000000000000001,0.022500000000000003,False,False,False,,False
2024-03-28,0.11250000000000002,0.2,0.3125,3,0.06666666666666667,0.13333333333333333,0.09000000000000001,0.022500000000000003,False,False,False,,False
2024-04-01,0.11250000000000002,0.2,0.3125,3,0.06666666666666667,0.13333333333333333,0.09000000000000001,0.022500000000000003,False,False,False,,False
2024-04-02,0.11250000000000002,0.2,0.3125,3,0.06666666666666667,0.13333333333333333,0.09000000000000001,0.022500000000000003,False,False,False,,False
2024-04-03,0.11250000000000002,0.2,0.3125,3,0.06666666666666667,0.13333333333333333,0.09000000000000001,0.022500000000000003,False,False,False,,False
2024-04-04,0.2025,0.2,0.3125,3,0.06666666666666667,0.13333333333333333,0.18000000000000002,0.022500000000000003,False,False,False,,False
2024-04-05,0.2025,0.2,0.4025,3,0.06666666666666667,0.13333333333333333,0.18000000000000002,0.022500000000000003,False,False,False,,False
2024-04-08,0.2025,0.2,0.4025,3,0.06666666666666667,0.13333333333333333,0.18000000000000002,0.022500000000000003,False,False,False,,False
2024-04-09,0.2025,0.2,0.4025,3,0.06666666666666667,0.13333333333333333,0.18000000000000002,0.022500000000000003,False,False,False,,False
2024-04-10,0.2025,0.2,0.4025,3,0.06666666666666667,0.13333333333333333,0.18000000000000002,0.022500000000000003,False,False,False,,False
2024-04-11,0.11250000000000002,0.2,0.4025,3,0.06666666666666667,0.13333333333333333,0.09000000000000001,0.022500000000000003,False,False,False,,False
2024-04-12,0.2025,0.2,0.3125,3,0.06666666666666667,0.13333333333333333,0.18000000000000002,0.022500000000000003,False,False,False,,False
2024-04-15,0.29250000000000004,0.2,0.4025,3,0.06666666666666667,0.13333333333333333,0.27,0.022500000000000003,False,False,False,,False
2024-04-16,0.2025,0.2,0.49250000000000005,3,0.06666666666666667,0.13333333333333333,0.18000000000000002,0.022500000000000003,False,False,False,,False
2024-04-17,0.29250000000000004,0.2,0.4025,3,0.06666666666666667,0.13333333333333333,0.27,0.022500000000000003,False,False,False,,False
2024-04-18,0.30000000000000004,0.2,0.49250000000000005,3,0.06666666666666667,0.13333333333333333,0.27,0.030000000000000002,False,False,True,加密极贪恢复一档（指数 59.9，剩余 2 档）,False
2024-04-19,0.30000000000000004,0.2,0.5,3,0.06666666666666667,0.13333333333333333,0.27,0.030000000000000002,False,False,False,,False
2024-04-22,0.21000000000000002,0.2,0.5,3,0.06666666666666667,0.13333333333333333,0.18000000000000002,0.030000000000000002,False,False,False,,False
2024-04-23,0.21000000000000002,0.2,0.41000000000000003,3,0.06666666666666667,0.13333333333333333,0.18000000000000002,0.030000000000000002,False,False,False,,False
2024-04-24,0.21000000000000002,0.2,0.41000000000000003,3,0.06666666666666667,0.13333333333333333,0.18000000000000002,0.030000000000000002,False,False,False,,False
2024-04-25,0.21000000000000002,0.2,0.41000000000000003,3,0.06666666666666667,0.13333333333333333,0.18000000000000002,0.030000000000000002,False,False,False,,False
2024-04-26,0.21000000000000002,0.2,0.41000000000000003,3,0.06666666666666667,0.13333333333333333,0.18000000000000002,0.030000000000000002,False,False,False,,False
2024-04-29,0.21000000000000002,0.2,0.41000000000000003,3,0.06666666666666667,0.13333333333333333,0.18000000000000002,0.030000000000000002,False,False,False,,False
2024-04-30,0.21000000000000002,0.2,0.41000000000000003,3,0.06666666666666667,0.13333333333333333,0.18000000000000002,0.030000000000000002,False,False,False,,False
2024-05-01,0.24000000000000002,0.2,0.41000000000000003,3,0.06666666666666667,0.13333333333333333,0.18000000000000002,0.060000000000000005,False,False,True,加密极贪恢复一档（指数 59.3，剩余 1 档）,False
2024-05-02,0.22500000000000003,0.2,0.44000000000000006,3,0.06666666666666667,0.13333333333333333,0.18000000000000002,0.045000000000000005,False,False,True,加密极贪恢复一档（指数 46.3，剩余 0 档）,False
2024-05-03,0.135,0.2,0.42500000000000004,3,0.06666666666666667,0.13333333333333333,0.09000000000000001,0.045000000000000005,False,False,False,,False
2024-05-06,0.11250000000000002,0.2,0.335,3,0.06666666666666667,0.13333333333333333,0.09000000000000001,0.022500000000000003,False,False,False,,False
2024-05-07,0.11250000000000002,0.2,0.3125,3,0.06666666666666667,0.13333333333333333,0.09000000000000001,0.022500000000000003,False,False,False,,False
2024-05-08,0.11250000000000002,0.2,0.3125,3,0.06666666666666667,0.13333333333333333,0.09000000000000001,0.022500000000000003,False,False,False,,False
2024-05-09,0.135,0.2,0.3125,3,0.06666666666666667,0.13333333333333333,0.09000000000000001,0.045000000000000005,False,False,False,,False
2024-05-10,0.11250000000000002,0.2,0.335,3,0.06666666666666667,0.13333333333333333,0.09000000000000001,0.022500000000000003,False,False,False,,False
2024-05-13,0.11250000000000002,0.2,0.3125,3,0.06666666666666667,0.13333333333333333,0.09000000000000001,0.022500000000000003,False,False,False,,False
2024-05-14,0.11250000000000002,0.2,0.3125,3,0.06666666666666667,0.13333333333333333,0.09000000000000001,0.022500000000000003,False,False,False,,False
2024-05-15,0.11250000000000002,0.2,0.3125,3,0.06666666666666667,0.13333333333333333,0.09000000000000001,0.022500000000000003,False,False,False,,False
2024-05-16,0.11250000000000002,0.2,0.3125,3,0.06666666666666667,0.13333333333333333,0.09000000000000001,0.022500000000000003,False,False,False,,False
2024-05-17,0.11250000000000002,0.2,0.3125,3,0.06666666666666667,0.13333333333333333,0.09000000000000001,0.022500000000000003,False,False,False,,False
2024-05-20,0.11250000000000002,0.2,0.3125,3,0.06666666666666667,0.13333333333333333,0.09000000000000001,0.022500000000000003,False,False,False,,False
2024-05-21,0.09000000000000001,0.2,0.3125,3,0.06666666666666667,0.13333333333333333,0.09000000000000001,0.0,False,False,False,,False
2024-05-22,0.09000000000000001,0.2,0.29000000000000004,3,0.06666666666666667,0.13333333333333333,0.09000000000000001,0.0,False,False,False,,False
2024-05-23,0.11250000000000002,0.2,0.29000000000000004,3,0.06666666666666667,0.13333333333333333,0.09000000000000001,0.022500000000000003,False,False,False,,False
2024-05-24,0.11250000000000002,0.2,0.3125,3,0.06666666666666667,0.13333333333333333,0.09000000000000001,0.022500000000000003,False,False,False,,False
2024-05-28,0.11250000000000002,0.2,0.3125,3,0.06666666666666667,0.13333333333333333,0.09000000000000001,0.022500000000000003,False,False,False,,False
2024-05-29,0.11250000000000002,0.2,0.3125,3,0.06666666666666667,0.13333333333333333,0.09000000000000001,0.022500000000000003,False,False,False,,False
2024-05-30,0.2025,0.2,0.3125,3,0.06666666666666667,0.13333333333333333,0.18000000000000002,0.022500000000000003,False,False,False,,False
2024-05-31,0.11250000000000002,0.2,0.4025,3,0.06666666666666667,0.13333333333333333,0.09000000000000001,0.022500000000000003,False,False,False,,False
2024-06-03,0.11250000000000002,0.2,0.3125,3,0.06666666666666667,0.13333333333333333,0.09000000000000001,0.022500000000000003,False,False,False,,False
2024-06-04,0.11250000000000002,0.2,0.3125,3,0.06666666666666667,0.13333333333333333,0.09000000000000001,0.022500000000000003,False,False,False,,False
2024-06-05,0.09000000000000001,0.2,0.3125,3,0.06666666666666667,0.13333333333333333,0.09000000000000001,0.0,False,False,False,,False
2024-06-06,0.09000000000000001,0.2,0.29000000000000004,3,0.06666666666666667,0.13333333333333333,0.09000000000000001,0.0,False,False,False,,False
2024-06-07,0.09000000000000001,0.2,0.29000000000000004,3,0.06666666666666667,0.13333333333333333,0.09000000000000001,0.0,False,False,False,,False
2024-06-10,0.11250000000000002,0.2,0.29000000000000004,3,0.06666666666666667,0.13333333333333333,0.09000000000000001,0.022500000000000003,False,False,False,,False
2024-06-11,0.09000000000000001,0.2,0.3125,3,0.06666666666666667,0.13333333333333333,0.09000000000000001,0.0,False,False,False,,False
2024-06-12,0.11250000000000002,0.2,0.29000000000000004,3,0.06666666666666667,0.13333333333333333,0.09000000000000001,0.022500000000000003,False,False,False,,False
2024-06-13,0.11250000000000002,0.2,0.3125,3,0.06666666666666667,0.13333333333333333,0.09000000000000001,0.022500000000000003,False,False,False,,False
2024-06-14,0.11250000000000002,0.2,0.3125,3,0.06666666666666667,0.13333333333333333,0.09000000000000001,0.022500000000000003,False,False,False,,False
2024-06-17,0.11250000000000002,0.2,0.3125,3,0.06666666666666667,0.13333333333333333,0.09000000000000001,0.022500000000000003,False,False,False,,False
2024-06-18,0.022500000000000003,0.2,0.3125,3,0.06666666666666667,0.13333333333333333,0.0,0.022500000000000003,False,False,False,,False
2024-06-20,0.11250000000000002,0.2,0.2225,3,0.06666666666666667,0.13333333333333333,0.09000000000000001,0.022500000000000003,False,False,False,,False
2024-06-21,0.11250000000000002,0.2,0.3125,3,0.06666666666666667,0.13333333333333333,0.09000000000000001,0.022500000000000003,False,False,False,,False
2024-06-24,0.135,0.2,0.3125,3,0.06666666666666667,0.13333333333333333,0.09000000000000001,0.045000000000000005,False,False,False,,False
2024-06-25,0.15750000000000003,0.2,0.335,3,0.06666666666666667,0.13333333333333333,0.09000000000000001,0.0675,False,False,False,,False
2024-06-26,0.135,0.2,0.35750000000000004,3,0.06666666666666667,0.13333333333333333,0.09000000000000001,0.045000000000000005,False,False,False,,False
2024-06-27,0.135,0.2,0.335,3,0.06666666666666667,0.13333333333333333,0.09000000000000001,0.045000000000000005,False,False,False,,False
2024-06-28,0.135,0.2,0.335,3,0.06666666666666667,0.13333333333333333,0.09000000000000001,0.045000000000000005,False,False,False,,False
2024-07-01,0.135,0.2,0.335,3,0.06666666666666667,0.13333333333333333,0.09000000000000001,0.045000000000000005,False,False,False,,False
2024-07-02,0.045000000000000005,0.2,0.335,3,0.06666666666666667,0.13333333333333333,0.0,0.045000000000000005,False,False,False,,False
2024-07-03,0.135,0.2,0.24500000000000002,3,0.06666666666666667,0.13333333333333333,0.09000000000000001,0.045000000000000005,False,False,False,,False
2024-07-05,0.15750000000000003,0.2,0.335,3,0.06666666666666667,0.13333333333333333,0.09000000000000001,0.0675,False,False,False,,False
2024-07-08,0.15750000000000003,0.2,0.35750000000000004,3,0.06666666666666667,0.13333333333333333,0.09000000000000001,0.0675,False,False,False,,False
2024-07-09,0.15750000000000003,0.2,0.35750000000000004,3,0.06666666666666667,0.13333333333333333,0.09000000000000001,0.0675,False,False,False,,False
2024-07-10,0.15750000000000003,0.2,0.35750000000000004,3,0.06666666666666667,0.13333333333333333,0.09000000000000001,0.0675,False,False,False,,False
2024-07-11,0.15750000000000003,0.2,0.35750000000000004,3,0.06666666666666667,0.13333333333333333,0.09000000000000001,0.0675,False,False,False,,False
2024-07-12,0.15750000000000003,0.2,0.35750000000000004,3,0.06666666666666667,0.13333333333333333,0.09000000000000001,0.0675,False,False,False,,False
2024-07-15,0.135,0.2,0.35750000000000004,3,0.06666666666666667,0.13333333333333333,0.09000000000000001,0.045000000000000005,False,False,False,,False
2024-07-16,0.11250000000000002,0.2,0.335,3,0.06666666666666667,0.13333333333333333,0.09000000000000001,0.022500000000000003,False,False,False,,False
2024-07-17,0.2025,0.2,0.3125,3,0.06666666666666667,0.13333333333333333,0.18000000000000002,0.022500000000000003,False,False,False,,False
2024-07-18,0.2025,0.2,0.4025,3,0.06666666666666667,0.13333333333333333,0.18000000000000002,0.022500000000000003,False,False,False,,False
2024-07-19,0.2025,0.2,0.4025,3,0.06666666666666667,0.13333333333333333,0.18000000000000002,0.022500000000000003,False,False,False,,False
2024-07-22,0.2025,0.2,0.4025,3,0.06666666666666667,0.13333333333333333,0.18000000000000002,0.022500000000000003,False,False,False,,False
2024-07-23,0.2025,0.2,0.4025,3,0.06666666666666667,0.13333333333333333,0.18000000000000002,0.022500000000000003,False,False,False,,False
2024-07-24,0.29250000000000004,0.2,0.4025,3,0.06666666666666667,0.13333333333333333,0.27,0.022500000000000003,False,False,False,,False
2024-07-25,0.29250000000000004,0.2,0.49250000000000005,3,0.06666666666666667,0.13333333333333333,0.27,0.022500000000000003,False,False,False,,False
2024-07-26,0.2025,0.2,0.49250000000000005,3,0.06666666666666667,0.13333333333333333,0.18000000000000002,0.022500000000000003,False,False,False,,False
2024-07-29,0.2025,0.2,0.4025,3,0.06666666666666667,0.13333333333333333,0.18000000000000002,0.022500000000000003,False,False,False,,False
2024-07-30,0.29250000000000004,0.2,0.4025,3,0.06666666666666667,0.13333333333333333,0.27,0.022500000000000003,False,False,False,,False
2024-07-31,0.2025,0.2,0.49250000000000005,3,0.06666666666666667,0.13333333333333333,0.18000000000000002,0.022500000000000003,False,False,False,,False
2024-08-01,0.315,0.2,0.4025,3,0.06666666666666667,0.13333333333333333,0.27,0.045000000000000005,False,False,False,,False
2024-08-02,0.29250000000000004,0.2,0.515,3,0.06666666666666667,0.13333333333333333,0.27,0.022500000000000003,False,False,False,,False
2024-08-05,0.42750000000000005,0.2,0.49250000000000005,3,0.06666666666666667,0.13333333333333333,0.36000000000000004,0.0675,False,False,False,,False
2024-08-06,0.405,0.2,0.6275000000000001,3,0.06666666666666667,0.13333333333333333,0.36000000000000004,0.045000000000000005,False,True,False,,False
2024-08-07,0.42750000000000005,0.2,0.605,3,0.06666666666666667,0.13333333333333333,0.36000000000000004,0.0675,False,False,False,,False
2024-08-08,0.36000000000000004,0.2,0.6275000000000001,3,0.06666666666666667,0.13333333333333333,0.27,0.09000000000000001,False,False,False,,False
2024-08-09,0.315,0.2,0.56,3,0.06666666666666667,0.13333333333333333,0.27,0.045000000000000005,False,False,False,,False
2024-08-12,0.3375,0.2,0.515,3,0.06666666666666667,0.13333333333333333,0.27,0.0675,False,False,False,,False
2024-08-13,0.24750000000000003,0.2,0.5375000000000001,3,0.06666666666666667,0.13333333333333333,0.18000000000000002,0.0675,False,False,False,,False
2024-08-14,0.24750000000000003,0.2,0.4475,3,0.06666666666666667,0.13333333333333333,0.18000000000000002,0.0675,False,False,False,,False
2024-08-15,0.24750000000000003,0.2,0.4475,3,0.06666666666666667,0.13333333333333333,0.18000000000000002,0.0675,False,False,False,,False
2024-08-16,0.15750000000000003,0.2,0.4475,3,0.06666666666666667,0.13333333333333333,0.09000000000000001,0.0675,False,False,False,,False
2024-08-19,0.15750000000000003,0.2,0.35750000000000004,3,0.06666666666666667,0.13333333333333333,0.09000000000000001,0.0675,False,False,False,,False
2024-08-20,0.15750000000000003,0.2,0.35750000000000004,3,0.06666666666666667,0.13333333333333333,0.09000000000000001,0.0675,False,False,False,,False
2024-08-21,0.15750000000000003,0.2,0.35750000000000004,3,0.06666666666666667,0.13333333333333333,0.09000000000000001,0.0675,False,False,False,,False
2024-08-22,0.24750000000000003,0.2,0.35750000000000004,3,0.06666666666666667,0.13333333333333333,0.18000000000000002,0.0675,False,False,False,,False
2024-08-23,0.24750000000000003,0.2,0.4475,3,0.06666666666666667,0.13333333333333333,0.18000000000000002,0.0675,False,False,False,,False
2024-08-26,0.22500000000000003,0.2,0.4475,3,0.06666666666666667,0.13333333333333333,0.18000000000000002,0.045000000000000005,False,False,False,,False
2024-08-27,0.22500000000000003,0.2,0.42500000000000004,3,0.06666666666666667,0.13333333333333333,0.18000000000000002,0.045000000000000005,False,False,False,,False
2024-08-28,0.24750000000000003,0.2,0.42500000000000004,3,0.06666666666666667,0.13333333333333333,0.18000000000000002,0.0675,False,False,False,,False
2024-08-29,0.15750000000000003,0.2,0.4475,3,0.06666666666666667,0.13333333333333333,0.09000000000000001,0.0675,False,False,False,,False
2024-08-30,0.15750000000000003,0.2,0.35750000000000004,3,0.06666666666666667,0.13333333333333333,0.09000000000000001,0.0675,False,False,False,,False
2024-09-03,0.24750000000000003,0.2,0.35750000000000004,3,0.06666666666666667,0.13333333333333333,0.18000000000000002,0.0675,False,False,False,,False
2024-09-04,0.3375,0.2,0.4475,3,0.06666666666666667,0.13333333333333333,0.27,0.0675,False,False,False,,False
2024-09-05,0.24750000000000003,0.2,0.5375000000000001,3,0.06666666666666667,0.13333333333333333,0.18000000000000002,0.0675,False,False,False,,False
2024-09-06,0.30375,0.2,0.4475,3,0.06666666666666667,0.13333333333333333,0.27,0.03375,False,True,False,,False
2024-09-09,0.30375,0.2,0.50375,3,0.06666666666666667,0.13333333333333333,0.27,0.03375,False,True,False,,False
2024-09-10,0.2025,0.2,0.50375,3,0.06666666666666667,0.13333333333333333,0.18000000000000002,0.022500000000000003,False,True,False,,False
2024-09-11,0.2025,0.2,0.4025,3,0.06666666666666667,0.13333333333333333,0.18000000000000002,0.022500000000000003,False,True,False,,False
2024-09-12,0.2025,0.2,0.4025,3,0.06666666666666667,0.13333333333333333,0.18000000000000002,0.022500000000000003,False,True,False,,False
2024-09-13,0.135,0.2,0.4025,3,0.06666666666666667,0.13333333333333333,0.09000000000000001,0.045000000000000005,False,False,False,,False
2024-09-16,0.22500000000000003,0.2,0.335,3,0.06666666666666667,0.13333333333333333,0.18000000000000002,0.045000000000000005,False,False,False,,False
2024-09-17,0.22500000000000003,0.2,0.42500000000000004,3,0.06666666666666667,0.13333333333333333,0.18000000000000002,0.045000000000000005,False,False,False,,False
2024-09-18,0.22500000000000003,0.2,0.42500000000000004,3,0.06666666666666667,0.13333333333333333,0.18000000000000002,0.045000000000000005,False,False,False,,False
2024-09-19,0.135,0.2,0.42500000000000004,3,0.06666666666666667,0.13333333333333333,0.09000000000000001,0.045000000000000005,False,False,False,,False
2024-09-20,0.11250000000000002,0.2,0.335,3,0.06666666666666667,0.13333333333333333,0.09000000000000001,0.022500000000000003,False,False,False,,False
2024-09-23,0.11250000000000002,0.2,0.3125,3,0.06666666666666667,0.13333333333333333,0.09000000000000001,0.022500000000000003,False,False,False,,False
2024-09-24,0.11250000000000002,0.2,0.3125,3,0.06666666666666667,0.13333333333333333,0.09000000000000001,0.022500000000000003,False,False,False,,False
2024-09-25,0.11250000000000002,0.2,0.3125,3,0.06666666666666667,0.13333333333333333,0.09000000000000001,0.022500000000000003,False,False,False,,False
2024-09-26,0.11250000000000002,0.2,0.3125,3,0.06666666666666667,0.13333333333333333,0.09000000000000001,0.022500000000000003,False,False,False,,False
2024-09-27,0.11250000000000002,0.2,0.3125,3,0.06666666666666667,0.13333333333333333,0.09000000000000001,0.022500000000000003,False,False,False,,False
2024-09-30,0.11250000000000002,0.2,0.3125,3,0.06666666666666667,0.13333333333333333,0.09000000000000001,0.022500000000000003,False,False,False,,False
2024-10-01,0.2025,0.2,0.3125,3,0.06666666666666667,0.13333333333333333,0.18000000000000002,0.022500000000000003,False,False,False,,False
2024-10-02,0.22500000000000003,0.2,0.4025,3,0.06666666666666667,0.13333333333333333,0.18000000000000002,0.045000000000000005,False,False,False,,False
2024-10-03,0.22500000000000003,0.2,0.42500000000000004,3,0.06666666666666667,0.13333333333333333,0.18000000000000002,0.045000000000000005,False,False,False,,False
2024-10-04,0.22500000000000003,0.2,0.42500000000000004,3,0.06666666666666667,0.13333333333333333,0.18000000000000002,0.045000000000000005,False,False,False,,False
2024-10-07,0.2025,0.2,0.42500000000000004,3,0.06666666666666667,0.13333333333333333,0.18000000000000002,0.022500000000000003,False,False,False,,False
2024-10-08,0.22500000000000003,0.2,0.4025,3,0.06666666666666667,0.13333333333333333,0.18000000000000002,0.045000000000000005,False,False,False,,False
2024-10-09,0.22500000000000003,0.2,0.42500000000000004,3,0.06666666666666667,0.13333333333333333,0.18000000000000002,0.045000000000000005,False,False,False,,False
2024-10-10,0.22500000000000003,0.2,0.42500000000000004,3,0.06666666666666667,0.13333333333333333,0.18000000000000002,0.045000000000000005,False,False,False,,False
2024-10-11,0.22500000000000003,0.2,0.42500000000000004,3,0.06666666666666667,0.13333333333333333,0.18000000000000002,0.045000000000000005,False,False,False,,False
2024-10-14,0.22500000000000003,0.2,0.42500000000000004,3,0.06666666666666667,0.13333333333333333,0.18000000000000002,0.045000000000000005,False,False,False,,False
2024-10-15,0.2025,0.2,0.42500000000000004,3,0.06666666666666667,0.13333333333333333,0.18000000000000002,0.022500000000000003,False,False,False,,False
2024-10-16,0.18000000000000002,0.2,0.4025,3,0.06666666666666667,0.13333333333333333,0.18000000000000002,0.0,False,False,False,,False
2024-10-17,0.18000000000000002,0.2,0.38,3,0.06666666666666667,0.13333333333333333,0.18000000000000002,0.0,False,False,False,,False
2024-10-18,0.18000000000000002,0.2,0.38,3,0.06666666666666667,0.13333333333333333,0.18000000000000002,0.0,False,False,False,,False
2024-10-21,0.18000000000000002,0.2,0.38,3,0.06666666666666667,0.13333333333333333,0.18000000000000002,0.0,False,False,False,,False
2024-10-22,0.2025,0.2,0.38,3,0.06666666666666667,0.13333333333333333,0.18000000000000002,0.022500000000000003,False,False,False,,False
2024-10-23,0.2025,0.2,0.4025,3,0.06666666666666667,0.13333333333333333,0.18000000000000002,0.022500000000000003,False,False,False,,False
2024-10-24,0.2025,0.2,0.4025,3,0.06666666666666667,0.13333333333333333,0.18000000000000002,0.022500000000000003,False,False,False,,False
2024-10-25,0.18000000000000002,0.2,0.4025,3,0.06666666666666667,0.13333333333333333,0.18000000000000002,0.0,False,False,False,,False
2024-10-28,0.18000000000000002,0.2,0.38,3,0.06666666666666667,0.13333333333333333,0.18000000000000002,0.0,False,False,False,,False
2024-10-29,0.24000000000000002,0.2,0.38,3,0.06666666666666667,0.13333333333333333,0.18000000000000002,0.060000000000000005,False,False,True,加密极贪减仓至第 1 档（指数 85.8）,False
2024-10-30,0.21000000000000002,0.2,0.44000000000000006,3,0.06666666666666667,0.13333333333333333,0.18000000000000002,0.030000000000000002,False,False,True,加密极贪减仓至第 2 档（指数 92.6）,False
2024-10-31,0.30000000000000004,0.2,0.41000000000000003,3,0.06666666666666667,0.13333333333333333,0.27,0.030000000000000002,False,False,False,,False
2024-11-01,0.30000000000000004,0.2,0.5,3,0.06666666666666667,0.13333333333333333,0.27,0.030000000000000002,False,False,False,,False
2024-11-04,0.30000000000000004,0.2,0.5,3,0.06666666666666667,0.13333333333333333,0.27,0.030000000000000002,False,False,False,,False
2024-11-05,0.21000000000000002,0.2,0.5,3,0.06666666666666667,0.13333333333333333,0.18000000000000002,0.030000000000000002,False,False,False,,False
2024-11-06,0.12000000000000001,0.2,0.41000000000000003,3,0.06666666666666667,0.13333333333333333,0.09000000000000001,0.030000000000000002,False,False,False,,False
2024-11-07,0.12000000000000001,0.2,0.32,3,0.06666666666666667,0.13333333333333333,0.09000000000000001,0.030000000000000002,False,False,False,,False
2024-11-08,0.12000000000000001,0.2,0.32,3,0.06666666666666667,0.13333333333333333,0.09000000000000001,0.030000000000000002,False,False,False,,False
2024-11-11,0.12000000000000001,0.2,0.32,3,0.06666666666666667,0.13333333333333333,0.09000000000000001,0.030000000000000002,False,False,False,,False
2024-11-12,0.12000000000000001,0.2,0.32,3,0.06666666666666667,0.13333333333333333,0.09000000000000001,0.030000000000000002,False,False,False,,False
2024-11-13,0.12000000000000001,0.2,0.32,3,0.06666666666666667,0.13333333333333333,0.09000000000000001,0.030000000000000002,False,False,False,,False
2024-11-14,0.12000000000000001,0.2,0.32,3,0.06666666666666667,0.13333333333333333,0.09000000000000001,0.030000000000000002,False,False,False,,False
2024-11-15,0.21000000000000002,0.2,0.32,3,0.06666666666666667,0.13333333333333333,0.18000000000000002,0.030000000000000002,False,False,False,,False
2024-11-18,0.21000000000000002,0.2,0.41000000000000003,3,0.06666666666666667,0.13333333333333333,0.18000000000000002,0.030000000000000002,False,False,False,,False
2024-11-19,0.21000000000000002,0.2,0.41000000000000003,3,0.06666666666666667,0.13333333333333333,0.18000000000000002,0.030000000000000002,False,False,False,,False
2024-11-20,0.21000000000000002,0.2,0.41000000000000003,3,0.06666666666666667,0.13333333333333333,0.18000000000000002,0.030000000000000002,False,False,False,,False
2024-11-21,0.21000000000000002,0.2,0.41000000000000003,3,0.06666666666666667,0.13333333333333333,0.18000000000000002,0.030000000000000002,False,False,False,,False
2024-11-22,0.12000000000000001,0.2,0.41000000000000003,3,0.06666666666666667,0.13333333333333333,0.09000000000000001,0.030000000000000002,False,False,False,,False
2024-11-25,0.12000000000000001,0.2,0.32,3,0.06666666666666667,0.13333333333333333,0.09000000000000001,0.030000000000000002,False,False,False,,False
2024-11-26,0.12000000000000001,0.2,0.32,3,0.06666666666666667,0.13333333333333333,0.09000000000000001,0.030000000000000002,False,False,False,,False
2024-11-27,0.12000000000000001,0.2,0.32,3,0.06666666666666667,0.13333333333333333,0.09000000000000001,0.030000000000000002,False,False,False,,False
2024-11-29,0.12000000000000001,0.2,0.32,3,0.06666666666666667,0.13333333333333333,0.09000000000000001,0.030000000000000002,False,False,False,,False
2024-12-02,0.030000000000000002,0.2,0.32,3,0.06666666666666667,0.13333333333333333,0.0,0.030000000000000002,False,False,False,,False
2024-12-03,0.030000000000000002,0.2,0.23,3,0.06666666666666667,0.13333333333333333,0.0,0.030000000000000002,False,False,False,,False
2024-12-04,0.030000000000000002,0.2,0.23,3,0.06666666666666667,0.13333333333333333,0.0,0.030000000000000002,False,False,False,,False
2024-12-05,0.030000000000000002,0.2,0.23,3,0.06666666666666667,0.13333333333333333,0.0,0.030000000000000002,False,False,False,,False
2024-12-06,0.030000000000000002,0.2,0.23,3,0.06666666666666667,0.13333333333333333,0.0,0.030000000000000002,False,False,False,,False
2024-12-09,0.12000000000000001,0.2,0.23,3,0.06666666666666667,0.13333333333333333,0.09000000000000001,0.030000000000000002,False,False,False,,False
2024-12-10,0.12000000000000001,0.2,0.32,3,0.06666666666666667,0.13333333333333333,0.09000000000000001,0.030000000000000002,False,False,False,,False
2024-12-11,0.12000000000000001,0.2,0.32,3,0.06666666666666667,0.13333333333333333,0.09000000000000001,0.030000000000000002,False,False,False,,False
2024-12-12,0.12000000000000001,0.2,0.32,3,0.06666666666666667,0.13333333333333333,0.09000000000000001,0.030000000000000002,False,False,False,,False
2024-12-13,0.12000000000000001,0.2,0.32,3,0.06666666666666667,0.13333333333333333,0.09000000000000001,0.030000000000000002,False,False,False,,False
2024-12-16,0.12000000000000001,0.2,0.32,3,0.06666666666666667,0.13333333333333333,0.09000000000000001,0.030000000000000002,False,False,False,,False
2024-12-17,0.12000000000000001,0.2,0.32,3,0.06666666666666667,0.13333333333333333,0.09000000000000001,0.030000000000000002,False,False,False,,False
2024-12-18,0.30000000000000004,0.2,0.32,3,0.06666666666666667,0.13333333333333333,0.27,0.030000000000000002,False,False,False,,False
2024-12-19,0.30000000000000004,0.2,0.5,3,0.06666666666666667,0.13333333333333333,0.27,0.030000000000000002,False,False,False,,False
2024-12-20,0.21000000000000002,0.2,0.5,3,0.06666666666666667,0.13333333333333333,0.18000000000000002,0.030000000000000002,False,False,False,,False
2024-12-23,0.21000000000000002,0.2,0.41000000000000003,3,0.06666666666666667,0.13333333333333333,0.18000000000000002,0.030000000000000002,False,False,False,,False
2024-12-24,0.12000000000000001,0.2,0.41000000000000003,3,0.06666666666666667,0.13333333333333333,0.09000000000000001,0.030000000000000002,False,False,False,,False
2024-12-26,0.12000000000000001,0.2,0.32,3,0.06666666666666667,0.13333333333333333,0.09000000000000001,0.030000000000000002,False,False,False,,False
2024-12-27,0.12000000000000001,0.2,0.32,3,0.06666666666666667,0.13333333333333333,0.09000000000000001,0.030000000000000002,False,False,False,,False
2024-12-30,0.21000000000000002,0.2,0.32,3,0.06666666666666667,0.13333333333333333,0.18000000000000002,0.030000000000000002,False,False,False,,False
2024-12-31,0.21000000000000002,0.2,0.41000000000000003,3,0.06666666666666667,0.13333333333333333,0.18000000000000002,0.030000000000000002,False,False,False,,False
2025-01-02,0.21000000000000002,0.2,0.41000000000000003,3,0.06666666666666667,0.13333333333333333,0.18000000000000002,0.030000000000000002,False,False,False,,False
2025-01-03,0.21000000000000002,0.2,0.41000000000000003,3,0.06666666666666667,0.13333333333333333,0.18000000000000002,0.030000000000000002,False,False,False,,False
2025-01-06,0.21000000000000002,0.2,0.41000000000000003,3,0.06666666666666667,0.13333333333333333,0.18000000000000002,0.030000000000000002,False,False,False,,False
2025-01-07,0.21000000000000002,0.2,0.41000000000000003,3,0.06666666666666667,0.13333333333333333,0.18000000000000002,0.030000000000000002,False,False,False,,False
2025-01-08,0.21000000000000002,0.2,0.41000000000000003,3,0.06666666666666667,0.13333333333333333,0.18000000000000002,0.030000000000000002,False,False,False,,False
2025-01-10,0.24000000000000002,0.2,0.41000000000000003,3,0.06666666666666667,0.13333333333333333,0.18000000000000002,0.060000000000000005,False,False,True,加密极贪恢复一档（指数 50.1，剩余 1 档）,False
2025-01-13,0.24000000000000002,0.2,0.44000000000000006,3,0.06666666666666667,0.13333333333333333,0.18000000000000002,0.060000000000000005,False,False,False,,False
2025-01-14,0.24000000000000002,0.2,0.44000000000000006,3,0.06666666666666667,0.13333333333333333,0.18000000000000002,0.060000000000000005,False,False,False,,False
2025-01-15,0.24000000000000002,0.2,0.44000000000000006,3,0.06666666666666667,0.13333333333333333,0.18000000000000002,0.060000000000000005,False,False,False,,False
2025-01-16,0.24000000000000002,0.2,0.44000000000000006,3,0.06666666666666667,0.13333333333333333,0.18000000000000002,0.060000000000000005,False,False,False,,False
2025-01-17,0.24000000000000002,0.2,0.44000000000000006,3,0.06666666666666667,0.13333333333333333,0.18000000000000002,0.060000000000000005,False,False,False,,False
2025-01-21,0.15000000000000002,0.2,0.44000000000000006,3,0.06666666666666667,0.13333333333333333,0.09000000000000001,0.060000000000000005,False,False,False,,False
2025-01-22,0.15000000000000002,0.2,0.35000000000000003,3,0.06666666666666667,0.13333333333333333,0.09000000000000001,0.060000000000000005,False,False,False,,False
2025-01-23,0.15000000000000002,0.2,0.35000000000000003,3,0.06666666666666667,0.13333333333333333,0.09000000000000001,0.060000000000000005,False,False,False,,False
2025-01-24,0.15000000000000002,0.2,0.35000000000000003,3,0.06666666666666667,0.13333333333333333,0.09000000000000001,0.060000000000000005,False,False,False,,False
2025-01-27,0.24000000000000002,0.2,0.35000000000000003,3,0.06666666666666667,0.13333333333333333,0.18000000000000002,0.060000000000000005,False,False,False,,False
2025-01-28,0.24000000000000002,0.2,0.44000000000000006,3,0.06666666666666667,0.13333333333333333,0.18000000000000002,0.060000000000000005,False,False,False,,False
2025-01-29,0.24000000000000002,0.2,0.44000000000000006,3,0.06666666666666667,0.13333333333333333,0.18000000000000002,0.060000000000000005,False,False,False,,False
2025-01-30,0.24000000000000002,0.2,0.44000000000000006,3,0.06666666666666667,0.13333333333333333,0.18000000000000002,0.060000000000000005,False,False,False,,False
2025-01-31,0.24000000000000002,0.2,0.44000000000000006,3,0.06666666666666667,0.13333333333333333,0.18000000000000002,0.060000000000000005,False,False,False,,False
2025-02-03,0.22500000000000003,0.2,0.44000000000000006,3,0.06666666666666667,0.13333333333333333,0.18000000000000002,0.045000000000000005,False,False,True,加密极贪恢复一档（指数 47.4，剩余 0 档）,False
2025-02-04,0.2025,0.2,0.42500000000000004,3,0.06666666666666667,0.13333333333333333,0.18000000000000002,0.022500000000000003,False,False,False,,False
2025-02-05,0.22500000000000003,0.2,0.4025,3,0.06666666666666667,0.13333333333333333,0.18000000000000002,0.045000000000000005,False,False,False,,False
2025-02-06,0.22500000000000003,0.2,0.42500000000000004,3,0.06666666666666667,0.13333333333333333,0.18000000000000002,0.045000000000000005,False,False,False,,False
2025-02-07,0.22500000000000003,0.2,0.42500000000000004,3,0.06666666666666667,0.13333333333333333,0.18000000000000002,0.045000000000000005,False,False,False,,False
2025-02-10,0.135,0.2,0.42500000000000004,3,0.06666666666666667,0.13333333333333333,0.09000000000000001,0.045000000000000005,False,False,False,,False
2025-02-11,0.135,0.2,0.335,3,0.06666666666666667,0.13333333333333333,0.09000000000000001,0.045000000000000005,False,False,False,,False
2025-02-12,0.135,0.2,0.335,3,0.06666666666666667,0.13333333333333333,0.09000000000000001,0.045000000000000005,False,False,False,,False
2025-02-13,0.135,0.2,0.335,3,0.06666666666666667,0.13333333333333333,0.09000000000000001,0.045000000000000005,False,False,False,,False
2025-02-14,0.135,0.2,0.335,3,0.06666666666666667,0.13333333333333333,0.09000000000000001,0.045000000000000005,False,False,False,,False
2025-02-18,0.135,0.2,0.335,3,0.06666666666666667,0.13333333333333333,0.09000000000000001,0.045000000000000005,False,False,False,,False
2025-02-19,0.135,0.2,0.335,3,0.06666666666666667,0.13333333333333333,0.09000000000000001,0.045000000000000005,False,False,False,,False
2025-02-20,0.135,0.2,0.335,3,0.06666666666666667,0.13333333333333333,0.09000000000000001,0.045000000000000005,False,False,False,,False
2025-02-21,0.2025,0.2,0.335,3,0.06666666666666667,0.13333333333333333,0.18000000000000002,0.022500000000000003,False,False,False,,False
2025-02-24,0.22500000000000003,0.2,0.4025,3,0.06666666666666667,0.13333333333333333,0.18000000000000002,0.045000000000000005,False,False,False,,False
2025-02-25,0.3375,0.2,0.42500000000000004,3,0.06666666666666667,0.13333333333333333,0.27,0.0675,False,False,False,,False
2025-02-26,0.3375,0.2,0.5375000000000001,3,0.06666666666666667,0.13333333333333333,0.27,0.0675,False,False,False,,False
2025-02-27,0.36000000000000004,0.2,0.5375000000000001,3,0.06666666666666667,0.13333333333333333,0.27,0.09000000000000001,False,False,False,,False
2025-02-28,0.36000000000000004,0.2,0.56,3,0.06666666666666667,0.13333333333333333,0.27,0.09000000000000001,False,False,False,,False
2025-03-03,0.3375,0.2,0.56,3,0.06666666666666667,0.13333333333333333,0.27,0.0675,False,False,False,,False
2025-03-04,0.36000000000000004,0.2,0.5375000000000001,3,0.06666666666666667,0.13333333333333333,0.27,0.09000000000000001,False,False,False,,False
2025-03-05,0.36000000000000004,0.2,0.56,3,0.06666666666666667,0.13333333333333333,0.27,0.09000000000000001,False,False,False,,False
2025-03-06,0.2025,0.2,0.56,3,0.06666666666666667,0.13333333333333333,0.135,0.0675,True,False,False,,False
2025-03-07,0.2025,0.2,0.4025,3,0.06666666666666667,0.13333333333333333,0.135,0.0675,True,False,False,,False
2025-03-10,0.27,0.2,0.4025,3,0.06666666666666667,0.13333333333333333,0.18000000000000002,0.09000000000000001,True,False,False,,False
2025-03-11,0.27,0.2,0.47000000000000003,3,0.06666666666666667,0.13333333333333333,0.18000000000000002,0.09000000000000001,True,False,False,,False
2025-03-12,0.24750000000000003,0.2,0.47000000000000003,3,0.06666666666666667,0.13333333333333333,0.18000000000000002,0.0675,True,False,False,,False
2025-03-13,0.2025,0.2,0.4475,3,0.06666666666666667,0.13333333333333333,0.135,0.0675,True,False,False,,False
2025-03-14,0.2025,0.2,0.4025,3,0.06666666666666667,0.13333333333333333,0.135,0.0675,True,False,False,,False
2025-03-17,0.2025,0.2,0.4025,3,0.06666666666666667,0.13333333333333333,0.135,0.0675,True,False,False,,False
2025-03-18,0.2025,0.2,0.4025,3,0.06666666666666667,0.13333333333333333,0.135,0.0675,True,False,False,,False
2025-03-19,0.2025,0.2,0.4025,3,0.06666666666666667,0.13333333333333333,0.135,0.0675,True,False,False,,False
2025-03-20,0.2025,0.2,0.4025,3,0.06666666666666667,0.13333333333333333,0.135,0.0675,True,False,False,,False
2025-03-21,0.2025,0.2,0.4025,3,0.06666666666666667,0.13333333333333333,0.135,0.0675,True,False,False,,False
2025-03-24,0.15750000000000003,0.2,0.4025,3,0.06666666666666667,0.13333333333333333,0.09000000000000001,0.0675,True,False,False,,False
2025-03-25,0.15750000000000003,0.2,0.35750000000000004,3,0.06666666666666667,0.13333333333333333,0.09000000000000001,0.0675,True,False,False,,False
2025-03-26,0.2025,0.2,0.35750000000000004,3,0.06666666666666667,0.13333333333333333,0.135,0.0675,True,False,False,,False
2025-03-27,0.2025,0.2,0.4025,3,0.06666666666666667,0.13333333333333333,0.135,0.0675,True,False,False,,False
2025-03-28,0.2025,0.2,0.4025,3,0.06666666666666667,0.13333333333333333,0.135,0.0675,True,False,False,,False
2025-03-31,0.2025,0.2,0.4025,3,0.06666666666666667,0.13333333333333333,0.135,0.0675,True,False,False,,False
2025-04-01,0.2025,0.2,0.4025,3,0.06666666666666667,0.13333333333333333,0.135,0.0675,True,False,False,,False
2025-04-02,0.2025,0.2,0.4025,3,0.06666666666666667,0.13333333333333333,0.135,0.0675,True,False,False,,False
2025-04-03,0.24750000000000003,0.2,0.4025,3,0.06666666666666667,0.13333333333333333,0.18000000000000002,0.0675,True,False,False,,False
2025-04-04,0.24750000000000003,0.2,0.4475,3,0.06666666666666667,0.13333333333333333,0.18000000000000002,0.0675,True,False,False,,False
2025-04-07,0.24750000000000003,0.2,0.4475,3,0.06666666666666667,0.13333333333333333,0.18000000000000002,0.0675,True,False,False,,False
2025-04-08,0.24750000000000003,0.2,0.4475,3,0.06666666666666667,0.13333333333333333,0.18000000000000002,0.0675,True,False,False,,False
2025-04-09,0.22500000000000003,0.2,0.4475,3,0.06666666666666667,0.13333333333333333,0.18000000000000002,0.045000000000000005,True,True,False,,False
2025-04-10,0.24750000000000003,0.2,0.42500000000000004,3,0.06666666666666667,0.13333333333333333,0.18000000000000002,0.0675,True,False,False,,False
2025-04-11,0.2025,0.2,0.4475,3,0.06666666666666667,0.13333333333333333,0.135,0.0675,True,False,False,,False
2025-04-14,0.2025,0.2,0.4025,3,0.06666666666666667,0.13333333333333333,0.135,0.0675,True,False,False,,False
2025-04-15,0.2025,0.2,0.4025,3,0.06666666666666667,0.13333333333333333,0.135,0.0675,True,False,False,,False
2025-04-16,0.24750000000000003,0.2,0.4025,3,0.06666666666666667,0.13333333333333333,0.18000000000000002,0.0675,True,False,False,,False
2025-04-17,0.2025,0.2,0.4475,3,0.06666666666666667,0.13333333333333333,0.135,0.0675,True,False,False,,False
2025-04-21,0.24750000000000003,0.2,0.4025,3,0.06666666666666667,0.13333333333333333,0.18000000000000002,0.0675,True,False,False,,False
2025-04-22,0.22500000000000003,0.2,0.4475,3,0.06666666666666667,0.13333333333333333,0.18000000000000002,0.045000000000000005,True,False,False,,False
2025-04-23,0.1575,0.2,0.42500000000000004,3,0.06666666666666667,0.13333333333333333,0.135,0.022500000000000003,True,False,False,,False
2025-04-24,0.1575,0.2,0.35750000000000004,3,0.06666666666666667,0.13333333333333333,0.135,0.022500000000000003,True,False,False,,False
2025-04-25,0.1575,0.2,0.35750000000000004,3,0.06666666666666667,0.13333333333333333,0.135,0.022500000000000003,True,False,False,,False
2025-04-28,0.18000000000000002,0.2,0.35750000000000004,3,0.06666666666666667,0.13333333333333333,0.135,0.045000000000000005,True,False,False,,False
2025-04-29,0.1575,0.2,0.38,3,0.06666666666666667,0.13333333333333333,0.135,0.022500000000000003,True,False,False,,False
2025-04-30,0.18000000000000002,0.2,0.35750000000000004,3,0.06666666666666667,0.13333333333333333,0.135,0.045000000000000005,True,False,False,,False
2025-05-01,0.18000000000000002,0.2,0.38,3,0.06666666666666667,0.13333333333333333,0.135,0.045000000000000005,True,False,False,,False
2025-05-02,0.1575,0.2,0.38,3,0.06666666666666667,0.13333333333333333,0.135,0.022500000000000003,True,False,False,,False
2025-05-05,0.18000000000000002,0.2,0.35750000000000004,3,0.06666666666666667,0.13333333333333333,0.135,0.045000000000000005,True,False,False,,False
2025-05-06,0.1575,0.2,0.38,3,0.06666666666666667,0.13333333333333333,0.135,0.022500000000000003,True,False,False,,False
2025-05-07,0.1575,0.2,0.35750000000000004,3,0.06666666666666667,0.13333333333333333,0.135,0.022500000000000003,True,False,False,,False
2025-05-08,0.1575,0.2,0.35750000000000004,3,0.06666666666666667,0.13333333333333333,0.135,0.022500000000000003,True,False,False,,False
2025-05-09,0.135,0.2,0.35750000000000004,3,0.06666666666666667,0.13333333333333333,0.135,0.0,True,False,False,,False
2025-05-12,0.18000000000000002,0.2,0.335,3,0.06666666666666667,0.13333333333333333,0.18000000000000002,0.0,False,False,False,,False
2025-05-13,0.18000000000000002,0.2,0.38,3,0.06666666666666667,0.13333333333333333,0.18000000000000002,0.0,False,False,False,,False
2025-05-14,0.18000000000000002,0.2,0.38,3,0.06666666666666667,0.13333333333333333,0.18000000000000002,0.0,False,False,False,,False
2025-05-15,0.18000000000000002,0.2,0.38,3,0.06666666666666667,0.13333333333333333,0.18000000000000002,0.0,False,False,False,,False
2025-05-16,0.09000000000000001,0.2,0.38,3,0.06666666666666667,0.13333333333333333,0.09000000000000001,0.0,False,False,False,,False
2025-05-19,0.24000000000000002,0.2,0.29000000000000004,3,0.06666666666666667,0.13333333333333333,0.18000000000000002,0.060000000000000005,False,False,True,加密极贪减仓至第 1 档（指数 86.9）,False
2025-05-20,0.24000000000000002,0.2,0.44000000000000006,3,0.06666666666666667,0.13333333333333333,0.18000000000000002,0.060000000000000005,False,False,False,,False
2025-05-21,0.24000000000000002,0.2,0.44000000000000006,3,0.06666666666666667,0.13333333333333333,0.18000000000000002,0.060000000000000005,False,False,False,,False
2025-05-22,0.24000000000000002,0.2,0.44000000000000006,3,0.06666666666666667,0.13333333333333333,0.18000000000000002,0.060000000000000005,False,False,False,,False
2025-05-23,0.21000000000000002,0.2,0.44000000000000006,3,0.06666666666666667,0.13333333333333333,0.18000000000000002,0.030000000000000002,False,False,True,加密极贪减仓至第 2 档（指数 91.8）,False
2025-05-27,0.21000000000000002,0.2,0.41000000000000003,3,0.06666666666666667,0.13333333333333333,0.18000000000000002,0.030000000000000002,False,False,False,,False
2025-05-28,0.21000000000000002,0.2,0.41000000000000003,3,0.06666666666666667,0.13333333333333333,0.18000000000000002,0.030000000000000002,False,False,False,,False
2025-05-29,0.21000000000000002,0.2,0.41000000000000003,3,0.06666666666666667,0.13333333333333333,0.18000000000000002,0.030000000000000002,False,False,False,,False
2025-05-30,0.21000000000000002,0.2,0.41000000000000003,3,0.06666666666666667,0.13333333333333333,0.18000000000000002,0.030000000000000002,False,False,False,,False
2025-06-02,0.12000000000000001,0.2,0.41000000000000003,3,0.06666666666666667,0.13333333333333333,0.09000000000000001,0.030000000000000002,False,False,False,,False
2025-06-03,0.12000000000000001,0.2,0.32,3,0.06666666666666667,0.13333333333333333,0.09000000000000001,0.030000000000000002,False,False,False,,False
2025-06-04,0.12000000000000001,0.2,0.32,3,0.06666666666666667,0.13333333333333333,0.09000000000000001,0.030000000000000002,False,False,False,,False
2025-06-05,0.12000000000000001,0.2,0.32,3,0.06666666666666667,0.13333333333333333,0.09000000000000001,0.030000000000000002,False,False,False,,False
2025-06-06,0.15000000000000002,0.2,0.32,3,0.06666666666666667,0.13333333333333333,0.09000000000000001,0.060000000000000005,False,False,True,加密极贪恢复一档（指数 48.8，剩余 1 档）,False
2025-06-09,0.15000000000000002,0.2,0.35000000000000003,3,0.06666666666666667,0.13333333333333333,0.09000000000000001,0.060000000000000005,False,False,False,,False
2025-06-10,0.15000000000000002,0.2,0.35000000000000003,3,0.06666666666666667,0.13333333333333333,0.09000000000000001,0.060000000000000005,False,False,False,,False
2025-06-11,0.15000000000000002,0.2,0.35000000000000003,3,0.06666666666666667,0.13333333333333333,0.09000000000000001,0.060000000000000005,False,False,False,,False
2025-06-12,0.15000000000000002,0.2,0.35000000000000003,3,0.06666666666666667,0.13333333333333333,0.09000000000000001,0.060000000000000005,False,False,False,,False
2025-06-13,0.24000000000000002,0.2,0.35000000000000003,3,0.06666666666666667,0.13333333333333333,0.18000000000000002,0.060000000000000005,False,False,False,,False
2025-06-16,0.24000000000000002,0.2,0.44000000000000006,3,0.06666666666666667,0.13333333333333333,0.18000000000000002,0.060000000000000005,False,False,False,,False
2025-06-17,0.24000000000000002,0.2,0.44000000000000006,3,0.06666666666666667,0.13333333333333333,0.18000000000000002,0.060000000000000005,False,False,False,,False
2025-06-18,0.22500000000000003,0.2,0.44000000000000006,3,0.06666666666666667,0.13333333333333333,0.18000000000000002,0.045000000000000005,False,False,True,加密极贪恢复一档（指数 56.9，剩余 0 档）,False
2025-06-20,0.22500000000000003,0.2,0.42500000000000004,3,0.06666666666666667,0.13333333333333333,0.18000000000000002,0.045000000000000005,False,False,False,,False
2025-06-23,0.22500000000000003,0.2,0.42500000000000004,3,0.06666666666666667,0.13333333333333333,0.18000000000000002,0.045000000000000005,False,False,False,,False
2025-06-24,0.11250000000000002,0.2,0.42500000000000004,3,0.06666666666666667,0.13333333333333333,0.09000000000000001,0.022500000000000003,False,False,False,,False
2025-06-25,0.11250000000000002,0.2,0.3125,3,0.06666666666666667,0.13333333333333333,0.09000000000000001,0.022500000000000003,False,False,False,,False
2025-06-26,0.11250000000000002,0.2,0.3125,3,0.06666666666666667,0.13333333333333333,0.09000000000000001,0.022500000000000003,False,False,False,,False
2025-06-27,0.11250000000000002,0.2,0.3125,3,0.06666666666666667,0.13333333333333333,0.09000000000000001,0.022500000000000003,False,False,False,,False
2025-06-30,0.11250000000000002,0.2,0.3125,3,0.06666666666666667,0.13333333333333333,0.09000000000000001,0.022500000000000003,False,False,False,,False
2025-07-01,0.11250000000000002,0.2,0.3125,3,0.06666666666666667,0.13333333333333333,0.09000000000000001,0.022500000000000003,False,False,False,,False
2025-07-02,0.11250000000000002,0.2,0.3125,3,0.06666666666666667,0.13333333333333333,0.09000000000000001,0.022500000000000003,False,False,False,,False
2025-07-03,0.11250000000000002,0.2,0.3125,3,0.06666666666666667,0.13333333333333333,0.09000000000000001,0.022500000000000003,False,False,False,,False
2025-07-07,0.11250000000000002,0.2,0.3125,3,0.06666666666666667,0.13333333333333333,0.09000000000000001,0.022500000000000003,False,False,False,,False
2025-07-08,0.11250000000000002,0.2,0.3125,3,0.06666666666666667,0.13333333333333333,0.09000000000000001,0.022500000000000003,False,False,False,,False
2025-07-09,0.11250000000000002,0.2,0.3125,3,0.06666666666666667,0.13333333333333333,0.09000000000000001,0.022500000000000003,False,False,False,,False
2025-07-10,0.11250000000000002,0.2,0.3125,3,0.06666666666666667,0.13333333333333333,0.09000000000000001,0.022500000000000003,False,False,False,,False
2025-07-11,0.09000000000000001,0.2,0.3125,3,0.06666666666666667,0.13333333333333333,0.09000000000000001,0.0,False,False,False,,False
2025-07-14,0.15000000000000002,0.2,0.29000000000000004,3,0.06666666666666667,0.13333333333333333,0.09000000000000001,0.060000000000000005,False,False,True,加密极贪减仓至第 1 档（指数 86.8）,False
2025-07-15,0.15000000000000002,0.2,0.35000000000000003,3,0.06666666666666667,0.13333333333333333,0.09000000000000001,0.060000000000000005,False,False,False,,False
2025-07-16,0.15000000000000002,0.2,0.35000000000000003,3,0.06666666666666667,0.13333333333333333,0.09000000000000001,0.060000000000000005,False,False,False,,False
2025-07-17,0.15000000000000002,0.2,0.35000000000000003,3,0.06666666666666667,0.13333333333333333,0.09000000000000001,0.060000000000000005,False,False,False,,False
2025-07-18,0.15000000000000002,0.2,0.35000000000000003,3,0.06666666666666667,0.13333333333333333,0.09000000000000001,0.060000000000000005,False,False,False,,False
2025-07-21,0.15000000000000002,0.2,0.35000000000000003,3,0.06666666666666667,0.13333333333333333,0.09000000000000001,0.060000000000000005,False,False,False,,False
2025-07-22,0.15000000000000002,0.2,0.35000000000000003,3,0.06666666666666667,0.13333333333333333,0.09000000000000001,0.060000000000000005,False,False,False,,False
2025-07-23,0.15000000000000002,0.2,0.35000000000000003,3,0.06666666666666667,0.13333333333333333,0.09000000000000001,0.060000000000000005,False,False,False,,False
2025-07-24,0.15000000000000002,0.2,0.35000000000000003,3,0.06666666666666667,0.13333333333333333,0.09000000000000001,0.060000000000000005,False,False,False,,False
2025-07-25,0.060000000000000005,0.2,0.35000000000000003,3,0.06666666666666667,0.13333333333333333,0.0,0.060000000000000005,False,False,False,,False
2025-07-28,0.060000000000000005,0.2,0.26,3,0.06666666666666667,0.13333333333333333,0.0,0.060000000000000005,False,False,False,,False
2025-07-29,0.15000000000000002,0.2,0.26,3,0.06666666666666667,0.13333333333333333,0.09000000000000001,0.060000000000000005,False,False,False,,False
2025-07-30,0.15000000000000002,0.2,0.35000000000000003,3,0.06666666666666667,0.13333333333333333,0.09000000000000001,0.060000000000000005,False,False,False,,False
2025-07-31,0.15000000000000002,0.2,0.35000000000000003,3,0.06666666666666667,0.13333333333333333,0.09000000000000001,0.060000000000000005,False,False,False,,False
2025-08-01,0.24000000000000002,0.2,0.35000000000000003,3,0.06666666666666667,0.13333333333333333,0.18000000000000002,0.060000000000000005,False,False,False,,False
2025-08-04,0.24000000000000002,0.2,0.44000000000000006,3,0.06666666666666667,0.13333333333333333,0.18000000000000002,0.060000000000000005,False,False,False,,False
2025-08-05,0.24000000000000002,0.2,0.44000000000000006,3,0.06666666666666667,0.13333333333333333,0.18000000000000002,0.060000000000000005,False,False,False,,False
2025-08-06,0.22500000000000003,0.2,0.44000000000000006,3,0.06666666666666667,0.13333333333333333,0.18000000000000002,0.045000000000000005,False,False,True,加密极贪恢复一档（指数 57.4，剩余 0 档）,False
2025-08-07,0.11250000000000002,0.2,0.42500000000000004,3,0.06666666666666667,0.13333333333333333,0.09000000000000001,0.022500000000000003,False,False,False,,False
2025-08-08,0.09000000000000001,0.2,0.3125,3,0.06666666666666667,0.13333333333333333,0.09000000000000001,0.0,False,False,False,,False
2025-08-11,0.11250000000000002,0.2,0.29000000000000004,3,0.06666666666666667,0.13333333333333333,0.09000000000000001,0.022500000000000003,False,False,False,,False
2025-08-12,0.11250000000000002,0.2,0.3125,3,0.06666666666666667,0.13333333333333333,0.09000000000000001,0.022500000000000003,False,False,False,,False
2025-08-13,0.09000000000000001,0.2,0.3125,3,0.06666666666666667,0.13333333333333333,0.09000000000000001,0.0,False,False,False,,False
2025-08-14,0.15000000000000002,0.2,0.29000000000000004,3,0.06666666666666667,0.13333333333333333,0.09000000000000001,0.060000000000000005,False,False,True,加密极贪减仓至第 1 档（指数 86.6）,False
2025-08-15,0.15000000000000002,0.2,0.35000000000000003,3,0.06666666666666667,0.13333333333333333,0.09000000000000001,0.060000000000000005,False,False,False,,False
2025-08-18,0.15000000000000002,0.2,0.35000000000000003,3,0.06666666666666667,0.13333333333333333,0.09000000000000001,0.060000000000000005,False,False,False,,False
2025-08-19,0.135,0.2,0.35000000000000003,3,0.06666666666666667,0.13333333333333333,0.09000000000000001,0.045000000000000005,False,False,True,加密极贪恢复一档（指数 56.4，剩余 0 档）,False
2025-08-20,0.15750000000000003,0.2,0.335,3,0.06666666666666667,0.13333333333333333,0.09000000000000001,0.0675,False,False,False,,False
2025-08-21,0.22500000000000003,0.2,0.35750000000000004,3,0.06666666666666667,0.13333333333333333,0.18000000000000002,0.045000000000000005,False,False,False,,False
2025-08-22,0.135,0.2,0.42500000000000004,3,0.06666666666666667,0.13333333333333333,0.09000000000000001,0.045000000000000005,False,False,False,,False
2025-08-25,0.135,0.2,0.335,3,0.06666666666666667,0.13333333333333333,0.09000000000000001,0.045000000000000005,False,False,False,,False
2025-08-26,0.15750000000000003,0.2,0.335,3,0.06666666666666667,0.13333333333333333,0.09000000000000001,0.0675,False,False,False,,False
2025-08-27,0.135,0.2,0.35750000000000004,3,0.06666666666666667,0.13333333333333333,0.09000000000000001,0.045000000000000005,False,False,False,,False
2025-08-28,0.135,0.2,0.335,3,0.06666666666666667,0.13333333333333333,0.09000000000000001,0.045000000000000005,False,False,False,,False
2025-08-29,0.135,0.2,0.335,3,0.06666666666666667,0.13333333333333333,0.09000000000000001,0.045000000000000005,False,False,False,,False
2025-09-02,0.24750000000000003,0.2,0.335,3,0.06666666666666667,0.13333333333333333,0.18000000000000002,0.0675,False,False,False,,False
2025-09-03,0.22500000000000003,0.2,0.4475,3,0.06666666666666667,0.13333333333333333,0.18000000000000002,0.045000000000000005,False,False,False,,False
2025-09-04,0.135,0.2,0.42500000000000004,3,0.06666666666666667,0.13333333333333333,0.09000000000000001,0.045000000000000005,False,False,False,,False
2025-09-05,0.15750000000000003,0.2,0.335,3,0.06666666666666667,0.13333333333333333,0.09000000000000001,0.0675,False,False,False,,False
2025-09-08,0.135,0.2,0.35750000000000004,3,0.06666666666666667,0.13333333333333333,0.09000000000000001,0.045000000000000005,False,False,False,,False
2025-09-09,0.135,0.2,0.335,3,0.06666666666666667,0.13333333333333333,0.09000000000000001,0.045000000000000005,False,False,False,,False
2025-09-10,0.135,0.2,0.335,3,0.06666666666666667,0.13333333333333333,0.09000000000000001,0.045000000000000005,False,False,False,,False
2025-09-11,0.135,0.2,0.335,3,0.06666666666666667,0.13333333333333333,0.09000000000000001,0.045000000000000005,False,False,False,,False
2025-09-12,0.135,0.2,0.335,3,0.06666666666666667,0.13333333333333333,0.09000000000000001,0.045000000000000005,False,False,False,,False
2025-09-15,0.135,0.2,0.335,3,0.06666666666666667,0.13333333333333333,0.09000000000000001,0.045000000000000005,False,False,False,,False
2025-09-16,0.135,0.2,0.335,3,0.06666666666666667,0.13333333333333333,0.09000000000000001,0.045000000000000005,False,False,False,,False
2025-09-17,0.135,0.2,0.335,3,0.06666666666666667,0.13333333333333333,0.09000000000000001,0.045000000000000005,False,False,False,,False
2025-09-18,0.135,0.2,0.335,3,0.06666666666666667,0.13333333333333333,0.09000000000000001,0.045000000000000005,False,False,False,,False
2025-09-19,0.135,0.2,0.335,3,0.06666666666666667,0.13333333333333333,0.09000000000000001,0.045000000000000005,False,False,False,,False
2025-09-22,0.135,0.2,0.335,3,0.06666666666666667,0.13333333333333333,0.09000000000000001,0.045000000000000005,False,False,False,,False
2025-09-23,0.15750000000000003,0.2,0.335,3,0.06666666666666667,0.13333333333333333,0.09000000000000001,0.0675,False,False,False,,False
2025-09-24,0.15750000000000003,0.2,0.35750000000000004,3,0.06666666666666667,0.13333333333333333,0.09000000000000001,0.0675,False,False,False,,False
2025-09-25,0.135,0.2,0.35750000000000004,3,0.06666666666666667,0.13333333333333333,0.09000000000000001,0.045000000000000005,False,False,False,,False
2025-09-26,0.15750000000000003,0.2,0.335,3,0.06666666666666667,0.13333333333333333,0.09000000000000001,0.0675,False,False,False,,False
2025-09-29,0.135,0.2,0.35750000000000004,3,0.06666666666666667,0.13333333333333333,0.09000000000000001,0.045000000000000005,False,False,False,,False
2025-09-30,0.135,0.2,0.335,3,0.06666666666666667,0.13333333333333333,0.09000000000000001,0.045000000000000005,False,False,False,,False
2025-10-01,0.135,0.2,0.335,3,0.06666666666666667,0.13333333333333333,0.09000000000000001,0.045000000000000005,False,False,False,,False
2025-10-02,0.11250000000000002,0.2,0.335,3,0.06666666666666667,0.13333333333333333,0.09000000000000001,0.022500000000000003,False,False,False,,False
2025-10-03,0.11250000000000002,0.2,0.3125,3,0.06666666666666667,0.13333333333333333,0.09000000000000001,0.022500000000000003,False,False,False,,False
2025-10-06,0.11250000000000002,0.2,0.3125,3,0.06666666666666667,0.13333333333333333,0.09000000000000001,0.022500000000000003,False,False,False,,False
2025-10-07,0.2025,0.2,0.3125,3,0.06666666666666667,0.13333333333333333,0.18000000000000002,0.022500000000000003,False,False,False,,False
2025-10-08,0.11250000000000002,0.2,0.4025,3,0.06666666666666667,0.13333333333333333,0.09000000000000001,0.022500000000000003,False,False,False,,False
2025-10-09,0.11250000000000002,0.2,0.3125,3,0.06666666666666667,0.13333333333333333,0.09000000000000001,0.022500000000000003,False,False,False,,False
2025-10-10,0.29250000000000004,0.2,0.3125,3,0.06666666666666667,0.13333333333333333,0.27,0.022500000000000003,False,False,False,,False
2025-10-13,0.24750000000000003,0.2,0.49250000000000005,3,0.06666666666666667,0.13333333333333333,0.18000000000000002,0.0675,False,False,False,,False
2025-10-14,0.3375,0.2,0.4475,3,0.06666666666666667,0.13333333333333333,0.27,0.0675,False,False,False,,False
2025-10-15,0.3375,0.2,0.5375000000000001,3,0.06666666666666667,0.13333333333333333,0.27,0.0675,False,False,False,,False
2025-10-16,0.3375,0.2,0.5375000000000001,3,0.06666666666666667,0.13333333333333333,0.27,0.0675,False,False,False,,False
2025-10-17,0.36000000000000004,0.2,0.5375000000000001,3,0.06666666666666667,0.13333333333333333,0.27,0.09000000000000001,False,False,False,,False
2025-10-20,0.24750000000000003,0.2,0.56,3,0.06666666666666667,0.13333333333333333,0.18000000000000002,0.0675,False,False,False,,False
2025-10-21,0.24750000000000003,0.2,0.4475,3,0.06666666666666667,0.13333333333333333,0.18000000000000002,0.0675,False,False,False,,False
2025-10-22,0.27,0.2,0.4475,3,0.06666666666666667,0.13333333333333333,0.18000000000000002,0.09000000000000001,False,False,False,,False
2025-10-23,0.24750000000000003,0.2,0.47000000000000003,3,0.06666666666666667,0.13333333333333333,0.18000000000000002,0.0675,False,False,False,,False
2025-10-24,0.15750000000000003,0.2,0.4475,3,0.06666666666666667,0.13333333333333333,0.09000000000000001,0.0675,False,False,False,,False
2025-10-27,0.135,0.2,0.35750000000000004,3,0.06666666666666667,0.13333333333333333,0.09000000000000001,0.045000000000000005,False,False,False,,False
2025-10-28,0.135,0.2,0.335,3,0.06666666666666667,0.13333333333333333,0.09000000000000001,0.045000000000000005,False,False,False,,False
2025-10-29,0.135,0.2,0.335,3,0.06666666666666667,0.13333333333333333,0.09000000000000001,0.045000000000000005,False,False,False,,False
2025-10-30,0.24750000000000003,0.2,0.335,3,0.06666666666666667,0.13333333333333333,0.18000000000000002,0.0675,False,False,False,,False
2025-10-31,0.24750000000000003,0.2,0.4475,3,0.06666666666666667,0.13333333333333333,0.18000000000000002,0.0675,False,False,False,,False
2025-11-03,0.24750000000000003,0.2,0.4475,3,0.06666666666666667,0.13333333333333333,0.18000000000000002,0.0675,False,False,False,,False
2025-11-04,0.27,0.2,0.4475,3,0.06666666666666667,0.13333333333333333,0.18000000000000002,0.09000000000000001,False,False,False,,False
2025-11-05,0.22500000000000003,0.2,0.47000000000000003,3,0.06666666666666667,0.13333333333333333,0.18000000000000002,0.045000000000000005,False,True,False,,False
2025-11-06,0.315,0.2,0.42500000000000004,3,0.06666666666666667,0.13333333333333333,0.27,0.045000000000000005,False,True,False,,False
2025-11-07,0.315,0.2,0.515,3,0.06666666666666667,0.13333333333333333,0.27,0.045000000000000005,False,True,False,,False
2025-11-10,0.24750000000000003,0.2,0.515,3,0.06666666666666667,0.13333333333333333,0.18000000000000002,0.0675,False,False,False,,False
2025-11-11,0.27,0.2,0.4475,3,0.06666666666666667,0.13333333333333333,0.18000000000000002,0.09000000000000001,False,False,False,,False
2025-11-12,0.22500000000000003,0.2,0.47000000000000003,3,0.06666666666666667,0.13333333333333333,0.18000000000000002,0.045000000000000005,False,True,False,,False
2025-11-13,0.315,0.2,0.42500000000000004,3,0.06666666666666667,0.13333333333333333,0.27,0.045000000000000005,False,True,False,,False
2025-11-14,0.315,0.2,0.515,3,0.06666666666666667,0.13333333333333333,0.27,0.045000000000000005,False,True,False,,False
2025-11-17,0.315,0.2,0.515,3,0.06666666666666667,0.13333333333333333,0.27,0.045000000000000005,False,True,False,,False
2025-11-18,0.315,0.2,0.515,3,0.06666666666666667,0.13333333333333333,0.27,0.045000000000000005,False,True,False,,False
2025-11-19,0.315,0.2,0.515,3,0.06666666666666667,0.13333333333333333,0.27,0.045000000000000005,False,True,False,,False
2025-11-20,0.405,0.2,0.515,3,0.06666666666666667,0.13333333333333333,0.36000000000000004,0.045000000000000005,False,True,False,,False
2025-11-21,0.405,0.2,0.605,3,0.06666666666666667,0.13333333333333333,0.36000000000000004,0.045000000000000005,False,True,False,,False
2025-11-24,0.315,0.2,0.605,3,0.06666666666666667,0.13333333333333333,0.27,0.045000000000000005,False,True,False,,False
2025-11-25,0.315,0.2,0.515,3,0.06666666666666667,0.13333333333333333,0.27,0.045000000000000005,False,True,False,,False
2025-11-26,0.22500000000000003,0.2,0.515,3,0.06666666666666667,0.13333333333333333,0.18000000000000002,0.045000000000000005,False,True,False,,False
2025-11-28,0.22500000000000003,0.2,0.42500000000000004,3,0.06666666666666667,0.13333333333333333,0.18000000000000002,0.045000000000000005,False,True,False,,False
2025-12-01,0.22500000000000003,0.2,0.42500000000000004,3,0.06666666666666667,0.13333333333333333,0.18000000000000002,0.045000000000000005,False,True,False,,False
2025-12-02,0.22500000000000003,0.2,0.42500000000000004,3,0.06666666666666667,0.13333333333333333,0.18000000000000002,0.045000000000000005,False,True,False,,False
2025-12-03,0.135,0.2,0.42500000000000004,3,0.06666666666666667,0.13333333333333333,0.09000000000000001,0.045000000000000005,False,True,False,,False
2025-12-04,0.135,0.2,0.335,3,0.06666666666666667,0.13333333333333333,0.09000000000000001,0.045000000000000005,False,True,False,,False
2025-12-05,0.135,0.2,0.335,3,0.06666666666666667,0.13333333333333333,0.09000000000000001,0.045000000000000005,False,True,False,,False
2025-12-08,0.135,0.2,0.335,3,0.06666666666666667,0.13333333333333333,0.09000000000000001,0.045000000000000005,False,True,False,,False
2025-12-09,0.22500000000000003,0.2,0.335,3,0.06666666666666667,0.13333333333333333,0.18000000000000002,0.045000000000000005,False,True,False,,False
2025-12-10,0.135,0.2,0.42500000000000004,3,0.06666666666666667,0.13333333333333333,0.09000000000000001,0.045000000000000005,False,True,False,,False
2025-12-11,0.135,0.2,0.335,3,0.06666666666666667,0.13333333333333333,0.09000000000000001,0.045000000000000005,False,True,False,,False
2025-12-12,0.22500000000000003,0.2,0.335,3,0.06666666666666667,0.13333333333333333,0.18000000000000002,0.045000000000000005,False,True,False,,False
2025-12-15,0.22500000000000003,0.2,0.42500000000000004,3,0.06666666666666667,0.13333333333333333,0.18000000000000002,0.045000000000000005,False,True,False,,False
2025-12-16,0.22500000000000003,0.2,0.42500000000000004,3,0.06666666666666667,0.13333333333333333,0.18000000000000002,0.045000000000000005,False,True,False,,False
2025-12-17,0.22500000000000003,0.2,0.42500000000000004,3,0.06666666666666667,0.13333333333333333,0.18000000000000002,0.045000000000000005,False,True,False,,False
2025-12-18,0.22500000000000003,0.2,0.42500000000000004,3,0.06666666666666667,0.13333333333333333,0.18000000000000002,0.045000000000000005,False,True,False,,False
2025-12-19,0.135,0.2,0.42500000000000004,3,0.06666666666666667,0.13333333333333333,0.09000000000000001,0.045000000000000005,False,True,False,,False
2025-12-22,0.135,0.2,0.335,3,0.06666666666666667,0.13333333333333333,0.09000000000000001,0.045000000000000005,False,True,False,,False
2025-12-23,0.135,0.2,0.335,3,0.06666666666666667,0.13333333333333333,0.09000000000000001,0.045000000000000005,False,True,False,,False
2025-12-24,0.135,0.2,0.335,3,0.06666666666666667,0.13333333333333333,0.09000000000000001,0.045000000000000005,False,True,False,,False
2025-12-26,0.135,0.2,0.335,3,0.06666666666666667,0.13333333333333333,0.09000000000000001,0.045000000000000005,False,True,False,,False
2025-12-29,0.135,0.2,0.335,3,0.06666666666666667,0.13333333333333333,0.09000000000000001,0.045000000000000005,False,True,False,,False
2025-12-30,0.135,0.2,0.335,3,0.06666666666666667,0.13333333333333333,0.09000000000000001,0.045000000000000005,False,True,False,,False
2025-12-31,0.22500000000000003,0.2,0.335,3,0.06666666666666667,0.13333333333333333,0.18000000000000002,0.045000000000000005,False,True,False,,False
2026-01-02,0.21375000000000002,0.2,0.42500000000000004,3,0.06666666666666667,0.13333333333333333,0.18000000000000002,0.03375,False,True,False,,False
2026-01-05,0.21375000000000002,0.2,0.41375000000000006,3,0.06666666666666667,0.13333333333333333,0.18000000000000002,0.03375,False,True,False,,False
2026-01-06,0.12375000000000001,0.2,0.41375000000000006,3,0.06666666666666667,0.13333333333333333,0.09000000000000001,0.03375,False,True,False,,False
2026-01-07,0.21375000000000002,0.2,0.32375000000000004,3,0.06666666666666667,0.13333333333333333,0.18000000000000002,0.03375,False,True,False,,False
2026-01-08,0.21375000000000002,0.2,0.41375000000000006,3,0.06666666666666667,0.13333333333333333,0.18000000000000002,0.03375,False,True,False,,False
2026-01-09,0.12375000000000001,0.2,0.41375000000000006,3,0.06666666666666667,0.13333333333333333,0.09000000000000001,0.03375,False,True,False,,False
2026-01-12,0.12375000000000001,0.2,0.32375000000000004,3,0.06666666666666667,0.13333333333333333,0.09000000000000001,0.03375,False,True,False,,False
2026-01-13,0.21375000000000002,0.2,0.32375000000000004,3,0.06666666666666667,0.13333333333333333,0.18000000000000002,0.03375,False,True,False,,False
2026-01-14,0.2025,0.2,0.41375000000000006,3,0.06666666666666667,0.13333333333333333,0.18000000000000002,0.022500000000000003,False,True,False,,False
2026-01-15,0.2025,0.2,0.4025,3,0.06666666666666667,0.13333333333333333,0.18000000000000002,0.022500000000000003,False,True,False,,False
2026-01-16,0.2025,0.2,0.4025,3,0.06666666666666667,0.13333333333333333,0.18000000000000002,0.022500000000000003,False,True,False,,False
2026-01-20,0.30375,0.2,0.4025,3,0.06666666666666667,0.13333333333333333,0.27,0.03375,False,True,False,,False
2026-01-21,0.22500000000000003,0.2,0.50375,3,0.06666666666666667,0.13333333333333333,0.18000000000000002,0.045000000000000005,False,True,False,,False
2026-01-22,0.22500000000000003,0.2,0.42500000000000004,3,0.06666666666666667,0.13333333333333333,0.18000000000000002,0.045000000000000005,False,True,False,,False
2026-01-23,0.22500000000000003,0.2,0.42500000000000004,3,0.06666666666666667,0.13333333333333333,0.18000000000000002,0.045000000000000005,False,True,False,,False
2026-01-26,0.22500000000000003,0.2,0.42500000000000004,3,0.06666666666666667,0.13333333333333333,0.18000000000000002,0.045000000000000005,False,True,False,,False
2026-01-27,0.12375000000000001,0.2,0.42500000000000004,3,0.06666666666666667,0.13333333333333333,0.09000000000000001,0.03375,False,True,False,,False
2026-01-28,0.12375000000000001,0.2,0.32375000000000004,3,0.06666666666666667,0.13333333333333333,0.09000000000000001,0.03375,False,True,False,,False
2026-01-29,0.21375000000000002,0.2,0.32375000000000004,3,0.06666666666666667,0.13333333333333333,0.18000000000000002,0.03375,False,True,False,,False
2026-01-30,0.22500000000000003,0.2,0.41375000000000006,3,0.06666666666666667,0.13333333333333333,0.18000000000000002,0.045000000000000005,False,True,False,,False
2026-02-02,0.22500000000000003,0.2,0.42500000000000004,3,0.06666666666666667,0.13333333333333333,0.18000000000000002,0.045000000000000005,False,True,False,,False
2026-02-03,0.22500000000000003,0.2,0.42500000000000004,3,0.06666666666666667,0.13333333333333333,0.18000000000000002,0.045000000000000005,False,True,False,,False
2026-02-04,0.315,0.2,0.42500000000000004,3,0.06666666666666667,0.13333333333333333,0.27,0.045000000000000005,False,True,False,,False
2026-02-05,0.315,0.2,0.515,3,0.06666666666666667,0.13333333333333333,0.27,0.045000000000000005,False,True,False,,False
2026-02-06,0.315,0.2,0.515,3,0.06666666666666667,0.13333333333333333,0.27,0.045000000000000005,False,True,False,,False
2026-02-09,0.315,0.2,0.515,3,0.06666666666666667,0.13333333333333333,0.27,0.045000000000000005,False,True,False,,False
2026-02-10,0.315,0.2,0.515,3,0.06666666666666667,0.13333333333333333,0.27,0.045000000000000005,False,True,False,,False
2026-02-11,0.22500000000000003,0.2,0.515,3,0.06666666666666667,0.13333333333333333,0.18000000000000002,0.045000000000000005,False,True,False,,False
2026-02-12,0.315,0.2,0.42500000000000004,3,0.06666666666666667,0.13333333333333333,0.27,0.045000000000000005,False,True,False,,False
2026-02-13,0.315,0.2,0.515,3,0.06666666666666667,0.13333333333333333,0.27,0.045000000000000005,False,True,False,,False
2026-02-17,0.315,0.2,0.515,3,0.06666666666666667,0.13333333333333333,0.27,0.045000000000000005,False,True,False,,False
2026-02-18,0.315,0.2,0.515,3,0.06666666666666667,0.13333333333333333,0.27,0.045000000000000005,False,True,False,,False
2026-02-19,0.315,0.2,0.515,3,0.06666666666666667,0.13333333333333333,0.27,0.045000000000000005,False,True,False,,False
2026-02-20,0.315,0.2,0.515,3,0.06666666666666667,0.13333333333333333,0.27,0.045000000000000005,False,True,False,,False
2026-02-23,0.315,0.2,0.515,3,0.06666666666666667,0.13333333333333333,0.27,0.045000000000000005,False,True,False,,False
2026-02-24,0.315,0.2,0.515,3,0.06666666666666667,0.13333333333333333,0.27,0.045000000000000005,False,True,False,,False
2026-02-25,0.22500000000000003,0.2,0.515,3,0.06666666666666667,0.13333333333333333,0.18000000000000002,0.045000000000000005,False,True,False,,False
2026-02-26,0.315,0.2,0.42500000000000004,3,0.06666666666666667,0.13333333333333333,0.27,0.045000000000000005,False,True,False,,False
2026-02-27,0.315,0.2,0.515,3,0.06666666666666667,0.13333333333333333,0.27,0.045000000000000005,False,True,False,,False
2026-03-02,0.315,0.2,0.515,3,0.06666666666666667,0.13333333333333333,0.27,0.045000000000000005,False,True,False,,False
2026-03-03,0.315,0.2,0.515,3,0.06666666666666667,0.13333333333333333,0.27,0.045000000000000005,False,True,False,,False
2026-03-04,0.315,0.2,0.515,3,0.06666666666666667,0.13333333333333333,0.27,0.045000000000000005,False,True,False,,False
2026-03-05,0.315,0.2,0.515,3,0.06666666666666667,0.13333333333333333,0.27,0.045000000000000005,False,True,False,,False
2026-03-06,0.315,0.2,0.515,3,0.06666666666666667,0.13333333333333333,0.27,0.045000000000000005,False,True,False,,False
2026-03-09,0.315,0.2,0.515,3,0.06666666666666667,0.13333333333333333,0.27,0.045000000000000005,False,True,False,,False
2026-03-10,0.315,0.2,0.515,3,0.06666666666666667,0.13333333333333333,0.27,0.045000000000000005,False,True,False,,False
2026-03-11,0.315,0.2,0.515,3,0.06666666666666667,0.13333333333333333,0.27,0.045000000000000005,False,True,False,,False
2026-03-12,0.315,0.2,0.515,3,0.06666666666666667,0.13333333333333333,0.27,0.045000000000000005,False,True,False,,False
2026-03-13,0.315,0.2,0.515,3,0.06666666666666667,0.13333333333333333,0.27,0.045000000000000005,False,True,False,,False
2026-03-16,0.315,0.2,0.515,3,0.06666666666666667,0.13333333333333333,0.27,0.045000000000000005,False,True,False,,False
2026-03-17,0.30375,0.2,0.515,3,0.06666666666666667,0.13333333333333333,0.27,0.03375,False,True,False,,False
2026-03-18,0.30375,0.2,0.50375,3,0.06666666666666667,0.13333333333333333,0.27,0.03375,False,True,False,,False
2026-03-19,0.315,0.2,0.50375,3,0.06666666666666667,0.13333333333333333,0.27,0.045000000000000005,False,True,False,,False
2026-03-20,0.18000000000000002,0.2,0.515,3,0.06666666666666667,0.13333333333333333,0.135,0.045000000000000005,True,True,False,,False
2026-03-23,0.18000000000000002,0.2,0.38,3,0.06666666666666667,0.13333333333333333,0.135,0.045000000000000005,True,True,False,,False
2026-03-24,0.18000000000000002,0.2,0.38,3,0.06666666666666667,0.13333333333333333,0.135,0.045000000000000005,True,True,False,,False
2026-03-25,0.18000000000000002,0.2,0.38,3,0.06666666666666667,0.13333333333333333,0.135,0.045000000000000005,True,True,False,,False
2026-03-26,0.18000000000000002,0.2,0.38,3,0.06666666666666667,0.13333333333333333,0.135,0.045000000000000005,True,True,False,,False
2026-03-27,0.22500000000000003,0.2,0.38,3,0.06666666666666667,0.13333333333333333,0.18000000000000002,0.045000000000000005,True,True,False,,False
2026-03-30,0.22500000000000003,0.2,0.42500000000000004,3,0.06666666666666667,0.13333333333333333,0.18000000000000002,0.045000000000000005,True,True,False,,False
2026-03-31,0.18000000000000002,0.2,0.42500000000000004,3,0.06666666666666667,0.13333333333333333,0.135,0.045000000000000005,True,True,False,,False
2026-04-01,0.18000000000000002,0.2,0.38,3,0.06666666666666667,0.13333333333333333,0.135,0.045000000000000005,True,True,False,,False
2026-04-02,0.18000000000000002,0.2,0.38,3,0.06666666666666667,0.13333333333333333,0.135,0.045000000000000005,True,True,False,,False
2026-04-06,0.18000000000000002,0.2,0.38,3,0.06666666666666667,0.13333333333333333,0.135,0.045000000000000005,True,True,False,,False
2026-04-07,0.18000000000000002,0.2,0.38,3,0.06666666666666667,0.13333333333333333,0.135,0.045000000000000005,True,True,False,,False
2026-04-08,0.30375,0.2,0.38,3,0.06666666666666667,0.13333333333333333,0.27,0.03375,False,True,False,,False
2026-04-09,0.30375,0.2,0.50375,3,0.06666666666666667,0.13333333333333333,0.27,0.03375,False,True,False,,False
2026-04-10,0.21375000000000002,0.2,0.50375,3,0.06666666666666667,0.13333333333333333,0.18000000000000002,0.03375,False,True,False,,False
2026-04-13,0.22500000000000003,0.2,0.41375000000000006,3,0.06666666666666667,0.13333333333333333,0.18000000000000002,0.045000000000000005,False,True,False,,False
2026-04-14,0.21375000000000002,0.2,0.42500000000000004,3,0.06666666666666667,0.13333333333333333,0.18000000000000002,0.03375,False,True,False,,False
2026-04-15,0.21375000000000002,0.2,0.41375000000000006,3,0.06666666666666667,0.13333333333333333,0.18000000000000002,0.03375,False,True,False,,False
2026-04-16,0.21375000000000002,0.2,0.41375000000000006,3,0.06666666666666667,0.13333333333333333,0.18000000000000002,0.03375,False,True,False,,False
2026-04-17,0.21375000000000002,0.2,0.41375000000000006,3,0.06666666666666667,0.13333333333333333,0.18000000000000002,0.03375,False,True,False,,False
2026-04-21,0.21375000000000002,0.2,0.41375000000000006,3,0.06666666666666667,0.13333333333333333,0.18000000000000002,0.03375,False,True,False,,False
2026-04-22,0.21375000000000002,0.2,0.41375000000000006,3,0.06666666666666667,0.13333333333333333,0.18000000000000002,0.03375,False,True,False,,False
2026-04-23,0.2025,0.2,0.41375000000000006,3,0.06666666666666667,0.13333333333333333,0.18000000000000002,0.022500000000000003,False,True,False,,False
2026-04-24,0.2025,0.2,0.4025,3,0.06666666666666667,0.13333333333333333,0.18000000000000002,0.022500000000000003,False,True,False,,False
2026-04-27,0.2025,0.2,0.4025,3,0.06666666666666667,0.13333333333333333,0.18000000000000002,0.022500000000000003,False,True,False,,False
2026-04-28,0.21375000000000002,0.2,0.4025,3,0.06666666666666667,0.13333333333333333,0.18000000000000002,0.03375,False,True,False,,False
2026-04-29,0.21375000000000002,0.2,0.41375000000000006,3,0.06666666666666667,0.13333333333333333,0.18000000000000002,0.03375,False,True,False,,False
2026-04-30,0.12375000000000001,0.2,0.41375000000000006,3,0.06666666666666667,0.13333333333333333,0.09000000000000001,0.03375,False,True,False,,False
2026-05-01,0.12375000000000001,0.2,0.32375000000000004,3,0.06666666666666667,0.13333333333333333,0.09000000000000001,0.03375,False,True,False,,False
2026-05-04,0.2025,0.2,0.32375000000000004,3,0.06666666666666667,0.13333333333333333,0.18000000000000002,0.022500000000000003,False,True,False,,False
2026-05-05,0.11250000000000002,0.2,0.4025,3,0.06666666666666667,0.13333333333333333,0.09000000000000001,0.022500000000000003,False,True,False,,False
2026-05-06,0.11250000000000002,0.2,0.3125,3,0.06666666666666667,0.13333333333333333,0.09000000000000001,0.022500000000000003,False,True,False,,False
2026-05-07,0.11250000000000002,0.2,0.3125,3,0.06666666666666667,0.13333333333333333,0.09000000000000001,0.022500000000000003,False,True,False,,False
2026-05-08,0.11250000000000002,0.2,0.3125,3,0.06666666666666667,0.13333333333333333,0.09000000000000001,0.022500000000000003,False,True,False,,False
2026-05-11,0.2025,0.2,0.3125,3,0.06666666666666667,0.13333333333333333,0.18000000000000002,0.022500000000000003,False,True,False,,False
2026-05-12,0.2025,0.2,0.4025,3,0.06666666666666667,0.13333333333333333,0.18000000000000002,0.022500000000000003,False,True,False,,False
2026-05-13,0.2025,0.2,0.4025,3,0.06666666666666667,0.13333333333333333,0.18000000000000002,0.022500000000000003,False,True,False,,False
2026-05-14,0.11250000000000002,0.2,0.4025,3,0.06666666666666667,0.13333333333333333,0.09000000000000001,0.022500000000000003,False,True,False,,False
2026-05-15,0.2025,0.2,0.3125,3,0.06666666666666667,0.13333333333333333,0.18000000000000002,0.022500000000000003,False,True,False,,False
2026-05-18,0.21375000000000002,0.2,0.4025,3,0.06666666666666667,0.13333333333333333,0.18000000000000002,0.03375,False,True,False,,False
2026-05-19,0.21375000000000002,0.2,0.41375000000000006,3,0.06666666666666667,0.13333333333333333,0.18000000000000002,0.03375,False,True,False,,False
2026-05-20,0.21375000000000002,0.2,0.41375000000000006,3,0.06666666666666667,0.13333333333333333,0.18000000000000002,0.03375,False,True,False,,False
2026-05-21,0.12375000000000001,0.2,0.41375000000000006,3,0.06666666666666667,0.13333333333333333,0.09000000000000001,0.03375,False,True,False,,False
2026-05-22,0.12375000000000001,0.2,0.32375000000000004,3,0.06666666666666667,0.13333333333333333,0.09000000000000001,0.03375,False,True,False,,False
2026-05-26,0.12375000000000001,0.2,0.32375000000000004,3,0.06666666666666667,0.13333333333333333,0.09000000000000001,0.03375,False,True,False,,False
2026-05-27,0.12375000000000001,0.2,0.32375000000000004,3,0.06666666666666667,0.13333333333333333,0.09000000000000001,0.03375,False,True,False,,False
2026-05-28,0.12375000000000001,0.2,0.32375000000000004,3,0.06666666666666667,0.13333333333333333,0.09000000000000001,0.03375,False,True,False,,False
2026-05-29,0.12375000000000001,0.2,0.32375000000000004,3,0.06666666666666667,0.13333333333333333,0.09000000000000001,0.03375,False,True,False,,False
2026-06-01,0.12375000000000001,0.2,0.32375000000000004,3,0.06666666666666667,0.13333333333333333,0.09000000000000001,0.03375,False,True,False,,False
2026-06-02,0.12375000000000001,0.2,0.32375000000000004,3,0.06666666666666667,0.13333333333333333,0.09000000000000001,0.03375,False,True,False,,False
2026-06-03,0.135,0.2,0.32375000000000004,3,0.06666666666666667,0.13333333333333333,0.09000000000000001,0.045000000000000005,False,True,False,,False
2026-06-04,0.135,0.2,0.335,3,0.06666666666666667,0.13333333333333333,0.09000000000000001,0.045000000000000005,False,True,False,,False
2026-06-05,0.315,0.2,0.335,3,0.06666666666666667,0.13333333333333333,0.27,0.045000000000000005,False,True,False,,False
2026-06-08,0.22500000000000003,0.2,0.515,3,0.06666666666666667,0.13333333333333333,0.18000000000000002,0.045000000000000005,False,True,False,,False
2026-06-09,0.315,0.2,0.42500000000000004,3,0.06666666666666667,0.13333333333333333,0.27,0.045000000000000005,False,True,False,,False
2026-06-10,0.315,0.2,0.515,3,0.06666666666666667,0.13333333333333333,0.27,0.045000000000000005,False,True,False,,False
2026-06-11,0.315,0.2,0.515,3,0.06666666666666667,0.13333333333333333,0.27,0.045000000000000005,False,True,False,,False
2026-06-12,0.22500000000000003,0.2,0.515,3,0.06666666666666667,0.13333333333333333,0.18000000000000002,0.045000000000000005,False,True,False,,False
2026-06-15,0.22500000000000003,0.2,0.42500000000000004,3,0.06666666666666667,0.13333333333333333,0.18000000000000002,0.045000000000000005,False,True,False,,False
2026-06-16,0.22500000000000003,0.2,0.42500000000000004,3,0.06666666666666667,0.13333333333333333,0.18000000000000002,0.045000000000000005,False,True,False,,False
2026-06-17,0.22500000000000003,0.2,0.42500000000000004,3,0.06666666666666667,0.13333333333333333,0.18000000000000002,0.045000000000000005,False,True,False,,False
2026-06-18,0.22500000000000003,0.2,0.42500000000000004,3,0.06666666666666667,0.13333333333333333,0.18000000000000002,0.045000000000000005,False,True,False,,False
2026-06-22,0.22500000000000003,0.2,0.42500000000000004,3,0.06666666666666667,0.13333333333333333,0.18000000000000002,0.045000000000000005,False,True,False,,False
2026-06-23,0.315,0.2,0.42500000000000004,3,0.06666666666666667,0.13333333333333333,0.27,0.045000000000000005,False,True,False,,False
2026-06-24,0.315,0.2,0.515,3,0.06666666666666667,0.13333333333333333,0.27,0.045000000000000005,False,True,False,,False
2026-06-25,0.315,0.2,0.515,3,0.06666666666666667,0.13333333333333333,0.27,0.045000000000000005,False,True,False,,False
2026-06-26,0.315,0.2,0.515,3,0.06666666666666667,0.13333333333333333,0.27,0.045000000000000005,False,True,False,,False
2026-06-29,0.22500000000000003,0.2,0.515,3,0.06666666666666667,0.13333333333333333,0.18000000000000002,0.045000000000000005,False,True,False,,False
2026-06-30,0.22500000000000003,0.2,0.42500000000000004,3,0.06666666666666667,0.13333333333333333,0.18000000000000002,0.045000000000000005,False,True,False,,False
2026-07-01,0.22500000000000003,0.2,0.42500000000000004,3,0.06666666666666667,0.13333333333333333,0.18000000000000002,0.045000000000000005,False,True,False,,False
2026-07-02,0.22500000000000003,0.2,0.42500000000000004,3,0.06666666666666667,0.13333333333333333,0.18000000000000002,0.045000000000000005,False,True,False,,False
2026-07-06,0.21375000000000002,0.2,0.42500000000000004,3,0.06666666666666667,0.13333333333333333,0.18000000000000002,0.03375,False,True,False,,False
2026-07-07,0.21375000000000002,0.2,0.41375000000000006,3,0.06666666666666667,0.13333333333333333,0.18000000000000002,0.03375,False,True,False,,False
2026-07-08,0.21375000000000002,0.2,0.41375000000000006,3,0.06666666666666667,0.13333333333333333,0.18000000000000002,0.03375,False,True,False,,False
2026-07-09,0.21375000000000002,0.2,0.41375000000000006,3,0.06666666666666667,0.13333333333333333,0.18000000000000002,0.03375,False,True,False,,False
2026-07-10,0.12375000000000001,0.2,0.41375000000000006,3,0.06666666666666667,0.13333333333333333,0.09000000000000001,0.03375,False,True,False,,False
2026-07-13,0.21375000000000002,0.2,0.32375000000000004,3,0.06666666666666667,0.13333333333333333,0.18000000000000002,0.03375,False,True,False,,False
2026-07-14,0.21375000000000002,0.2,0.41375000000000006,3,0.06666666666666667,0.13333333333333333,0.18000000000000002,0.03375,False,True,False,,False
2026-07-15,0.21375000000000002,0.2,0.41375000000000006,3,0.06666666666666667,0.13333333333333333,0.18000000000000002,0.03375,False,True,False,,False
2026-07-16,0.21375000000000002,0.2,0.41375000000000006,3,0.06666666666666667,0.13333333333333333,0.18000000000000002,0.03375,False,True,False,,False
2026-07-17,0.30375,0.2,0.41375000000000006,3,0.06666666666666667,0.13333333333333333,0.27,0.03375,False,True,False,,False
2026-07-20,0.30375,0.2,0.50375,3,0.06666666666666667,0.13333333333333333,0.27,0.03375,False,True,False,,False
2026-07-21,0.21375000000000002,0.2,0.50375,3,0.06666666666666667,0.13333333333333333,0.18000000000000002,0.03375,False,True,False,,False
2026-07-22,0.21375000000000002,0.2,0.41375000000000006,3,0.06666666666666667,0.13333333333333333,0.18000000000000002,0.03375,False,True,False,,False
2026-07-23,0.30375,0.2,0.41375000000000006,3,0.06666666666666667,0.13333333333333333,0.27,0.03375,False,True,False,,False
2026-07-24,0.30375,0.2,0.50375,3,0.06666666666666667,0.13333333333333333,0.27,0.03375,False,True,False,,False
2026-07-27,0.30375,0.2,0.50375,3,0.06666666666666667,0.13333333333333333,0.27,0.03375,False,True,False,,False
2026-07-28,0.30375,0.2,0.50375,3,0.06666666666666667,0.13333333333333333,0.27,0.03375,False,True,False,,False
2026-07-29,0.30375,0.2,0.50375,3,0.06666666666666667,0.13333333333333333,0.27,0.03375,False,True,False,,False
2026-07-30,0.30375,0.2,0.50375,3,0.06666666666666667,0.13333333333333333,0.27,0.03375,False,True,False,,False
2026-07-31,0.21375000000000002,0.2,0.50375,3,0.06666666666666667,0.13333333333333333,0.18000000000000002,0.03375,False,True,False,,False
2026-08-03,0.21375000000000002,0.2,0.41375000000000006,3,0.06666666666666667,0.13333333333333333,0.18000000000000002,0.03375,False,True,False,,False
2026-08-04,0.21375000000000002,0.2,0.41375000000000006,3,0.06666666666666667,0.13333333333333333,0.18000000000000002,0.03375,False,True,False,,False
2026-08-05,0.21375000000000002,0.2,0.41375000000000006,3,0.06666666666666667,0.13333333333333333,0.18000000000000002,0.03375,False,True,False,,False
2026-08-06,0.21375000000000002,0.2,0.41375000000000006,3,0.06666666666666667,0.13333333333333333,0.18000000000000002,0.03375,False,True,False,,False
2026-08-07,0.21375000000000002,0.2,0.41375000000000006,3,0.06666666666666667,0.13333333333333333,0.18000000000000002,0.03375,False,True,False,,False
2026-08-10,0.21375000000000002,0.2,0.41375000000000006,3,0.06666666666666667,0.13333333333333333,0.18000000000000002,0.03375,False,True,False,,False
2026-08-11,0.21375000000000002,0.2,0.41375000000000006,3,0.06666666666666667,0.13333333333333333,0.18000000000000002,0.03375,False,True,False,,False
2026-08-12,0.12375000000000001,0.2,0.41375000000000006,3,0.06666666666666667,0.13333333333333333,0.09000000000000001,0.03375,False,True,False,,False
2026-08-13,0.12375000000000001,0.2,0.32375000000000004,3,0.06666666666666667,0.13333333333333333,0.09000000000000001,0.03375,False,True,False,,False
2026-08-14,0.12375000000000001,0.2,0.32375000000000004,3,0.06666666666666667,0.13333333333333333,0.09000000000000001,0.03375,False,True,False,,False
2026-08-17,0.12375000000000001,0.2,0.32375000000000004,3,0.06666666666666667,0.13333333333333333,0.09000000000000001,0.03375,False,True,False,,False
2026-08-18,0.2025,0.2,0.32375000000000004,3,0.06666666666666667,0.13333333333333333,0.18000000000000002,0.022500000000000003,False,True,False,,False
2026-08-19,0.2025,0.2,0.4025,3,0.06666666666666667,0.13333333333333333,0.18000000000000002,0.022500000000000003,False,True,False,,False
2026-08-20,0.2025,0.2,0.4025,3,0.06666666666666667,0.13333333333333333,0.18000000000000002,0.022500000000000003,False,True,False,,False
2026-08-21,0.19125000000000003,0.2,0.4025,3,0.06666666666666667,0.13333333333333333,0.18000000000000002,0.011250000000000001,False,True,False,,False
2026-08-24,0.2025,0.2,0.39125000000000004,3,0.06666666666666667,0.13333333333333333,0.18000000000000002,0.022500000000000003,False,False,False,,False
2026-08-25,0.2025,0.2,0.4025,3,0.06666666666666667,0.13333333333333333,0.18000000000000002,0.022500000000000003,False,False,False,,False
2026-08-26,0.2025,0.2,0.4025,3,0.06666666666666667,0.13333333333333333,0.18000000000000002,0.022500000000000003,False,False,False,,False
2026-08-27,0.11250000000000002,0.2,0.4025,3,0.06666666666666667,0.13333333333333333,0.09000000000000001,0.022500000000000003,False,False,False,,False
2026-08-28,0.2025,0.2,0.3125,3,0.06666666666666667,0.13333333333333333,0.18000000000000002,0.022500000000000003,False,False,False,,False
2026-08-31,0.2025,0.2,0.4025,3,0.06666666666666667,0.13333333333333333,0.18000000000000002,0.022500000000000003,False,False,False,,False
2026-09-01,0.2025,0.2,0.4025,3,0.06666666666666667,0.13333333333333333,0.18000000000000002,0.022500000000000003,False,False,False,,False
2026-09-02,0.22500000000000003,0.2,0.4025,3,0.06666666666666667,0.13333333333333333,0.18000000000000002,0.045000000000000005,False,False,False,,False
2026-09-03,0.2025,0.2,0.42500000000000004,3,0.06666666666666667,0.13333333333333333,0.18000000000000002,0.022500000000000003,False,False,False,,False
2026-09-04,0.2025,0.2,0.4025,3,0.06666666666666667,0.13333333333333333,0.18000000000000002,0.022500000000000003,False,False,False,,False
2026-09-08,0.2025,0.2,0.4025,3,0.06666666666666667,0.13333333333333333,0.18000000000000002,0.022500000000000003,False,False,False,,False
2026-09-09,0.2025,0.2,0.4025,3,0.06666666666666667,0.13333333333333333,0.18000000000000002,0.022500000000000003,False,False,False,,False
2026-09-10,0.2025,0.2,0.4025,3,0.06666666666666667,0.13333333333333333,0.18000000000000002,0.022500000000000003,False,False,False,,False
2026-09-11,0.22500000000000003,0.2,0.4025,3,0.06666666666666667,0.13333333333333333,0.18000000000000002,0.045000000000000005,False,False,False,,False
2026-09-14,0.22500000000000003,0.2,0.42500000000000004,3,0.06666666666666667,0.13333333333333333,0.18000000000000002,0.045000000000000005,False,False,False,,False
2026-09-15,0.2025,0.2,0.42500000000000004,3,0.06666666666666667,0.13333333333333333,0.18000000000000002,0.022500000000000003,False,False,False,,False
2026-09-16,0.315,0.2,0.4025,3,0.06666666666666667,0.13333333333333333,0.27,0.045000000000000005,False,False,False,,False
2026-09-17,0.22500000000000003,0.2,0.515,3,0.06666666666666667,0.13333333333333333,0.18000000000000002,0.045000000000000005,False,False,False,,False
2026-09-18,0.22500000000000003,0.2,0.42500000000000004,3,0.06666666666666667,0.13333333333333333,0.18000000000000002,0.045000000000000005,False,False,False,,False
2026-09-21,0.11250000000000002,0.2,0.42500000000000004,3,0.06666666666666667,0.13333333333333333,0.09000000000000001,0.022500000000000003,False,False,False,,False
2026-09-22,0.11250000000000002,0.2,0.3125,3,0.06666666666666667,0.13333333333333333,0.09000000000000001,0.022500000000000003,False,False,False,,False
2026-09-23,0.11250000000000002,0.2,0.3125,3,0.06666666666666667,0.13333333333333333,0.09000000000000001,0.022500000000000003,False,False,False,,False
2026-09-24,0.2025,0.2,0.3125,3,0.06666666666666667,0.13333333333333333,0.18000000000000002,0.022500000000000003,False,False,False,,False
2026-09-25,0.2025,0.2,0.4025,3,0.06666666666666667,0.13333333333333333,0.18000000000000002,0.022500000000000003,False,False,False,,False
2026-09-28,0.2025,0.2,0.4025,3,0.06666666666666667,0.13333333333333333,0.18000000000000002,0.022500000000000003,False,False,False,,False
2026-09-29,0.2025,0.2,0.4025,3,0.06666666666666667,0.13333333333333333,0.18000000000000002,0.022500000000000003,False,False,False,,False
2026-09-30,0.18000000000000002,0.2,0.4025,3,0.06666666666666667,0.13333333333333333,0.18000000000000002,,False,False,False,指数无效,False
2026-10-01,0.18000000000000002,0.2,0.38,3,0.06666666666666667,0.13333333333333333,0.18000000000000002,,False,False,False,指数无效,False
2026-10-02,0.18000000000000002,0.2,0.38,3,0.06666666666666667,0.13333333333333333,0.18000000000000002,,False,False,False,指数无效,False
2026-10-05,0.18000000000000002,0.2,0.38,3,0.06666666666666667,0.13333333333333333,0.18000000000000002,,False,False,False,指数无效,False
2026-10-06,0.09000000000000001,0.2,0.38,3,0.06666666666666667,0.13333333333333333,0.09000000000000001,,False,False,False,指数无效,False
