date,symbol,open,high,low,close,volume
2024-04-02,BITU,34.91,36.11,34.52,35.91,104330.0
2024-04-03,BITU,35.57,36.7289,35.3,35.6828,517351.0
2024-04-04,BITU,37.21,39.355,37.0,38.44,708439.0
2024-04-05,BITU,36.67,38.55,36.5268,37.12,473612.0
2024-04-08,BITU,42.47,42.47,41.38,42.03,757151.0
2024-04-09,BITU,40.75,41.04,37.85,38.72,792644.0
2024-04-10,BITU,37.25,40.0,37.0,40.0,846645.0
2024-04-11,BITU,40.72,40.81,39.25,40.39,589056.0
2024-04-12,BITU,39.88,40.1191,34.23,36.2,1045999.0
2024-04-15,BITU,35.56,35.81,31.26,32.32,1496271.0
2024-04-16,BITU,32.1,32.2693,30.6205,31.71,722695.0
2024-04-17,BITU,31.26,31.94,28.55,29.92,1148610.0
2024-04-18,BITU,31.25,33.0,30.75,32.41,619390.0
2024-04-19,BITU,33.67,34.04,32.42,33.25,1153223.0
2024-04-22,BITU,35.02,35.84,34.57,35.51,632858.0
2024-04-23,BITU,35.0,36.12,34.93,35.39,393736.0
2024-04-24,BITU,34.91,35.17,32.29,32.6,719022.0
2024-04-25,BITU,31.75,33.5,31.48,33.31,508019.0
2024-04-26,BITU,32.47,33.415,31.87,32.37,357399.0
2024-04-29,BITU,31.08,31.72,30.24,31.52,505362.0
2024-04-30,BITU,29.7,29.94,27.7001,27.91,981450.0
2024-05-01,BITU,26.14,27.87,25.2,25.6,1252742.0
2024-05-02,BITU,27.19,27.9,26.7,27.7,456097.0
2024-05-03,BITU,29.4,30.4,29.38,30.32,616848.0
2024-05-06,BITU,31.74,32.36,30.92,31.27,802771.0
2024-05-07,BITU,31.7,32.45,30.95,31.2,378941.0
2024-05-08,BITU,30.06,30.87,29.87,30.25,332105.0
2024-05-09,BITU,29.45,30.8,28.9573,30.52,477202.0
2024-05-10,BITU,30.83,31.2,28.275,28.77,740637.0
2024-05-13,BITU,30.72,31.45,30.5671,31.13,360352.0
2024-05-14,BITU,30.01,30.21,29.1,29.56,382738.0
2024-05-15,BITU,32.14,34.295,31.88,34.0,1118565.0
2024-05-16,BITU,33.82,34.29,32.31,32.95,736864.0
2024-05-17,BITU,34.08,35.37,33.59,34.95,839060.0
2024-05-20,BITU,34.77,38.07,34.5,37.98,985830.0
2024-05-21,BITU,38.9,39.25,36.91,37.01,852052.0
2024-05-22,BITU,37.62,38.56,36.98,37.46,551189.0
2024-05-23,BITU,36.94,37.14,34.2,34.69,970326.0
2024-05-24,BITU,34.95,37.01,34.45,36.76,519359.0
2024-05-28,BITU,35.96,36.11,34.64,35.95,770699.0
2024-05-29,BITU,35.33,35.43,34.53,34.67,514199.0
2024-05-30,BITU,35.69,37.1199,35.52,36.19,579814.0
2024-05-31,BITU,36.22,36.22,33.82,34.96,625321.0
2024-06-03,BITU,37.2,37.763,35.93,36.52,783271.0
2024-06-04,BITU,36.89,38.6999,36.64,37.89,651997.0
2024-06-05,BITU,38.73,39.42,37.7799,38.88,796893.0
2024-06-06,BITU,38.71,39.26,37.8224,37.9,446721.0
2024-06-07,BITU,38.91,39.1899,35.445,36.5,811990.0
2024-06-10,BITU,36.5,37.48,36.38,36.71,724598.0
2024-06-11,BITU,34.26,34.68,33.0,34.53,1001088.0
2024-06-12,BITU,36.33,37.2,34.3,34.55,1056583.0
2024-06-13,BITU,35.24,35.42,33.15,33.6,742975.0
2024-06-14,BITU,34.27,34.36,31.95,32.47,919377.0
2024-06-17,BITU,32.61,34.23,31.95,33.6,611653.0
2024-06-18,BITU,31.76,32.22,30.85,31.27,1028627.0
2024-06-20,BITU,32.21,32.32,31.35,31.85,636072.0
2024-06-21,BITU,30.46,31.16,30.1401,31.07,833984.0
2024-06-24,BITU,28.09,28.58,25.95,26.25,1905308.0
2024-06-25,BITU,28.0,29.0,27.72,28.67,884564.0
2024-06-26,BITU,28.13,28.65,27.39,27.66,642213.0
2024-06-27,BITU,28.2,28.9594,27.98,28.04,653613.0
2024-06-28,BITU,28.13,28.42,26.59,26.71,661339.0
2024-07-01,BITU,29.23,30.18,28.9399,29.52,808033.0
2024-07-02,BITU,29.26,29.49,28.15,28.29,897975.0
2024-07-03,BITU,26.87,27.18,26.44,26.98,1024306.0
2024-07-05,BITU,22.6,23.93,22.485,23.48,2720193.0
2024-07-08,BITU,24.03,24.13,22.2425,23.44,1812538.0
2024-07-09,BITU,23.96,24.9,23.79,24.53,1225455.0
2024-07-10,BITU,24.68,24.7,24.07,24.17,1249374.0
2024-07-11,BITU,25.35,25.47,23.9,24.15,1343092.0
2024-07-12,BITU,24.19,25.1,24.18,24.32,922108.0
2024-07-15,BITU,28.6,29.67,28.36,29.16,2557640.0
2024-07-16,BITU,29.6,30.87,28.871,30.8,1554565.0
2024-07-17,BITU,30.3,30.9851,29.515,30.2,1070897.0
2024-07-18,BITU,30.44,30.6,28.8813,29.23,1419084.0
2024-07-19,BITU,29.8,32.92,29.68,32.65,1728498.0
2024-07-22,BITU,33.0,33.6,31.895,33.53,1392679.0
2024-07-23,BITU,31.89,32.65,30.73,30.85,1631060.0
2024-07-24,BITU,31.9,32.33,30.8127,30.88,1501839.0
2024-07-25,BITU,29.58,30.43,28.75,29.95,1191747.0
2024-07-26,BITU,32.52,33.25,32.07,33.04,1022297.0
2024-07-29,BITU,34.62,34.69,31.45,32.3,1582182.0
2024-07-30,BITU,31.59,31.9,30.53,30.88,1077646.0
2024-07-31,BITU,31.39,31.78,29.98,30.27,1098547.0
2024-08-01,BITU,29.6,29.96,27.4,28.44,2438665.0
2024-08-02,BITU,29.77,30.385,27.5,27.7,1922032.0
2024-08-05,BITU,16.44,21.5,16.3,19.68,4025562.0
2024-08-06,BITU,20.93,22.36,20.38,22.13,1702690.0
2024-08-07,BITU,22.51,22.7,20.43,20.51,1688997.0
2024-08-08,BITU,22.76,24.38,21.97,24.05,1942853.0
2024-08-09,BITU,24.75,25.36,24.085,25.05,1481832.0
2024-08-12,BITU,24.08,25.0,22.65,23.61,2210982.0
2024-08-13,BITU,23.51,25.67,23.48,25.04,1702637.0
2024-08-14,BITU,25.05,25.14,23.26,23.42,2274634.0
2024-08-15,BITU,23.63,24.2,21.6512,21.96,2756525.0
2024-08-16,BITU,23.13,24.15,22.4443,24.0,1690641.0
2024-08-19,BITU,23.19,23.65,22.6712,23.41,1476618.0
2024-08-20,BITU,24.66,24.97,23.03,23.81,1436966.0
2024-08-21,BITU,23.76,25.51,23.26,25.44,1568690.0
2024-08-22,BITU,24.82,24.9098,24.18,24.38,940388.0
2024-08-23,BITU,24.97,27.26,24.74,27.05,2524472.0
2024-08-26,BITU,27.18,27.24,26.525,26.72,1218723.0
2024-08-27,BITU,25.92,25.9897,25.1,25.69,1402433.0
2024-08-28,BITU,23.83,23.96,22.15,22.98,2097013.0
2024-08-29,BITU,24.08,24.76,22.99,23.22,1537814.0
2024-08-30,BITU,23.48,23.66,22.0,22.74,1826527.0
2024-09-03,BITU,23.03,23.08,21.8099,22.21,2083892.0
2024-09-04,BITU,21.02,22.6094,20.71,22.25,2340678.0
2024-09-05,BITU,21.19,21.63,20.48,20.66,2224596.0
2024-09-06,BITU,21.22,21.31,18.56,18.78,3268928.0
2024-09-09,BITU,20.16,21.435,19.71,21.38,1855483.0
2024-09-10,BITU,21.21,22.05,20.87,21.98,1431831.0
2024-09-11,BITU,21.07,21.99,20.07,21.69,1573083.0
2024-09-12,BITU,21.79,22.39,21.43,22.28,1660252.0
2024-09-13,BITU,21.74,23.54,21.72,23.3,1904349.0
2024-09-16,BITU,22.32,22.32,21.48,21.86,1252825.0
2024-09-17,BITU,22.88,24.44,22.57,23.32,2062429.0
2024-09-18,BITU,23.28,24.44,22.73,23.41,1826681.0
2024-09-19,BITU,26.04,26.43,25.45,25.91,1872682.0
2024-09-20,BITU,25.71,26.15,25.18,25.54,1086459.0
2024-09-23,BITU,25.9,26.36,25.7176,25.91,1709851.0
2024-09-24,BITU,26.04,26.8161,25.41,26.72,1554640.0
2024-09-25,BITU,26.1,26.47,25.6,25.79,1016663.0
2024-09-26,BITU,26.76,28.0,26.56,26.99,1887822.0
2024-09-27,BITU,27.85,28.62,27.58,27.81,2557380.0
2024-09-30,BITU,26.33,26.44,25.51,25.9,2210944.0
2024-10-01,BITU,25.78,25.83,23.81,24.43,2645477.0
2024-10-02,BITU,23.73,24.9599,23.06,23.22,2074537.0
2024-10-03,BITU,23.43,23.9,22.95,23.87,1318819.0
2024-10-04,BITU,24.26,25.0,23.62,24.93,1265915.0
2024-10-07,BITU,25.48,26.56,25.14,25.66,1689464.0
2024-10-08,BITU,25.03,25.53,24.37,24.71,1542227.0
2024-10-09,BITU,24.46,24.8199,23.53,23.71,1198621.0
2024-10-10,BITU,23.81,23.81,22.03,22.7,2107876.0
2024-10-11,BITU,23.98,25.55,23.96,25.28,1716428.0
2024-10-14,BITU,26.59,27.8978,26.5398,27.53,2347161.0
2024-10-15,BITU,27.54,29.3,26.57,28.42,3187894.0
2024-10-16,BITU,29.14,29.58,28.56,29.06,1919545.0
2024-10-17,BITU,28.37,28.97,28.04,28.25,1735383.0
2024-10-18,BITU,29.07,30.14,28.99,29.73,2149355.0
2024-10-21,BITU,29.0,29.08,28.11,28.96,2159904.0
2024-10-22,BITU,28.35,28.91,27.93,28.71,1227397.0
2024-10-23,BITU,27.86,28.18,26.72,27.79,1958494.0
2024-10-24,BITU,28.67,29.36,28.48,29.3,1541896.0
2024-10-25,BITU,29.05,29.79,27.2,27.99,2584157.0
2024-10-28,BITU,29.82,30.66,29.3801,30.37,2286948.0
2024-10-29,BITU,31.8,34.0096,31.51,33.0,4034400.0
2024-10-30,BITU,32.23,32.95,31.9,32.31,3638480.0
2024-10-31,BITU,32.4,32.46,30.4,30.51,2280783.0
2024-11-01,BITU,30.66,32.075,29.38,29.79,11081560.0
2024-11-04,BITU,29.21,29.38,27.98,28.11,5157792.0
2024-11-05,BITU,29.74,30.82,29.35,29.91,3337193.0
2024-11-06,BITU,34.23,36.16,33.5,35.82,4051955.0
2024-11-07,BITU,34.71,36.58,34.3201,36.17,3497564.0
2024-11-08,BITU,35.9,36.96,35.3201,36.39,6764794.0
2024-11-11,BITU,41.22,46.53,40.98,46.02,6403760.0
2024-11-12,BITU,44.91,49.08,44.06,48.68,9293118.0
2024-11-13,BITU,49.12,52.96,48.38,48.76,6525756.0
2024-11-14,BITU,50.55,51.05,46.1,46.27,5625241.0
2024-11-15,BITU,48.22,50.63,46.53,50.6,3926444.0
2024-11-18,BITU,49.36,51.88,48.431,50.67,3336763.0
2024-11-19,BITU,50.67,53.53,50.17,51.74,4161937.0
2024-11-20,BITU,53.94,54.5,52.38,53.64,3506884.0
2024-11-21,BITU,57.0,59.12,54.97,58.02,5898561.0
2024-11-22,BITU,57.31,59.83,56.66,59.09,3290780.0
2024-11-25,BITU,56.8,56.91,53.07,53.93,4312405.0
2024-11-26,BITU,50.6,53.76,48.94,49.28,3568835.0
2024-11-27,BITU,53.26,56.4,52.9701,55.59,3209178.0
2024-11-29,BITU,56.53,58.32,56.07,56.11,2276144.0
2024-12-02,BITU,54.7,56.4629,52.75,54.29,2895188.0
2024-12-03,BITU,52.43,55.06,51.8,54.19,2505837.0
2024-12-04,BITU,54.48,58.38,53.0,58.03,3073864.0
2024-12-05,BITU,62.51,63.62,56.46,57.9,4460044.0
2024-12-06,BITU,58.29,61.58,57.43,60.91,2846093.0
2024-12-09,BITU,57.6,59.5199,54.02,54.22,4085604.0
2024-12-10,BITU,56.37,56.63,51.98,54.47,3336118.0
2024-12-11,BITU,57.13,60.5575,56.82,60.08,3232284.0
2024-12-12,BITU,60.23,61.5182,57.48,58.41,2826766.0
2024-12-13,BITU,58.93,60.72,58.01,60.35,2066607.0
2024-12-16,BITU,63.35,67.69,63.35,65.3,3763968.0
2024-12-17,BITU,67.65,68.43,64.99,66.36,3835844.0
2024-12-18,BITU,63.74,64.08,57.7645,58.56,4847037.0
2024-12-19,BITU,60.63,61.14,52.491,53.44,5222724.0
2024-12-20,BITU,52.04,55.18,51.82,53.54,4401211.0
2024-12-23,BITU,52.25,52.47,48.78,49.54,3831628.0
2024-12-24,BITU,53.73,56.3,53.39,56.02,2165558.0
2024-12-26,BITU,52.13,53.27,51.48,51.98,2818133.0
2024-12-27,BITU,52.65,52.79,49.26,50.7,3011889.0
2024-12-30,BITU,48.84,50.98,46.87,50.28,4022573.0
2024-12-31,BITU,52.09,52.558,49.17,49.42,2676835.0
2025-01-02,BITU,52.82,54.35,52.18,53.59,2575108.0
2025-01-03,BITU,53.3,55.67,52.9,54.78,1748177.0
2025-01-06,BITU,55.46,59.7194,55.2927,59.15,2445251.0
2025-01-07,BITU,57.38,57.45,51.67,52.06,3090536.0
2025-01-08,BITU,50.85,51.6,47.701,49.38,2487942.0
2025-01-10,BITU,49.96,51.48,47.48,50.22,2207500.0
2025-01-13,BITU,46.09,49.13,44.48,49.11,2790862.0
2025-01-14,BITU,52.23,52.82,50.69,51.93,1760141.0
2025-01-15,BITU,54.42,56.65,54.26,55.34,1991385.0
2025-01-16,BITU,55.07,56.4697,52.68,56.09,2033776.0
2025-01-17,BITU,58.86,62.62,58.4,61.13,3712141.0
2025-01-21,BITU,61.52,64.05,58.6,62.61,3332761.0
2025-01-22,BITU,60.79,61.435,59.18,60.38,1939349.0
2025-01-23,BITU,58.02,63.38,57.93,59.13,4719160.0
2025-01-24,BITU,61.59,63.75,60.78,60.94,2771676.0
2025-01-27,BITU,56.02,57.92,53.73,56.94,3413046.0
2025-01-28,BITU,58.05,59.53,56.5415,56.63,1826923.0
2025-01-29,BITU,57.6,60.7199,56.75,60.06,2120501.0
2025-01-30,BITU,60.88,62.73,60.6,60.76,1761767.0
2025-01-31,BITU,60.48,62.13,56.59,56.71,2229887.0
2025-02-03,BITU,48.05,56.2499,47.7101,55.26,5159901.0
2025-02-04,BITU,53.04,54.8,51.5621,52.26,3313239.0
2025-02-05,BITU,52.37,52.91,49.9,50.8,2582746.0
2025-02-06,BITU,51.79,52.57,49.084,50.4,2328444.0
2025-02-07,BITU,53.26,53.8405,48.9,49.08,3439347.0
2025-02-10,BITU,51.06,51.47,50.14,50.68,1646637.0
2025-02-11,BITU,50.23,50.7,48.0,48.49,1992237.0
2025-02-12,BITU,47.85,50.95,47.63,50.29,1860465.0
2025-02-13,BITU,49.17,49.7,48.31,49.48,1969315.0
2025-02-14,BITU,49.77,52.23,49.3504,50.41,2181207.0
2025-02-18,BITU,49.45,49.62,46.1,46.99,3658862.0
2025-02-19,BITU,49.14,49.58,48.22,49.01,1805413.0
2025-02-20,BITU,50.62,51.73,49.6,51.44,2235035.0
2025-02-21,BITU,52.01,52.3,47.2,47.38,2767041.0
2025-02-24,BITU,48.08,48.45,46.23,46.61,2769582.0
2025-02-25,BITU,41.72,41.73,38.32,40.75,6263534.0
2025-02-26,BITU,38.58,41.01,35.27,37.26,4884464.0
2025-02-27,BITU,38.86,38.98,35.625,36.33,3517286.0
2025-02-28,BITU,35.04,37.95,34.31,37.12,4100777.0
2025-03-03,BITU,43.99,44.09,36.98,37.83,4986071.0
2025-03-04,BITU,34.95,40.37,33.77,38.56,4551763.0
2025-03-05,BITU,41.15,41.86,39.1428,41.77,2984173.0
2025-03-06,BITU,41.26,42.71,39.2,40.39,3593740.0
2025-03-07,BITU,40.37,42.3,37.939,38.44,4216497.0
2025-03-10,BITU,34.6,34.83,29.851,31.33,5559081.0
2025-03-11,BITU,33.27,34.98,31.28,34.58,3500979.0
2025-03-12,BITU,34.74,35.13,32.425,34.42,2304203.0
2025-03-13,BITU,34.35,34.57,31.831,32.04,1837501.0
2025-03-14,BITU,34.61,36.29,34.1049,35.66,2698546.0
2025-03-17,BITU,34.16,35.745,33.77,35.52,1987161.0
2025-03-18,BITU,33.7,33.82,32.6,33.66,2020843.0
2025-03-19,BITU,35.02,36.68,34.702,36.22,2771322.0
2025-03-20,BITU,35.87,37.1185,34.58,35.08,2357234.0
2025-03-21,BITU,34.6,35.23,34.17,34.83,2177139.0
2025-03-24,BITU,37.6,38.9,37.5463,38.45,2639897.0
2025-03-25,BITU,37.98,38.465,37.38,38.32,1767682.0
2025-03-26,BITU,37.8,38.14,36.2212,36.88,1708354.0
2025-03-27,BITU,36.72,37.756,36.24,37.25,1321486.0
2025-03-28,BITU,35.81,35.97,34.15,34.37,2503902.0
2025-03-31,BITU,33.38,34.51,32.58,33.28,2900645.0
2025-04-01,BITU,34.24,35.85,33.28,35.38,2189761.0
2025-04-02,BITU,35.05,37.438,34.99,37.03,3974796.0
2025-04-03,BITU,32.75,33.37,32.03,32.69,2962211.0
2025-04-04,BITU,33.3,34.86,32.51,34.32,2893436.0
2025-04-07,BITU,28.46,32.04,27.53,29.41,4777004.0
2025-04-08,BITU,31.02,31.14,28.01,28.42,3338847.0
2025-04-09,BITU,28.34,33.0,28.34,32.49,4956547.0
2025-04-10,BITU,31.95,32.07,29.32,30.27,3126002.0
2025-04-11,BITU,32.15,33.86,31.56,33.54,2301250.0
2025-04-14,BITU,34.47,35.15,33.4224,34.38,1853791.0
2025-04-15,BITU,35.01,35.67,33.55,33.63,1939959.0
2025-04-16,BITU,33.37,34.85,33.065,33.91,1576778.0
2025-04-17,BITU,34.09,34.81,33.36,34.29,1190758.0
2025-04-21,BITU,36.21,37.34,35.49,36.34,2079026.0
2025-04-22,BITU,38.25,40.01,38.05,39.77,2430915.0
2025-04-23,BITU,41.95,42.43,40.03,41.48,2157453.0
2025-04-24,BITU,40.83,41.62,40.61,41.54,2103084.0
2025-04-25,BITU,42.03,43.565,41.88,43.08,2182497.0
2025-04-28,BITU,42.84,42.8997,41.24,42.45,1448687.0
2025-04-29,BITU,42.48,43.11,42.265,42.94,1190736.0
2025-04-30,BITU,42.21,42.21,40.64,41.78,1476329.0
2025-05-01,BITU,44.1,44.88,43.38,43.95,1802463.0
2025-05-02,BITU,44.34,45.22,44.03,44.26,1600972.0
2025-05-05,BITU,41.58,42.345,41.09,41.79,1090850.0
2025-05-06,BITU,41.2,42.54,40.84,42.33,1183527.0
2025-05-07,BITU,43.88,44.64,43.05,43.44,1633369.0
2025-05-08,BITU,46.39,48.41,45.99,48.0,2443268.0
2025-05-09,BITU,49.6,50.35,48.92,49.72,1823473.0
2025-05-12,BITU,50.66,51.0716,47.34,48.4,2476574.0
2025-05-13,BITU,50.23,51.51,49.4,51.35,1734668.0
2025-05-14,BITU,50.6,50.85,49.07,49.77,1590113.0
2025-05-15,BITU,49.02,50.61,47.86,49.62,1679745.0
2025-05-16,BITU,49.86,51.0,49.75,50.48,1592963.0
2025-05-19,BITU,48.89,51.91,48.8,51.83,2231326.0
2025-05-20,BITU,50.95,53.63,50.44,53.39,2747488.0
2025-05-21,BITU,52.7,56.13,52.35,54.88,4531764.0
2025-05-22,BITU,57.73,58.27,56.69,57.47,4279178.0
2025-05-23,BITU,54.72,56.195,54.12,54.78,2500677.0
2025-05-27,BITU,56.6,56.8725,54.8,55.9,2241549.0
2025-05-28,BITU,54.81,55.09,52.79,52.86,2011993.0
2025-05-29,BITU,54.17,54.25,51.32,51.47,2357044.0
2025-05-30,BITU,51.51,51.86,49.4201,50.39,3571579.0
2025-06-02,BITU,49.22,49.99,48.88,49.69,1529175.0
2025-06-03,BITU,50.69,52.05,50.26,51.47,1336885.0
2025-06-04,BITU,50.18,50.75,49.29,50.12,1225073.0
2025-06-05,BITU,50.9,50.95,46.86,47.09,2685594.0
2025-06-06,BITU,49.04,50.45,48.98,49.3,1683203.0
2025-06-09,BITU,52.49,53.64,51.85,53.48,1904591.0
2025-06-10,BITU,54.5,55.1599,53.07,54.32,1688629.0
2025-06-11,BITU,54.52,55.2,53.14,53.55,1341511.0
2025-06-12,BITU,51.51,53.19,51.2201,51.53,1431553.0
2025-06-13,BITU,49.68,50.8068,48.91,49.89,1745677.0
2025-06-16,BITU,51.27,53.5,51.14,53.27,1563666.0
2025-06-17,BITU,50.16,50.3679,47.9425,49.31,2475122.0
2025-06-18,BITU,48.55,49.9,48.1043,48.36,1492625.0
2025-06-20,BITU,50.44,50.5397,46.96,47.83,2170452.0
2025-06-23,BITU,45.87,47.95,44.49,47.83,2945192.0
2025-06-24,BITU,49.6,50.6744,49.24,50.03,1829488.0
2025-06-25,BITU,51.73,52.45,51.12,52.02,1735606.0
2025-06-26,BITU,51.44,52.0202,50.8601,51.83,1093372.0
2025-06-27,BITU,50.98,51.92,50.612,51.02,1462945.0
2025-06-30,BITU,51.95,51.97,50.8301,51.75,1587211.0
2025-07-01,BITU,50.56,51.12,49.23,49.28,1509399.0
2025-07-02,BITU,51.29,53.62,51.2245,53.47,3293072.0
2025-07-03,BITU,53.15,54.378,52.8,53.12,1521340.0
2025-07-07,BITU,52.16,52.3599,51.14,51.73,1362338.0
2025-07-08,BITU,52.55,52.9,51.69,52.45,1355097.0
2025-07-09,BITU,53.2,55.6625,52.13,55.37,2393822.0
2025-07-10,BITU,54.57,57.48,54.04,56.94,3481148.0
2025-07-11,BITU,61.09,61.73,60.09,61.65,2828854.0
2025-07-14,BITU,65.31,65.77,62.635,63.41,3676835.0
2025-07-15,BITU,61.13,62.0069,59.04,59.78,3335101.0
2025-07-16,BITU,62.23,63.39,61.5,62.67,2686254.0
2025-07-17,BITU,61.15,63.36,60.8,62.31,1918364.0
2025-07-18,BITU,62.11,62.6299,60.24,60.48,2492728.0
2025-07-21,BITU,61.37,62.46,59.67,59.84,2188895.0
2025-07-22,BITU,62.42,63.5,60.65,62.5,2302966.0
2025-07-23,BITU,61.27,61.9,60.3985,61.56,1683143.0
2025-07-24,BITU,61.95,62.7899,60.92,62.13,1672832.0
2025-07-25,BITU,59.29,60.12,57.97,59.79,2453840.0
2025-07-28,BITU,61.59,62.19,60.31,61.0,2092169.0
2025-07-29,BITU,62.01,62.05,59.71,60.36,1733537.0
2025-07-30,BITU,60.4,61.76,58.47,59.67,2322992.0
2025-07-31,BITU,60.95,61.79,59.47,59.53,1733880.0
2025-08-01,BITU,57.22,57.44,54.63,54.72,3138008.0
2025-08-04,BITU,55.7,57.3499,55.64,56.37,1620508.0
2025-08-05,BITU,55.77,56.23,54.24,55.33,1709123.0
2025-08-06,BITU,55.48,57.34,55.18,56.89,1494978.0
2025-08-07,BITU,58.08,59.26,57.26,59.17,2008619.0
2025-08-08,BITU,58.29,58.93,57.34,57.96,1973756.0
2025-08-11,BITU,60.98,62.27,60.02,60.46,3804060.0
2025-08-12,BITU,60.66,61.66,60.0,61.11,3447324.0
2025-08-13,BITU,62.08,64.53,61.55,64.41,3001820.0
2025-08-14,BITU,59.54,60.8,58.38,59.25,4147549.0
2025-08-15,BITU,59.7,59.71,57.9463,58.07,2291247.0
2025-08-18,BITU,56.82,57.93,55.92,57.4,1738751.0
2025-08-19,BITU,56.84,57.0,53.665,54.11,2919306.0
2025-08-20,BITU,54.44,55.51,53.4,55.36,2251624.0
2025-08-21,BITU,54.44,55.12,53.07,53.3,1565501.0
2025-08-22,BITU,53.36,58.3399,53.02,57.54,3370171.0
2025-08-25,BITU,52.54,53.92,51.47,51.72,3208346.0
2025-08-26,BITU,50.9,52.1,50.4,52.04,1887677.0
2025-08-27,BITU,52.14,53.43,51.9,52.84,1758758.0
2025-08-28,BITU,53.82,54.03,52.7,52.76,1891986.0
2025-08-29,BITU,51.33,51.4,48.91,49.19,3518054.0
2025-09-02,BITU,49.72,51.92,49.4205,50.94,2235339.0
2025-09-03,BITU,51.58,52.7,51.31,52.33,1878248.0
2025-09-04,BITU,50.91,51.0197,49.5,49.95,1698601.0
2025-09-05,BITU,52.74,53.07,50.22,51.57,2337540.0
2025-09-08,BITU,52.13,52.83,51.76,52.02,1444662.0
2025-09-09,BITU,52.69,52.85,50.69,51.31,1599236.0
2025-09-10,BITU,53.45,54.16,52.93,53.3,2214255.0
2025-09-11,BITU,53.51,54.4399,53.42,54.19,1501241.0
2025-09-12,BITU,54.59,56.4,54.45,56.36,1656765.0
2025-09-15,BITU,54.56,55.08,53.87,54.81,2128548.0
2025-09-16,BITU,54.9,56.42,54.23,56.24,1318630.0
2025-09-17,BITU,55.62,55.7941,54.0936,55.06,2367986.0
2025-09-18,BITU,56.83,57.3,56.4,56.82,1658274.0
2025-09-19,BITU,55.59,55.86,54.41,54.46,1867374.0
2025-09-22,BITU,52.38,52.88,51.42,51.61,2254124.0
2025-09-23,BITU,52.35,52.65,50.965,51.09,2872944.0
2025-09-24,BITU,52.42,53.27,52.18,52.72,1654198.0
2025-09-25,BITU,51.03,51.1,48.08,48.9,4478576.0
2025-09-26,BITU,48.74,49.7,48.22,48.67,2388212.0
2025-09-29,BITU,51.42,53.44,51.3,53.36,2241694.0
2025-09-30,BITU,52.41,53.575,51.9,53.39,1579926.0
2025-10-01,BITU,55.19,56.635,54.93,55.87,2258276.0
2025-10-02,BITU,57.59,59.39,56.91,59.13,2761702.0
2025-10-03,BITU,58.96,62.223,58.26,60.93,3266380.0
2025-10-06,BITU,63.02,64.4,62.51,63.51,3069189.0
2025-10-07,BITU,63.0,63.0,58.58,59.6,4777637.0
2025-10-08,BITU,60.37,62.12,59.6,61.28,2788670.0
2025-10-09,BITU,61.32,61.32,57.61,58.91,3044287.0
2025-10-10,BITU,59.86,60.4,53.83,54.47,5601037.0
2025-10-13,BITU,52.43,53.94,51.8768,53.88,4207312.0
2025-10-14,BITU,49.14,51.73,48.26,50.86,4322920.0
2025-10-15,BITU,49.79,50.4714,48.45,49.52,2885203.0
2025-10-16,BITU,49.4,49.7,46.15,46.75,6079005.0
2025-10-17,BITU,44.4,46.13,43.53,45.27,5853024.0
2025-10-20,BITU,48.89,49.705,48.1,48.97,3384255.0
2025-10-21,BITU,47.06,51.83,46.58,49.84,5404013.0
2025-10-22,BITU,46.59,47.44,45.86,46.22,4662029.0
2025-10-23,BITU,47.3,49.28,46.98,48.29,2335444.0
2025-10-24,BITU,49.15,49.29,47.85,48.61,2534335.0
2025-10-27,BITU,52.53,53.1,51.94,52.35,2600797.0
2025-10-28,BITU,52.46,53.44,50.99,51.14,2005984.0
2025-10-29,BITU,51.07,51.14,47.2,48.38,3267278.0
2025-10-30,BITU,46.5,46.5589,44.59,44.78,3085801.0
2025-10-31,BITU,47.63,48.6,46.56,47.55,2666398.0
2025-11-03,BITU,45.205,45.745,43.3,44.32,2686985.0
2025-11-04,BITU,41.95,42.89,38.52,39.48,6101455.0
2025-11-05,BITU,40.97,42.54,40.58,41.94,2411125.0
2025-11-06,BITU,41.16,41.16,39.0,39.45,2831927.0
2025-11-07,BITU,38.94,41.84,38.29,41.71,3202770.0
2025-11-10,BITU,43.66,43.7503,42.41,43.5,2086098.0
2025-11-11,BITU,42.23,42.38,40.695,40.82,1201671.0
2025-11-12,BITU,42.45,42.502,39.21,39.77,2524393.0
2025-11-13,BITU,40.46,41.28,36.89,36.97,4779707.0
2025-11-14,BITU,34.96,36.5014,34.03,34.13,5456211.0
2025-11-17,BITU,34.0,35.34,31.85,32.35,7117052.0
2025-11-18,BITU,32.25,33.76,31.71,33.04,5984901.0
2025-11-19,BITU,31.85,32.73,29.96,30.64,5931980.0
2025-11-20,BITU,31.93,32.09,28.21,28.48,7137984.0
2025-11-21,BITU,26.7,27.95,25.79,27.29,7922400.0
2025-11-24,BITU,28.125,30.3026,27.66,30.21,4728102.0
2025-11-25,BITU,28.89,29.51,28.14,28.98,3228355.0
2025-11-26,BITU,28.94,31.04,28.52,30.68,3695832.0
2025-11-28,BITU,32.795,32.84,30.9,31.2,2964273.0
2025-12-01,BITU,27.73,28.03,26.1,27.24,5611859.0
2025-12-02,BITU,29.24,31.515,29.03,30.71,4440329.0
2025-12-03,BITU,31.78,32.51,31.2,31.98,3143270.0
2025-12-04,BITU,31.89,32.19,30.56,31.7,3095282.0
2025-12-05,BITU,30.23,30.95,28.655,29.46,4617344.0
2025-12-08,BITU,30.75,31.03,29.6,30.37,3281478.0
2025-12-09,BITU,30.09,32.99,29.865,31.94,4379321.0
2025-12-10,BITU,31.17,32.9251,30.89,31.53,3552828.0
2025-12-11,BITU,29.92,31.05,29.31,31.02,3868952.0
2025-12-12,BITU,31.26,31.635,29.42,29.94,4538468.0
2025-12-15,BITU,29.35,29.68,26.52,26.93,6674299.0
2025-12-16,BITU,27.64,28.45,27.58,28.11,3241824.0
2025-12-17,BITU,28.17,29.855,26.59,26.95,5129311.0
2025-12-18,BITU,28.62,29.13,26.035,26.19,5989767.0
2025-12-19,BITU,28.23,29.08,27.5,28.19,4841362.0
2025-12-22,BITU,29.48,29.76,28.11,28.43,3669402.0
2025-12-23,BITU,27.95,28.39,27.26,27.96,2882481.0
2025-12-24,BITU,21.99,22.195,21.55,22.01,3974858.0
2025-12-26,BITU,22.87,22.89,21.62,22.11,4755017.0
2025-12-29,BITU,22.11,22.4371,21.83,21.91,3544902.0
2025-12-30,BITU,22.39,23.07,22.23,22.28,3533302.0
2025-12-31,BITU,22.79,22.8,21.87,22.09,4139880.0
2026-01-02,BITU,22.76,23.85,22.51,23.21,7772968.0
2026-01-05,BITU,24.74,25.83,24.54,25.53,6188610.0
2026-01-06,BITU,25.59,25.6,23.84,24.55,5072422.0
2026-01-07,BITU,23.98,24.295,23.53,23.68,3455096.0
2026-01-08,BITU,22.97,23.94,22.77,23.65,3065342.0
2026-01-09,BITU,23.45,24.215,23.04,23.28,4453491.0
2026-01-12,BITU,23.25,24.3603,23.19,23.92,3940073.0
2026-01-13,BITU,24.41,25.5599,24.23,25.51,4815233.0
2026-01-14,BITU,26.14,27.38,25.965,27.25,5597831.0
2026-01-15,BITU,26.73,26.85,25.75,25.82,5192267.0
2026-01-16,BITU,26.05,26.12,25.24,25.94,5216150.0
2026-01-20,BITU,23.39,23.63,22.4607,22.69,7884348.0
2026-01-21,BITU,22.66,23.18,21.47,22.98,8433814.0
2026-01-22,BITU,22.65,22.84,22.08,22.57,3126827.0
2026-01-23,BITU,22.68,23.46,22.09,22.59,4152823.0
2026-01-26,BITU,21.64,22.2497,21.33,21.61,4683203.0
2026-01-27,BITU,21.94,22.52,21.42,22.48,3707919.0
2026-01-28,BITU,22.78,23.06,22.21,22.34,2524566.0
2026-01-29,BITU,21.65,21.71,19.375,19.8,8592011.0
2026-01-30,BITU,19.23,20.035,18.74,19.67,5200228.0
2026-02-02,BITU,16.95,17.565,16.72,16.81,15590280.0
2026-02-03,BITU,17.05,17.08,14.67,16.2,13106180.0
2026-02-04,BITU,15.68,15.87,14.32,14.9,6547721.0
2026-02-05,BITU,13.55,13.85,10.5801,10.99,16219580.0
2026-02-06,BITU,12.16,13.665,12.125,13.13,11913150.0
2026-02-09,BITU,12.72,13.56,12.54,13.41,6068093.0
2026-02-10,BITU,12.795,13.11,12.31,12.65,4738171.0
2026-02-11,BITU,12.35,12.46,11.51,12.19,6793517.0
2026-02-12,BITU,12.33,12.45,11.29,11.38,4920769.0
2026-02-13,BITU,12.06,12.8,11.89,12.54,7320967.0
2026-02-17,BITU,12.27,12.365,11.755,12.17,4463811.0
2026-02-18,BITU,11.925,12.4,11.495,11.63,5833964.0
2026-02-19,BITU,11.54,11.98,11.41,11.95,4429764.0
2026-02-20,BITU,11.89,12.27,11.735,12.15,4873177.0
2026-02-23,BITU,11.56,11.605,10.795,10.98,5780102.0
2026-02-24,BITU,10.47,11.07,10.41,10.97,3934191.0
2026-02-25,BITU,11.68,12.7,11.55,12.56,6845075.0
2026-02-26,BITU,12.16,12.23,11.6,11.93,4530796.0
2026-02-27,BITU,11.46,11.53,11.11,11.26,4376482.0
2026-03-02,BITU,11.23,12.785,11.225,12.45,5897662.0
2026-03-03,BITU,11.7,12.385,11.36,12.1,6810959.0
2026-03-04,BITU,13.38,14.185,13.21,13.84,7033107.0
2026-03-05,BITU,13.62,13.73,12.87,13.12,5555792.0
2026-03-06,BITU,12.28,12.33,11.82,11.95,6244194.0
2026-03-09,BITU,12.18,12.465,12.0,12.29,5791362.0
2026-03-10,BITU,12.93,13.27,12.37,12.63,4846653.0
2026-03-11,BITU,12.71,13.11,12.5,12.86,3814673.0
2026-03-12,BITU,12.64,12.85,12.37,12.77,3701292.0
2026-03-13,BITU,13.73,14.06,12.91,13.03,7914170.0
2026-03-16,BITU,14.03,14.26,13.68,14.04,6644640.0
2026-03-17,BITU,13.95,14.4088,13.8101,14.26,4904185.0
2026-03-18,BITU,13.45,13.48,12.835,12.89,5388879.0
2026-03-19,BITU,12.18,12.73,12.0645,12.6,5869188.0
2026-03-20,BITU,12.68,12.705,12.28,12.57,4386795.0
2026-03-23,BITU,12.8,13.16,12.525,12.74,5391863.0
2026-03-24,BITU,12.69,12.77,12.09,12.25,3620567.0
2026-03-25,BITU,13.05,13.18,12.68,12.77,3325265.0
2026-03-26,BITU,12.25,12.41,11.78,11.93,3984477.0
2026-03-27,BITU,11.27,11.29,10.88,11.03,5013232.0
2026-03-30,BITU,11.65,11.705,11.105,11.2,4677099.0
2026-03-31,BITU,11.29,11.89,11.165,11.64,4200043.0
2026-04-01,BITU,11.88,12.095,11.66,11.73,3163905.0
2026-04-02,BITU,11.01,11.485,10.88,11.33,4540484.0
2026-04-06,BITU,12.17,12.47,12.06,12.25,4470300.0
2026-04-07,BITU,11.81,12.02,11.54,11.98,3405870.0
2026-04-08,BITU,13.18,13.23,12.56,12.78,4931391.0
2026-04-09,BITU,12.73,13.24,12.49,13.07,2902776.0
2026-04-10,BITU,13.14,13.505,12.9914,13.49,3343049.0
2026-04-13,BITU,12.72,13.57,12.561,13.52,4063894.0
2026-04-14,BITU,13.95,14.54,13.695,13.84,4334774.0
2026-04-15,BITU,13.89,14.23,13.59,14.14,4268548.0
2026-04-16,BITU,14.09,14.27,13.43,14.25,3401634.0
2026-04-17,BITU,14.74,15.38,14.565,15.03,7041495.0
2026-04-20,BITU,14.155,14.6407,13.94,14.57,5158249.0
2026-04-21,BITU,14.47,14.66,13.98,14.05,3398430.0
2026-04-22,BITU,15.36,15.74,15.295,15.52,4826768.0
2026-04-23,BITU,15.01,15.43,14.74,15.07,3382692.0
2026-04-24,BITU,15.24,15.27,14.89,15.01,5038584.0
2026-04-27,BITU,15.0,15.225,14.5,14.69,10591010.0
2026-04-28,BITU,14.4,14.49,14.185,14.46,7703484.0
2026-04-29,BITU,14.7,14.7,13.915,14.15,7131083.0
2026-04-30,BITU,14.39,14.59,14.35,14.48,2218698.0
2026-05-01,BITU,15.195,15.45,15.09,15.23,3344509.0
2026-05-04,BITU,15.42,16.14,15.23,15.87,5850732.0
2026-05-05,BITU,16.41,16.52,16.215,16.48,3686791.0
2026-05-06,BITU,16.6,16.635,16.25,16.38,3467936.0
2026-05-07,BITU,16.18,16.18,15.56,15.83,3775705.0
2026-05-08,BITU,15.61,15.95,15.57,15.85,3184483.0
2026-05-11,BITU,16.21,16.625,15.93,16.54,3322238.0
2026-05-12,BITU,15.98,16.09,15.65,16.07,2178473.0
2026-05-13,BITU,15.79,15.8199,15.22,15.58,3363314.0
2026-05-14,BITU,15.7,16.565,15.551,16.3,3771230.0
2026-05-15,BITU,15.7,15.7,15.12,15.33,3347177.0
2026-05-18,BITU,14.62,14.62,14.11,14.45,3915563.0
2026-05-19,BITU,14.32,14.525,14.145,14.44,2153086.0
2026-05-20,BITU,14.61,14.83,14.44,14.75,2541576.0
2026-05-21,BITU,14.58,14.9,14.3586,14.74,2322331.0
2026-05-22,BITU,14.57,14.6,13.945,14.01,2640423.0
2026-05-26,BITU,14.35,14.85,13.95,14.06,2806586.0
2026-05-27,BITU,13.74,13.86,13.55,13.67,2616635.0
2026-05-28,BITU,12.99,13.2198,12.7739,13.11,3562239.0
2026-05-29,BITU,12.96,13.4199,12.75,13.11,5315503.0
2026-06-01,BITU,12.5,12.57,12.075,12.4,4565874.0
2026-06-02,BITU,11.51,11.535,10.635,10.94,6398884.0
2026-06-03,BITU,10.77,10.89,10.27,10.33,3909161.0
2026-06-04,BITU,9.63,10.04,9.525,9.75,8324178.0
2026-06-05,BITU,9.28,9.3456,8.375,8.73,11501930.0
2026-06-08,BITU,9.68,9.8603,9.59,9.62,6409986.0
2026-06-09,BITU,9.3,9.35,8.8,9.2,6188791.0
2026-06-10,BITU,9.05,9.44,9.045,9.17,5086876.0
2026-06-11,BITU,9.41,9.7586,9.265,9.66,5241435.0
2026-06-12,BITU,9.57,9.895,9.46,9.66,6297392.0
2026-06-15,BITU,10.6,10.76,10.4501,10.55,5259012.0
2026-06-16,BITU,10.35,10.435,10.145,10.25,2788389.0
2026-06-17,BITU,10.0,10.4899,9.735,9.8,4596901.0
2026-06-18,BITU,9.81,9.81,9.17,9.38,4841880.0
2026-06-22,BITU,9.98,10.17,9.765,9.83,3008490.0
2026-06-23,BITU,9.08,9.3309,9.0504,9.2,3291478.0
2026-06-24,BITU,9.02,9.1001,8.2101,8.46,6553646.0
2026-06-25,BITU,8.81,8.831,7.9386,8.26,6603482.0
2026-06-26,BITU,8.15,8.615,8.13,8.4,4969162.0
2026-06-29,BITU,8.44,8.65,8.15,8.56,4422847.0
2026-06-30,BITU,8.05,8.225,7.92,8.12,6718467.0
2026-07-01,BITU,8.1,8.57,8.043,8.43,5479112.0
2026-07-02,BITU,8.89,9.0403,8.75,8.83,4829999.0
2026-07-06,BITU,8.81,9.535,8.77,9.48,5965764.0
2026-07-07,BITU,9.26,9.625,9.14,9.51,3598844.0
2026-07-08,BITU,8.9,9.065,8.8001,9.03,4312701.0
2026-07-09,BITU,9.14,9.38,9.09,9.3,3161574.0
2026-07-10,BITU,9.57,9.74,9.45,9.5,3560209.0
2026-07-13,BITU,9.07,9.2,8.86,9.01,5191946.0
2026-07-14,BITU,9.47,9.775,9.365,9.67,5561020.0
2026-07-15,BITU,9.88,9.96,9.7099,9.78,4312883.0
2026-07-16,BITU,9.55,9.74,9.475,9.57,2360833.0
2026-07-17,BITU,9.12,9.595,9.0148,9.52,3882304.0
2026-07-20,BITU,9.62,9.995,9.47,9.8,4276710.0
2026-07-21,BITU,10.2,10.36,10.09,10.21,4996176.0
2026-07-22,BITU,9.95,10.18,9.93,10.04,2760236.0
2026-07-23,BITU,9.75,9.8101,9.62,9.69,3646963.0
2026-07-24,BITU,9.53,9.56,9.34,9.49,3862913.0
2026-07-27,BITU,9.69,9.93,9.54,9.7,3269231.0
2026-07-28,BITU,9.19,9.44,9.025,9.38,3935777.0
2026-07-29,BITU,9.46,9.62,9.27,9.29,4007486.0
2026-07-30,BITU,9.65,9.755,9.5801,9.64,3531502.0
2026-07-31,BITU,9.33,9.3301,8.915,9.08,6151326.0
2026-08-03,BITU,9.0,9.385,8.92,9.32,3616735.0
2026-08-04,BITU,9.31,9.48,9.24,9.43,3673802.0
2026-08-05,BITU,9.4,9.64,9.315,9.61,3584641.0
2026-08-06,BITU,9.42,9.64,9.385,9.48,3157432.0
2026-08-07,BITU,9.69,9.74,9.49,9.64,2889061.0
2026-08-10,BITU,9.61,9.61,9.26,9.33,3226729.0
2026-08-11,BITU,9.38,9.4,9.095,9.18,2227769.0
2026-08-12,BITU,9.3,9.335,9.1101,9.14,2921311.0
2026-08-13,BITU,9.19,9.315,8.975,9.14,3782024.0
2026-08-14,BITU,8.94,9.08,8.87,9.0,2923504.0
2026-08-17,BITU,9.15,9.475,9.135,9.39,3157650.0
2026-08-18,BITU,9.31,9.615,9.3,9.48,2584506.0
2026-08-19,BITU,9.6,10.98,9.525,10.6,12437630.0
2026-08-20,BITU,11.66,12.005,11.42,11.91,10755470.0
2026-08-21,BITU,13.34,13.62,13.07,13.33,13183810.0
2026-08-24,BITU,14.005,14.36,13.6,13.92,10599750.0
2026-08-25,BITU,13.86,14.22,13.6799,13.99,7108268.0
2026-08-26,BITU,13.67,13.875,13.51,13.81,3575252.0
2026-08-27,BITU,14.1,14.6499,13.955,14.31,4080290.0
2026-08-28,BITU,14.06,14.295,13.205,13.44,4775665.0
2026-08-31,BITU,13.61,14.0399,13.49,13.9,3089792.0
2026-09-01,BITU,13.52,13.72,12.985,13.3,3732672.0
2026-09-02,BITU,13.17,13.4007,13.06,13.31,3275476.0
2026-09-03,BITU,13.71,14.88,13.7001,14.86,5275147.0
2026-09-04,BITU,13.95,14.15,13.685,14.14,4903213.0
2026-09-08,BITU,13.58,13.8099,13.31,13.63,3909391.0
2026-09-09,BITU,14.03,14.04,13.46,13.55,4335874.0
2026-09-10,BITU,13.06,13.2907,13.01,13.17,3526067.0
2026-09-11,BITU,13.265,14.075,13.05,13.2,5373496.0
2026-09-14,BITU,13.37,13.9,13.37,13.78,4901877.0
2026-09-15,BITU,13.03,13.17,12.33,12.77,8864930.0
2026-09-16,BITU,12.61,12.885,12.365,12.72,3777816.0
2026-09-17,BITU,12.85,13.05,12.68,12.9,3156928.0
2026-09-18,BITU,13.41,14.54,13.41,14.47,6657560.0
2026-09-21,BITU,15.775,16.48,15.66,16.36,7864921.0
2026-09-22,BITU,16.03,16.4286,15.94,16.24,3721387.0
2026-09-23,BITU,15.99,16.13,15.215,15.58,4186706.0
2026-09-24,BITU,15.28,15.725,15.145,15.54,3441805.0
2026-09-25,BITU,15.4,15.47,15.04,15.37,3282220.0
2026-09-28,BITU,15.19,15.49,14.81,15.13,3964917.0
2023-06-27,BITX,15.57,15.8989,15.2,15.4593,354246.0
2023-06-28,BITX,15.01,15.26,14.65,14.88,369825.0
2023-06-29,BITX,15.53,15.58,15.2255,15.3795,234677.0
2023-06-30,BITX,15.88,15.88,14.06,15.0,531294.0
2023-07-03,BITX,15.35,15.91,15.27,15.79,305960.0
2023-07-05,BITX,14.81,15.23,14.77,15.04,334920.0
2023-07-06,BITX,15.22,15.22,14.42,14.87,336468.0
2023-07-07,BITX,14.76,15.02,14.6306,14.75,171525.0
2023-07-10,BITX,14.7,15.4,14.68,15.4,520095.0
2023-07-11,BITX,14.87,15.29,14.765,15.06,418144.0
2023-07-12,BITX,15.13,15.33,14.64,14.75,422498.0
2023-07-13,BITX,15.0,16.4,14.95,16.2095,1288290.0
2023-07-14,BITX,15.62,15.809,14.329,14.54,682158.0
2023-07-17,BITX,14.58,14.65,14.01,14.24,503384.0
2023-07-18,BITX,14.12,14.32,13.8,14.05,553571.0
2023-07-19,BITX,14.25,14.42,14.02,14.36,303055.0
2023-07-20,BITX,14.53,14.58,13.84,14.06,325249.0
2023-07-21,BITX,14.2,14.34,14.07,14.17,226788.0
2023-07-24,BITX,13.55,13.57,13.145,13.4,520696.0
2023-07-25,BITX,13.42,13.64,13.42,13.48,292374.0
2023-07-26,BITX,13.4913,13.6781,13.45,13.62,125907.0
2023-07-27,BITX,13.69,13.7291,13.22,13.32,214692.0
2023-07-28,BITX,13.48,13.77,13.41,13.54,346456.0
2023-07-31,BITX,13.65,13.65,13.3,13.33,214613.0
2023-08-01,BITX,13.07,13.5,12.71,13.44,405968.0
2023-08-02,BITX,13.55,13.61,13.021,13.29,494987.0
2023-08-03,BITX,13.3,13.549,13.27,13.4,295986.0
2023-08-04,BITX,13.33,13.47,13.07,13.14,712198.0
2023-08-07,BITX,13.18,13.28,12.79,13.25,240483.0
2023-08-08,BITX,13.59,14.15,13.44,13.99,279347.0
2023-08-09,BITX,14.04,14.0499,13.43,13.47,370288.0
2023-08-10,BITX,13.67,13.77,13.36,13.48,169681.0
2023-08-11,BITX,13.5,13.63,13.3,13.44,198973.0
2023-08-14,BITX,13.36,13.7,13.27,13.38,226212.0
2023-08-15,BITX,13.4,13.5253,13.1,13.22,146230.0
2023-08-16,BITX,13.14,13.25,12.9701,13.14,139662.0
2023-08-17,BITX,12.59,12.59,11.8,12.0,567116.0
2023-08-18,BITX,10.59,10.6999,10.08,10.43,561349.0
2023-08-21,BITX,10.34,10.4901,10.18,10.43,190202.0
2023-08-22,BITX,10.35,10.3688,10.11,10.15,126967.0
2023-08-23,BITX,10.17,10.9,10.16,10.75,375873.0
2023-08-24,BITX,10.56,10.56,10.14,10.3,305071.0
2023-08-25,BITX,10.41,10.51,10.08,10.24,250697.0
2023-08-28,BITX,10.26,10.41,10.1995,10.26,175806.0
2023-08-29,BITX,10.25,12.0,10.25,11.73,782486.0
2023-08-30,BITX,11.37,11.37,11.02,11.13,447678.0
2023-08-31,BITX,11.12,11.1561,10.01,10.19,2167690.0
2023-09-01,BITX,10.06,10.08,9.52,9.76,509298.0
2023-09-05,BITX,9.86,9.94,9.72,9.77,176551.0
2023-09-06,BITX,9.78,10.06,9.49,9.78,357412.0
2023-09-07,BITX,9.74,10.02,9.71,9.94,192651.0
2023-09-08,BITX,9.93,9.99,9.81,9.98,203617.0
2023-09-11,BITX,9.76,9.84,9.1757,9.24,492506.0
2023-09-12,BITX,10.05,10.4,9.9099,10.03,379176.0
2023-09-13,BITX,10.1,10.31,10.04,10.09,250454.0
2023-09-14,BITX,10.56,10.66,10.43,10.53,226086.0
2023-09-15,BITX,10.29,10.37,10.14,10.3,94054.0
2023-09-18,BITX,11.01,11.06,10.4684,10.62,183633.0
2023-09-19,BITX,10.92,11.18,10.73,10.93,148340.0
2023-09-20,BITX,10.82,11.025,10.6,10.7,217484.0
2023-09-21,BITX,10.39,10.5,10.22,10.43,104587.0
2023-09-22,BITX,10.42,10.49,10.345,10.36,118289.0
2023-09-25,BITX,10.04,10.27,9.99,10.21,108204.0
2023-09-26,BITX,10.07,10.14,9.98,10.13,86007.0
2023-09-27,BITX,10.52,10.56,10.0,10.12,199846.0
2023-09-28,BITX,10.35,11.0299,10.31,10.85,244516.0
2023-09-29,BITX,10.72,10.76,10.41,10.64,242771.0
2023-10-02,BITX,11.87,12.06,11.21,11.46,368817.0
2023-10-03,BITX,11.07,11.1392,10.83,10.86,150884.0
2023-10-04,BITX,11.03,11.3381,10.87,11.16,195576.0
2023-10-05,BITX,11.56,11.6,10.92,11.02,222618.0
2023-10-06,BITX,10.94,11.5396,10.94,11.45,246176.0
2023-10-09,BITX,11.03,11.24,10.81,11.16,333452.0
2023-10-10,BITX,10.96,11.1,10.8389,10.92,224096.0
2023-10-11,BITX,10.72,10.72,10.19,10.38,336454.0
2023-10-12,BITX,10.38,10.39,10.19,10.33,143906.0
2023-10-13,BITX,10.47,10.49,10.28,10.4,203970.0
2023-10-16,BITX,12.49,13.0,11.19,11.75,1644126.0
2023-10-17,BITX,11.6,11.88,11.47,11.81,170433.0
2023-10-18,BITX,11.65,11.7,11.44,11.54,98459.0
2023-10-19,BITX,11.79,12.152,11.73,12.05,249666.0
2023-10-20,BITX,12.68,12.83,12.47,12.68,332157.0
2023-10-23,BITX,13.53,14.272,13.3501,14.2,807279.0
2023-10-24,BITX,17.02,17.11,15.92,16.37,962916.0
2023-10-25,BITX,17.04,17.79,16.87,17.38,841077.0
2023-10-26,BITX,16.91,17.06,16.33,16.5,700554.0
2023-10-27,BITX,16.86,16.86,15.8638,16.19,375641.0
2023-10-30,BITX,17.11,17.31,16.53,16.94,680083.0
2023-10-31,BITX,16.8,17.14,16.59,17.08,294798.0
2023-11-01,BITX,17.33,17.34,16.5,17.16,733007.0
2023-11-02,BITX,17.66,17.739,16.77,17.49,890457.0
2023-11-03,BITX,16.79,17.3291,16.79,16.99,369948.0
2023-11-06,BITX,17.555,17.69,17.25,17.51,672174.0
2023-11-07,BITX,17.16,18.4601,16.943,18.27,629783.0
2023-11-08,BITX,17.76,18.21,17.462,18.08,342649.0
2023-11-09,BITX,20.0,20.5086,18.041,18.97,952616.0
2023-11-10,BITX,19.66,20.0097,19.2498,19.82,398190.0
2023-11-13,BITX,19.21,19.4199,18.83,19.19,420171.0
2023-11-14,BITX,18.86,19.0965,16.88,17.39,1067120.0
2023-11-15,BITX,18.34,20.17,18.27,19.93,674083.0
2023-11-16,BITX,18.7,19.095,17.63,18.1,990627.0
2023-11-17,BITX,18.41,19.09,18.01,18.62,736161.0
2023-11-20,BITX,19.27,20.03,18.98,19.85,786084.0
2023-11-21,BITX,19.16,19.7764,18.44,19.11,723026.0
2023-11-22,BITX,18.56,19.86,18.31,19.86,813519.0
2023-11-24,BITX,19.98,20.85,19.79,20.09,763868.0
2023-11-27,BITX,18.63,19.0499,18.55,18.72,715347.0
2023-11-28,BITX,19.4,20.65,19.27,20.31,619470.0
2023-11-29,BITX,20.04,20.04,19.37,19.49,681809.0
2023-11-30,BITX,19.31,19.35,18.94,19.24,454379.0
2023-12-01,BITX,19.99,20.69,19.835,20.3,627595.0
2023-12-04,BITX,23.32,23.76,22.77,23.42,1225280.0
2023-12-05,BITX,23.96,26.0,23.68,25.73,1456687.0
2023-12-06,BITX,26.24,26.2697,25.57,25.62,891040.0
2023-12-07,BITX,25.3,25.8,24.78,25.04,780738.0
2023-12-08,BITX,25.49,26.49,25.4501,26.3,875461.0
2023-12-11,BITX,23.24,23.43,21.15,21.92,1576133.0
2023-12-12,BITX,22.87,22.905,21.7,22.3,894331.0
2023-12-13,BITX,22.55,24.3179,22.48,24.17,1931725.0
2023-12-14,BITX,23.85,24.75,23.35,24.27,754677.0
2023-12-15,BITX,23.32,23.42,22.73,23.31,1221386.0
2023-12-18,BITX,22.52,23.1195,22.0357,23.08,854659.0
2023-12-19,BITX,23.87,23.87,22.77,23.29,847929.0
2023-12-20,BITX,25.38,25.7347,24.54,24.76,1223080.0
2023-12-21,BITX,25.18,25.2512,24.59,25.03,1009885.0
2023-12-22,BITX,24.5,25.33,24.5,24.95,679367.0
2023-12-26,BITX,23.74,23.76,22.52,23.07,1395120.0
2023-12-27,BITX,24.04,24.72,23.81,24.64,1122180.0
2023-12-28,BITX,23.89,23.89,23.1,23.38,1060729.0
2023-12-29,BITX,23.76,23.9899,22.0,22.76,1074910.0
2024-01-02,BITX,26.95,27.06,25.65,25.72,1088309.0
2024-01-03,BITX,22.5,24.1799,22.41,23.31,1611977.0
2024-01-04,BITX,23.93,25.52,23.7404,24.83,831833.0
2024-01-05,BITX,24.51,24.95,23.45,24.57,844028.0
2024-01-08,BITX,25.63,28.25,25.2732,27.72,1865150.0
2024-01-09,BITX,27.65,27.8899,27.12,27.47,1363370.0
2024-01-10,BITX,25.73,27.39,24.96,26.69,2076390.0
2024-01-11,BITX,28.71,30.1,25.75,26.66,3750763.0
2024-01-12,BITX,26.0,26.1148,22.85,23.44,2535320.0
2024-01-16,BITX,22.77,23.3004,21.8,23.19,1397332.0
2024-01-17,BITX,22.31,22.8058,22.0,22.67,569886.0
2024-01-18,BITX,22.35,22.7099,20.27,20.63,1548520.0
2024-01-19,BITX,20.78,21.83,20.0,21.35,978198.0
2024-01-22,BITX,20.22,20.48,19.0001,19.87,1347417.0
2024-01-23,BITX,18.5,19.33,18.2101,18.9,943137.0
2024-01-24,BITX,19.65,19.85,19.12,19.22,757934.0
2024-01-25,BITX,19.62,19.7396,19.2,19.47,511790.0
2024-01-26,BITX,20.64,21.839,20.64,21.59,1376455.0
2024-01-29,BITX,21.5,22.94,21.3422,22.81,1069377.0
2024-01-30,BITX,22.98,23.32,22.85,23.2,602431.0
2024-01-31,BITX,22.23,23.41,22.0,22.09,931832.0
2024-02-01,BITX,21.89,22.8296,21.88,22.58,638701.0
2024-02-02,BITX,22.23,23.0399,22.22,22.49,716329.0
2024-02-05,BITX,22.9,22.93,21.7301,21.81,890828.0
2024-02-06,BITX,22.34,22.8938,22.3,22.59,787184.0
2024-02-07,BITX,22.52,23.83,22.34,23.71,1113111.0
2024-02-08,BITX,24.65,25.28,24.43,25.14,1386081.0
2024-02-09,BITX,26.8,28.12,26.57,27.34,1795507.0
2024-02-12,BITX,28.12,30.6242,28.07,30.41,2043658.0
2024-02-13,BITX,28.93,29.63,28.2,29.63,2012825.0
2024-02-14,BITX,32.41,32.72,31.7045,32.34,2238280.0
2024-02-15,BITX,33.16,33.7004,32.1,32.29,1722724.0
2024-02-16,BITX,32.89,33.18,32.08,32.43,1161585.0
2024-02-20,BITX,32.97,33.03,30.95,32.53,1634114.0
2024-02-21,BITX,30.93,31.677,30.71,31.14,1274621.0
2024-02-22,BITX,31.25,32.5,31.14,32.37,1117512.0
2024-02-23,BITX,31.26,31.4261,30.58,31.2,947331.0
2024-02-26,BITX,31.51,36.0,31.4749,35.43,2723020.0
2024-02-27,BITX,38.39,39.35,37.58,38.61,2902779.0
2024-02-28,BITX,42.83,48.245,41.541,43.09,8133036.0
2024-02-29,BITX,45.03,45.28,42.4,43.9,6235875.0
2024-03-01,BITX,44.52,45.7,42.62,45.38,3449546.0
2024-03-04,BITX,49.01,52.6,48.5601,52.07,6641707.0
2024-03-05,BITX,52.0,54.84,39.61,43.11,9504105.0
2024-03-06,BITX,49.81,50.85,47.55,50.06,5127247.0
2024-03-07,BITX,50.73,51.85,49.6,51.16,3254401.0
2024-03-08,BITX,51.85,55.2389,48.7801,53.27,5446887.0
2024-03-11,BITX,58.2,59.07,56.3601,57.92,5899616.0
2024-03-12,BITX,58.07,59.51,52.11,56.59,6560445.0
2024-03-13,BITX,58.81,59.74,57.01,59.67,4032441.0
2024-03-14,BITX,57.99,58.355,51.1,52.82,6062480.0
2024-03-15,BITX,50.28,54.68,49.72,52.43,6269119.0
2024-03-18,BITX,50.53,51.47,48.25,48.8,4879981.0
2024-03-19,BITX,44.3,47.25,41.89,45.11,7294048.0
2024-03-20,BITX,43.74,47.51,41.82,47.25,6471817.0
2024-03-21,BITX,49.59,49.79,45.62,46.11,6038292.0
2024-03-22,BITX,44.5,44.71,42.41,44.16,6094984.0
2024-03-25,BITX,48.34,54.215,48.34,54.06,7978001.0
2024-03-26,BITX,53.81,53.91,51.34,51.49,4445686.0
2024-03-27,BITX,54.59,54.85,49.69,50.06,5211241.0
2024-03-28,BITX,53.59,54.71,52.78,53.25,6213322.0
2024-04-01,BITX,52.03,52.14,48.95,51.57,5876532.0
2024-04-02,BITX,44.21,46.5,43.62,45.73,8003182.0
2024-04-03,BITX,45.5,47.23,45.25,45.56,3287476.0
2024-04-04,BITX,47.6,50.49,47.37,49.17,5448253.0
2024-04-05,BITX,46.89,49.36,46.75,47.45,4743668.0
2024-04-08,BITX,54.49,54.51,52.91,53.74,5466737.0
2024-04-09,BITX,51.97,52.539,48.33,49.45,5242440.0
2024-04-10,BITX,47.44,51.08,47.17,51.08,4968618.0
2024-04-11,BITX,52.09,52.29,50.1704,51.74,4621307.0
2024-04-12,BITX,51.01,51.34,44.24,46.14,8218317.0
2024-04-15,BITX,45.58,45.89,40.0,41.29,7622063.0
2024-04-16,BITX,41.14,41.38,39.16,40.55,5637587.0
2024-04-17,BITX,40.0,40.78,36.41,38.08,8490400.0
2024-04-18,BITX,39.84,42.1399,39.2,41.31,6303815.0
2024-04-19,BITX,42.74,43.35,41.21,42.22,5513278.0
2024-04-22,BITX,44.52,45.55,43.89,45.15,4674409.0
2024-04-23,BITX,44.51,45.9637,44.45,44.94,3457971.0
2024-04-24,BITX,44.15,44.67,41.06,41.32,5266299.0
2024-04-25,BITX,40.13,42.55,39.7827,42.28,3811953.0
2024-04-26,BITX,41.05,42.4076,40.29,40.94,3425601.0
2024-04-29,BITX,39.21,40.22,38.22,39.9,3211307.0
2024-04-30,BITX,37.4,37.97,34.57,34.75,5843636.0
2024-05-01,BITX,33.15,35.288,31.82,32.19,8532846.0
2024-05-02,BITX,34.37,35.3865,33.7875,35.14,3882237.0
2024-05-03,BITX,37.31,38.54,37.28,38.34,4547017.0
2024-05-06,BITX,40.18,40.96,38.97,39.66,3533823.0
2024-05-07,BITX,40.07,41.07,39.1,39.47,2127914.0
2024-05-08,BITX,38.0,39.11,37.69,38.19,4204388.0
2024-05-09,BITX,37.11,38.99,36.5411,38.62,4543246.0
2024-05-10,BITX,39.15,39.44,35.6601,36.34,5808103.0
2024-05-13,BITX,38.91,39.78,38.6,39.37,3272734.0
2024-05-14,BITX,37.82,38.1899,36.71,37.34,3128923.0
2024-05-15,BITX,40.6,43.415,40.265,42.89,7058364.0
2024-05-16,BITX,42.82,43.35,40.88,41.61,4659621.0
2024-05-17,BITX,43.2,44.67,42.41,44.18,4826970.0
2024-05-20,BITX,43.91,48.15,43.57,48.06,5638206.0
2024-05-21,BITX,49.15,49.69,46.6601,46.84,5396421.0
2024-05-22,BITX,46.45,47.9,45.71,46.29,4433585.0
2024-05-23,BITX,45.95,46.03,42.3501,42.97,5571093.0
2024-05-24,BITX,43.26,45.84,42.7,45.56,4656582.0
2024-05-28,BITX,44.43,44.61,42.82,44.41,5282345.0
2024-05-29,BITX,43.51,43.74,42.63,42.79,3643911.0
2024-05-30,BITX,44.07,45.8647,43.86,44.71,6407721.0
2024-05-31,BITX,44.71,44.78,41.7,43.01,3846926.0
2024-06-03,BITX,45.92,46.68,44.21,45.12,4733935.0
2024-06-04,BITX,45.43,47.81,45.16,46.75,5842347.0
2024-06-05,BITX,47.85,48.71,46.6,47.95,6586031.0
2024-06-06,BITX,47.73,48.49,46.66,46.79,4588166.0
2024-06-07,BITX,47.87,48.42,43.6112,44.94,7247847.0
2024-06-10,BITX,44.84,46.16,44.62,45.09,4593226.0
2024-06-11,BITX,42.15,42.79,40.61,42.51,6927261.0
2024-06-12,BITX,44.82,45.82,42.09,42.51,6497620.0
2024-06-13,BITX,43.09,43.52,40.57,41.13,6489175.0
2024-06-14,BITX,42.03,42.1299,39.12,39.71,5954447.0
2024-06-17,BITX,39.81,41.9,39.07,41.16,3699514.0
2024-06-18,BITX,38.8,39.43,37.7,38.2,6683871.0
2024-06-20,BITX,39.26,39.55,38.31,38.93,5445233.0
2024-06-21,BITX,37.1,38.14,36.88,37.87,4948437.0
2024-06-24,BITX,34.37,34.91,31.63,32.18,10123230.0
2024-06-25,BITX,33.28,34.5,32.96,34.08,6590708.0
2024-06-26,BITX,33.525,34.04,32.59,32.9,3516762.0
2024-06-27,BITX,33.61,34.4927,33.27,33.38,3156088.0
2024-06-28,BITX,33.35,33.76,31.58,31.68,3777975.0
2024-07-01,BITX,34.77,35.87,34.34,35.09,4604975.0
2024-07-02,BITX,34.72,34.9971,33.3936,33.63,4122313.0
2024-07-03,BITX,31.77,32.2913,31.37,32.02,4821100.0
2024-07-05,BITX,26.79,28.43,26.6301,27.85,12258090.0
2024-07-08,BITX,28.58,28.71,26.33,27.82,8854278.0
2024-07-09,BITX,28.47,29.58,28.25,29.14,5094999.0
2024-07-10,BITX,29.26,29.315,28.57,28.69,5927617.0
2024-07-11,BITX,30.04,30.24,28.38,28.64,7246579.0
2024-07-12,BITX,28.81,29.82,28.75,28.92,4955789.0
2024-07-15,BITX,33.97,35.21,33.6597,34.62,8807621.0
2024-07-16,BITX,35.1,36.7,34.26,36.57,9396172.0
2024-07-17,BITX,36.0,36.83,35.01,35.91,6682224.0
2024-07-18,BITX,36.23,36.335,34.28,34.7,5751829.0
2024-07-19,BITX,35.38,39.1,35.31,38.85,8122146.0
2024-07-22,BITX,39.16,39.9,37.83,39.9,7665382.0
2024-07-23,BITX,37.86,38.7999,36.54,36.69,8103430.0
2024-07-24,BITX,37.35,37.799,35.94,36.12,5921739.0
2024-07-25,BITX,34.46,35.45,33.42,34.93,6787099.0
2024-07-26,BITX,37.95,38.77,37.272,38.58,5312853.0
2024-07-29,BITX,40.35,40.415,36.59,37.56,9826010.0
2024-07-30,BITX,36.76,37.12,35.47,35.88,4155622.0
2024-07-31,BITX,36.5,36.92,34.82,35.14,5761007.0
2024-08-01,BITX,34.45,34.8,31.83,32.99,8290163.0
2024-08-02,BITX,34.59,35.35,31.96,32.18,7197173.0
2024-08-05,BITX,19.04,24.9286,18.95,22.78,20164100.0
2024-08-06,BITX,24.23,25.9097,22.76,25.67,8220238.0
2024-08-07,BITX,26.04,26.27,23.65,23.75,7573076.0
2024-08-08,BITX,26.37,28.27,25.4407,27.89,7122873.0
2024-08-09,BITX,28.62,29.38,27.9,29.07,5470792.0
2024-08-12,BITX,27.85,29.0,26.26,27.35,7645741.0
2024-08-13,BITX,27.25,29.78,27.185,29.02,6467433.0
2024-08-14,BITX,28.94,29.1194,26.94,27.14,8468933.0
2024-08-15,BITX,27.37,28.0501,25.1194,25.42,11532730.0
2024-08-16,BITX,26.85,28.02,25.98,27.9,6343995.0
2024-08-19,BITX,26.88,27.4297,26.25,27.12,5331173.0
2024-08-20,BITX,28.52,28.95,26.7,27.58,8024731.0
2024-08-21,BITX,27.56,29.56,26.97,29.53,7816213.0
2024-08-22,BITX,28.78,28.87,28.01,28.2,5117118.0
2024-08-23,BITX,28.97,31.57,28.62,31.36,10251530.0
2024-08-26,BITX,31.49,31.58,30.68,31.01,6320361.0
2024-08-27,BITX,30.02,30.07,29.05,29.75,7380965.0
2024-08-28,BITX,26.98,27.11,25.0301,25.94,8684552.0
2024-08-29,BITX,27.16,27.979,25.94,26.26,7617997.0
2024-08-30,BITX,26.48,26.8138,24.86,25.64,7299026.0
2024-09-03,BITX,26.05,26.07,24.58,25.09,4709993.0
2024-09-04,BITX,23.71,25.5499,23.41,25.13,6423466.0
2024-09-05,BITX,23.84,24.38,23.08,23.36,5788642.0
2024-09-06,BITX,23.96,24.05,20.91,21.16,9908025.0
2024-09-09,BITX,22.74,24.18,22.22,24.1,5478715.0
2024-09-10,BITX,23.86,24.8412,23.53,24.77,3579667.0
2024-09-11,BITX,23.8,24.81,22.62,24.46,6796516.0
2024-09-12,BITX,24.53,25.26,24.14,25.1,4815945.0
2024-09-13,BITX,24.54,26.53,24.46,26.27,6652435.0
2024-09-16,BITX,25.17,25.17,24.21,24.65,4718364.0
2024-09-17,BITX,25.82,27.58,25.46,26.31,8436664.0
2024-09-18,BITX,26.27,27.54,25.61,26.34,8741910.0
2024-09-19,BITX,29.23,29.8,28.69,29.2,6785925.0
2024-09-20,BITX,28.89,29.47,28.35,28.77,6057539.0
2024-09-23,BITX,29.18,29.665,28.94,29.17,5260565.0
2024-09-24,BITX,29.34,30.2,28.58,30.09,5826336.0
2024-09-25,BITX,29.36,29.81,28.8,28.99,4926725.0
2024-09-26,BITX,29.58,30.93,29.28,29.79,9699679.0
2024-09-27,BITX,30.69,31.58,30.39,30.66,8809188.0
2024-09-30,BITX,28.96,29.115,28.07,28.49,7990407.0
2024-10-01,BITX,28.4,28.46,26.2301,26.92,8331039.0
2024-10-02,BITX,26.2,27.48,25.4,25.56,7594161.0
2024-10-03,BITX,25.79,26.3,25.2601,26.26,6624256.0
2024-10-04,BITX,26.69,27.51,25.97,27.42,6678396.0
2024-10-07,BITX,27.99,29.2799,27.67,28.25,7097578.0
2024-10-08,BITX,27.564,28.135,26.81,27.21,7036499.0
2024-10-09,BITX,26.87,27.36,25.89,26.11,5769856.0
2024-10-10,BITX,26.19,26.1903,24.23,24.98,7301620.0
2024-10-11,BITX,26.41,28.14,26.41,27.85,8266378.0
2024-10-14,BITX,29.36,30.74,29.2302,30.33,9498456.0
2024-10-15,BITX,30.35,32.2792,29.3,31.31,12508030.0
2024-10-16,BITX,32.185,32.61,31.47,32.0,7384841.0
2024-10-17,BITX,31.26,31.9386,30.87,31.1,6002073.0
2024-10-18,BITX,32.0,33.2,31.9,32.76,10326970.0
2024-10-21,BITX,32.04,32.0545,30.93,31.87,8100913.0
2024-10-22,BITX,31.25,31.83,30.76,31.6,6456682.0
2024-10-23,BITX,30.67,31.035,29.41,30.56,9235562.0
2024-10-24,BITX,31.66,32.335,31.33,32.3,6880477.0
2024-10-25,BITX,32.06,32.86,29.9501,30.79,10790490.0
2024-10-28,BITX,32.9,33.81,32.37,33.52,9172969.0
2024-10-29,BITX,34.5,36.92,34.21,35.83,16412450.0
2024-10-30,BITX,35.08,35.77,34.64,35.11,8891652.0
2024-10-31,BITX,35.17,35.24,32.96,33.04,9975051.0
2024-11-01,BITX,33.19,34.69,31.89,32.28,11505400.0
2024-11-04,BITX,31.66,31.855,30.33,30.49,7577360.0
2024-11-05,BITX,32.28,33.42,31.81,32.46,9037516.0
2024-11-06,BITX,37.08,39.17,36.28,38.79,16700770.0
2024-11-07,BITX,37.53,39.58,37.12,39.16,11893830.0
2024-11-08,BITX,38.85,40.0095,38.26,39.33,11250570.0
2024-11-11,BITX,44.62,50.4586,44.43,49.98,21570980.0
2024-11-12,BITX,48.96,53.28,47.91,52.83,18759590.0
2024-11-13,BITX,53.26,57.45,52.4302,53.0,26707830.0
2024-11-14,BITX,54.73,55.3889,50.09,50.13,16034730.0
2024-11-15,BITX,52.26,54.94,50.43,54.85,15609110.0
2024-11-18,BITX,53.44,56.27,52.54,54.94,13567270.0
2024-11-19,BITX,54.96,58.08,54.44,56.08,13007080.0
2024-11-20,BITX,58.61,59.18,56.86,58.28,12730270.0
2024-11-21,BITX,61.97,64.16,59.61,62.87,17547710.0
2024-11-22,BITX,62.1,64.9237,61.35,64.18,10834110.0
2024-11-25,BITX,61.658,61.9,57.7,58.33,13349000.0
2024-11-26,BITX,54.37,57.7499,52.5801,52.99,13234820.0
2024-11-27,BITX,57.22,60.41,56.87,59.64,12210690.0
2024-11-29,BITX,60.55,62.6,60.16,60.2,9394784.0
2024-12-02,BITX,58.61,60.6,56.52,58.14,9488157.0
2024-12-03,BITX,56.28,59.02,55.5501,58.07,8474629.0
2024-12-04,BITX,58.31,62.5373,56.73,62.19,11844960.0
2024-12-05,BITX,67.0,68.0877,60.44,61.99,16503830.0
2024-12-06,BITX,62.32,65.92,61.4719,65.22,10453990.0
2024-12-09,BITX,61.85,63.68,57.94,58.16,11535590.0
2024-12-10,BITX,60.29,60.6,55.69,58.33,11284510.0
2024-12-11,BITX,61.19,64.8696,60.82,64.35,14076530.0
2024-12-12,BITX,64.41,65.9,61.47,62.47,10035000.0
2024-12-13,BITX,63.08,65.03,62.12,64.62,10116450.0
2024-12-16,BITX,67.4,71.98,67.25,69.35,12354160.0
2024-12-17,BITX,71.94,72.8,69.14,70.55,9260919.0
2024-12-18,BITX,67.437,67.89,61.1,61.87,16116570.0
2024-12-19,BITX,63.8,64.45,55.36,56.3,16642280.0
2024-12-20,BITX,54.87,58.18,54.61,56.37,12521460.0
2024-12-23,BITX,55.24,55.37,51.35,52.18,11208870.0
2024-12-24,BITX,56.61,59.4699,56.245,59.12,8948354.0
2024-12-26,BITX,54.89,56.0489,54.16,54.69,9229449.0
2024-12-27,BITX,55.52,55.55,51.81,53.24,7430900.0
2024-12-30,BITX,51.3,53.62,49.3,52.91,10443150.0
2024-12-31,BITX,54.74,55.25,51.68,51.75,7231263.0
2025-01-02,BITX,55.51,57.1,54.79,56.43,7798770.0
2025-01-03,BITX,56.16,58.4981,55.5709,57.69,6069778.0
2025-01-06,BITX,58.41,62.75,58.063,62.06,10085720.0
2025-01-07,BITX,60.22,60.3599,54.21,54.38,11520580.0
2025-01-08,BITX,53.4,54.24,50.05,51.77,8384691.0
2025-01-10,BITX,52.33,53.87,49.85,52.62,7966385.0
2025-01-13,BITX,48.03,51.43,46.41,51.21,8095515.0
2025-01-14,BITX,54.7,55.25,52.97,54.26,6382603.0
2025-01-15,BITX,57.01,59.3,56.75,57.92,8130660.0
2025-01-16,BITX,57.63,59.1,55.04,58.85,9804584.0
2025-01-17,BITX,61.68,65.55,61.06,63.92,10425080.0
2025-01-21,BITX,64.42,67.0,61.21,65.54,13671780.0
2025-01-22,BITX,63.49,64.19,61.845,63.17,8027800.0
2025-01-23,BITX,60.5,66.2,60.35,61.69,14760380.0
2025-01-24,BITX,64.25,66.54,63.37,63.57,8458182.0
2025-01-27,BITX,58.44,60.3699,56.0,59.15,10664780.0
2025-01-28,BITX,60.63,62.09,58.87,58.99,6353126.0
2025-01-29,BITX,59.99,63.2545,59.11,62.4,8051182.0
2025-01-30,BITX,63.35,65.31,63.03,63.14,6696990.0
2025-01-31,BITX,62.92,64.675,58.8,58.89,9468142.0
2025-02-03,BITX,51.04,59.75,50.7,58.7,14844260.0
2025-02-04,BITX,56.26,58.2,54.7,55.57,8365793.0
2025-02-05,BITX,55.61,56.17,52.98,53.98,7565382.0
2025-02-06,BITX,55.04,55.7999,52.0099,53.6,9199111.0
2025-02-07,BITX,56.66,57.1992,51.88,52.08,11611010.0
2025-02-10,BITX,54.22,54.6,53.25,53.85,6108599.0
2025-02-11,BITX,53.2,53.8,50.92,51.41,6427388.0
2025-02-12,BITX,50.77,54.14,50.5109,53.37,7898284.0
2025-02-13,BITX,52.09,52.69,51.21,52.49,11118940.0
2025-02-14,BITX,52.87,55.56,52.42,53.58,7947554.0
2025-02-18,BITX,52.58,52.74,48.93,49.87,12794500.0
2025-02-19,BITX,52.31,52.7327,51.18,52.03,6973954.0
2025-02-20,BITX,53.9,54.97,52.6404,54.61,5540246.0
2025-02-21,BITX,55.3,55.5799,50.06,50.24,8074762.0
2025-02-24,BITX,50.93,51.3698,48.9558,49.36,6876009.0
2025-02-25,BITX,44.09,44.18,40.63,43.28,14285760.0
2025-02-26,BITX,40.6,43.4099,37.31,39.52,14032140.0
2025-02-27,BITX,41.18,41.33,37.7,38.44,7853421.0
2025-02-28,BITX,37.07,40.27,36.3604,39.37,10203790.0
2025-03-03,BITX,47.56,47.72,40.02,40.91,12463320.0
2025-03-04,BITX,37.77,43.63,36.51,41.66,9525766.0
2025-03-05,BITX,44.46,45.25,42.29,45.17,8375556.0
2025-03-06,BITX,44.57,46.1599,42.3701,43.64,7270625.0
2025-03-07,BITX,43.66,45.6799,41.03,41.55,8289754.0
2025-03-10,BITX,37.37,37.6299,32.3,33.85,12770540.0
2025-03-11,BITX,36.06,37.81,33.86,37.35,8408212.0
2025-03-12,BITX,37.53,37.965,35.01,37.16,6614617.0
2025-03-13,BITX,37.11,37.36,34.41,34.65,5485780.0
2025-03-14,BITX,37.51,39.22,36.86,38.57,9402323.0
2025-03-17,BITX,36.89,38.62,36.44,38.36,6935178.0
2025-03-18,BITX,36.31,36.4229,35.15,36.29,5208470.0
2025-03-19,BITX,37.78,39.6,37.49,39.16,6751383.0
2025-03-20,BITX,38.8,40.09,37.34,37.82,6540726.0
2025-03-21,BITX,37.36,38.02,36.89,37.65,4073272.0
2025-03-24,BITX,40.67,42.03,40.57,41.52,7191271.0
2025-03-25,BITX,40.91,41.5599,40.3434,41.4,6568714.0
2025-03-26,BITX,40.77,41.22,39.12,39.82,5775230.0
2025-03-27,BITX,39.05,40.2488,38.5851,39.75,4957112.0
2025-03-28,BITX,38.06,38.29,36.37,36.54,6522028.0
2025-03-31,BITX,35.52,36.8,34.7311,35.48,4755274.0
2025-04-01,BITX,36.52,38.22,35.42,37.73,5385136.0
2025-04-02,BITX,37.4,39.9299,37.2379,39.45,7161891.0
2025-04-03,BITX,34.8,35.54,34.13,34.81,6254106.0
2025-04-04,BITX,35.4,37.18,34.655,36.65,8978596.0
2025-04-07,BITX,30.3,34.17,29.34,31.47,14425110.0
2025-04-08,BITX,33.11,33.21,29.84,30.26,7392431.0
2025-04-09,BITX,30.21,35.3001,30.21,34.73,10719560.0
2025-04-10,BITX,34.13,34.22,31.26,32.4,7129975.0
2025-04-11,BITX,34.46,36.19,33.7,35.9,7568348.0
2025-04-14,BITX,36.71,37.57,35.7,36.78,5633438.0
2025-04-15,BITX,37.59,38.1699,35.83,35.95,5882966.0
2025-04-16,BITX,35.62,37.27,35.29,36.23,7746151.0
2025-04-17,BITX,36.46,37.24,35.66,36.71,4458689.0
2025-04-21,BITX,38.72,39.96,37.93,38.84,7918744.0
2025-04-22,BITX,40.89,42.74,40.72,42.47,9221213.0
2025-04-23,BITX,44.81,45.34,42.82,44.3,9920647.0
2025-04-24,BITX,43.57,44.49,43.41,44.45,5648424.0
2025-04-25,BITX,45.09,46.64,44.84,46.04,7386567.0
2025-04-28,BITX,45.31,45.43,43.61,44.9,5135424.0
2025-04-29,BITX,44.99,45.56,44.6869,45.34,4416820.0
2025-04-30,BITX,44.61,44.6334,42.91,44.12,5757785.0
2025-05-01,BITX,46.65,47.43,45.83,46.45,7731067.0
2025-05-02,BITX,46.87,47.7687,46.51,46.75,7329302.0
2025-05-05,BITX,43.87,44.7,43.365,44.11,4256813.0
2025-05-06,BITX,43.47,44.9,43.08,44.68,3987656.0
2025-05-07,BITX,46.42,47.14,45.42,45.82,4793779.0
2025-05-08,BITX,48.93,51.1,48.58,50.7,8383014.0
2025-05-09,BITX,52.33,53.17,51.69,52.55,5326314.0
2025-05-12,BITX,53.45,53.92,49.94,51.03,8514540.0
2025-05-13,BITX,53.06,54.39,52.16,54.14,8395561.0
2025-05-14,BITX,53.34,53.68,51.76,52.47,6130345.0
2025-05-15,BITX,51.7,53.39,50.49,52.32,6603109.0
2025-05-16,BITX,52.74,53.83,52.48,53.28,6022371.0
2025-05-19,BITX,51.66,54.8,51.48,54.76,7043602.0
2025-05-20,BITX,53.77,56.55,53.29,56.27,8959635.0
2025-05-21,BITX,55.62,59.27,55.3,57.95,18139780.0
2025-05-22,BITX,60.92,61.54,59.95,60.65,11834640.0
2025-05-23,BITX,57.84,59.36,57.12,57.86,12665100.0
2025-05-27,BITX,59.8,60.1,57.9,59.19,8895180.0
2025-05-28,BITX,57.45,57.718,55.04,55.31,9472043.0
2025-05-29,BITX,56.81,56.835,53.68,53.92,10940640.0
2025-05-30,BITX,53.93,54.28,51.78,52.81,12010400.0
2025-06-02,BITX,52.03,52.85,51.6603,52.55,6494432.0
2025-06-03,BITX,53.56,55.0,53.08,54.4,7362109.0
2025-06-04,BITX,52.98,53.6199,52.0602,52.95,6662666.0
2025-06-05,BITX,53.81,53.8499,49.46,49.72,10568970.0
2025-06-06,BITX,51.86,53.31,51.76,52.12,6415953.0
2025-06-09,BITX,55.44,56.63,54.77,56.46,7859825.0
2025-06-10,BITX,57.55,58.25,56.1,57.37,7710701.0
2025-06-11,BITX,57.63,58.29,56.1,56.535,7869206.0
2025-06-12,BITX,54.35,56.15,54.08,54.42,7296435.0
2025-06-13,BITX,52.42,53.63,51.63,52.67,6962393.0
2025-06-16,BITX,54.21,56.47,53.98,56.25,6419632.0
2025-06-17,BITX,52.98,53.14,50.65,52.04,11343360.0
2025-06-18,BITX,51.22,52.635,50.77,51.06,8019901.0
2025-06-20,BITX,53.25,53.37,49.575,50.57,7734663.0
2025-06-23,BITX,48.47,50.575,46.92,50.42,13775110.0
2025-06-24,BITX,52.24,53.48,51.95,52.8,6619558.0
2025-06-25,BITX,55.08,55.3793,53.97,54.86,6950032.0
2025-06-26,BITX,53.7,54.34,53.12,54.11,5622807.0
2025-06-27,BITX,53.23,54.27,52.87,53.28,6464009.0
2025-06-30,BITX,54.2,54.3,53.04,54.02,7187989.0
2025-07-01,BITX,52.83,53.5,51.56,51.58,6503602.0
2025-07-02,BITX,53.79,56.17,53.65,55.99,9157684.0
2025-07-03,BITX,55.66,56.93,55.31,55.64,5329851.0
2025-07-07,BITX,54.59,54.82,53.49,54.15,6064436.0
2025-07-08,BITX,54.995,55.37,54.065,54.86,4682659.0
2025-07-09,BITX,55.73,58.26,54.54,57.97,8781920.0
2025-07-10,BITX,57.14,60.13,56.54,59.59,13536070.0
2025-07-11,BITX,64.1,64.64,62.935,64.47,11106440.0
2025-07-14,BITX,68.37,68.81,65.5596,66.36,10614050.0
2025-07-15,BITX,64.0,64.91,61.81,62.55,14130800.0
2025-07-16,BITX,65.05,66.3,64.35,65.55,10448510.0
2025-07-17,BITX,64.03,66.275,63.56,65.22,8769355.0
2025-07-18,BITX,65.03,65.5399,63.08,63.26,9447311.0
2025-07-21,BITX,64.16,65.3,62.45,62.64,8993587.0
2025-07-22,BITX,65.42,66.5,63.52,65.46,8652950.0
2025-07-23,BITX,64.11,64.81,63.15,64.41,6734699.0
2025-07-24,BITX,64.775,65.74,63.79,65.09,6471649.0
2025-07-25,BITX,62.0,63.0,60.695,62.66,9735202.0
2025-07-28,BITX,64.47,65.095,63.14,63.85,5814924.0
2025-07-29,BITX,64.25,64.35,61.86,62.53,5390508.0
2025-07-30,BITX,62.55,63.983,60.5242,61.8,6905189.0
2025-07-31,BITX,63.13,63.96,61.47,61.55,7056218.0
2025-08-01,BITX,60.17,60.39,57.41,57.54,9949088.0
2025-08-04,BITX,58.48,60.25,58.38,59.25,5757676.0
2025-08-05,BITX,58.63,59.08,56.96,58.1,6044706.0
2025-08-06,BITX,58.28,60.28,57.93,59.77,4474350.0
2025-08-07,BITX,60.95,62.27,60.155,62.17,5561455.0
2025-08-08,BITX,61.27,61.93,60.22,60.88,5290838.0
2025-08-11,BITX,63.99,65.4299,63.13,63.59,7616685.0
2025-08-12,BITX,63.72,64.835,63.05,64.28,6222683.0
2025-08-13,BITX,65.37,67.92,64.71,67.81,9860945.0
2025-08-14,BITX,62.61,63.96,61.38,62.32,12159890.0
2025-08-15,BITX,62.82,62.88,60.97,61.1,5886534.0
2025-08-18,BITX,59.71,60.9,58.795,60.35,5228244.0
2025-08-19,BITX,59.84,59.9203,56.42,56.9,6381941.0
2025-08-20,BITX,57.17,58.27,56.1,58.1,5482096.0
2025-08-21,BITX,57.07,57.85,55.71,55.92,4775151.0
2025-08-22,BITX,56.02,61.22,55.67,60.45,10816940.0
2025-08-25,BITX,55.23,56.6,54.07,54.35,9893460.0
2025-08-26,BITX,53.41,54.69,52.92,54.6,7211319.0
2025-08-27,BITX,54.11,55.48,53.86,54.92,5079472.0
2025-08-28,BITX,55.87,56.1,54.73,54.77,5434642.0
2025-08-29,BITX,53.25,53.32,50.6903,50.96,8164803.0
2025-09-02,BITX,52.09,54.39,51.73,53.39,7198749.0
2025-09-03,BITX,53.99,55.15,53.72,54.73,4485692.0
2025-09-04,BITX,53.26,53.41,51.75,52.27,5742650.0
2025-09-05,BITX,55.2,55.5801,52.5,53.88,8264178.0
2025-09-08,BITX,54.51,55.26,54.17,54.43,4161301.0
2025-09-09,BITX,55.12,55.28,52.99,53.64,4652813.0
2025-09-10,BITX,55.96,56.6999,55.37,55.8,5253021.0
2025-09-11,BITX,55.98,56.98,55.8901,56.7,4365198.0
2025-09-12,BITX,57.1,59.0766,56.98,59.05,5330286.0
2025-09-15,BITX,57.05,57.6697,56.41,57.37,5504103.0
2025-09-16,BITX,57.43,59.05,56.73,58.86,5216688.0
2025-09-17,BITX,58.19,58.33,56.5825,57.58,7086074.0
2025-09-18,BITX,59.41,59.94,58.97,59.43,5563035.0
2025-09-19,BITX,58.13,58.39,56.93,57.03,5483561.0
2025-09-22,BITX,54.8,55.31,53.8,53.97,6834148.0
2025-09-23,BITX,54.75,55.0599,53.28,53.44,5858788.0
2025-09-24,BITX,54.85,55.675,54.54,55.12,4277239.0
2025-09-25,BITX,53.24,53.4,50.19,51.03,9168569.0
2025-09-26,BITX,50.19,51.255,49.71,50.13,6084027.0
2025-09-29,BITX,53.03,55.1605,52.91,55.09,6647311.0
2025-09-30,BITX,54.03,55.25,53.48,55.08,4480648.0
2025-10-01,BITX,57.3,58.84,57.05,58.05,8908330.0
2025-10-02,BITX,59.83,61.695,59.16,61.52,9632450.0
2025-10-03,BITX,61.37,64.75,60.5912,63.35,13401260.0
2025-10-06,BITX,65.56,67.02,65.02,66.08,9714825.0
2025-10-07,BITX,65.55,65.5987,60.95,61.99,16135970.0
2025-10-08,BITX,62.84,64.59,61.96,63.65,9814757.0
2025-10-09,BITX,63.81,63.81,59.85,61.24,8597727.0
2025-10-10,BITX,62.29,62.83,55.91,56.6,14992620.0
2025-10-13,BITX,54.45,56.03,53.87,55.93,11028410.0
2025-10-14,BITX,50.91,53.7,50.06,52.75,11215750.0
2025-10-15,BITX,51.62,52.34,50.265,51.39,6930844.0
2025-10-16,BITX,51.15,51.54,47.85,48.47,14228880.0
2025-10-17,BITX,46.0,47.75,45.09,46.87,12720270.0
2025-10-20,BITX,50.56,51.5,49.86,50.74,9071465.0
2025-10-21,BITX,48.75,53.7,48.28,51.66,14220080.0
2025-10-22,BITX,48.25,49.11,47.47,47.86,14216180.0
2025-10-23,BITX,48.99,50.99,48.59,49.99,7810504.0
2025-10-24,BITX,50.94,50.99,49.47,50.28,6979433.0
2025-10-27,BITX,54.32,54.97,53.7335,54.18,6932682.0
2025-10-28,BITX,54.25,55.32,52.81,52.96,6837530.0
2025-10-29,BITX,52.25,52.34,48.21,49.43,11519810.0
2025-10-30,BITX,47.41,47.53,45.55,45.72,10858610.0
2025-10-31,BITX,48.67,49.71,47.56,48.58,8981056.0
2025-11-03,BITX,46.575,47.1699,44.567,45.72,8845949.0
2025-11-04,BITX,43.16,44.18,39.6,40.61,17481280.0
2025-11-05,BITX,42.15,43.71,41.73,43.07,8800915.0
2025-11-06,BITX,42.34,42.34,40.12,40.66,10380460.0
2025-11-07,BITX,40.06,43.04,39.4,42.91,11012940.0
2025-11-10,BITX,45.0,45.02,43.6,44.75,7643682.0
2025-11-11,BITX,43.5,43.62,41.86,42.02,6667401.0
2025-11-12,BITX,43.65,43.76,40.35,40.97,8589297.0
2025-11-13,BITX,41.65,42.51,36.7,38.11,14684830.0
2025-11-14,BITX,35.95,37.59,35.02,35.18,12295690.0
2025-11-17,BITX,34.97,36.4,32.83,33.31,17269950.0
2025-11-18,BITX,33.25,34.77,32.63,34.0,15295510.0
2025-11-19,BITX,32.74,33.676,30.83,31.55,16624930.0
2025-11-20,BITX,32.88,33.04,29.0352,29.36,21959030.0
2025-11-21,BITX,27.5,28.81,24.47,28.11,20371390.0
2025-11-24,BITX,29.0,31.15,28.51,31.03,11317310.0
2025-11-25,BITX,29.14,29.83,28.38,29.3,7887209.0
2025-11-26,BITX,29.24,31.38,28.82,31.01,10259230.0
2025-11-28,BITX,33.2,33.26,31.26,31.56,8786690.0
2025-12-01,BITX,28.41,28.7199,26.73,27.95,17023050.0
2025-12-02,BITX,29.95,32.34,29.7747,31.47,13926330.0
2025-12-03,BITX,32.51,33.33,31.98,32.8,12789470.0
2025-12-04,BITX,32.7,33.0,31.32,32.47,10120610.0
2025-12-05,BITX,31.0,31.75,29.39,30.25,12537800.0
2025-12-08,BITX,31.56,31.86,30.36,31.16,7403463.0
2025-12-09,BITX,30.79,33.85,30.63,32.75,11494400.0
2025-12-10,BITX,31.92,33.77,31.66,32.35,12882730.0
2025-12-11,BITX,30.69,31.885,30.05,31.81,11777950.0
2025-12-12,BITX,32.06,32.47,30.1665,30.72,7827307.0
2025-12-15,BITX,29.43,29.75,26.48,26.95,13734040.0
2025-12-16,BITX,27.6,28.43,27.56,28.05,7997825.0
2025-12-17,BITX,28.11,29.805,26.54,26.96,14412140.0
2025-12-18,BITX,28.52,29.07,26.0,26.1,15968800.0
2025-12-19,BITX,28.21,29.0439,27.4693,28.2,11561770.0
2025-12-22,BITX,29.46,29.76,28.08,28.35,9663174.0
2025-12-23,BITX,27.87,28.34,27.2024,27.93,5795659.0
2025-12-24,BITX,27.6,27.8739,27.03,27.67,4264589.0
2025-12-26,BITX,28.73,28.78,27.16,27.82,7711861.0
2025-12-29,BITX,27.76,28.1801,27.4401,27.53,6440804.0
2025-12-30,BITX,28.22,29.045,27.97,28.0,8122289.0
2025-12-31,BITX,28.75,28.75,27.5,27.74,5841825.0
2026-01-02,BITX,28.66,30.05,28.35,29.18,14023030.0
2026-01-05,BITX,31.17,32.5,30.9,32.05,11127310.0
2026-01-06,BITX,32.14,32.18,29.96,30.87,10000170.0
2026-01-07,BITX,30.11,30.5601,29.5913,29.82,7708060.0
2026-01-08,BITX,28.83,30.1399,28.62,29.75,8458395.0
2026-01-09,BITX,29.51,30.48,28.975,29.25,8054377.0
2026-01-12,BITX,29.22,30.6777,29.155,30.06,8132700.0
2026-01-13,BITX,30.69,32.17,30.5,32.05,11819160.0
2026-01-14,BITX,32.89,34.4201,32.69,34.23,16491950.0
2026-01-15,BITX,33.63,33.795,32.385,32.49,9689819.0
2026-01-16,BITX,32.77,32.8801,31.77,32.65,7589354.0
2026-01-20,BITX,29.43,29.7184,28.29,28.59,9530249.0
2026-01-21,BITX,28.44,29.12,27.0,28.88,8805533.0
2026-01-22,BITX,28.445,28.73,27.75,28.35,5538677.0
2026-01-23,BITX,28.47,29.52,27.78,28.37,6845589.0
2026-01-26,BITX,27.21,27.9865,26.8401,27.21,6464768.0
2026-01-27,BITX,27.56,28.34,26.95,28.28,6033918.0
2026-01-28,BITX,28.68,29.0101,27.95,28.1,6986050.0
2026-01-29,BITX,27.2,27.275,24.38,24.97,13776490.0
2026-01-30,BITX,24.21,25.2199,23.57,24.77,11258320.0
2026-02-02,BITX,21.39,22.155,21.1,21.35,15618660.0
2026-02-03,BITX,21.51,21.53,18.51,20.46,17671840.0
2026-02-04,BITX,19.79,20.045,18.09,18.8,18458010.0
2026-02-05,BITX,17.07,17.49,13.12,13.87,41894440.0
2026-02-06,BITX,15.35,17.225,15.285,16.54,26694810.0
2026-02-09,BITX,16.05,17.1,15.81,16.91,19141830.0
2026-02-10,BITX,16.15,16.545,15.52,15.95,15423970.0
2026-02-11,BITX,15.6,15.69,14.52,15.39,16386600.0
2026-02-12,BITX,15.56,15.69,14.25,14.39,19161900.0
2026-02-13,BITX,15.22,16.18,15.02,15.84,12210270.0
2026-02-17,BITX,15.5,15.6,14.83,15.39,10281660.0
2026-02-18,BITX,15.05,15.65,14.49,14.68,11510340.0
2026-02-19,BITX,14.53,15.11,14.395,15.08,10172160.0
2026-02-20,BITX,15.04,15.52,14.81,15.36,15268040.0
2026-02-23,BITX,14.58,14.67,13.6,13.88,12549860.0
2026-02-24,BITX,13.215,13.98,13.13,13.86,8965227.0
2026-02-25,BITX,14.76,16.055,14.6,15.87,18230270.0
2026-02-26,BITX,15.4,15.48,14.65,15.09,15798750.0
2026-02-27,BITX,14.46,14.585,14.02,14.25,11544520.0
2026-03-02,BITX,14.235,16.22,14.22,15.77,23079240.0
2026-03-03,BITX,14.83,15.7199,14.4,15.36,19389810.0
2026-03-04,BITX,16.95,17.98,16.745,17.54,26363290.0
2026-03-05,BITX,17.26,17.4,16.32,16.64,14422360.0
2026-03-06,BITX,15.535,15.61,14.96,15.13,12760600.0
2026-03-09,BITX,15.435,15.785,15.1998,15.55,10909220.0
2026-03-10,BITX,16.38,16.815,15.67,15.99,15701050.0
2026-03-11,BITX,16.1,16.62,15.85,16.29,11700310.0
2026-03-12,BITX,16.01,16.29,15.66,16.18,9043068.0
2026-03-13,BITX,17.39,17.82,16.35,16.49,17456960.0
2026-03-16,BITX,17.77,18.07,17.32,17.77,13205100.0
2026-03-17,BITX,17.65,18.25,17.49,18.07,9812047.0
2026-03-18,BITX,17.01,17.055,16.23,16.33,16461950.0
2026-03-19,BITX,15.51,16.12,15.27,15.97,7933045.0
2026-03-20,BITX,16.07,16.085,15.55,15.92,8645539.0
2026-03-23,BITX,16.19,16.68,15.86,16.12,13027410.0
2026-03-24,BITX,16.09,16.17,15.315,15.52,10548450.0
2026-03-25,BITX,16.54,16.7099,16.06,16.19,8601248.0
2026-03-26,BITX,15.49,15.71,14.9199,15.11,8610656.0
2026-03-27,BITX,14.29,14.3,13.775,13.98,14707120.0
2026-03-30,BITX,14.79,14.855,14.06,14.19,10627130.0
2026-03-31,BITX,14.32,15.0701,14.15,14.74,12569490.0
2026-04-01,BITX,15.08,15.3597,14.79,14.9,8388238.0
2026-04-02,BITX,13.98,14.58,13.8,14.39,8279026.0
2026-04-06,BITX,15.45,15.85,15.31,15.57,10160100.0
2026-04-07,BITX,14.98,15.2698,14.64,15.22,12026100.0
2026-04-08,BITX,16.75,16.81,15.93,16.23,12123190.0
2026-04-09,BITX,16.15,16.83,15.86,16.605,9077379.0
2026-04-10,BITX,16.69,17.17,16.49,17.13,9081557.0
2026-04-13,BITX,16.13,17.23,15.94,17.16,11374120.0
2026-04-14,BITX,17.73,18.47,17.38,17.57,14520260.0
2026-04-15,BITX,17.63,18.0599,17.2499,17.94,9942356.0
2026-04-16,BITX,17.89,18.12,17.05,18.09,12576130.0
2026-04-17,BITX,18.7,19.545,18.495,19.09,15972430.0
2026-04-20,BITX,17.94,18.6,17.705,18.51,11826260.0
2026-04-21,BITX,18.36,18.6306,17.76,17.85,10078090.0
2026-04-22,BITX,19.52,20.015,19.42,19.7,10462780.0
2026-04-23,BITX,19.04,19.59,18.71,19.12,10128570.0
2026-04-24,BITX,19.37,19.42,18.89,19.05,7181494.0
2026-04-27,BITX,19.05,19.37,18.439,18.66,6946352.0
2026-04-28,BITX,18.3,18.43,18.04,18.39,4782162.0
2026-04-29,BITX,18.67,18.6793,17.67,17.95,7201998.0
2026-04-30,BITX,18.3,18.555,18.24,18.4,5626103.0
2026-05-01,BITX,19.38,19.69,19.23,19.38,6865212.0
2026-05-04,BITX,19.65,20.555,19.3925,20.16,11506220.0
2026-05-05,BITX,20.91,21.04,20.64,20.96,9484096.0
2026-05-06,BITX,21.12,21.19,20.695,20.86,7980055.0
2026-05-07,BITX,20.59,20.59,19.79,20.165,7466303.0
2026-05-08,BITX,19.89,20.31,19.8203,20.17,6836252.0
2026-05-11,BITX,20.63,21.176,20.25,21.06,7106183.0
2026-05-12,BITX,20.35,20.4862,19.9101,20.46,6353597.0
2026-05-13,BITX,20.09,20.12,19.35,19.83,7166248.0
2026-05-14,BITX,19.97,21.095,19.79,20.755,9264409.0
2026-05-15,BITX,19.99,19.99,19.23,19.52,6568304.0
2026-05-18,BITX,18.58,18.59,17.955,18.39,9907249.0
2026-05-19,BITX,18.21,18.4981,18.01,18.37,4668714.0
2026-05-20,BITX,18.55,18.855,18.355,18.75,4498791.0
2026-05-21,BITX,18.54,18.955,18.2503,18.75,5604904.0
2026-05-22,BITX,18.52,18.57,17.72,17.81,6294590.0
2026-05-26,BITX,18.28,18.885,17.74,17.87,6944954.0
2026-05-27,BITX,17.435,17.62,17.22,17.4,6213200.0
2026-05-28,BITX,16.5,16.8125,16.225,16.69,7794390.0
2026-05-29,BITX,16.47,17.0899,16.215,16.71,7789402.0
2026-06-01,BITX,15.88,16.0002,15.37,15.81,8524498.0
2026-06-02,BITX,14.64,14.69,13.525,13.91,13328740.0
2026-06-03,BITX,13.69,13.855,13.08,13.16,8155924.0
2026-06-04,BITX,12.29,12.7899,12.1338,12.43,14067940.0
2026-06-05,BITX,11.83,11.9,10.681,11.14,26432310.0
2026-06-08,BITX,12.31,12.57,12.215,12.24,8561518.0
2026-06-09,BITX,11.83,11.91,11.21,11.74,11988030.0
2026-06-10,BITX,11.54,12.035,11.53,11.68,8875749.0
2026-06-11,BITX,12.0,12.43,11.81,12.3,9942116.0
2026-06-12,BITX,12.2,12.6199,12.06,12.31,6704508.0
2026-06-15,BITX,13.55,13.73,13.32,13.44,8265268.0
2026-06-16,BITX,13.2,13.3076,12.93,13.08,5173484.0
2026-06-17,BITX,12.76,13.36,12.395,12.48,8990937.0
2026-06-18,BITX,12.51,12.5201,11.7,11.96,7827661.0
2026-06-22,BITX,12.73,12.97,12.45,12.53,6742220.0
2026-06-23,BITX,11.57,11.89,11.535,11.7,7477036.0
2026-06-24,BITX,11.48,11.59,10.4401,10.78,17036000.0
2026-06-25,BITX,11.2,11.245,10.085,10.55,11436730.0
2026-06-26,BITX,10.39,11.01,10.38,10.72,10370910.0
2026-06-29,BITX,10.74,11.03,10.395,10.93,8185139.0
2026-06-30,BITX,10.2,10.48,10.09,10.32,12314960.0
2026-07-01,BITX,10.32,10.96,10.265,10.78,10850110.0
2026-07-02,BITX,11.38,11.58,11.195,11.31,11714490.0
2026-07-06,BITX,11.28,12.23,11.225,12.13,10816360.0
2026-07-07,BITX,11.88,12.33,11.69,12.17,7900484.0
2026-07-08,BITX,11.38,11.62,11.2714,11.58,7672562.0
2026-07-09,BITX,11.74,12.03,11.64,11.92,5630996.0
2026-07-10,BITX,12.28,12.5,12.11,12.19,9369329.0
2026-07-13,BITX,11.62,11.8,11.35,11.54,7068690.0
2026-07-14,BITX,12.15,12.56,12.02,12.4,9877395.0
2026-07-15,BITX,12.66,12.79,12.44,12.56,12165180.0
2026-07-16,BITX,12.23,12.51,12.16,12.28,8619001.0
2026-07-17,BITX,11.7,12.32,11.58,12.23,8086534.0
2026-07-20,BITX,12.34,12.835,12.16,12.57,7348889.0
2026-07-21,BITX,13.09,13.31,12.945,13.09,7253533.0
2026-07-22,BITX,12.72,13.055,12.72,12.87,5600484.0
2026-07-23,BITX,12.47,12.57,12.33,12.42,6429688.0
2026-07-24,BITX,12.21,12.245,11.97,12.18,6153520.0
2026-07-27,BITX,12.42,12.735,12.23,12.44,6768155.0
2026-07-28,BITX,11.78,12.11,11.56,12.03,6948530.0
2026-07-29,BITX,12.13,12.35,11.89,11.91,8958844.0
2026-07-30,BITX,12.385,12.5305,12.3,12.39,6226638.0
2026-07-31,BITX,11.99,11.99,11.42,11.66,11748430.0
2026-08-03,BITX,11.55,12.085,11.4709,11.99,6176745.0
2026-08-04,BITX,11.99,12.21,11.89,12.15,6326132.0
2026-08-05,BITX,12.1,12.4175,11.98,12.38,6952204.0
2026-08-06,BITX,12.12,12.43,12.09,12.21,5806806.0
2026-08-07,BITX,12.5,12.57,12.225,12.41,6947695.0
2026-08-10,BITX,12.38,12.38,11.92,12.02,7409325.0
2026-08-11,BITX,12.07,12.1,11.695,11.82,6856761.0
2026-08-12,BITX,11.99,12.03,11.7213,11.77,6479895.0
2026-08-13,BITX,11.83,12.0,11.54,11.77,6063646.0
2026-08-14,BITX,11.51,11.705,11.4215,11.59,6457531.0
2026-08-17,BITX,11.77,12.225,11.77,12.11,9550051.0
2026-08-18,BITX,12.0,12.4,11.975,12.22,6206201.0
2026-08-19,BITX,12.35,14.16,12.265,13.66,26015510.0
2026-08-20,BITX,15.07,15.48,14.73,15.36,23719250.0
2026-08-21,BITX,17.21,17.5699,16.855,17.18,31967340.0
2026-08-24,BITX,18.09,18.515,17.53,17.95,26410690.0
2026-08-25,BITX,17.89,18.325,17.635,18.02,16907560.0
2026-08-26,BITX,17.61,17.89,17.42,17.81,8732508.0
2026-08-27,BITX,18.2,18.88,17.99,18.435,13737790.0
2026-08-28,BITX,18.09,18.42,17.03,17.32,16117180.0
2026-08-31,BITX,17.51,18.11,17.38,17.94,6859251.0
2026-09-01,BITX,17.43,17.705,16.76,17.17,9127472.0
2026-09-02,BITX,16.96,17.295,16.8499,17.18,5971350.0
2026-09-03,BITX,17.71,19.21,17.68,19.18,19240990.0
2026-09-04,BITX,18.0,18.28,17.6614,18.25,14368200.0
2026-09-08,BITX,17.52,17.83,17.18,17.59,9524398.0
2026-09-09,BITX,18.11,18.13,17.38,17.48,9602210.0
2026-09-10,BITX,16.87,17.1587,16.77,16.98,9471622.0
2026-09-11,BITX,17.11,18.1597,16.825,17.03,12894730.0
2026-09-14,BITX,17.26,17.95,17.245,17.79,9985296.0
2026-09-15,BITX,16.81,17.0,15.89,16.48,19245270.0
2026-09-16,BITX,16.25,16.62,15.97,16.41,8879287.0
2026-09-17,BITX,16.58,16.857,16.355,16.64,7190111.0
2026-09-18,BITX,17.33,18.8,17.33,18.7,14362570.0
2026-09-21,BITX,20.42,21.315,20.312,21.115,16972360.0
2026-09-22,BITX,20.75,21.245,20.61,21.01,11145650.0
2026-09-23,BITX,20.63,20.845,19.66,20.13,11924110.0
2026-09-24,BITX,19.74,20.3099,19.545,20.07,12053700.0
2026-09-25,BITX,19.87,20.0,19.41,19.83,8756915.0
2026-09-28,BITX,19.59,20.0,19.125,19.52,10360720.0
2021-04-14,COIN,381.0,429.54,310.0,328.28,81065750.0
2021-04-15,COIN,348.9,349.2,317.2701,322.75,39777860.0
2021-04-16,COIN,327.5,345.99,321.03,342.0,22654540.0
2021-04-19,COIN,337.26,341.01,326.79,333.0,11405560.0
2021-04-20,COIN,333.425,334.83,312.0201,320.82,18082260.0
2021-04-21,COIN,312.52,327.47,302.1,311.92,10103900.0
2021-04-22,COIN,305.7595,313.5,287.2033,293.45,14991940.0
2021-04-23,COIN,282.75,303.0,282.07,291.6,9891146.0
2021-04-26,COIN,304.29,306.1,296.9,304.54,6330230.0
2021-04-27,COIN,306.7,306.7,299.5,302.0,3901957.0
2021-04-28,COIN,301.01,302.8999,298.05,298.05,2746079.0
2021-04-29,COIN,298.449,300.0,292.1,294.77,2845798.0
2021-04-30,COIN,293.0,302.7399,291.0,297.64,3997384.0
2021-05-03,COIN,304.0,305.03,293.94,294.21,3333846.0
2021-05-04,COIN,292.062,292.19,275.61,280.66,5707704.0
2021-05-05,COIN,284.952,289.15,269.0,273.0,5074631.0
2021-05-06,COIN,271.15,272.14,250.51,256.76,8342002.0
2021-05-07,COIN,261.1519,267.072,258.3801,263.7,4243741.0
2021-05-10,COIN,266.4,297.5,259.37,293.45,10268640.0
2021-05-11,COIN,281.05,303.32,276.51,303.0,7456019.0
2021-05-12,COIN,299.543,306.98,280.79,283.61,7214195.0
2021-05-13,COIN,276.46,285.0,252.26,265.1,11226840.0
2021-05-14,COIN,280.37,280.64,256.351,258.37,11751750.0
2021-05-17,COIN,250.0,250.25,238.25,248.24,8751013.0
2021-05-18,COIN,238.83,252.165,238.5,239.0,7852101.0
2021-05-19,COIN,212.926,229.0,208.0,224.8,16765950.0
2021-05-20,COIN,236.1,238.8,226.2601,233.4,10386890.0
2021-05-21,COIN,235.97,238.97,223.9,224.35,7554937.0
2021-05-24,COIN,227.28,231.0,224.04,225.3,10185620.0
2021-05-25,COIN,230.0,243.99,228.0,242.41,11827820.0
2021-05-26,COIN,247.5,249.39,239.3727,241.52,6602815.0
2021-05-27,COIN,245.21,247.24,240.32,247.09,5083274.0
2021-05-28,COIN,243.57,244.63,236.54,236.54,5091479.0
2021-06-01,COIN,238.51,244.7094,238.1,238.93,3962697.0
2021-06-02,COIN,242.796,243.9,238.71,240.48,3383753.0
2021-06-03,COIN,241.39,241.5,233.5001,233.66,3091112.0
2021-06-04,COIN,229.994,233.36,227.5,228.79,3775123.0
2021-06-07,COIN,229.918,232.56,226.5,231.45,2658314.0
2021-06-08,COIN,227.16,229.329,217.4,220.66,6015772.0
2021-06-09,COIN,222.795,229.789,217.4,224.32,6865914.0
2021-06-10,COIN,226.22,229.7856,221.47,221.85,3955294.0
2021-06-11,COIN,223.5,225.74,221.96,223.92,2383458.0
2021-06-14,COIN,231.265,239.76,229.76,239.1,6151688.0
2021-06-15,COIN,236.227,237.6699,230.96,232.21,3007899.0
2021-06-16,COIN,231.4,234.68,226.28,228.05,2874844.0
2021-06-17,COIN,226.88,233.23,226.35,230.66,2589611.0
2021-06-18,COIN,226.92,232.69,226.5,229.29,3265165.0
2021-06-21,COIN,223.14,224.99,218.7672,222.6,4687569.0
2021-06-22,COIN,216.25,223.15,210.77,222.47,6206112.0
2021-06-23,COIN,225.54,230.5231,224.5001,226.01,3394664.0
2021-06-24,COIN,228.46,230.04,226.665,229.93,2857722.0
2021-06-25,COIN,226.97,227.82,223.22,224.54,2506957.0
2021-06-28,COIN,227.64,248.06,226.13,246.69,7449035.0
2021-06-29,COIN,250.2,261.15,250.01,254.9,7867552.0
2021-06-30,COIN,248.3,254.67,247.0,253.3,4143487.0
2021-07-01,COIN,251.09,255.15,240.53,241.44,3627357.0
2021-07-02,COIN,242.0,246.8004,238.88,240.72,2328028.0
2021-07-06,COIN,243.0,243.0,234.0201,235.41,2212615.0
2021-07-07,COIN,238.9608,252.99,232.3362,251.97,4804431.0
2021-07-08,COIN,239.0,246.6,233.61,244.29,4349961.0
2021-07-09,COIN,245.0,256.99,244.21,253.88,4457367.0
2021-07-12,COIN,254.0,254.89,246.83,247.67,2222085.0
2021-07-13,COIN,245.51,249.15,242.9303,243.31,3307965.0
2021-07-14,COIN,244.9,247.45,229.16,229.94,4808426.0
2021-07-15,COIN,229.94,234.47,220.37,224.63,3635910.0
2021-07-16,COIN,227.2,231.3,220.6645,225.01,3373060.0
2021-07-19,COIN,216.92,221.89,213.22,220.61,3149313.0
2021-07-20,COIN,216.71,226.89,213.23,224.96,3104775.0
2021-07-21,COIN,231.698,237.15,229.19,230.87,3677370.0
2021-07-22,COIN,232.0,232.32,224.5,226.08,2551694.0
2021-07-23,COIN,226.22,227.3465,222.73,224.92,1574726.0
2021-07-26,COIN,240.084,249.8,237.88,245.45,7615718.0
2021-07-27,COIN,243.0,243.21,229.12,235.08,5636360.0
2021-07-28,COIN,240.3,242.8657,238.03,241.75,2065223.0
2021-07-29,COIN,241.77,245.1599,235.33,235.78,2453058.0
2021-07-30,COIN,233.28,238.07,231.8956,236.58,2041063.0
2021-08-02,COIN,237.28,240.3765,233.8,235.4,2151346.0
2021-08-03,COIN,233.87,235.6899,226.91,230.18,2850545.0
2021-08-04,COIN,231.06,245.4683,229.85,244.36,3684694.0
2021-08-05,COIN,239.76,258.31,237.59,255.5,6017849.0
2021-08-06,COIN,255.5,263.9,250.23,258.26,5579943.0
2021-08-09,COIN,267.85,282.43,267.5,280.47,8892383.0
2021-08-10,COIN,280.67,281.5,264.25,269.67,7723436.0
2021-08-11,COIN,282.338,294.0,274.3501,278.4,13998310.0
2021-08-12,COIN,266.39,267.75,255.2,256.5,8266747.0
2021-08-13,COIN,262.82,266.5,259.97,261.25,4472802.0
2021-08-16,COIN,265.26,265.43,253.6018,256.83,3241136.0
2021-08-17,COIN,253.14,260.74,246.23,250.8,3101977.0
2021-08-18,COIN,249.0,254.4,243.76,244.39,2564969.0
2021-08-19,COIN,240.6,249.77,239.1916,248.24,3247230.0
2021-08-20,COIN,252.0,260.62,251.42,257.32,4031097.0
2021-08-23,COIN,263.666,266.5,255.0,256.0,5705279.0
2021-08-24,COIN,256.99,260.2499,253.2,259.28,3982757.0
2021-08-25,COIN,257.0,262.11,256.0,256.77,2675110.0
2021-08-26,COIN,253.21,255.2,248.5,248.54,3038888.0
2021-08-27,COIN,249.39,259.67,248.0863,259.12,3201369.0
2021-08-30,COIN,256.3482,263.3369,256.2501,262.66,2687570.0
2021-08-31,COIN,260.017,263.4,257.18,259.0,2493804.0
2021-09-01,COIN,260.3127,272.1,258.6301,265.9,4789631.0
2021-09-02,COIN,272.54,275.66,266.0,268.18,3736924.0
2021-09-03,COIN,272.0,280.61,270.03,278.44,4438250.0
2021-09-07,COIN,277.0,278.87,262.6001,266.81,5173032.0
2021-09-08,COIN,257.0,262.95,253.88,258.2,4507574.0
2021-09-09,COIN,260.3,263.81,255.7,256.42,3074527.0
2021-09-10,COIN,257.31,258.87,247.4,248.32,3191273.0
2021-09-13,COIN,246.51,251.88,239.6,242.84,4021434.0
2021-09-14,COIN,247.25,248.7899,241.272,243.0,2748872.0
2021-09-15,COIN,244.0,249.47,242.05,247.07,2148260.0
2021-09-16,COIN,247.38,247.46,239.61,243.21,2596793.0
2021-09-17,COIN,243.125,245.63,238.75,245.19,2947971.0
2021-09-20,COIN,234.45,237.36,231.15,236.53,4192592.0
2021-09-21,COIN,237.01,240.26,234.26,238.46,2174748.0
2021-09-22,COIN,239.91,243.2,237.76,241.85,1660175.0
2021-09-23,COIN,244.57,245.8,237.07,237.5,3151330.0
2021-09-24,COIN,231.0,235.31,229.1701,231.82,3699987.0
2021-09-27,COIN,231.88,233.399,227.35,232.24,3234810.0
2021-09-28,COIN,229.68,232.5126,227.52,229.84,3231210.0
2021-09-29,COIN,231.0,233.77,225.04,225.28,2547285.0
2021-09-30,COIN,227.0,229.99,225.28,227.48,2522537.0
2021-10-01,COIN,232.887,235.76,226.929,231.15,3457269.0
2021-10-04,COIN,231.49,233.1,224.51,229.31,2591132.0
2021-10-05,COIN,231.35,240.09,230.785,240.09,2994406.0
2021-10-06,COIN,242.4,252.14,242.2,250.38,5747679.0
2021-10-07,COIN,248.0,253.0,245.651,251.59,3213151.0
2021-10-08,COIN,253.525,256.18,246.9,248.14,2873719.0
2021-10-11,COIN,249.57,263.19,248.485,256.5,4945286.0
2021-10-12,COIN,254.26,256.3721,246.08,249.33,3971908.0
2021-10-13,COIN,246.5,249.73,244.56,246.78,2886897.0
2021-10-14,COIN,250.9,262.95,249.1,260.0,6307081.0
2021-10-15,COIN,266.6,281.72,266.53,280.61,9517534.0
2021-10-18,COIN,275.74,296.98,271.5,293.34,11801120.0
2021-10-19,COIN,300.0,307.85,294.1101,305.63,14785680.0
2021-10-20,COIN,306.66,317.37,303.96,314.71,10315290.0
2021-10-21,COIN,311.96,317.18,298.0,300.01,8289150.0
2021-10-22,COIN,302.0,306.0,293.62,300.84,5437345.0
2021-10-25,COIN,306.76,327.0,305.11,325.54,8444881.0
2021-10-26,COIN,328.15,328.48,315.5101,319.49,7635766.0
2021-10-27,COIN,309.33,320.28,306.5,311.67,5253293.0
2021-10-28,COIN,319.81,327.72,311.0,319.13,5952310.0
2021-10-29,COIN,319.317,326.5,316.14,319.42,3766383.0
2021-11-01,COIN,324.772,338.43,323.9,330.99,6255938.0
2021-11-02,COIN,336.33,345.25,332.14,336.34,6104746.0
2021-11-03,COIN,335.26,344.47,328.31,344.38,4809761.0
2021-11-04,COIN,340.74,345.85,333.88,344.45,5893705.0
2021-11-05,COIN,345.23,345.23,333.442,337.05,3527615.0
2021-11-08,COIN,349.501,363.17,345.56,353.92,8531091.0
2021-11-09,COIN,367.39,368.9,345.06,357.39,10153710.0
2021-11-10,COIN,327.22,348.9799,320.0,328.6,15168860.0
2021-11-11,COIN,327.428,342.4899,327.0007,336.39,4905822.0
2021-11-12,COIN,339.25,344.0,332.56,342.98,4469896.0
2021-11-15,COIN,345.1,355.1999,339.03,345.36,4465702.0
2021-11-16,COIN,333.14,347.4,331.58,342.12,4128078.0
2021-11-17,COIN,342.025,348.49,338.18,346.52,3772131.0
2021-11-18,COIN,343.0,344.8399,323.41,323.57,5408786.0
2021-11-19,COIN,325.56,339.41,325.4,332.55,3687652.0
2021-11-22,COIN,333.33,335.9,310.67,315.48,5013637.0
2021-11-23,COIN,312.5,319.7,304.6,317.2,3469582.0
2021-11-24,COIN,309.38,316.32,305.88,312.38,2759755.0
2021-11-26,COIN,301.3,307.92,299.151,303.19,2678688.0
2021-11-29,COIN,312.223,321.575,306.75,319.39,4159701.0
2021-11-30,COIN,320.75,331.7,310.98,315.0,7168355.0
2021-12-01,COIN,318.6,323.0,293.7,294.5,4278100.0
2021-12-02,COIN,295.16,305.32,283.82,284.71,4625052.0
2021-12-03,COIN,286.0,286.0,258.16,265.65,7271065.0
2021-12-06,COIN,253.125,267.2294,244.46,263.24,5366366.0
2021-12-07,COIN,277.645,290.19,274.9142,286.42,4648218.0
2021-12-08,COIN,284.435,290.0,278.29,287.48,2495937.0
2021-12-09,COIN,284.97,284.99,258.921,263.91,5394557.0
2021-12-10,COIN,266.3,269.19,250.15,255.76,5062115.0
2021-12-13,COIN,252.14,256.5,244.8,251.37,3410449.0
2021-12-14,COIN,247.279,260.5,243.5,255.86,3866603.0
2021-12-15,COIN,254.49,261.1699,242.26,258.3,4623492.0
2021-12-16,COIN,264.455,268.26,244.6301,247.17,3346623.0
2021-12-17,COIN,240.0,250.48,236.0,243.35,4420273.0
2021-12-20,COIN,236.56,239.37,231.77,238.05,3572210.0
2021-12-21,COIN,244.15,248.115,239.59,247.69,2776472.0
2021-12-22,COIN,248.505,254.79,245.64,254.55,3779126.0
2021-12-23,COIN,256.555,269.305,253.5,268.15,4106052.0
2021-12-27,COIN,270.26,281.9899,270.2,280.27,4458617.0
2021-12-28,COIN,270.0,270.98,259.69,261.33,4372818.0
2021-12-29,COIN,256.67,263.01,251.3652,252.6,3474312.0
2021-12-30,COIN,252.6,260.0,252.0411,256.79,2887587.0
2021-12-31,COIN,255.81,259.215,251.52,252.37,2360290.0
2022-01-03,COIN,256.275,257.03,250.64,251.05,3363202.0
2022-01-04,COIN,253.05,258.8099,244.14,250.15,3652562.0
2022-01-05,COIN,247.715,248.69,232.86,234.23,5196254.0
2022-01-06,COIN,233.19,235.98,224.8801,234.0,5236023.0
2022-01-07,COIN,233.63,238.48,227.59,232.33,3311993.0
2022-01-10,COIN,224.43,225.26,214.64,225.01,6800758.0
2022-01-11,COIN,225.5,238.0,222.18,237.23,5585589.0
2022-01-12,COIN,242.11,246.27,234.42,234.7,3937013.0
2022-01-13,COIN,241.99,242.87,227.19,228.23,3814065.0
2022-01-14,COIN,226.62,232.0,222.3,230.03,4325586.0
2022-01-18,COIN,226.82,227.19,219.6001,222.0,3491862.0
2022-01-19,COIN,224.245,227.17,218.8201,219.5,2976682.0
2022-01-20,COIN,222.3,232.0,220.8369,221.62,3691232.0
2022-01-21,COIN,209.98,210.19,186.86,191.97,13628290.0
2022-01-24,COIN,173.18,191.86,162.51,191.48,12999150.0
2022-01-25,COIN,185.165,193.12,177.15,185.63,6271264.0
2022-01-26,COIN,193.6009,198.0548,177.0,178.64,7566264.0
2022-01-27,COIN,182.029,182.75,168.58,170.2,5551899.0
2022-01-28,COIN,169.1,181.75,162.2,177.58,6475768.0
2022-01-31,COIN,177.87,192.0,175.03,190.15,4060455.0
2022-02-01,COIN,197.97,201.45,188.62,197.73,5159003.0
2022-02-02,COIN,195.809,197.0,181.73,187.37,3861718.0
2022-02-03,COIN,182.261,189.3,179.0,181.31,3417048.0
2022-02-04,COIN,181.02,197.0,177.45,194.44,4397868.0
2022-02-07,COIN,198.7,211.1099,198.2,205.74,6668315.0
2022-02-08,COIN,200.37,209.2472,196.75,208.73,4639061.0
2022-02-09,COIN,210.18,215.25,207.61,214.5,3811658.0
2022-02-10,COIN,210.57,217.49,202.86,204.77,4587434.0
2022-02-11,COIN,205.8,205.98,191.02,194.53,5054238.0
2022-02-14,COIN,193.4848,203.5575,193.4601,195.25,4528089.0
2022-02-15,COIN,202.31,209.31,201.18,208.95,3714304.0
2022-02-16,COIN,205.38,214.02,203.8335,207.96,3593552.0
2022-02-17,COIN,202.1,206.306,188.93,191.92,4740622.0
2022-02-18,COIN,191.08,192.72,180.5444,189.16,4502229.0
2022-02-22,COIN,180.87,185.75,173.16,176.76,4472786.0
2022-02-23,COIN,180.69,183.34,171.7743,172.74,3892472.0
2022-02-24,COIN,159.08,183.0,155.92,179.56,8133964.0
2022-02-25,COIN,180.24,182.0899,170.4024,176.83,6836807.0
2022-02-28,COIN,172.5,192.23,172.09,190.77,8036264.0
2022-03-01,COIN,196.28,205.88,189.63,196.17,7779188.0
2022-03-02,COIN,192.26,196.1499,189.51,194.5,3414149.0
2022-03-03,COIN,194.71,194.92,177.1501,178.03,3734379.0
2022-03-04,COIN,177.605,178.664,162.1603,165.75,5861262.0
2022-03-07,COIN,168.25,172.9799,160.23,161.14,4424038.0
2022-03-08,COIN,160.1,168.35,156.53,161.99,3840779.0
2022-03-09,COIN,174.26,181.45,173.51,178.97,4945198.0
2022-03-10,COIN,173.135,174.49,168.1001,172.97,2670643.0
2022-03-11,COIN,175.35,175.75,160.0,160.07,3660530.0
2022-03-14,COIN,159.99,161.7,150.42,153.19,4450007.0
2022-03-15,COIN,152.9,156.42,150.12,155.98,4245352.0
2022-03-16,COIN,160.465,173.065,160.0,172.53,5974284.0
2022-03-17,COIN,170.73,177.5,168.0,177.22,2975921.0
2022-03-18,COIN,175.03,186.69,175.0,185.94,4835706.0
2022-03-21,COIN,181.8,183.59,171.7,176.81,4214007.0
2022-03-22,COIN,180.498,188.8142,178.5,186.08,4086096.0
2022-03-23,COIN,184.72,189.55,181.8,183.11,2311942.0
2022-03-24,COIN,185.26,192.0,179.5,190.19,3536524.0
2022-03-25,COIN,192.0,195.7,182.7953,186.71,3598289.0
2022-03-28,COIN,193.31,203.27,193.01,201.41,6623976.0
2022-03-29,COIN,198.95,206.79,194.05,204.53,4811453.0
2022-03-30,COIN,201.29,206.33,194.755,196.7,3775930.0
2022-03-31,COIN,197.25,198.08,189.56,189.86,2999155.0
2022-04-01,COIN,189.86,191.87,184.385,186.96,2975933.0
2022-04-04,COIN,187.34,193.07,186.16,191.65,2495856.0
2022-04-05,COIN,189.76,191.325,176.26,177.17,5012770.0
2022-04-06,COIN,172.83,174.325,165.01,166.84,4675252.0
2022-04-07,COIN,166.71,169.4152,160.675,166.19,3093646.0
2022-04-08,COIN,165.21,166.0,160.1325,160.94,2950965.0
2022-04-11,COIN,156.57,157.555,151.73,153.87,4305772.0
2022-04-12,COIN,158.07,162.44,149.41,149.85,4654416.0
2022-04-13,COIN,149.03,156.1599,147.8,154.79,3740506.0
2022-04-14,COIN,153.54,154.0,146.82,147.29,4082228.0
2022-04-18,COIN,145.45,149.5,140.5303,145.16,4668692.0
2022-04-19,COIN,146.02,152.1,144.45,151.27,2915996.0
2022-04-20,COIN,154.925,154.96,144.85,147.13,3485996.0
2022-04-21,COIN,151.97,153.44,135.31,137.32,6252855.0
2022-04-22,COIN,137.29,141.1999,131.25,131.52,5162150.0
2022-04-25,COIN,130.01,137.35,129.29,135.14,4066524.0
2022-04-26,COIN,135.31,136.77,126.515,127.15,3717615.0
2022-04-27,COIN,125.28,130.71,121.98,122.55,4658455.0
2022-04-28,COIN,123.69,126.39,113.32,122.69,8070894.0
2022-04-29,COIN,121.1,129.09,112.14,112.71,5760916.0
2022-05-02,COIN,113.07,122.29,111.8,121.34,6229416.0
2022-05-03,COIN,120.23,129.4,119.97,123.56,5053170.0
2022-05-04,COIN,124.0,132.81,116.2,130.15,6492773.0
2022-05-05,COIN,125.0,125.64,112.05,114.25,7324390.0
2022-05-06,COIN,112.5,112.5,100.25,103.74,9026454.0
2022-05-09,COIN,96.0,96.43,81.78,83.51,16845410.0
2022-05-10,COIN,87.0,89.38,70.19,72.99,31780040.0
2022-05-11,COIN,54.845,61.28,50.15,53.72,67080210.0
2022-05-12,COIN,48.54,60.3,40.83,58.5,58789010.0
2022-05-13,COIN,69.26,74.25,65.5,67.87,38264810.0
2022-05-16,COIN,68.06,68.08,60.51,61.7,18685890.0
2022-05-17,COIN,66.2,70.5,63.111,70.0,15868010.0
2022-05-18,COIN,67.69,71.81,61.94,63.03,17422700.0
2022-05-19,COIN,65.0,70.99,63.61,67.42,15410060.0
2022-05-20,COIN,69.37,70.74,62.05,66.15,15166300.0
2022-05-23,COIN,65.54,68.65,62.35,66.1,12055670.0
2022-05-24,COIN,64.56,64.56,59.12,61.36,10714880.0
2022-05-25,COIN,61.07,68.5,60.99,67.17,11061970.0
2022-05-26,COIN,63.97,71.17,62.3,69.87,12000230.0
2022-05-27,COIN,69.84,77.18,69.84,75.32,14112790.0
2022-05-31,COIN,80.0,83.32,75.6,78.1,22623170.0
2022-06-01,COIN,77.5,77.8,67.8,68.63,14608490.0
2022-06-02,COIN,67.8,74.48,67.28,73.82,8643601.0
2022-06-03,COIN,69.39,70.5,65.61,66.69,10213580.0
2022-06-06,COIN,70.76,74.11,68.43,70.67,9352377.0
2022-06-07,COIN,67.31,69.97,64.36,69.57,8485074.0
2022-06-08,COIN,69.23,72.98,68.3001,69.2,6276638.0
2022-06-09,COIN,69.08,69.38,63.12,63.76,9349323.0
2022-06-10,COIN,60.0,61.629,57.77,58.71,11001120.0
2022-06-13,COIN,46.18,54.3,46.0001,52.01,28961420.0
2022-06-14,COIN,52.5,53.29,48.81,51.58,17430260.0
2022-06-15,COIN,50.94,56.66,50.45,55.01,16340090.0
2022-06-16,COIN,52.58,54.4299,50.08,51.05,13157740.0
2022-06-17,COIN,50.12,52.8,49.28,51.22,11771010.0
2022-06-21,COIN,54.2,60.75,54.1,57.49,16916240.0
2022-06-22,COIN,53.87,56.75,51.565,51.91,18947680.0
2022-06-23,COIN,53.6,59.62,51.83,58.88,15840690.0
2022-06-24,COIN,60.0,64.09,59.3256,62.71,24381360.0
2022-06-27,COIN,59.56,60.45,55.02,55.96,15201610.0
2022-06-28,COIN,56.26,57.25,50.331,51.18,10277180.0
2022-06-29,COIN,50.5,51.46,48.59,49.75,9776155.0
2022-06-30,COIN,48.2,48.4,44.15,47.02,12934360.0
2022-07-01,COIN,47.99,50.1601,47.52,49.04,8556521.0
2022-07-05,COIN,48.125,55.82,45.95,55.41,13113670.0
2022-07-06,COIN,54.17,56.2741,51.4,51.71,11881900.0
2022-07-07,COIN,52.14,57.65,52.14,57.46,12318520.0
2022-07-08,COIN,55.61,63.7,54.51,60.29,17950500.0
2022-07-11,COIN,57.535,58.43,53.3,53.88,10750820.0
2022-07-12,COIN,53.7,56.11,52.62,54.24,8466218.0
2022-07-13,COIN,51.68,54.73,50.4001,53.1,9439934.0
2022-07-14,COIN,52.335,54.71,50.34,53.42,9682070.0
2022-07-15,COIN,54.35,56.55,51.93,53.79,10714320.0
2022-07-18,COIN,56.71,63.38,56.69,58.67,21226160.0
2022-07-19,COIN,60.86,65.98,57.78,65.83,19210640.0
2022-07-20,COIN,67.08,79.0,67.05,75.27,34031960.0
2022-07-21,COIN,71.0,76.62,70.28,73.98,17301190.0
2022-07-22,COIN,76.2,76.5719,69.09,70.82,12013280.0
2022-07-25,COIN,68.93,69.9797,66.3,67.07,8797556.0
2022-07-26,COIN,61.69,62.89,52.63,52.93,26875840.0
2022-07-27,COIN,54.87,60.61,53.12,58.83,18230200.0
2022-07-28,COIN,58.235,62.95,55.59,62.25,13674810.0
2022-07-29,COIN,60.14,64.2299,59.77,62.96,9113752.0
2022-08-01,COIN,61.19,63.62,59.42,62.7,7361252.0
2022-08-02,COIN,60.91,69.59,60.8,67.23,12142090.0
2022-08-03,COIN,69.05,82.25,67.61,80.81,24784180.0
2022-08-04,COIN,106.1,116.3,86.785,88.9,54342800.0
2022-08-05,COIN,86.58,98.87,86.52,93.05,24865730.0
2022-08-08,COIN,97.84,103.55,93.8096,98.02,18878660.0
2022-08-09,COIN,93.89,93.89,85.6,87.68,17411400.0
2022-08-10,COIN,89.98,95.0,88.0,94.14,23818200.0
2022-08-11,COIN,97.25,98.7,82.31,84.0,23247260.0
2022-08-12,COIN,85.23,92.48,83.2899,90.49,13755200.0
2022-08-15,COIN,89.11,93.6799,88.59,91.97,11001930.0
2022-08-16,COIN,90.55,95.5,84.2397,90.39,17055020.0
2022-08-17,COIN,87.505,88.64,84.7704,85.44,10697920.0
2022-08-18,COIN,86.33,86.36,81.42,83.47,7923316.0
2022-08-19,COIN,76.0,78.2513,74.01,74.06,13727860.0
2022-08-22,COIN,70.91,74.94,70.29,71.47,9082357.0
2022-08-23,COIN,71.95,76.41,70.6,71.18,9598286.0
2022-08-24,COIN,71.88,74.32,70.71,71.48,6675538.0
2022-08-25,COIN,71.84,72.45,68.52,71.37,8563518.0
2022-08-26,COIN,71.71,71.7999,65.3419,66.74,9797324.0
2022-08-29,COIN,65.51,69.4,65.46,66.34,7944062.0
2022-08-30,COIN,67.965,69.45,64.63,67.03,8293471.0
2022-08-31,COIN,68.7,70.38,66.6581,66.8,6707941.0
2022-09-01,COIN,65.55,65.99,61.91,65.53,8046563.0
2022-09-02,COIN,67.71,68.14,63.82,65.26,6392835.0
2022-09-06,COIN,65.56,66.88,62.6,62.78,7478058.0
2022-09-07,COIN,62.0,68.77,61.83,68.25,8408351.0
2022-09-08,COIN,66.36,73.33,65.5,73.08,9241494.0
2022-09-09,COIN,78.2,81.04,75.15,80.87,15393380.0
2022-09-12,COIN,82.6,84.58,80.6,82.55,12554940.0
2022-09-13,COIN,75.34,78.09,74.35,75.25,11235330.0
2022-09-14,COIN,75.3,79.2,74.11,78.7,10840700.0
2022-09-15,COIN,77.63,82.0,76.625,77.23,10950140.0
2022-09-16,COIN,75.15,76.3699,73.5982,74.0,17088970.0
2022-09-19,COIN,71.88,72.54,67.0,69.93,13135270.0
2022-09-20,COIN,68.09,69.8,66.17,67.94,7974478.0
2022-09-21,COIN,68.9,72.24,67.4301,67.64,12344590.0
2022-09-22,COIN,67.4,68.98,62.31,62.94,11156950.0
2022-09-23,COIN,61.56,63.15,59.4347,61.88,10932910.0
2022-09-26,COIN,62.98,66.33,62.18,62.28,9562579.0
2022-09-27,COIN,65.29,67.55,61.8842,63.05,11860470.0
2022-09-28,COIN,62.8,67.74,62.76,67.31,8482667.0
2022-09-29,COIN,64.62,65.03,60.26,61.94,11508190.0
2022-09-30,COIN,61.25,67.59,61.0737,64.49,10210280.0
2022-10-03,COIN,64.95,67.86,61.92,65.95,10949180.0
2022-10-04,COIN,69.09,74.63,69.08,74.5,11881430.0
2022-10-05,COIN,71.8,73.4782,69.28,72.97,9222677.0
2022-10-06,COIN,73.07,76.2774,71.3405,73.91,11103660.0
2022-10-07,COIN,70.85,71.1,65.5,67.0,11427930.0
2022-10-10,COIN,67.58,69.26,65.4301,67.04,7713993.0
2022-10-11,COIN,67.61,72.69,65.025,70.16,17705650.0
2022-10-12,COIN,69.74,71.85,67.82,69.95,8998949.0
2022-10-13,COIN,63.66,69.63,61.06,69.26,18341960.0
2022-10-14,COIN,71.85,73.79,63.38,63.59,13711600.0
2022-10-17,COIN,66.48,70.95,66.34,69.17,11263270.0
2022-10-18,COIN,72.9,73.9,65.3,66.21,13874740.0
2022-10-19,COIN,64.82,66.89,62.5518,63.19,8601141.0
2022-10-20,COIN,63.14,67.43,62.7,63.59,8938669.0
2022-10-21,COIN,63.4,66.63,61.7,66.38,9156365.0
2022-10-24,COIN,67.4,68.15,63.68,66.39,8111715.0
2022-10-25,COIN,67.01,75.4,66.96,75.05,14446940.0
2022-10-26,COIN,75.28,78.29,73.1001,73.81,14148190.0
2022-10-27,COIN,74.51,75.65,71.51,72.47,5967614.0
2022-10-28,COIN,72.0,73.72,69.35,72.07,7372115.0
2022-10-31,COIN,72.37,74.65,66.145,66.25,10648410.0
2022-11-01,COIN,69.0,69.71,63.13,63.29,8238178.0
2022-11-02,COIN,63.395,66.21,60.55,60.71,12700860.0
2022-11-03,COIN,59.4,61.88,55.75,55.8,14238790.0
2022-11-04,COIN,60.4,63.43,56.4,58.82,18901360.0
2022-11-07,COIN,60.0,60.99,54.22,56.97,13659110.0
2022-11-08,COIN,54.5,58.4499,47.69,50.83,61868170.0
2022-11-09,COIN,47.09,49.6899,44.62,45.98,42274170.0
2022-11-10,COIN,51.04,53.93,49.02,50.92,30695390.0
2022-11-11,COIN,47.5,58.29,46.25,57.46,30584530.0
2022-11-14,COIN,55.695,55.74,52.6,53.22,16150900.0
2022-11-15,COIN,55.0,58.0,54.6,55.53,14805290.0
2022-11-16,COIN,52.83,54.03,48.0,48.83,24054680.0
2022-11-17,COIN,46.67,49.97,45.18,48.79,17974650.0
2022-11-18,COIN,48.8,49.0,44.31,45.26,20287260.0
2022-11-21,COIN,43.6,44.6439,40.61,41.23,22381980.0
2022-11-22,COIN,42.35,44.4,41.61,43.39,20783080.0
2022-11-23,COIN,43.85,46.17,42.2057,45.57,14665810.0
2022-11-25,COIN,44.76,45.2365,43.7,44.28,6451508.0
2022-11-28,COIN,43.3,44.899,42.02,42.51,10518520.0
2022-11-29,COIN,42.91,44.65,42.7,43.11,9090624.0
2022-11-30,COIN,43.71,45.8799,41.51,45.73,15562750.0
2022-12-01,COIN,45.82,47.19,44.44,45.27,11579370.0
2022-12-02,COIN,43.97,47.7,43.73,47.67,10372090.0
2022-12-05,COIN,47.98,49.85,45.63,46.0,11228350.0
2022-12-06,COIN,45.6,46.65,41.73,42.41,12156150.0
2022-12-07,COIN,41.88,43.2,40.55,41.26,10824530.0
2022-12-08,COIN,41.56,43.8999,40.3,42.81,9361800.0
2022-12-09,COIN,41.6,42.32,40.15,40.24,10030230.0
2022-12-12,COIN,39.98,42.65,39.65,42.6,9962641.0
2022-12-13,COIN,46.01,46.33,38.5,38.69,20558270.0
2022-12-14,COIN,39.41,41.9,38.82,40.19,16117600.0
2022-12-15,COIN,38.95,39.6,37.44,37.98,12013420.0
2022-12-16,COIN,37.4,38.01,34.71,36.6,18247430.0
2022-12-19,COIN,35.97,36.68,34.51,35.17,11168300.0
2022-12-20,COIN,34.75,36.858,34.35,34.97,9833235.0
2022-12-21,COIN,35.31,36.1,34.7963,35.15,6998619.0
2022-12-22,COIN,34.93,35.3465,32.95,34.59,10335670.0
2022-12-23,COIN,34.77,35.98,33.67,35.49,8222704.0
2022-12-27,COIN,34.5,34.56,32.44,32.65,10940800.0
2022-12-28,COIN,32.58,33.48,31.83,32.53,7839732.0
2022-12-29,COIN,33.455,35.33,33.37,34.78,7675479.0
2022-12-30,COIN,33.962,35.87,33.63,35.39,8397944.0
2023-01-03,COIN,36.49,36.93,33.3709,33.6,8514288.0
2023-01-04,COIN,34.59,38.5,34.54,37.7,17737390.0
2023-01-05,COIN,34.71,35.26,32.75,33.53,16934520.0
2023-01-06,COIN,33.67,33.75,31.55,33.26,15527840.0
2023-01-09,COIN,35.19,39.38,34.72,38.27,18904120.0
2023-01-10,COIN,37.76,43.29,37.74,43.23,24496650.0
2023-01-11,COIN,41.96,43.84,40.6304,43.79,16152710.0
2023-01-12,COIN,45.145,47.65,41.67,47.55,20514690.0
2023-01-13,COIN,46.24,50.63,45.38,49.98,22437770.0
2023-01-17,COIN,53.31,54.98,50.7,54.14,23521230.0
2023-01-18,COIN,54.22,57.3292,50.0,50.21,24905710.0
2023-01-19,COIN,49.21,51.0,47.92,49.42,14073270.0
2023-01-20,COIN,50.38,55.19,48.8,55.16,15433940.0
2023-01-23,COIN,55.0,56.69,53.21,55.96,17736410.0
2023-01-24,COIN,54.202,56.47,53.3412,53.555,12413940.0
2023-01-25,COIN,51.5,53.408,49.6,52.76,13343570.0
2023-01-26,COIN,56.06,56.1,51.9655,53.02,12614910.0
2023-01-27,COIN,52.94,62.29,52.41,61.37,24431000.0
2023-01-30,COIN,60.01,61.86,55.6715,56.16,14553910.0
2023-01-31,COIN,57.7,60.44,55.91,58.48,14751640.0
2023-02-01,COIN,59.08,66.215,56.65,65.7,18840780.0
2023-02-02,COIN,68.46,85.54,68.31,81.46,43911170.0
2023-02-03,COIN,73.72,87.63,73.02,74.63,37125520.0
2023-02-06,COIN,73.18,75.98,70.52,74.59,17998390.0
2023-02-07,COIN,73.43,73.4801,67.3,71.42,19819660.0
2023-02-08,COIN,70.83,73.97,68.3,69.44,11626530.0
2023-02-09,COIN,68.49,68.93,59.0,59.63,23920250.0
2023-02-10,COIN,58.255,61.7384,55.97,57.09,17359920.0
2023-02-13,COIN,55.52,57.0899,53.66,56.4,14435890.0
2023-02-14,COIN,56.33,61.08,55.0319,59.03,23945790.0
2023-02-15,COIN,60.21,69.46,59.46,69.34,25726720.0
2023-02-16,COIN,65.9,73.3,63.91,65.59,31704830.0
2023-02-17,COIN,64.94,67.9,61.51,65.2,23252180.0
2023-02-21,COIN,63.32,66.87,61.85,62.07,19845680.0
2023-02-22,COIN,62.5,67.48,57.35,61.18,32937550.0
2023-02-23,COIN,63.96,64.6473,59.8908,62.36,16698490.0
2023-02-24,COIN,60.88,61.59,56.8,58.44,14546160.0
2023-02-27,COIN,59.94,60.9696,58.1701,58.96,13043040.0
2023-02-28,COIN,59.675,67.5,59.4201,64.83,24843890.0
2023-03-01,COIN,65.3,66.79,63.09,64.67,15827080.0
2023-03-02,COIN,61.07,63.9,57.5,63.7,18122710.0
2023-03-03,COIN,61.64,65.56,61.3822,64.51,17578960.0
2023-03-06,COIN,64.6,69.82,62.64,62.77,19826090.0
2023-03-07,COIN,62.8,64.66,60.59,61.89,15821520.0
2023-03-08,COIN,61.2,65.4638,60.3509,63.01,15427820.0
2023-03-09,COIN,62.39,64.12,57.21,58.09,20996600.0
2023-03-10,COIN,56.39,56.41,51.57,53.44,25743810.0
2023-03-13,COIN,54.705,61.1,50.77,59.17,31431950.0
2023-03-14,COIN,65.45,66.21,61.1,62.65,25167750.0
2023-03-15,COIN,61.9,66.29,61.18,64.47,20825700.0
2023-03-16,COIN,64.4,68.62,63.12,67.78,15522940.0
2023-03-17,COIN,70.52,76.8,69.1,74.98,31006180.0
2023-03-20,COIN,76.76,77.06,72.87,75.14,19026420.0
2023-03-21,COIN,76.24,85.05,75.77,83.99,22991860.0
2023-03-22,COIN,84.25,85.38,76.86,77.14,24463220.0
2023-03-23,COIN,61.85,70.0,61.505,66.3,43152800.0
2023-03-24,COIN,64.18,68.73,63.53,67.83,21641910.0
2023-03-27,COIN,67.2,67.6,60.51,62.54,23531290.0
2023-03-28,COIN,62.32,64.05,61.11,63.04,11635870.0
2023-03-29,COIN,65.42,68.63,63.77,65.3,17673750.0
2023-03-30,COIN,66.53,67.17,63.6825,64.16,11563090.0
2023-03-31,COIN,64.7,68.5687,63.93,67.57,15926630.0
2023-04-03,COIN,66.01,68.3299,62.7,63.61,14040300.0
2023-04-04,COIN,64.66,65.4,60.9501,62.54,11654420.0
2023-04-05,COIN,62.54,63.05,59.22,60.78,10788870.0
2023-04-06,COIN,59.57,62.74,58.2,61.44,11875180.0
2023-04-10,COIN,61.37,66.19,59.66,66.13,14391790.0
2023-04-11,COIN,68.09,72.6075,67.24,70.19,25348830.0
2023-04-12,COIN,70.77,72.02,66.23,67.84,16773430.0
2023-04-13,COIN,69.89,72.53,68.05,68.95,19718510.0
2023-04-14,COIN,69.3,71.7,67.87,69.91,12887230.0
2023-04-17,COIN,67.12,68.05,64.9,67.72,13344230.0
2023-04-18,COIN,70.385,71.79,66.55,67.26,14835520.0
2023-04-19,COIN,64.362,65.9385,63.4,64.44,10326960.0
2023-04-20,COIN,63.23,65.33,60.17,60.5,11452940.0
2023-04-21,COIN,61.08,61.45,58.705,59.04,13235110.0
2023-04-24,COIN,58.96,59.09,54.08,54.75,21135720.0
2023-04-25,COIN,55.71,56.09,53.624,55.55,14383350.0
2023-04-26,COIN,59.51,59.51,53.6,53.89,16761170.0
2023-04-27,COIN,54.67,55.7227,53.58,54.17,12010870.0
2023-04-28,COIN,53.65,54.52,52.17,53.79,11629810.0
2023-05-01,COIN,53.17,54.38,48.45,50.14,18437870.0
2023-05-02,COIN,50.2,52.14,48.26,51.32,16778440.0
2023-05-03,COIN,50.15,51.6,48.31,48.49,13325570.0
2023-05-04,COIN,48.72,50.47,47.6501,49.22,13044370.0
2023-05-05,COIN,54.045,58.58,53.75,58.24,25585630.0
2023-05-08,COIN,55.9,58.8,54.61,58.1,15259410.0
2023-05-09,COIN,57.9,60.24,56.59,60.21,9641197.0
2023-05-10,COIN,61.45,63.75,59.89,62.64,15481330.0
2023-05-11,COIN,62.41,63.11,59.77,60.35,8843509.0
2023-05-12,COIN,60.89,61.13,56.77,57.34,9110955.0
2023-05-15,COIN,58.4,61.3,57.2,60.77,9429328.0
2023-05-16,COIN,58.68,60.1099,57.1433,57.88,7867880.0
2023-05-17,COIN,57.49,61.305,57.3,61.04,8998361.0
2023-05-18,COIN,60.47,61.7,58.6,60.26,8330306.0
2023-05-19,COIN,60.57,61.47,56.59,56.78,12520680.0
2023-05-22,COIN,56.89,61.1,55.9,61.07,12683380.0
2023-05-23,COIN,61.0,63.25,58.67,59.1,12208240.0
2023-05-24,COIN,57.78,58.97,56.6,58.36,8198333.0
2023-05-25,COIN,58.56,59.14,55.88,56.87,7997440.0
2023-05-26,COIN,56.86,58.91,56.63,56.92,7804165.0
2023-05-30,COIN,60.1,63.38,59.23,61.17,14814240.0
2023-05-31,COIN,59.3,62.59,59.212,62.2,10112650.0
2023-06-01,COIN,61.8,66.3599,60.67,63.57,11729020.0
2023-06-02,COIN,65.11,65.2236,62.0011,64.55,8630810.0
2023-06-05,COIN,63.38,64.4431,55.81,58.705,26413170.0
2023-06-06,COIN,47.1,52.38,46.43,51.61,56259860.0
2023-06-07,COIN,53.285,54.0,51.7,53.26,18905530.0
2023-06-08,COIN,52.21,55.05,51.9647,54.9,12773650.0
2023-06-09,COIN,55.0,57.4199,52.4827,53.28,14394340.0
2023-06-12,COIN,52.53,52.93,50.1,50.56,12493100.0
2023-06-13,COIN,51.8,52.66,50.52,52.4,11560750.0
2023-06-14,COIN,52.81,54.79,51.56,53.9,11241240.0
2023-06-15,COIN,52.71,54.58,50.93,54.25,11801740.0
2023-06-16,COIN,55.41,56.28,53.9,55.59,13754210.0
2023-06-20,COIN,55.9,57.94,53.63,57.09,14143490.0
2023-06-21,COIN,58.9,59.24,56.8201,58.1,20569710.0
2023-06-22,COIN,58.98,59.28,55.1,57.49,12837370.0
2023-06-23,COIN,56.85,61.89,55.75,61.47,26088580.0
2023-06-26,COIN,61.1,66.16,61.0,61.94,20724090.0
2023-06-27,COIN,63.8,70.3725,62.84,69.89,25447370.0
2023-06-28,COIN,69.0,74.3107,69.0,70.75,23086220.0
2023-06-29,COIN,72.03,74.1781,70.8294,72.43,14730510.0
2023-06-30,COIN,73.8,74.97,68.15,71.55,24593990.0
2023-07-03,COIN,73.2,80.845,73.01,79.93,19672640.0
2023-07-05,COIN,76.9,79.93,76.16,78.35,14670030.0
2023-07-06,COIN,78.05,78.4625,74.52,78.1,11152250.0
2023-07-07,COIN,78.15,81.19,77.6202,78.72,13275510.0
2023-07-10,COIN,79.08,81.37,76.55,81.21,10739690.0
2023-07-11,COIN,80.49,92.15,80.49,89.15,35672130.0
2023-07-12,COIN,89.0,89.07,84.45,85.95,16752340.0
2023-07-13,COIN,85.345,109.21,83.42,107.0,65424440.0
2023-07-14,COIN,106.68,114.43,101.22,105.31,42266320.0
2023-07-17,COIN,104.57,109.48,103.5,105.55,19191350.0
2023-07-18,COIN,104.5,109.8499,101.9,104.59,17582050.0
2023-07-19,COIN,107.31,111.0633,105.081,110.15,15920840.0
2023-07-20,COIN,109.26,111.88,100.37,101.26,15274620.0
2023-07-21,COIN,102.57,104.3337,98.71,100.82,10481800.0
2023-07-24,COIN,99.23,100.39,95.7001,98.85,9764818.0
2023-07-25,COIN,99.34,102.59,97.63,97.68,7726033.0
2023-07-26,COIN,97.37,101.32,97.2774,99.75,6575750.0
2023-07-27,COIN,102.59,102.725,91.8,92.69,12232290.0
2023-07-28,COIN,94.8,96.92,93.55,94.76,7236581.0
2023-07-31,COIN,94.75,100.2,94.59,98.61,8492950.0
2023-08-01,COIN,95.88,95.95,89.23,94.15,11616440.0
2023-08-02,COIN,91.45,95.4111,88.05,90.43,10666180.0
2023-08-03,COIN,89.0,93.44,88.46,90.75,10438100.0
2023-08-04,COIN,89.0,94.29,86.7,87.31,13219580.0
2023-08-07,COIN,87.2,87.3,82.0901,85.96,10019500.0
2023-08-08,COIN,87.09,88.985,84.55,88.04,8986927.0
2023-08-09,COIN,88.53,88.9,84.08,84.34,7987133.0
2023-08-10,COIN,85.0,88.49,82.51,83.39,7697578.0
2023-08-11,COIN,82.06,83.48,80.47,81.01,5791118.0
2023-08-14,COIN,80.04,81.99,78.91,80.81,5753481.0
2023-08-15,COIN,81.15,83.1,79.1101,79.18,7397347.0
2023-08-16,COIN,82.51,82.85,77.8,79.0,10140200.0
2023-08-17,COIN,78.38,79.1846,75.4,75.56,9261576.0
2023-08-18,COIN,72.34,75.25,72.25,73.19,10011840.0
2023-08-21,COIN,73.25,76.0299,72.1014,75.28,7514932.0
2023-08-22,COIN,76.69,77.46,74.02,74.9,6336025.0
2023-08-23,COIN,74.35,78.17,74.07,77.78,6460850.0
2023-08-24,COIN,77.76,78.0372,73.38,73.66,5585704.0
2023-08-25,COIN,74.32,75.59,72.41,74.26,5136790.0
2023-08-28,COIN,74.57,74.71,73.05,73.71,4043754.0
2023-08-29,COIN,73.5,86.26,73.17,84.7,24067340.0
2023-08-30,COIN,83.56,86.5,82.5743,83.83,9448025.0
2023-08-31,COIN,84.43,84.57,78.9,79.6,8466425.0
2023-09-01,COIN,80.0,80.35,77.15,77.99,6676523.0
2023-09-05,COIN,78.0,79.29,76.28,77.5,4949006.0
2023-09-06,COIN,77.38,79.97,76.75,78.04,6636170.0
2023-09-07,COIN,76.2682,82.07,75.4564,81.79,6424048.0
2023-09-08,COIN,81.64,82.69,80.35,82.09,5689710.0
2023-09-11,COIN,82.0,83.2,77.79,80.62,7220697.0
2023-09-12,COIN,82.015,86.36,80.54,81.32,10519250.0
2023-09-13,COIN,81.89,83.15,79.6197,79.86,5925739.0
2023-09-14,COIN,81.67,84.1,81.26,83.45,7145133.0
2023-09-15,COIN,82.74,83.32,79.95,82.15,6272263.0
2023-09-18,COIN,83.8,84.3489,81.22,81.61,6246696.0
2023-09-19,COIN,82.15,82.4,77.77,78.13,7567368.0
2023-09-20,COIN,78.62,80.59,76.56,76.67,5467101.0
2023-09-21,COIN,74.38,75.1899,72.8601,74.42,6543911.0
2023-09-22,COIN,75.49,75.95,70.81,70.96,6321573.0
2023-09-25,COIN,69.91,72.36,69.63,71.75,5057460.0
2023-09-26,COIN,71.74,73.09,69.71,70.52,5168151.0
2023-09-27,COIN,72.72,73.48,69.95,71.52,5324560.0
2023-09-28,COIN,72.59,77.13,71.51,75.16,8252398.0
2023-09-29,COIN,76.75,77.4999,74.57,75.08,5747236.0
2023-10-02,COIN,78.55,79.9494,74.4,75.31,9709327.0
2023-10-03,COIN,74.34,75.65,71.75,72.48,5815497.0
2023-10-04,COIN,73.2,74.11,70.41,73.47,7613659.0
2023-10-05,COIN,73.53,75.48,72.1,74.62,6229265.0
2023-10-06,COIN,72.475,78.95,72.3183,78.46,7931250.0
2023-10-09,COIN,76.52,80.06,76.5,79.1,5631270.0
2023-10-10,COIN,79.0,82.0699,77.9728,79.62,5645077.0
2023-10-11,COIN,79.265,80.4899,75.6,77.35,6474139.0
2023-10-12,COIN,77.04,77.181,74.45,75.19,5338642.0
2023-10-13,COIN,75.0,75.19,72.1,73.43,6163592.0
2023-10-16,COIN,77.61,79.3,73.355,75.21,12608640.0
2023-10-17,COIN,74.8,79.12,74.5,77.46,7459543.0
2023-10-18,COIN,76.88,78.38,73.78,73.93,5123350.0
2023-10-19,COIN,74.28,76.165,72.72,73.1,5391198.0
2023-10-20,COIN,74.64,76.76,73.5,74.66,8423324.0
2023-10-23,COIN,75.5,80.73,72.42,77.21,13635690.0
2023-10-24,COIN,83.29,89.4,80.8891,82.07,23689530.0
2023-10-25,COIN,83.51,84.09,77.4,77.79,13773160.0
2023-10-26,COIN,77.2,79.16,73.15,74.61,8294499.0
2023-10-27,COIN,76.45,76.5,70.42,70.78,9010568.0
2023-10-30,COIN,72.045,74.08,71.88,73.6,6454608.0
2023-10-31,COIN,73.6,77.47,73.56,77.12,6334625.0
2023-11-01,COIN,77.42,79.41,75.87,77.81,6878582.0
2023-11-02,COIN,81.71,84.8,80.81,84.6,12596230.0
2023-11-03,COIN,83.79,88.34,82.05,85.8,12193530.0
2023-11-06,COIN,86.815,89.27,84.09,86.37,9881917.0
2023-11-07,COIN,86.2,89.49,84.3,89.07,6762266.0
2023-11-08,COIN,88.8,89.15,84.69,88.32,7286011.0
2023-11-09,COIN,92.9,99.82,91.3686,92.86,20941380.0
2023-11-10,COIN,94.4,96.2185,91.8,92.92,9853318.0
2023-11-13,COIN,91.78,93.2677,88.62,92.64,8860361.0
2023-11-14,COIN,94.91,95.32,89.79,92.09,10137690.0
2023-11-15,COIN,93.92,100.15,93.07,98.15,11968930.0
2023-11-16,COIN,97.68,97.89,94.45,96.92,7073846.0
2023-11-17,COIN,97.0,99.43,94.9,99.05,7373822.0
2023-11-20,COIN,100.71,106.46,100.01,106.1,10982260.0
2023-11-21,COIN,104.0,106.0594,101.34,105.49,9348226.0
2023-11-22,COIN,106.17,109.99,103.36,109.25,10356520.0
2023-11-24,COIN,108.45,116.94,107.98,115.54,11654560.0
2023-11-27,COIN,112.58,121.46,112.1828,119.77,14205950.0
2023-11-28,COIN,122.05,129.26,119.7005,128.27,17639130.0
2023-11-29,COIN,127.82,131.42,126.3,127.82,13908810.0
2023-11-30,COIN,126.06,127.14,118.4,124.72,14074010.0
2023-12-01,COIN,126.39,134.33,125.88,133.76,13693520.0
2023-12-04,COIN,143.53,146.3,137.6,141.09,21561900.0
2023-12-05,COIN,140.0,147.86,139.1762,140.2,18303390.0
2023-12-06,COIN,142.5,143.44,134.115,134.63,12584390.0
2023-12-07,COIN,131.02,138.48,130.17,136.19,9795672.0
2023-12-08,COIN,136.19,146.74,135.85,146.62,12023550.0
2023-12-11,COIN,141.5,142.87,135.985,138.02,12160380.0
2023-12-12,COIN,139.89,141.75,135.99,139.62,8303476.0
2023-12-13,COIN,139.62,150.65,137.15,150.46,12514890.0
2023-12-14,COIN,152.1,154.74,149.1,153.63,12095080.0
2023-12-15,COIN,151.81,151.92,146.84,147.9,11802290.0
2023-12-18,COIN,144.81,155.01,144.0,153.43,9959902.0
2023-12-19,COIN,155.5,162.09,153.61,161.16,13906760.0
2023-12-20,COIN,164.73,169.48,160.07,161.86,16021890.0
2023-12-21,COIN,166.71,170.17,163.1,168.03,12081480.0
2023-12-22,COIN,169.77,178.6955,167.9,175.48,15832870.0
2023-12-26,COIN,174.8,178.12,169.05,172.05,12544850.0
2023-12-27,COIN,176.32,186.97,175.5,185.24,15569910.0
2023-12-28,COIN,179.31,187.39,177.75,186.36,17276290.0
2023-12-29,COIN,186.06,187.25,171.0,173.92,19724380.0
2024-01-02,COIN,173.023,175.57,155.35,156.88,26549370.0
2024-01-03,COIN,146.0,156.25,144.11,152.24,18573800.0
2024-01-04,COIN,152.5,161.28,148.8058,155.6,14874270.0
2024-01-05,COIN,152.67,157.69,151.09,153.98,10875480.0
2024-01-08,COIN,157.8,161.3789,146.51,159.42,18125700.0
2024-01-09,COIN,159.6,159.99,151.32,151.99,12959730.0
2024-01-10,COIN,149.21,153.4728,143.15,151.29,18718220.0
2024-01-11,COIN,159.19,161.04,140.01,141.16,31754160.0
2024-01-12,COIN,137.19,141.07,130.37,130.78,20392800.0
2024-01-16,COIN,129.435,136.4,126.88,133.88,14789710.0
2024-01-17,COIN,130.51,134.26,129.41,133.86,8133091.0
2024-01-18,COIN,133.25,137.31,123.93,124.34,14519460.0
2024-01-19,COIN,124.34,124.82,118.02,124.75,16692650.0
2024-01-22,COIN,124.05,131.7757,122.5,128.21,12042650.0
2024-01-23,COIN,122.41,126.145,120.33,124.19,9737109.0
2024-01-24,COIN,127.28,127.97,120.79,121.34,9118913.0
2024-01-25,COIN,122.38,124.26,118.92,121.01,8166361.0
2024-01-26,COIN,127.52,128.1,121.46,125.2,13956350.0
2024-01-29,COIN,127.09,136.8892,125.7957,132.82,17813660.0
2024-01-30,COIN,136.05,136.7,130.44,130.82,8745746.0
2024-01-31,COIN,129.09,135.55,127.57,128.2,9838769.0
2024-02-01,COIN,128.75,132.0676,124.24,128.95,8464275.0
2024-02-02,COIN,126.9,130.13,125.55,129.22,6109963.0
2024-02-05,COIN,128.7,128.89,115.8,117.3,13067340.0
2024-02-06,COIN,118.61,120.895,115.9,119.79,6740590.0
2024-02-07,COIN,119.68,124.4,114.51,122.07,8985106.0
2024-02-08,COIN,127.218,133.0499,125.81,132.55,11315870.0
2024-02-09,COIN,142.155,144.55,137.17,141.99,15985060.0
2024-02-12,COIN,141.1,150.35,140.985,147.31,10977080.0
2024-02-13,COIN,138.39,143.75,137.13,140.39,9568838.0
2024-02-14,COIN,151.83,161.125,150.4,160.38,18041750.0
2024-02-15,COIN,168.79,172.82,162.08,165.67,22992820.0
2024-02-16,COIN,189.05,193.64,178.8,180.31,33233300.0
2024-02-20,COIN,179.87,181.31,163.39,173.3,16196520.0
2024-02-21,COIN,164.25,168.09,161.19,162.41,10689580.0
2024-02-22,COIN,164.85,171.99,163.8,170.91,9027267.0
2024-02-23,COIN,167.38,170.0,160.66,165.98,7191183.0
2024-02-26,COIN,168.66,196.95,168.4,193.94,22593710.0
2024-02-27,COIN,205.18,209.94,192.09,199.22,22679100.0
2024-02-28,COIN,209.41,212.22,197.66,200.8,25397120.0
2024-02-29,COIN,206.46,211.31,193.88,203.56,16237760.0
2024-03-01,COIN,202.7,206.39,196.0101,205.77,9297387.0
2024-03-04,COIN,217.3901,236.46,212.2469,229.15,23294870.0
2024-03-05,COIN,230.0,239.98,215.4,216.77,23863310.0
2024-03-06,COIN,229.2,239.9,223.03,238.55,17936730.0
2024-03-07,COIN,240.0,242.87,235.5,242.62,10609300.0
2024-03-08,COIN,246.0,270.5476,244.9,256.62,21883950.0
2024-03-11,COIN,270.085,271.65,253.96,254.17,20296430.0
2024-03-12,COIN,257.835,260.79,242.09,256.14,14666170.0
2024-03-13,COIN,253.36,269.3899,250.53,251.73,17329800.0
2024-03-14,COIN,245.0,248.27,227.24,233.67,18789300.0
2024-03-15,COIN,225.06,244.65,222.83,242.36,17256270.0
2024-03-18,COIN,238.61,244.05,230.21,239.62,9734544.0
2024-03-19,COIN,223.24,233.29,216.16,230.12,12928500.0
2024-03-20,COIN,231.38,256.96,228.8,256.88,13834340.0
2024-03-21,COIN,260.24,276.38,256.2678,262.0,16199860.0
2024-03-22,COIN,254.24,260.7246,249.55,255.51,9828192.0
2024-03-25,COIN,261.0,283.48,260.25,279.71,13941660.0
2024-03-26,COIN,280.12,280.83,266.6901,266.81,10316200.0
2024-03-27,COIN,276.22,276.605,253.95,256.7,11092630.0
2024-03-28,COIN,260.21,270.79,257.91,265.12,11201560.0
2024-04-01,COIN,261.87,268.81,249.2238,252.11,10010690.0
2024-04-02,COIN,238.1,248.125,235.99,245.84,8817643.0
2024-04-03,COIN,244.04,255.998,243.0,251.58,6670175.0
2024-04-04,COIN,260.15,261.5,249.46,249.61,8098342.0
2024-04-05,COIN,244.91,253.96,240.2,240.9,8438580.0
2024-04-08,COIN,252.859,261.63,249.68,256.99,10042180.0
2024-04-09,COIN,253.225,254.55,241.1,242.95,7824680.0
2024-04-10,COIN,238.24,251.265,234.12,250.99,8416023.0
2024-04-11,COIN,250.99,264.3,247.3103,263.01,8655112.0
2024-04-12,COIN,259.42,259.97,244.3101,245.75,9051648.0
2024-04-15,COIN,247.94,249.7392,222.14,223.41,11239790.0
2024-04-16,COIN,223.0,223.0,205.67,218.83,16472140.0
2024-04-17,COIN,222.04,224.87,205.9,213.78,9440213.0
2024-04-18,COIN,215.57,228.05,213.25,218.08,9403920.0
2024-04-19,COIN,223.83,227.76,210.18,211.01,9363985.0
2024-04-22,COIN,216.79,227.14,215.033,225.86,8207010.0
2024-04-23,COIN,223.62,238.67,223.61,236.43,7338353.0
2024-04-24,COIN,236.83,239.0,223.87,224.37,6737434.0
2024-04-25,COIN,216.045,225.94,213.64,223.61,5143505.0
2024-04-26,COIN,220.77,237.02,218.66,236.32,6044874.0
2024-04-29,COIN,229.942,230.32,216.54,218.16,9576110.0
2024-04-30,COIN,214.35,216.57,202.59,203.93,9127863.0
2024-05-01,COIN,199.0,218.52,198.2,210.09,10191470.0
2024-05-02,COIN,216.48,232.71,210.76,228.85,12454220.0
2024-05-03,COIN,230.9,232.25,216.55,223.25,13739130.0
2024-05-06,COIN,225.84,235.8,224.9,226.93,9690593.0
2024-05-07,COIN,226.94,230.82,214.12,214.34,8169566.0
2024-05-08,COIN,209.5,214.9,206.525,211.2,4615442.0
2024-05-09,COIN,210.22,213.8497,205.11,210.45,4649731.0
2024-05-10,COIN,214.5,214.87,200.5,200.92,7423528.0
2024-05-13,COIN,204.0,206.665,197.64,199.51,7542161.0
2024-05-14,COIN,195.96,206.9669,194.93,203.05,5356047.0
2024-05-15,COIN,212.21,221.4,207.7,219.91,9339278.0
2024-05-16,COIN,215.0,216.4499,198.64,199.17,12185480.0
2024-05-17,COIN,205.66,210.67,199.8315,207.6,8688627.0
2024-05-20,COIN,207.96,226.26,203.72,225.19,11223310.0
2024-05-21,COIN,231.97,233.65,220.12,225.78,10704510.0
2024-05-22,COIN,225.01,238.77,221.2089,231.51,8933689.0
2024-05-23,COIN,233.81,234.32,217.66,218.86,9428333.0
2024-05-24,COIN,221.0,237.79,220.05,237.65,10249250.0
2024-05-28,COIN,235.45,247.1319,231.05,245.0,10843130.0
2024-05-29,COIN,239.02,240.49,233.18,236.65,6801950.0
2024-05-30,COIN,241.1,248.86,233.38,234.76,9349187.0
2024-05-31,COIN,239.28,240.41,219.17,225.92,10123080.0
2024-06-03,COIN,232.5,239.2,224.69,231.39,7333118.0
2024-06-04,COIN,230.23,247.2,230.1557,244.2,10854300.0
2024-06-05,COIN,246.86,251.89,240.7,251.4,9383502.0
2024-06-06,COIN,250.0,263.7999,248.75,257.08,9494574.0
2024-06-07,COIN,256.185,263.1799,243.86,244.16,9315341.0
2024-06-10,COIN,241.11,253.43,239.53,249.81,6344848.0
2024-06-11,COIN,242.93,245.66,234.09,244.2,8991286.0
2024-06-12,COIN,251.8,263.2599,250.58,254.96,11134680.0
2024-06-13,COIN,253.77,257.13,243.26,247.64,8666222.0
2024-06-14,COIN,246.16,250.25,237.0647,244.5,7146478.0
2024-06-17,COIN,239.87,248.64,234.23,245.1,6662888.0
2024-06-18,COIN,238.25,242.8,234.6,235.95,6198915.0
2024-06-20,COIN,237.36,240.49,228.44,235.03,6888927.0
2024-06-21,COIN,227.0,228.2521,220.71,225.86,11385790.0
2024-06-24,COIN,217.22,221.444,207.71,212.31,10761960.0
2024-06-25,COIN,217.0,222.88,213.22,221.71,8067068.0
2024-06-26,COIN,220.0,223.73,212.462,214.58,6574922.0
2024-06-27,COIN,217.6,225.7623,216.32,224.0,5641211.0
2024-06-28,COIN,223.95,225.53,218.8,222.23,10944920.0
2024-07-01,COIN,226.0,236.0386,224.042,233.37,7739846.0
2024-07-02,COIN,231.34,234.97,226.3201,227.51,4407039.0
2024-07-03,COIN,223.81,227.11,222.22,224.94,3241672.0
2024-07-05,COIN,213.48,225.13,209.45,223.68,10148540.0
2024-07-08,COIN,226.51,226.51,217.75,220.56,5615247.0
2024-07-09,COIN,223.55,225.64,218.68,219.97,5357306.0
2024-07-10,COIN,221.64,223.3329,215.135,219.56,4481941.0
2024-07-11,COIN,224.37,227.15,213.57,214.63,7037917.0
2024-07-12,COIN,215.34,222.15,214.57,218.02,4949046.0
2024-07-15,COIN,229.38,247.5,228.0,242.85,14439470.0
2024-07-16,COIN,243.19,252.12,234.2,251.49,10270720.0
2024-07-17,COIN,245.895,255.9,241.31,249.1,8883291.0
2024-07-18,COIN,251.21,253.87,230.57,233.24,8848527.0
2024-07-19,COIN,235.1,259.8,233.5,257.79,12501860.0
2024-07-22,COIN,260.47,266.0,252.8419,265.15,11282200.0
2024-07-23,COIN,263.6,272.55,257.2903,257.63,9275617.0
2024-07-24,COIN,261.0,265.0,243.75,245.06,8141082.0
2024-07-25,COIN,239.26,241.64,226.3,231.52,8482505.0
2024-07-26,COIN,243.34,249.16,237.56,242.93,7917446.0
2024-07-29,COIN,251.55,255.42,234.0,234.2,9467677.0
2024-07-30,COIN,235.62,239.0,223.03,224.46,6053909.0
2024-07-31,COIN,233.0,234.1099,224.04,224.36,4771650.0
2024-08-01,COIN,226.6,227.1,207.82,212.64,8920020.0
2024-08-02,COIN,213.12,219.2999,199.38,204.44,10063930.0
2024-08-05,COIN,162.01,197.88,161.13,189.47,18734650.0
2024-08-06,COIN,191.99,197.4,182.7,194.17,7050554.0
2024-08-07,COIN,196.8,199.9522,177.39,178.91,8324432.0
2024-08-08,COIN,185.67,194.9799,182.4621,192.32,7421563.0
2024-08-09,COIN,191.29,199.1,189.78,196.29,5255873.0
2024-08-12,COIN,194.3,197.69,188.2934,191.74,5742782.0
2024-08-13,COIN,193.13,201.0999,191.87,197.94,4795479.0
2024-08-14,COIN,200.9,201.97,192.4,195.96,5027037.0
2024-08-15,COIN,198.52,205.07,196.2,197.12,6068323.0
2024-08-16,COIN,199.0,205.95,197.14,205.31,6240504.0
2024-08-19,COIN,203.335,207.49,200.35,204.46,6304182.0
2024-08-20,COIN,209.1,209.8,191.21,197.25,12353740.0
2024-08-21,COIN,197.16,207.0,195.11,206.23,7502443.0
2024-08-22,COIN,204.78,207.1,197.43,198.43,5284897.0
2024-08-23,COIN,200.97,211.92,200.0,211.4,8304223.0
2024-08-26,COIN,209.3,210.85,202.68,204.0,5437092.0
2024-08-27,COIN,201.84,202.5,194.1,198.3,5992876.0
2024-08-28,COIN,195.02,197.49,187.73,190.2,4995742.0
2024-08-29,COIN,194.0,196.5,187.6001,188.28,3841810.0
2024-08-30,COIN,189.215,189.94,180.04,183.36,7307184.0
2024-09-03,COIN,182.0,182.7,168.07,169.13,9746643.0
2024-09-04,COIN,166.5,169.04,160.67,163.22,7826441.0
2024-09-05,COIN,161.62,166.37,158.12,159.7,5732706.0
2024-09-06,COIN,163.24,164.15,146.12,147.35,11026600.0
2024-09-09,COIN,151.27,157.4,150.06,155.05,9256668.0
2024-09-10,COIN,155.01,159.14,149.51,158.46,5824762.0
2024-09-11,COIN,153.56,158.84,149.95,157.15,6417381.0
2024-09-12,COIN,158.61,165.43,156.1,162.89,6697238.0
2024-09-13,COIN,162.24,168.93,161.58,163.05,5953642.0
2024-09-16,COIN,158.5,163.16,155.88,161.5,4686237.0
2024-09-17,COIN,164.14,167.67,160.5,162.45,5225172.0
2024-09-18,COIN,161.54,169.1,160.8,162.64,5027374.0
2024-09-19,COIN,172.0,175.39,167.0,168.24,9299066.0
2024-09-20,COIN,168.99,173.3914,165.4,170.09,8152342.0
2024-09-23,COIN,171.3,173.5667,168.7,170.22,4933242.0
2024-09-24,COIN,170.38,172.25,163.8081,171.68,6035486.0
2024-09-25,COIN,170.3,173.935,166.88,167.08,5359903.0
2024-09-26,COIN,170.61,181.49,170.26,179.93,12455160.0
2024-09-27,COIN,183.07,192.45,179.5,191.23,10563370.0
2024-09-30,COIN,184.19,185.4099,177.0,178.17,11739580.0
2024-10-01,COIN,178.72,178.9,160.0,165.01,15210470.0
2024-10-02,COIN,163.03,169.29,161.39,164.47,7881090.0
2024-10-03,COIN,162.83,166.41,161.41,163.1,4298586.0
2024-10-04,COIN,167.96,171.2431,164.0,170.91,6874436.0
2024-10-07,COIN,172.0,176.1483,166.892,168.92,6797536.0
2024-10-08,COIN,166.36,170.0499,165.02,167.69,5696090.0
2024-10-09,COIN,167.69,172.49,165.78,166.97,5725046.0
2024-10-10,COIN,166.05,167.31,161.87,164.27,5379854.0
2024-10-11,COIN,165.54,179.1799,165.22,176.38,10767070.0
2024-10-14,COIN,181.185,197.69,178.27,196.35,18131380.0
2024-10-15,COIN,195.68,204.9,188.31,196.34,17324800.0
2024-10-16,COIN,203.53,212.4199,197.6002,210.48,13969970.0
2024-10-17,COIN,209.2,209.45,201.13,204.2,8908025.0
2024-10-18,COIN,208.05,220.26,207.1403,220.21,13569590.0
2024-10-21,COIN,215.4,216.86,208.13,213.72,12686430.0
2024-10-22,COIN,209.45,215.95,207.3,210.72,7485083.0
2024-10-23,COIN,206.3,209.7,194.6,198.93,10350140.0
2024-10-24,COIN,206.868,210.55,200.8,209.16,9925395.0
2024-10-25,COIN,208.3,213.67,203.4,205.04,9261318.0
2024-10-28,COIN,213.35,218.0,210.5,216.1,10458710.0
2024-10-29,COIN,220.905,223.9,216.11,219.66,11542190.0
2024-10-30,COIN,213.1,220.46,209.47,211.74,9515860.0
2024-10-31,COIN,203.73,206.0,178.82,179.25,18892020.0
2024-11-01,COIN,180.0,190.94,179.54,182.88,14443370.0
2024-11-04,COIN,180.09,186.95,176.38,186.27,11348810.0
2024-11-05,COIN,185.59,197.25,185.51,193.96,9950753.0
2024-11-06,COIN,221.479,257.6799,221.11,254.31,35456030.0
2024-11-07,COIN,245.63,259.69,242.3401,255.58,16655330.0
2024-11-08,COIN,257.67,273.5,257.15,270.74,17431710.0
2024-11-11,COIN,300.305,334.86,296.0,324.24,42437500.0
2024-11-12,COIN,310.05,327.0,306.1,319.13,24819580.0
2024-11-13,COIN,325.01,332.35,282.66,284.72,27997390.0
2024-11-14,COIN,290.81,292.5653,274.3006,278.84,17375320.0
2024-11-15,COIN,282.51,306.455,276.0207,305.85,18020590.0
2024-11-18,COIN,301.835,329.59,288.5,325.41,25713700.0
2024-11-19,COIN,322.08,327.24,315.5,324.57,13447870.0
2024-11-20,COIN,332.25,341.75,303.8018,320.01,22875210.0
2024-11-21,COIN,329.95,330.5,288.55,295.23,25187380.0
2024-11-22,COIN,294.885,311.37,290.8,304.64,12187190.0
2024-11-25,COIN,309.0,317.46,291.2,312.22,14645910.0
2024-11-26,COIN,298.26,309.1999,289.125,293.29,13215740.0
2024-11-27,COIN,302.78,314.29,295.36,310.98,13290830.0
2024-11-29,COIN,311.95,316.3,295.81,296.2,9550236.0
2024-12-02,COIN,302.03,311.47,299.5,302.4,11221110.0
2024-12-03,COIN,296.782,314.43,296.65,309.35,10069340.0
2024-12-04,COIN,312.0,332.0,309.12,330.94,15798010.0
2024-12-05,COIN,343.36,349.4928,315.17,320.57,19769910.0
2024-12-06,COIN,328.555,349.75,325.499,343.62,16759230.0
2024-12-09,COIN,339.91,340.16,309.68,310.52,16974810.0
2024-12-10,COIN,318.03,318.7399,298.52,302.42,11930550.0
2024-12-11,COIN,311.85,320.9,308.82,313.81,10253360.0
2024-12-12,COIN,317.76,323.5,307.75,312.96,8324441.0
2024-12-13,COIN,316.0,317.18,305.25,310.58,5832592.0
2024-12-16,COIN,316.895,326.23,314.77,315.31,11461360.0
2024-12-17,COIN,319.835,323.0666,303.5,311.64,7440580.0
2024-12-18,COIN,308.0,312.14,275.81,279.86,12615170.0
2024-12-19,COIN,290.64,295.483,268.88,273.92,11708600.0
2024-12-20,COIN,266.13,281.74,261.87,278.71,10009830.0
2024-12-23,COIN,274.52,275.33,263.07,268.15,6853452.0
2024-12-24,COIN,273.22,284.0,271.86,279.62,4805053.0
2024-12-26,COIN,275.575,279.236,271.39,274.41,4419780.0
2024-12-27,COIN,274.2,274.25,263.21,265.71,5553958.0
2024-12-30,COIN,259.98,260.5,247.6,255.56,7727062.0
2024-12-31,COIN,262.97,263.66,246.37,248.3,5414921.0
2025-01-02,COIN,256.48,262.31,251.0,257.21,6289520.0
2025-01-03,COIN,259.89,271.59,258.59,270.65,5990830.0
2025-01-06,COIN,279.07,293.6,271.75,287.76,10834990.0
2025-01-07,COIN,286.74,287.58,260.24,264.33,11614720.0
2025-01-08,COIN,263.88,267.0,252.99,260.01,5951138.0
2025-01-10,COIN,257.77,261.8699,248.05,258.78,5579228.0
2025-01-13,COIN,246.98,251.81,240.77,251.2,7019454.0
2025-01-14,COIN,261.725,263.0,251.0,255.37,5704136.0
2025-01-15,COIN,266.87,278.32,264.44,274.93,9113854.0
2025-01-16,COIN,274.0,285.02,268.14,281.63,6751127.0
2025-01-17,COIN,292.0,300.3499,289.3299,295.48,11290140.0
2025-01-21,COIN,298.52,303.0999,273.62,294.19,12912360.0
2025-01-22,COIN,290.455,298.7999,286.28,295.85,6668857.0
2025-01-23,COIN,289.735,303.56,287.9,296.01,11534820.0
2025-01-24,COIN,300.0,310.6125,297.62,298.0,9763288.0
2025-01-27,COIN,283.7,289.78,265.2,277.99,12238830.0
2025-01-28,COIN,280.495,284.84,276.0,281.82,4516627.0
2025-01-29,COIN,281.82,294.38,277.01,291.0,6255868.0
2025-01-30,COIN,293.715,306.0,293.02,301.3,8637528.0
2025-01-31,COIN,300.86,304.73,287.22,291.33,6534008.0
2025-02-03,COIN,272.98,288.76,269.3,284.41,9517730.0
2025-02-04,COIN,283.0,289.39,278.63,280.39,6013474.0
2025-02-05,COIN,283.61,285.76,274.56,275.14,5373185.0
2025-02-06,COIN,279.52,284.6,269.0,270.37,6717660.0
2025-02-07,COIN,274.045,282.57,271.75,274.49,7885553.0
2025-02-10,COIN,280.4,285.558,274.6,280.22,5521775.0
2025-02-11,COIN,277.55,279.0,265.83,266.9,6914996.0
2025-02-12,COIN,264.39,277.8,263.48,274.9,6362794.0
2025-02-13,COIN,284.0,302.4,282.5,298.11,18900230.0
2025-02-14,COIN,288.015,291.55,274.0,274.31,19269690.0
2025-02-18,COIN,278.8,279.18,260.5,264.63,11564810.0
2025-02-19,COIN,265.755,267.0,257.68,258.67,6813776.0
2025-02-20,COIN,260.66,262.25,250.3701,256.59,6400698.0
2025-02-21,COIN,266.99,267.8,234.76,235.38,17195490.0
2025-02-24,COIN,239.14,240.24,223.6,227.07,12124970.0
2025-02-25,COIN,219.97,222.85,205.12,212.49,15192610.0
2025-02-26,COIN,212.63,218.57,207.99,212.96,7900637.0
2025-02-27,COIN,218.13,221.58,207.79,208.37,8082369.0
2025-02-28,COIN,205.27,216.44,201.1,215.62,9031205.0
2025-03-03,COIN,232.23,233.4,203.44,205.75,15997820.0
2025-03-04,COIN,200.52,218.94,193.09,212.55,13060880.0
2025-03-05,COIN,214.89,223.1499,208.0,222.45,9581601.0
2025-03-06,COIN,214.51,226.6,213.0,214.17,8405387.0
2025-03-07,COIN,214.89,222.05,206.77,217.45,8615050.0
2025-03-10,COIN,205.075,206.8398,176.85,179.23,18664120.0
2025-03-11,COIN,186.0,195.69,183.3039,191.69,11382230.0
2025-03-12,COIN,195.4,199.2,183.75,191.73,9616785.0
2025-03-13,COIN,188.62,188.85,177.11,177.49,9559390.0
2025-03-14,COIN,183.81,186.74,179.16,183.12,9454350.0
2025-03-17,COIN,182.0,193.24,180.77,188.96,7216486.0
2025-03-18,COIN,185.0,186.49,178.78,181.14,7408224.0
2025-03-19,COIN,184.8336,193.7774,182.8,189.75,8194232.0
2025-03-20,COIN,185.888,193.93,185.8794,190.38,6717964.0
2025-03-21,COIN,185.57,190.7249,183.75,189.86,7344825.0
2025-03-24,COIN,197.5,203.25,194.415,203.04,9489458.0
2025-03-25,COIN,202.13,206.93,198.34,204.23,7877691.0
2025-03-26,COIN,203.0,205.9999,192.2906,193.95,7147921.0
2025-03-27,COIN,192.97,195.3256,187.8001,188.58,5426320.0
2025-03-28,COIN,185.72,186.79,172.99,173.93,10040220.0
2025-03-31,COIN,169.38,173.58,163.52,172.23,7781307.0
2025-04-01,COIN,172.82,176.05,168.545,174.52,5489688.0
2025-04-02,COIN,170.57,184.11,170.35,182.95,8208560.0
2025-04-03,COIN,168.58,172.03,164.65,170.76,9556230.0
2025-04-04,COIN,166.02,167.5,147.17,160.55,14570760.0
2025-04-07,COIN,146.042,167.4,142.58,157.28,13251700.0
2025-04-08,COIN,165.2,167.8,147.35,151.47,11117450.0
2025-04-09,COIN,150.08,183.9,150.08,177.09,15257950.0
2025-04-10,COIN,168.5,173.815,159.1125,169.62,11196330.0
2025-04-11,COIN,171.3,178.0,167.0,175.5,7769267.0
2025-04-14,COIN,180.5,182.39,172.005,176.58,6427119.0
2025-04-15,COIN,177.74,179.7678,172.3,175.57,5369511.0
2025-04-16,COIN,170.5,174.8,168.5,172.21,5226684.0
2025-04-17,COIN,172.6,177.5,171.3,175.03,5125340.0
2025-04-21,COIN,175.1,177.98,171.4072,175.0,5054685.0
2025-04-22,COIN,178.79,193.49,178.4,190.0,12807010.0
2025-04-23,COIN,197.75,200.8,191.52,194.8,9870189.0
2025-04-24,COIN,193.415,204.21,193.1,203.87,6840552.0
2025-04-25,COIN,205.57,211.62,203.74,209.64,8060880.0
2025-04-28,COIN,208.2,208.78,197.42,205.27,7624239.0
2025-04-29,COIN,205.3,207.4,203.135,206.13,4254888.0
2025-04-30,COIN,199.67,203.04,195.55,202.89,4769427.0
2025-05-01,COIN,208.455,208.75,201.16,201.3,6243165.0
2025-05-02,COIN,204.7,209.0,202.36,204.93,6133292.0
2025-05-05,COIN,201.725,204.11,198.65,199.4,5108712.0
2025-05-06,COIN,195.38,198.76,193.34,196.89,4672601.0
2025-05-07,COIN,199.825,200.4831,193.81,196.56,4857343.0
2025-05-08,COIN,205.305,210.47,202.81,206.5,14389950.0
2025-05-09,COIN,204.52,214.13,198.77,199.32,16384200.0
2025-05-12,COIN,208.94,213.6,205.61,207.22,14944200.0
2025-05-13,COIN,231.71,260.42,231.49,256.9,39119020.0
2025-05-14,COIN,256.855,264.49,253.55,263.41,18344720.0
2025-05-15,COIN,256.5,257.85,240.0,244.44,25917210.0
2025-05-16,COIN,249.755,270.45,248.83,266.46,72627550.0
2025-05-19,COIN,259.78,267.6,259.7,263.99,12437620.0
2025-05-20,COIN,265.12,265.3599,257.2485,261.38,8624570.0
2025-05-21,COIN,260.2,270.38,257.75,258.99,11747970.0
2025-05-22,COIN,265.13,277.01,263.51,271.95,15613720.0
2025-05-23,COIN,263.0,268.04,260.34,263.16,9290348.0
2025-05-27,COIN,269.025,270.1,264.67,266.4,7884467.0
2025-05-28,COIN,265.7,265.7,253.8,254.29,8305297.0
2025-05-29,COIN,258.72,258.94,246.76,248.84,7697224.0
2025-05-30,COIN,246.87,249.96,244.13,246.62,6070949.0
2025-06-02,COIN,247.46,249.86,240.91,246.72,6187956.0
2025-06-03,COIN,248.39,260.6,246.2182,258.91,9946425.0
2025-06-04,COIN,257.525,261.57,254.34,256.0,6026838.0
2025-06-05,COIN,261.05,265.65,240.08,244.2,12017060.0
2025-06-06,COIN,250.525,256.17,249.78,251.27,7360213.0
2025-06-09,COIN,255.66,258.25,252.4,256.63,6064774.0
2025-06-10,COIN,258.875,262.4,251.63,254.94,5857966.0
2025-06-11,COIN,257.21,259.9,249.06,250.68,5986082.0
2025-06-12,COIN,246.515,247.75,239.3459,241.05,7725301.0
2025-06-13,COIN,237.45,243.2,235.292,242.71,7062666.0
2025-06-16,COIN,247.765,263.3,245.32,261.57,12034650.0
2025-06-17,COIN,256.63,259.6275,248.68,253.85,9050764.0
2025-06-18,COIN,254.0,299.32,251.88,295.29,37434260.0
2025-06-20,COIN,303.58,310.75,298.1,308.38,31468820.0
2025-06-23,COIN,302.075,314.25,294.5601,307.59,17553690.0
2025-06-24,COIN,314.39,348.97,311.9,344.82,29670920.0
2025-06-25,COIN,360.595,369.28,343.62,355.37,30154320.0
2025-06-26,COIN,354.53,382.0,354.53,375.07,27371410.0
2025-06-27,COIN,369.54,372.5,346.66,353.43,29000430.0
2025-06-30,COIN,359.225,360.45,347.9,350.49,11227560.0
2025-07-01,COIN,339.98,353.3956,334.0,335.33,13132140.0
2025-07-02,COIN,340.58,357.1599,338.68,354.45,12493120.0
2025-07-03,COIN,350.345,357.8699,348.5,355.8,6704285.0
2025-07-07,COIN,354.2,363.9999,351.0,357.1,7885346.0
2025-07-08,COIN,362.75,368.79,348.0,354.82,9734990.0
2025-07-09,COIN,358.63,374.0,353.2901,373.85,13238440.0
2025-07-10,COIN,372.405,389.16,369.0,388.96,17241600.0
2025-07-11,COIN,390.185,395.5,378.37,387.06,16694620.0
2025-07-14,COIN,392.495,398.5,388.58,394.01,12473530.0
2025-07-15,COIN,391.525,400.8799,373.0201,388.02,16889290.0
2025-07-16,COIN,392.8,405.88,391.46,398.2,14404660.0
2025-07-17,COIN,399.7,415.9599,394.277,410.75,16840540.0
2025-07-18,COIN,419.82,444.645,406.5,419.78,28063200.0
2025-07-21,COIN,425.55,436.3799,413.44,413.63,17018150.0
2025-07-22,COIN,419.1,420.9799,394.37,404.44,14554940.0
2025-07-23,COIN,399.99,400.72,387.12,397.81,12433160.0
2025-07-24,COIN,404.25,405.3077,392.0,396.7,7904563.0
2025-07-25,COIN,391.9,397.48,386.385,391.66,8643321.0
2025-07-28,COIN,394.615,395.39,375.26,379.49,11270400.0
2025-07-29,COIN,383.585,384.7799,365.74,371.44,9334666.0
2025-07-30,COIN,382.95,386.58,372.71,377.48,11099970.0
2025-07-31,COIN,382.89,387.14,376.83,377.76,12371230.0
2025-08-01,COIN,335.14,337.5825,310.55,314.69,31342210.0
2025-08-04,COIN,319.54,324.0,311.0,318.17,12106370.0
2025-08-05,COIN,307.11,312.85,297.2,297.99,16863870.0
2025-08-06,COIN,297.55,304.77,293.3101,303.58,15982740.0
2025-08-07,COIN,311.23,317.94,306.98,310.79,13857160.0
2025-08-08,COIN,311.44,313.7,301.23,310.54,9253803.0
2025-08-11,COIN,322.1,333.66,318.8,319.62,14664370.0
2025-08-12,COIN,329.35,329.86,314.159,322.62,9985842.0
2025-08-13,COIN,328.21,345.3899,321.5301,327.01,15399790.0
2025-08-14,COIN,320.49,327.451,316.8,324.89,9403598.0
2025-08-15,COIN,322.85,323.4,314.56,317.55,7881210.0
2025-08-18,COIN,311.48,324.29,307.11,320.73,8798755.0
2025-08-19,COIN,320.69,322.59,301.45,302.07,10327730.0
2025-08-20,COIN,304.27,306.45,291.46,304.39,8570325.0
2025-08-21,COIN,301.415,304.9999,297.8001,300.28,5743375.0
2025-08-22,COIN,300.59,322.26,297.19,319.85,13029180.0
2025-08-25,COIN,312.175,315.59,305.1,306.0,8473899.0
2025-08-26,COIN,304.0,309.2,300.37,308.48,7745448.0
2025-08-27,COIN,307.21,312.41,306.69,308.97,5746292.0
2025-08-28,COIN,312.56,315.95,306.0,308.47,6292468.0
2025-08-29,COIN,306.19,308.22,301.5,304.54,6611440.0
2025-09-02,COIN,299.97,310.41,295.4,303.56,6814856.0
2025-09-03,COIN,305.01,308.371,301.15,302.31,5220799.0
2025-09-04,COIN,301.96,307.7705,300.01,306.8,6211763.0
2025-09-05,COIN,313.85,315.74,292.56,299.07,11366970.0
2025-09-08,COIN,301.88,306.6,297.1501,302.2,8824124.0
2025-09-09,COIN,303.77,319.3905,303.6,318.78,10361310.0
2025-09-10,COIN,321.4,328.6691,312.53,315.34,8664815.0
2025-09-11,COIN,319.0,326.0,315.53,323.95,7702730.0
2025-09-12,COIN,328.025,329.49,319.8,323.04,6929358.0
2025-09-15,COIN,322.87,328.44,320.965,327.02,6896855.0
2025-09-16,COIN,332.25,333.6,321.3,327.91,7434920.0
2025-09-17,COIN,325.96,328.49,311.3,320.56,8921227.0
2025-09-18,COIN,325.82,351.89,323.52,343.13,17324500.0
2025-09-19,COIN,342.76,349.7,337.66,342.46,13272060.0
2025-09-22,COIN,333.435,336.2,328.19,331.95,8720685.0
2025-09-23,COIN,333.38,335.6768,317.7,320.07,8245911.0
2025-09-24,COIN,323.76,327.3177,320.76,321.77,4869807.0
2025-09-25,COIN,314.33,317.99,304.36,306.69,8865274.0
2025-09-26,COIN,308.58,314.2374,303.4,312.59,6714775.0
2025-09-29,COIN,318.01,334.3799,316.3498,333.99,12066050.0
2025-09-30,COIN,329.995,338.1,329.662,337.49,6674692.0
2025-10-01,COIN,343.26,349.865,340.5,346.17,8843877.0
2025-10-02,COIN,354.76,376.1299,353.4,372.07,15750410.0
2025-10-03,COIN,373.35,383.4999,370.03,380.02,13648180.0
2025-10-06,COIN,390.325,392.85,380.5015,386.07,8692960.0
2025-10-07,COIN,386.84,388.0,363.01,375.78,9146307.0
2025-10-08,COIN,378.62,390.49,375.635,387.27,7122777.0
2025-10-09,COIN,384.26,392.155,381.8,387.0,6849024.0
2025-10-10,COIN,387.66,402.16,351.63,357.01,17223610.0
2025-10-13,COIN,363.2,364.895,341.84,356.99,10318440.0
2025-10-14,COIN,340.85,353.5,334.77,341.55,9446049.0
2025-10-15,COIN,345.81,347.8285,333.1,336.3,7947302.0
2025-10-16,COIN,338.485,342.6999,328.71,330.25,7611886.0
2025-10-17,COIN,319.41,336.3,317.77,336.02,9571073.0
2025-10-20,COIN,342.21,354.06,338.75,343.78,7544064.0
2025-10-21,COIN,342.28,344.79,335.5,338.62,6030873.0
2025-10-22,COIN,333.88,334.72,310.4801,320.33,12737830.0
2025-10-23,COIN,323.0,328.39,318.5,322.76,5866792.0
2025-10-24,COIN,334.995,356.88,333.0,354.46,13893110.0
2025-10-27,COIN,362.82,373.25,357.3,361.43,9688335.0
2025-10-28,COIN,363.23,368.125,354.07,355.22,6527799.0
2025-10-29,COIN,357.425,360.0,345.21,348.61,7560500.0
2025-10-30,COIN,343.47,344.215,328.21,328.51,8947687.0
2025-10-31,COIN,336.0,361.4,334.43,343.78,13757300.0
2025-11-03,COIN,340.87,342.8,325.8801,330.42,9341726.0
2025-11-04,COIN,319.0,325.45,306.85,307.32,12420250.0
2025-11-05,COIN,315.885,324.14,310.8401,319.3,8215486.0
2025-11-06,COIN,316.5,316.6,294.72,295.22,12191180.0
2025-11-07,COIN,290.2,310.93,283.65,309.14,11984210.0
2025-11-10,COIN,323.02,324.8,311.66,317.93,8949778.0
2025-11-11,COIN,312.2,317.0899,303.59,304.01,7095194.0
2025-11-12,COIN,309.23,311.5,301.46,304.0,6967628.0
2025-11-13,COIN,301.66,303.96,279.83,283.14,11109540.0
2025-11-14,COIN,269.52,292.76,268.16,284.0,11784790.0
2025-11-17,COIN,274.92,277.83,258.22,263.95,15822420.0
2025-11-18,COIN,261.75,271.0,261.0,261.79,10854480.0
2025-11-19,COIN,261.865,262.8199,247.02,257.29,13287280.0
2025-11-20,COIN,259.98,263.63,236.0,238.16,15524200.0
2025-11-21,COIN,243.915,246.13,231.17,240.41,12396470.0
2025-11-24,COIN,244.68,257.95,243.0101,255.97,10005790.0
2025-11-25,COIN,247.755,254.37,240.74,254.12,8525315.0
2025-11-26,COIN,256.2,266.6225,253.8432,264.97,9929309.0
2025-11-28,COIN,274.005,279.87,269.2901,272.82,8977766.0
2025-12-01,COIN,260.525,265.9,252.2,259.84,12119330.0
2025-12-02,COIN,267.68,272.55,263.21,263.26,9059342.0
2025-12-03,COIN,268.0,277.5923,264.13,276.92,9466658.0
2025-12-04,COIN,273.6,284.24,271.26,274.05,6469235.0
2025-12-05,COIN,270.425,274.05,265.01,269.73,7173470.0
2025-12-08,COIN,272.805,276.63,269.5201,274.2,5936960.0
2025-12-09,COIN,270.63,284.74,266.83,277.36,7876570.0
2025-12-10,COIN,273.2,279.443,270.76,275.09,6818620.0
2025-12-11,COIN,266.9,271.16,258.72,269.02,7969600.0
2025-12-12,COIN,271.66,278.2,263.16,267.46,8180316.0
2025-12-15,COIN,267.99,268.5827,246.8,250.42,10885690.0
2025-12-16,COIN,253.56,257.0,250.32,252.61,6907433.0
2025-12-17,COIN,254.78,259.55,243.7,244.19,8429505.0
2025-12-18,COIN,253.095,255.41,239.1,239.2,9291486.0
2025-12-19,COIN,244.575,247.0,240.85,245.12,10613050.0
2025-12-22,COIN,251.68,254.87,247.43,247.9,6233075.0
2025-12-23,COIN,243.25,245.1999,238.8,242.3,7004229.0
2025-12-24,COIN,240.28,241.0,237.14,239.73,3869012.0
2025-12-26,COIN,240.4,240.49,232.8057,236.9,5925726.0
2025-12-29,COIN,234.36,239.89,232.78,233.77,6362579.0
2025-12-30,COIN,233.65,236.06,231.5,231.6,5652053.0
2025-12-31,COIN,231.22,232.39,225.47,226.14,6678151.0
2026-01-02,COIN,230.595,238.49,225.91,236.53,8760200.0
2026-01-05,COIN,247.105,258.88,246.53,254.92,13695270.0
2026-01-06,COIN,255.21,258.35,245.72,250.56,8672516.0
2026-01-07,COIN,248.28,248.9399,240.25,245.93,7488912.0
2026-01-08,COIN,244.615,250.38,242.25,245.59,6897249.0
2026-01-09,COIN,246.07,246.9,237.15,240.78,8104541.0
2026-01-12,COIN,239.63,248.0,238.04,242.98,5957250.0
2026-01-13,COIN,245.5,255.51,244.65,252.69,9026984.0
2026-01-14,COIN,256.92,263.07,253.0,255.86,10804500.0
2026-01-15,COIN,250.59,251.2,237.4301,239.28,12098910.0
2026-01-16,COIN,239.485,243.19,236.14,241.15,7622434.0
2026-01-20,COIN,232.64,234.9,225.96,227.73,9757893.0
2026-01-21,COIN,228.76,231.45,222.4,226.93,8476486.0
2026-01-22,COIN,228.525,230.75,223.02,223.14,7088821.0
2026-01-23,COIN,222.745,222.745,215.72,216.95,12975060.0
2026-01-26,COIN,212.175,215.64,210.89,213.48,7077472.0
2026-01-27,COIN,213.48,213.555,207.77,210.83,7465529.0
2026-01-28,COIN,213.28,214.39,206.8,209.43,9046574.0
2026-01-29,COIN,206.815,207.0,194.21,199.18,14604280.0
2026-01-30,COIN,198.7,198.96,190.96,194.74,9635409.0
2026-02-02,COIN,189.805,190.9399,185.08,187.86,12288660.0
2026-02-03,COIN,188.68,188.68,174.05,179.66,12610290.0
2026-02-04,COIN,176.11,176.75,164.42,168.62,16627610.0
2026-02-05,COIN,160.43,165.0,145.16,146.12,29610520.0
2026-02-06,COIN,154.555,165.52,151.57,165.12,19776130.0
2026-02-09,COIN,160.095,167.57,159.01,167.25,10618460.0
2026-02-10,COIN,162.56,167.92,161.86,162.51,8835243.0
2026-02-11,COIN,157.7,158.1,148.85,153.2,13923800.0
2026-02-12,COIN,153.095,153.2,139.36,141.09,19986070.0
2026-02-13,COIN,153.7,167.65,146.16,164.32,32410120.0
2026-02-17,COIN,162.475,170.54,158.4,166.02,16770650.0
2026-02-18,COIN,165.395,173.88,163.15,164.05,13792220.0
2026-02-19,COIN,162.42,167.58,161.12,165.94,8001662.0
2026-02-20,COIN,164.88,175.545,164.12,171.35,13692190.0
2026-02-23,COIN,166.16,168.1,158.66,160.24,12685500.0
2026-02-24,COIN,155.835,162.28,152.7,162.03,10442920.0
2026-02-25,COIN,171.78,185.82,169.75,183.94,23793920.0
2026-02-26,COIN,181.44,186.39,176.7501,181.06,12746620.0
2026-02-27,COIN,175.35,179.0565,171.81,175.85,11427870.0
2026-03-02,COIN,172.495,186.35,172.22,185.24,12306820.0
2026-03-03,COIN,177.18,186.3031,172.05,182.36,12828760.0
2026-03-04,COIN,195.91,212.07,195.4,208.93,27200270.0
2026-03-05,COIN,205.75,213.5,201.5,205.71,15036590.0
2026-03-06,COIN,197.76,202.7437,194.66,197.22,11504890.0
2026-03-09,COIN,198.0,203.49,192.6293,199.79,12064580.0
2026-03-10,COIN,204.425,206.01,194.75,196.52,10846080.0
2026-03-11,COIN,197.51,203.1,192.52,198.63,9531734.0
2026-03-12,COIN,196.13,198.0,192.46,193.23,7967132.0
2026-03-13,COIN,203.76,207.13,193.84,195.53,12137120.0
2026-03-16,COIN,201.81,206.44,198.6201,203.32,13054010.0
2026-03-17,COIN,202.27,213.47,202.13,210.23,11947950.0
2026-03-18,COIN,206.77,209.0,201.14,202.29,12602200.0
2026-03-19,COIN,195.335,205.5,191.8655,202.91,9272978.0
2026-03-20,COIN,202.5,203.3,194.79,197.5,13305140.0
2026-03-23,COIN,198.6,203.95,196.11,200.62,12466490.0
2026-03-24,COIN,199.1,201.76,177.595,181.04,20892680.0
2026-03-25,COIN,184.579,190.71,180.06,181.1,10432480.0
2026-03-26,COIN,177.0,179.75,171.93,173.38,9402566.0
2026-03-27,COIN,168.05,168.74,159.83,161.14,12289890.0
2026-03-30,COIN,164.53,166.4999,158.46,160.79,11775160.0
2026-03-31,COIN,163.8,175.84,162.18,174.61,12665140.0
2026-04-01,COIN,179.0,179.3,171.7213,172.99,8828648.0
2026-04-02,COIN,167.63,173.03,163.56,171.46,8869330.0
2026-04-06,COIN,175.1,177.9,173.47,174.79,7125194.0
2026-04-07,COIN,172.12,175.26,166.05,175.18,7653121.0
2026-04-08,COIN,187.89,189.565,172.96,175.09,9802388.0
2026-04-09,COIN,175.83,177.14,166.4029,169.02,10754900.0
2026-04-10,COIN,169.355,170.48,163.13,167.85,7922422.0
2026-04-13,COIN,164.83,175.01,164.33,174.53,7481089.0
2026-04-14,COIN,180.03,187.14,180.0,184.41,10884800.0
2026-04-15,COIN,185.66,196.46,183.52,195.9,11817370.0
2026-04-16,COIN,197.5,200.5799,188.5,199.825,11235810.0
2026-04-17,COIN,205.2,216.0499,202.95,206.33,15670380.0
2026-04-20,COIN,201.035,212.3,200.02,211.63,9967459.0
2026-04-21,COIN,211.2,211.23,194.6,195.95,15121140.0
2026-04-22,COIN,204.18,211.97,202.34,206.24,12096790.0
2026-04-23,COIN,202.275,205.78,193.91,197.93,8778450.0
2026-04-24,COIN,202.08,202.54,196.53,199.77,5799055.0
2026-04-27,COIN,199.1,204.49,195.25,196.68,7855554.0
2026-04-28,COIN,190.2,195.9395,188.75,194.1,6316127.0
2026-04-29,COIN,187.27,187.27,177.62,181.73,12609600.0
2026-04-30,COIN,181.6,189.559,179.89,187.77,7786743.0
2026-05-01,COIN,191.88,194.51,189.86,191.25,6771092.0
2026-05-04,COIN,199.405,206.71,197.8529,202.99,11243430.0
2026-05-05,COIN,208.88,208.88,194.4,197.75,10074160.0
2026-05-06,COIN,195.775,198.5,193.25,197.96,7764913.0
2026-05-07,COIN,196.03,198.15,190.32,192.96,9158065.0
2026-05-08,COIN,186.045,201.37,182.8,201.16,12909390.0
2026-05-11,COIN,200.38,217.845,192.81,216.6,13659330.0
2026-05-12,COIN,211.9,218.4599,200.2,207.64,9514449.0
2026-05-13,COIN,204.2,204.2,197.5,201.8,8370159.0
2026-05-14,COIN,201.25,222.352,195.1,212.01,16576860.0
2026-05-15,COIN,205.64,206.0,192.3,195.43,14428630.0
2026-05-18,COIN,190.25,194.2,184.15,189.44,10399790.0
2026-05-19,COIN,188.375,195.53,185.5301,193.45,7085046.0
2026-05-20,COIN,193.75,196.6205,189.73,191.29,7044169.0
2026-05-21,COIN,189.805,195.7,187.67,193.56,5674274.0
2026-05-22,COIN,194.02,195.59,184.6,184.99,7927566.0
2026-05-26,COIN,186.07,187.8,179.11,180.01,7754981.0
2026-05-27,COIN,176.38,179.85,173.71,173.78,8196796.0
2026-05-28,COIN,170.486,182.65,169.17,182.25,9042941.0
2026-05-29,COIN,180.23,191.83,178.85,189.03,10249780.0
2026-06-01,COIN,179.21,186.6,176.18,182.61,9063109.0
2026-06-02,COIN,177.17,178.55,171.67,173.99,9228403.0
2026-06-03,COIN,171.54,172.0,162.75,163.22,9544614.0
2026-06-04,COIN,164.19,166.5,161.89,164.13,8499447.0
2026-06-05,COIN,158.7,158.7,147.88,152.4,16718540.0
2026-06-08,COIN,156.605,164.28,154.9825,162.11,8827826.0
2026-06-09,COIN,157.245,164.98,149.9,155.5,8896152.0
2026-06-10,COIN,152.825,161.71,152.19,153.97,6406617.0
2026-06-11,COIN,154.7,161.74,152.38,160.43,6933145.0
2026-06-12,COIN,160.43,165.49,155.42,159.78,6508340.0
2026-06-15,COIN,170.0,174.44,168.63,169.62,8971973.0
2026-06-16,COIN,169.3,173.8,166.88,169.27,6412812.0
2026-06-17,COIN,166.54,174.1,164.67,164.915,8151519.0
2026-06-18,COIN,167.75,169.8079,160.54,163.26,9826780.0
2026-06-22,COIN,164.945,176.48,163.0501,164.84,8507056.0
2026-06-23,COIN,156.98,164.16,156.31,158.18,7590039.0
2026-06-24,COIN,158.3,158.42,148.28,150.11,10045490.0
2026-06-25,COIN,151.17,152.19,141.48,142.52,7807384.0
2026-06-26,COIN,139.23,149.8499,139.18,149.06,10494700.0
2026-06-29,COIN,150.82,152.44,145.29,151.65,7141106.0
2026-06-30,COIN,148.18,148.86,142.3,146.19,8754496.0
2026-07-01,COIN,147.13,164.54,146.3,159.24,11992320.0
2026-07-02,COIN,165.185,173.09,163.22,165.48,9693796.0
2026-07-06,COIN,161.365,171.67,160.1,168.87,6492774.0
2026-07-07,COIN,166.815,170.0951,161.69,163.51,4869416.0
2026-07-08,COIN,159.285,161.6,156.2,159.36,4738659.0
2026-07-09,COIN,156.73,161.0599,154.78,158.44,4755701.0
2026-07-10,COIN,166.67,167.98,158.67,159.07,6133940.0
2026-07-13,COIN,156.2,161.19,154.01,157.37,5418067.0
2026-07-14,COIN,159.79,162.265,157.25,161.5,7407823.0
2026-07-15,COIN,165.165,168.5,160.33,167.21,7570704.0
2026-07-16,COIN,165.37,166.57,159.51,160.49,6328713.0
2026-07-17,COIN,153.36,160.8014,152.58,157.12,6487131.0
2026-07-20,COIN,158.19,164.695,155.15,160.43,5720247.0
2026-07-21,COIN,167.885,181.49,167.86,175.85,13677230.0
2026-07-22,COIN,172.25,174.958,166.0,166.12,6953799.0
2026-07-23,COIN,163.115,165.74,158.88,161.16,5607032.0
2026-07-24,COIN,161.075,161.08,153.8,158.29,5372057.0
2026-07-27,COIN,163.32,167.87,160.42,167.49,6851657.0
2026-07-28,COIN,162.48,168.17,158.58,167.9,5111963.0
2026-07-29,COIN,166.15,169.6881,158.68,160.09,6802369.0
2026-07-30,COIN,161.18,164.78,159.31,163.58,7881311.0
2026-07-31,COIN,153.1,153.68,139.11,146.26,20870340.0
2026-08-03,COIN,144.145,152.43,141.03,146.5,9148538.0
2026-08-04,COIN,147.4,152.9,145.6,150.73,7289044.0
2026-08-05,COIN,150.8,153.99,147.61,149.89,6818876.0
2026-08-06,COIN,146.755,150.605,145.14,145.41,5850792.0
2026-08-07,COIN,148.21,155.3999,145.57,153.6,8747683.0
2026-08-10,COIN,153.345,153.61,147.9,148.68,6089895.0
2026-08-11,COIN,149.84,152.9499,146.32,148.58,6472589.0
2026-08-12,COIN,150.1,151.51,147.5,149.04,5927349.0
2026-08-13,COIN,149.035,154.42,146.94,153.9,7458864.0
2026-08-14,COIN,151.42,152.59,147.86,148.47,7265344.0
2026-08-17,COIN,148.355,152.2,147.2,150.55,5768314.0
2026-08-18,COIN,148.0,150.73,146.02,146.23,6746728.0
2026-08-19,COIN,147.5,165.74,147.5,160.2,16961340.0
2026-08-20,COIN,172.745,174.78,166.11,172.35,17570760.0
2026-08-21,COIN,180.06,191.355,179.2,186.49,22736000.0
2026-08-24,COIN,188.75,191.8387,178.52,179.48,13193690.0
2026-08-25,COIN,176.0,189.27,174.73,187.16,10565290.0
2026-08-26,COIN,181.65,185.5,179.4317,181.78,6275822.0
2026-08-27,COIN,186.33,193.81,180.11,190.72,9240928.0
2026-08-28,COIN,186.025,189.1,176.06,178.64,10016490.0
2026-08-31,COIN,178.51,189.9474,176.71,188.12,10710610.0
2026-09-01,COIN,181.445,183.99,175.0,176.82,8429160.0
2026-09-02,COIN,174.3,178.7221,172.03,174.96,5264054.0
2026-09-03,COIN,181.435,195.85,181.0,192.7,13741520.0
2026-09-04,COIN,184.97,188.9999,182.87,184.64,8177722.0
2026-09-08,COIN,180.68,182.25,178.33,178.94,6044610.0
2026-09-09,COIN,184.55,184.93,174.61,174.72,5989027.0
2026-09-10,COIN,170.84,174.46,170.39,172.28,4848715.0
2026-09-11,COIN,174.05,182.0766,172.8,175.26,7821479.0
2026-09-14,COIN,180.81,193.2168,180.29,191.45,13252010.0
2026-09-15,COIN,183.621,184.135,168.07,172.11,18766540.0
2026-09-16,COIN,172.5,174.0,161.18,164.51,13773150.0
2026-09-17,COIN,169.8,174.22,165.7327,173.97,9987508.0
2026-09-18,COIN,178.155,196.21,177.67,194.25,21919970.0
2026-09-21,COIN,205.19,208.33,200.65,201.05,14506900.0
2026-09-22,COIN,199.395,203.0,197.2,201.07,7305840.0
2026-09-23,COIN,198.0,204.5,195.64,198.13,7183790.0
2026-09-24,COIN,196.77,202.7752,193.69,199.21,7383767.0
2026-09-25,COIN,199.16,199.75,192.58,195.11,6277436.0
2026-09-28,COIN,196.09,198.7799,191.1,191.79,6759863.0
2022-08-09,CONL,23.35,23.35,21.05,21.0704,34365.0
2022-08-10,CONL,21.5,23.57,21.39,23.2863,3030.0
2022-08-11,CONL,23.5,24.43,19.29,19.53,40202.0
2022-08-12,CONL,20.285,22.44,20.24,21.7953,23845.0
2022-08-15,CONL,22.46,22.5899,21.7001,22.3497,73899.0
2022-08-16,CONL,20.21,23.28,20.21,21.8082,29523.0
2022-08-17,CONL,20.38,20.75,19.95,19.9703,31905.0
2022-08-18,CONL,19.49,19.79,19.2697,19.2697,2063.0
2022-08-19,CONL,16.74,17.39,16.01,16.0451,76976.0
2022-08-22,CONL,15.36,15.42,15.0,15.1668,47397.0
2022-08-23,CONL,15.44,16.3,14.97,15.1241,48969.0
2022-08-24,CONL,15.52,15.94,15.1697,15.1697,2970.0
2022-08-25,CONL,15.5,15.5,14.36,15.0937,28065.0
2022-08-26,CONL,14.11,14.69,13.41,13.6691,47670.0
2022-08-29,CONL,13.753,14.39,13.5494,13.5494,17037.0
2022-08-30,CONL,14.23,14.47,13.0,13.7294,77616.0
2022-08-31,CONL,14.18,14.64,13.64,13.6709,45429.0
2022-09-01,CONL,13.19,13.2325,12.22,13.2325,48018.0
2022-09-02,CONL,13.71,13.77,12.76,13.18,80240.0
2022-09-06,CONL,13.09,13.6,12.39,12.45,130504.0
2022-09-07,CONL,12.38,14.17,12.18,14.02,65984.0
2022-09-08,CONL,13.51,15.5,13.51,15.49,1886.0
2022-09-09,CONL,16.99,18.0,16.29,17.9963,20110.0
2022-09-12,CONL,18.65,19.1,18.32,18.5592,10933.0
2022-09-13,CONL,16.15,16.88,15.83,16.07,17755.0
2022-09-14,CONL,16.69,17.22,16.39,17.22,4681.0
2022-09-15,CONL,16.9031,16.9031,16.6804,16.73,4645.0
2022-09-16,CONL,15.73,15.97,15.59,15.59,1848.0
2022-09-19,CONL,14.6,14.6,14.04,14.37,935.0
2022-09-20,CONL,13.62,13.77,13.62,13.76,965.0
2022-09-21,CONL,14.26,14.9099,13.57,13.61,120254.0
2022-09-22,CONL,13.84,13.96,12.06,12.2,127825.0
2022-09-23,CONL,11.98,12.12,11.28,11.87,21525.0
2022-09-26,CONL,12.75,13.11,12.0297,12.0297,159349.0
2022-09-27,CONL,12.8,13.5,11.94,12.2145,64713.0
2022-09-28,CONL,12.34,13.55,12.34,13.4488,59949.0
2022-09-29,CONL,12.63,12.63,11.385,11.8767,52448.0
2022-09-30,CONL,12.31,13.37,12.31,12.5334,53624.0
2022-10-03,CONL,12.74,13.5,11.88,12.9655,114489.0
2022-10-04,CONL,14.01,15.52,14.01,15.48,45856.0
2022-10-05,CONL,14.85,15.06,13.94,15.0112,53521.0
2022-10-06,CONL,15.74,15.99,14.6,15.2967,80603.0
2022-10-07,CONL,14.17,14.33,12.78,13.12,21029.0
2022-10-10,CONL,13.42,13.75,12.71,13.163,186228.0
2022-10-11,CONL,13.45,14.8,12.59,14.06,332352.0
2022-10-12,CONL,13.8,14.5,13.52,13.9951,98525.0
2022-10-13,CONL,11.66,13.8088,11.45,13.764,87101.0
2022-10-14,CONL,14.49,15.1,12.11,12.11,61883.0
2022-10-17,CONL,12.98,14.09,12.92,13.6199,60269.0
2022-10-18,CONL,14.86,14.96,12.5,12.81,256757.0
2022-10-19,CONL,12.4,12.87,11.78,11.92,103557.0
2022-10-20,CONL,11.86,12.979,11.795,11.9718,61074.0
2022-10-21,CONL,11.65,12.73,11.58,12.73,9171.0
2022-10-24,CONL,13.02,13.2,12.08,12.7183,30959.0
2022-10-25,CONL,13.0,15.34,13.0,15.22,98078.0
2022-10-26,CONL,15.23,16.11,14.83,14.84,67136.0
2022-10-27,CONL,14.97,15.32,14.26,14.5,52689.0
2022-10-28,CONL,14.15,14.76,13.61,14.3259,18601.0
2022-10-31,CONL,14.33,14.93,12.64,12.64,20527.0
2022-11-01,CONL,13.45,13.53,11.81,11.81,39177.0
2022-11-02,CONL,12.05,12.56,11.06,11.08,64036.0
2022-11-03,CONL,11.0,11.3201,9.749,9.75,19825.0
2022-11-04,CONL,11.01,11.6,9.98,10.61,43699.0
2022-11-07,CONL,10.89,10.89,9.31,10.03,52800.0
2022-11-08,CONL,9.08,10.2,7.6785,8.33,278724.0
2022-11-09,CONL,7.555,8.02,6.99,7.17,89020.0
2022-11-10,CONL,8.43,8.97,7.92,8.38,179223.0
2022-11-11,CONL,7.5,10.16,7.23,9.99,472961.0
2022-11-14,CONL,9.51,9.51,8.73,8.87,267576.0
2022-11-15,CONL,9.38,10.01,9.24,9.4111,251409.0
2022-11-16,CONL,8.74,8.88,7.54,7.72,172042.0
2022-11-17,CONL,7.13,7.95,6.88,7.69,140978.0
2022-11-18,CONL,7.7,7.71,6.66,6.88,288530.0
2022-11-21,CONL,6.49,6.7,5.82,5.95,214464.0
2022-11-22,CONL,6.14,6.6,6.03,6.3551,99317.0
2022-11-23,CONL,6.54,7.01,6.15,6.88,98145.0
2022-11-25,CONL,6.71,6.79,6.48,6.58,72584.0
2022-11-28,CONL,6.4,6.68,6.089,6.19,88858.0
2022-11-29,CONL,6.33,6.62,6.25,6.3222,61578.0
2022-11-30,CONL,6.45,6.89,6.0,6.8845,87773.0
2022-12-01,CONL,6.93,7.17,6.65,6.77,110221.0
2022-12-02,CONL,6.47,7.3208,6.44,7.3208,81173.0
2022-12-05,CONL,7.43,7.79,6.85,6.94,110590.0
2022-12-06,CONL,6.85,6.99,6.0,6.13,76685.0
2022-12-07,CONL,6.01,6.24,5.74,5.89,185913.0
2022-12-08,CONL,5.91,6.43,5.7,6.208,61787.0
2022-12-09,CONL,6.0,6.07,5.6309,5.66,107730.0
2022-12-12,CONL,5.56,6.15,5.55,6.13,123728.0
2022-12-13,CONL,6.79,6.84,5.27,5.29,221946.0
2022-12-14,CONL,5.43,5.89,5.36,5.6041,245865.0
2022-12-15,CONL,5.35,5.45,5.04,5.15,127950.0
2022-12-16,CONL,5.02,5.12,4.49,4.86,122171.0
2022-12-19,CONL,4.81,4.829,4.46,4.565,67141.0
2022-12-20,CONL,4.46,4.88,4.43,4.5305,100227.0
2022-12-21,CONL,4.58,4.73,4.5,4.57,46736.0
2022-12-22,CONL,4.57,4.57,4.17,4.4496,83189.0
2022-12-23,CONL,4.45,4.7,4.29,4.6187,31683.0
2022-12-27,CONL,4.42,4.42,4.04,4.07,66688.0
2022-12-28,CONL,4.05,4.19,3.92,4.0464,120859.0
2022-12-29,CONL,4.26,4.55,4.26,4.4644,74222.0
2022-12-30,CONL,4.31,4.65,4.27,4.5764,70332.0
2023-01-03,CONL,4.8,4.84,4.195,4.24,47873.0
2023-01-04,CONL,4.465,5.15,4.44,5.06,268525.0
2023-01-05,CONL,4.44,4.46,4.02,4.19,75412.0
2023-01-06,CONL,4.18,4.19,3.8,4.1155,129281.0
2023-01-09,CONL,4.47,5.25,4.39,5.07,320705.0
2023-01-10,CONL,4.94,6.03,4.94,6.03,299535.0
2023-01-11,CONL,5.76,6.1418,5.52,6.12,301840.0
2023-01-12,CONL,6.42,6.95,5.73,6.95,274362.0
2023-01-13,CONL,6.62,7.59,6.47,7.45,361973.0
2023-01-17,CONL,8.21,8.55,7.65,8.37,451399.0
2023-01-18,CONL,8.36,9.11,7.43,7.44,424501.0
2023-01-19,CONL,7.27,7.62,6.98,7.3,301114.0
2023-01-20,CONL,7.49,8.56,7.16,8.56,306372.0
2023-01-23,CONL,8.53,8.88,8.12,8.7366,311795.0
2023-01-24,CONL,8.36,8.8324,8.15,8.16,227019.0
2023-01-25,CONL,7.7,8.1,7.28,7.98,245653.0
2023-01-26,CONL,8.49,8.58,7.805,8.04,264486.0
2023-01-27,CONL,7.94,10.13,7.94,9.92,576898.0
2023-01-30,CONL,9.6,10.04,8.5682,8.68,233103.0
2023-01-31,CONL,8.97,9.65,8.65,9.19,288616.0
2023-02-01,CONL,9.29,11.025,8.77,10.94,385477.0
2023-02-02,CONL,11.62,15.78,11.62,14.81,1284334.0
2023-02-03,CONL,12.7,16.42,12.52,12.95,649679.0
2023-02-06,CONL,12.54,13.28,11.87,12.93,228355.0
2023-02-07,CONL,12.55,12.595,11.08,12.11,458904.0
2023-02-08,CONL,12.0,12.68,11.31,11.62,448784.0
2023-02-09,CONL,11.36,11.42,8.97,9.12,626680.0
2023-02-10,CONL,8.76,9.5,8.26,8.49,124567.0
2023-02-13,CONL,8.13,8.49,7.77,8.38,356553.0
2023-02-14,CONL,8.25,9.3599,8.06,8.9638,423464.0
2023-02-15,CONL,9.18,11.29,9.073,11.27,743180.0
2023-02-16,CONL,10.45,12.2299,10.01,10.34,488413.0
2023-02-17,CONL,10.19,10.9,9.41,10.2675,485985.0
2023-02-21,CONL,9.85,10.64,9.49,9.51,339171.0
2023-02-22,CONL,9.59,10.75,8.465,9.3,514576.0
2023-02-23,CONL,9.93,10.08,9.04,9.5627,529123.0
2023-02-24,CONL,9.16,9.36,8.29,8.65,402312.0
2023-02-27,CONL,8.97,9.19,8.6,8.7774,352108.0
2023-02-28,CONL,8.88,10.659,8.88,10.06,437057.0
2023-03-01,CONL,10.16,10.52,9.69,10.04,478931.0
2023-03-02,CONL,9.2,9.85,8.3917,9.8,333359.0
2023-03-03,CONL,9.33,10.23,9.3,9.99,172488.0
2023-03-06,CONL,9.97,11.23,9.605,9.62,251370.0
2023-03-07,CONL,9.56,10.01,9.1,9.39,353396.0
2023-03-08,CONL,9.16,10.18,9.05,9.63,294697.0
2023-03-09,CONL,9.5,9.85,8.33,8.53,195342.0
2023-03-10,CONL,8.11,8.1231,7.07,7.45,367691.0
2023-03-13,CONL,7.71,9.07,6.99,8.69,608757.0
2023-03-14,CONL,10.06,10.22,9.12,9.48,427925.0
2023-03-15,CONL,9.25,10.25,9.18,9.88,615190.0
2023-03-16,CONL,9.82,10.8,9.6,10.6423,173880.0
2023-03-17,CONL,11.15,12.73,10.95,12.28,551770.0
2023-03-20,CONL,12.78,12.8,11.81,12.34,545111.0
2023-03-21,CONL,12.59,14.79,12.54,14.52,431337.0
2023-03-22,CONL,14.66,14.84,12.71,12.72,482958.0
2023-03-23,CONL,8.85,10.9146,8.8,10.01,717099.0
2023-03-24,CONL,9.54,10.51,9.38,10.31,354522.0
2023-03-27,CONL,10.2,10.25,8.68,9.13,254482.0
2023-03-28,CONL,9.08,9.43,8.84,9.21,130267.0
2023-03-29,CONL,9.79,10.44,9.39,9.73,275119.0
2023-03-30,CONL,10.01,10.1,9.36,9.46,175786.0
2023-03-31,CONL,9.55,10.42,9.45,10.19,214582.0
2023-04-03,CONL,9.89,10.35,9.12,9.32,211712.0
2023-04-04,CONL,9.54,9.66,8.75,9.06,128735.0
2023-04-05,CONL,9.04,9.16,8.36,8.7,118489.0
2023-04-06,CONL,8.37,9.08,8.14,8.84,96808.0
2023-04-10,CONL,8.78,9.83,8.45,9.83,169339.0
2023-04-11,CONL,10.3,11.25,10.09,10.74,487748.0
2023-04-12,CONL,10.9,11.15,9.83,10.19,319555.0
2023-04-13,CONL,10.66,11.23,10.24,10.42,312908.0
2023-04-14,CONL,10.51,11.03,10.21,10.64,147183.0
2023-04-17,CONL,10.0,10.19,9.5104,10.13,264052.0
2023-04-18,CONL,10.66,11.03,9.88,10.03,209306.0
2023-04-19,CONL,9.36,9.691,9.1878,9.41,126754.0
2023-04-20,CONL,9.1,9.56,8.46,8.53,127069.0
2023-04-21,CONL,8.66,8.68,8.15,8.22,170101.0
2023-04-24,CONL,8.12,8.14,7.199,7.32,217620.0
2023-04-25,CONL,7.38,7.56,7.1,7.4808,180188.0
2023-04-26,CONL,7.94,7.99,7.1,7.14,169345.0
2023-04-27,CONL,7.31,7.48,7.08,7.2,151701.0
2023-04-28,CONL,7.09,7.22,6.82,7.11,154791.0
2023-05-01,CONL,6.96,7.18,6.06,6.39,202865.0
2023-05-02,CONL,6.41,6.7201,6.0691,6.62,118113.0
2023-05-03,CONL,6.37,6.67,6.04,6.07,160427.0
2023-05-04,CONL,6.09,6.42,5.92,6.21,120758.0
2023-05-05,CONL,7.1,7.96,7.08,7.9,312011.0
2023-05-08,CONL,7.4,8.0,7.17,7.88,231871.0
2023-05-09,CONL,7.82,8.3,7.54,8.28,536269.0
2023-05-10,CONL,8.61,9.0,8.25,8.7814,414036.0
2023-05-11,CONL,8.67,8.85,8.19,8.3,263617.0
2023-05-12,CONL,8.35,8.35,7.55,7.67,581822.0
2023-05-15,CONL,7.81,8.41,7.65,8.34,341538.0
2023-05-16,CONL,7.93,8.2,7.63,7.77,215926.0
2023-05-17,CONL,7.66,8.43,7.65,8.39,169815.0
2023-05-18,CONL,8.24,8.5,7.92,8.22,149833.0
2023-05-19,CONL,8.25,8.4499,7.48,7.5,483308.0
2023-05-22,CONL,7.55,8.37,7.4,8.37,249649.0
2023-05-23,CONL,8.34,8.79,7.87,7.95,417043.0
2023-05-24,CONL,7.76,7.92,7.45,7.79,229916.0
2023-05-25,CONL,7.83,7.95,7.3237,7.5,516033.0
2023-05-26,CONL,7.51,7.87,7.455,7.49,394181.0
2023-05-30,CONL,8.09,8.76,7.97,8.335,443344.0
2023-05-31,CONL,7.96,8.61,7.96,8.57,125424.0
2023-06-01,CONL,8.48,9.39,8.25,8.83,100430.0
2023-06-02,CONL,9.14,9.14,8.51,9.02,163274.0
2023-06-05,CONL,8.78,8.9992,7.23,7.79,534399.0
2023-06-06,CONL,5.5,6.5299,5.3701,6.38,1325015.0
2023-06-07,CONL,6.65,6.83,6.42,6.7,248136.0
2023-06-08,CONL,6.5,7.0295,6.46,7.0,207435.0
2023-06-09,CONL,7.02,7.465,6.55,6.69,201292.0
2023-06-12,CONL,6.55,6.5956,6.1,6.18,303414.0
2023-06-13,CONL,6.41,6.54,6.18,6.53,232384.0
2023-06-14,CONL,6.59,6.94,6.37,6.79,175413.0
2023-06-15,CONL,6.52,6.9,6.24,6.84,343982.0
2023-06-16,CONL,7.08,7.21,6.8,7.1,153657.0
2023-06-20,CONL,7.16,7.539,6.73,7.38,310707.0
2023-06-21,CONL,7.75,7.7862,7.3307,7.58,400851.0
2023-06-22,CONL,7.7,7.7623,6.98,7.46,200638.0
2023-06-23,CONL,7.3,8.299,7.11,8.22,426791.0
2023-06-26,CONL,8.14,9.12,8.14,8.29,510158.0
2023-06-27,CONL,8.62,9.99,8.52,9.92,426577.0
2023-06-28,CONL,9.69,10.84,9.69,10.09,714500.0
2023-06-29,CONL,10.37,10.8,10.1,10.45,288935.0
2023-06-30,CONL,10.76,10.98,9.52,10.24,722478.0
2023-07-03,CONL,10.55,12.22,10.55,12.07,332673.0
2023-07-05,CONL,11.33,12.05,11.22,11.69,344755.0
2023-07-06,CONL,11.62,11.67,10.83,11.66,274538.0
2023-07-07,CONL,11.56,12.31,11.56,11.74,333175.0
2023-07-10,CONL,11.82,12.35,11.28,12.3,390418.0
2023-07-11,CONL,12.18,14.77,12.15,14.11,683951.0
2023-07-12,CONL,14.07,14.07,13.0,13.36,575055.0
2023-07-13,CONL,13.18,18.54,12.77,18.21,1347443.0
2023-07-14,CONL,18.17,20.11,16.76,17.82,1193966.0
2023-07-17,CONL,17.61,18.8399,17.35,17.87,482764.0
2023-07-18,CONL,17.56,18.86,16.9601,17.57,419886.0
2023-07-19,CONL,18.31,19.1958,17.75,19.02,459352.0
2023-07-20,CONL,18.79,19.4487,16.51,16.7,629582.0
2023-07-21,CONL,17.05,17.43,16.08,16.61,353716.0
2023-07-24,CONL,16.15,16.4751,15.35,16.11,305154.0
2023-07-25,CONL,16.27,17.0,15.8,15.8,387003.0
2023-07-26,CONL,15.71,16.69,15.71,16.33,369840.0
2023-07-27,CONL,17.04,17.04,14.43,14.59,662188.0
2023-07-28,CONL,15.06,15.55,14.8,15.04,331745.0
2023-07-31,CONL,15.23,16.32,15.23,16.03,459875.0
2023-08-01,CONL,15.27,15.28,13.7315,14.87,223820.0
2023-08-02,CONL,14.3,15.18,13.48,14.04,250451.0
2023-08-03,CONL,13.64,14.66,13.6,14.07,295637.0
2023-08-04,CONL,13.68,14.86,13.16,13.3,534134.0
2023-08-07,CONL,13.3,13.3,12.06,12.98,267796.0
2023-08-08,CONL,13.16,13.63,12.64,13.46,269954.0
2023-08-09,CONL,13.59,13.61,12.52,12.56,169996.0
2023-08-10,CONL,12.64,13.49,12.191,12.36,364835.0
2023-08-11,CONL,12.17,12.34,11.711,11.82,224781.0
2023-08-14,CONL,11.6,11.99,11.36,11.77,151424.0
2023-08-15,CONL,11.8,12.24,11.4,11.41,126540.0
2023-08-16,CONL,12.1,12.18,11.12,11.38,283609.0
2023-08-17,CONL,11.36,11.3964,10.6,10.61,174797.0
2023-08-18,CONL,9.92,10.53,9.92,10.13,215795.0
2023-08-21,CONL,10.26,10.673,9.9,10.53,311141.0
2023-08-22,CONL,10.87,10.97,10.27,10.43,222552.0
2023-08-23,CONL,10.4,11.11,10.3,11.04,164710.0
2023-08-24,CONL,11.06,11.07,10.1221,10.18,235160.0
2023-08-25,CONL,10.27,10.55,9.93,10.3,201678.0
2023-08-28,CONL,10.39,10.39,10.05,10.19,86191.0
2023-08-29,CONL,10.13,12.72,10.07,12.44,837590.0
2023-08-30,CONL,12.18,12.8,11.97,12.2,247007.0
2023-08-31,CONL,12.3,12.38,11.17,11.33,231002.0
2023-09-01,CONL,11.35,11.42,10.79,10.94,146221.0
2023-09-05,CONL,10.95,11.18,10.62,10.87,101067.0
2023-09-06,CONL,10.84,11.34,10.68,10.98,262352.0
2023-09-07,CONL,10.56,11.79,10.45,11.74,186683.0
2023-09-08,CONL,11.73,11.9,11.45,11.82,353766.0
2023-09-11,CONL,11.73,12.03,10.895,11.5,238827.0
2023-09-12,CONL,11.79,12.64,11.5,11.64,496272.0
2023-09-13,CONL,11.73,12.005,11.28,11.32,281372.0
2023-09-14,CONL,11.74,12.2,11.63,12.04,252333.0
2023-09-15,CONL,11.91,12.02,11.31,11.8,125824.0
2023-09-18,CONL,12.15,12.21,11.6,11.67,166681.0
2023-09-19,CONL,11.75,11.78,10.85,10.93,152620.0
2023-09-20,CONL,11.0,11.4,10.58,10.61,100341.0
2023-09-21,CONL,10.12,10.22,9.81,10.13,184289.0
2023-09-22,CONL,10.4,10.4,9.38,9.41,113602.0
2023-09-25,CONL,9.22,9.68,9.15,9.55,136514.0
2023-09-26,CONL,9.52,9.82,9.18,9.32,129224.0
2023-09-27,CONL,9.72,9.89,9.25,9.53,112189.0
2023-09-28,CONL,9.63,10.6,9.54,10.24,152137.0
2023-09-29,CONL,10.53,10.6799,10.13,10.22,122543.0
2023-10-02,CONL,10.92,11.16,10.15,10.27,194858.0
2023-10-03,CONL,10.0,10.32,9.57,9.66,111262.0
2023-10-04,CONL,9.83,9.9442,9.305,9.88,76328.0
2023-10-05,CONL,9.95,10.19,9.59,10.11,150770.0
2023-10-06,CONL,9.62,10.96,9.62,10.88,183740.0
2023-10-09,CONL,10.5,11.19,10.5,11.02,88825.0
2023-10-10,CONL,10.95,11.6,10.8,11.12,78280.0
2023-10-11,CONL,11.07,11.27,10.3,10.65,63274.0
2023-10-12,CONL,10.57,10.57,10.04,10.16,63388.0
2023-10-13,CONL,10.19,10.19,9.5725,9.83,144380.0
2023-10-16,CONL,10.61,10.9347,9.86,10.18,295790.0
2023-10-17,CONL,10.02,10.93,10.02,10.62,95899.0
2023-10-18,CONL,10.53,10.74,9.88,9.88,74175.0
2023-10-19,CONL,9.95,10.3,9.67,9.73,95522.0
2023-10-20,CONL,10.0001,10.41,9.8257,10.03,107861.0
2023-10-23,CONL,10.23,11.22,9.65,10.54,281156.0
2023-10-24,CONL,11.83,13.0242,11.3,11.54,529135.0
2023-10-25,CONL,11.87,11.94,10.55,10.64,363334.0
2023-10-26,CONL,10.45,10.87,9.67,9.94,185957.0
2023-10-27,CONL,10.28,10.28,9.14,9.2,212687.0
2023-10-30,CONL,9.42,9.81,9.4155,9.76,128045.0
2023-10-31,CONL,9.73,10.44,9.73,10.44,84338.0
2023-11-01,CONL,10.48,10.81,10.2,10.56,105995.0
2023-11-02,CONL,11.35,11.97,11.1901,11.94,244657.0
2023-11-03,CONL,11.81,12.7,11.4712,12.19,236784.0
2023-11-06,CONL,12.43,12.9,11.8399,12.32,227459.0
2023-11-07,CONL,12.24,12.968,11.88,12.89,179616.0
2023-11-08,CONL,12.83,12.8991,11.95,12.73,201113.0
2023-11-09,CONL,13.71,15.19,13.37,13.7,722828.0
2023-11-10,CONL,13.97,14.415,13.48,13.71,177201.0
2023-11-13,CONL,13.38,13.74,12.78,13.65,171873.0
2023-11-14,CONL,14.11,14.17,13.04,13.53,338591.0
2023-11-15,CONL,13.95,15.26,13.75,14.86,397354.0
2023-11-16,CONL,14.69,14.78,14.04,14.58,263403.0
2023-11-17,CONL,14.62,15.11,14.11,15.05,207733.0
2023-11-20,CONL,15.44,16.68,15.2518,16.64,379006.0
2023-11-21,CONL,16.06,16.61,15.5123,16.51,425375.0
2023-11-22,CONL,16.63,17.5292,16.0,17.36,402572.0
2023-11-24,CONL,17.15,19.14,17.1186,18.85,286526.0
2023-11-27,CONL,18.03,20.2958,18.0138,19.92,467496.0
2023-11-28,CONL,20.48,22.22,19.87,22.02,525872.0
2023-11-29,CONL,21.99,22.76,21.5159,21.93,535055.0
2023-11-30,CONL,21.31,21.59,19.5,21.06,417362.0
2023-12-01,CONL,21.52,23.48,21.38,23.35,406208.0
2023-12-04,CONL,25.98,26.61,24.4,25.29,751583.0
2023-12-05,CONL,24.95,27.07,24.78,25.04,718510.0
2023-12-06,CONL,25.64,25.82,23.42,23.54,356513.0
2023-12-07,CONL,22.582,24.52,22.37,23.95,368363.0
2023-12-08,CONL,23.91,26.7,23.88,26.7,414285.0
2023-12-11,CONL,25.47,25.6,23.742,24.36,648704.0
2023-12-12,CONL,24.79,25.25,23.7997,24.73,307057.0
2023-12-13,CONL,24.75,27.6,24.1,27.6,738695.0
2023-12-14,CONL,28.25,28.7457,27.26,28.48,702953.0
2023-12-15,CONL,27.97,27.97,26.58,26.88,426766.0
2023-12-18,CONL,26.11,28.75,25.8135,28.31,322894.0
2023-12-19,CONL,28.97,30.76,28.45,30.49,676329.0
2023-12-20,CONL,31.6,32.81,30.1961,30.66,721482.0
2023-12-21,CONL,32.4,33.0375,31.055,32.42,333882.0
2023-12-22,CONL,33.03,35.52,32.4,34.57,612450.0
2023-12-26,CONL,34.37,35.33,32.69,33.6,556979.0
2023-12-27,CONL,34.87,37.92,34.6232,37.41,546439.0
2023-12-28,CONL,35.63,38.0,35.16,37.68,571840.0
2023-12-29,CONL,37.67,37.98,33.08,33.94,707596.0
2024-01-02,CONL,34.02,34.41,28.5374,28.96,919174.0
2024-01-03,CONL,25.92,28.74,25.48,27.67,758057.0
2024-01-04,CONL,27.77,30.04,26.81,28.54,437586.0
2024-01-05,CONL,27.83,29.01,27.38,28.14,246902.0
2024-01-08,CONL,29.04,30.12,26.29,29.58,596170.0
2024-01-09,CONL,29.72,29.72,27.32,27.54,256209.0
2024-01-10,CONL,26.66,27.89,25.16,27.34,389029.0
2024-01-11,CONL,29.38,30.04,24.3,24.56,1101474.0
2024-01-12,CONL,23.57,24.4401,21.75,21.8,505822.0
2024-01-16,CONL,21.38,23.2,20.851,22.63,396213.0
2024-01-17,CONL,21.61,22.65,21.4611,22.55,220345.0
2024-01-18,CONL,22.41,23.44,20.11,20.18,194122.0
2024-01-19,CONL,20.02,20.4,18.62,20.24,422355.0
2024-01-22,CONL,20.08,22.5,19.62,21.31,347418.0
2024-01-23,CONL,19.41,20.64,18.8113,19.99,231791.0
2024-01-24,CONL,21.01,21.08,18.98,19.12,272698.0
2024-01-25,CONL,19.33,19.98,18.3,18.97,403595.0
2024-01-26,CONL,21.03,21.1,19.11,20.29,361530.0
2024-01-29,CONL,20.75,23.94,20.48,22.73,519094.0
2024-01-30,CONL,23.86,23.86,21.88,22.02,587936.0
2024-01-31,CONL,21.39,23.5,20.93,21.15,461980.0
2024-02-01,CONL,21.2,22.32,19.82,21.33,366727.0
2024-02-02,CONL,20.58,21.64,20.2,21.44,290063.0
2024-02-05,CONL,21.19,21.19,17.07,17.51,849966.0
2024-02-06,CONL,17.82,18.555,17.11,18.26,305732.0
2024-02-07,CONL,18.18,19.61,16.63,18.91,454013.0
2024-02-08,CONL,20.7,22.3,20.1,22.17,495351.0
2024-02-09,CONL,25.14,26.07,23.7,25.38,869844.0
2024-02-12,CONL,24.94,28.2,24.94,27.17,871656.0
2024-02-13,CONL,23.75,25.769,23.35,24.62,854863.0
2024-02-14,CONL,28.5,31.7,28.0683,31.54,1132361.0
2024-02-15,CONL,35.0,36.31,32.2,33.57,2000050.0
2024-02-16,CONL,43.0,44.73,38.82,39.44,1938315.0
2024-02-20,CONL,39.48,39.659,31.95,36.35,1155579.0
2024-02-21,CONL,32.31,34.13,31.3101,31.74,722726.0
2024-02-22,CONL,32.98,35.54,32.38,35.14,1047150.0
2024-02-23,CONL,33.61,34.7057,30.94,33.11,596541.0
2024-02-26,CONL,34.22,45.278,34.01,44.1,1577860.0
2024-02-27,CONL,49.13,51.14,43.19,46.39,1926599.0
2024-02-28,CONL,51.0,52.37,45.78,47.02,2575385.0
2024-02-29,CONL,49.9,52.01,43.8981,48.32,2064840.0
2024-03-01,CONL,47.64,49.6625,44.78,49.4,1106633.0
2024-03-04,CONL,55.0,63.98,52.51,60.55,2477429.0
2024-03-05,CONL,61.15,66.22,53.13,53.97,2853809.0
2024-03-06,CONL,60.22,65.36,57.04,64.8,1861988.0
2024-03-07,CONL,65.62,66.95,63.07,66.82,1247329.0
2024-03-08,CONL,69.12,82.2,68.1,74.6,3315967.0
2024-03-11,CONL,82.265,82.88,73.0,73.4,2260909.0
2024-03-12,CONL,75.0,76.4524,66.32,74.16,2253532.0
2024-03-13,CONL,72.08,81.6629,70.93,71.78,1737563.0
2024-03-14,CONL,67.87,69.245,57.69,61.32,2568114.0
2024-03-15,CONL,56.05,66.8,56.0,65.64,1712722.0
2024-03-18,CONL,63.64,66.5,59.108,64.19,1485148.0
2024-03-19,CONL,55.8,60.74,51.66,58.95,1777640.0
2024-03-20,CONL,59.36,72.97,58.56,72.75,1653256.0
2024-03-21,CONL,74.9,83.49,71.9,75.34,2490833.0
2024-03-22,CONL,70.7,74.83,68.5,71.99,1507516.0
2024-03-25,CONL,75.2,87.3684,74.5,85.17,2267035.0
2024-03-26,CONL,85.89,85.9143,77.5,77.76,1748101.0
2024-03-27,CONL,82.8,82.88,70.5,72.0,1770205.0
2024-03-28,CONL,73.95,79.13,72.5701,76.7,1462952.0
2024-04-01,CONL,74.96,78.8,67.4,69.19,2177565.0
2024-04-02,CONL,61.6,67.0,60.33,65.63,1484372.0
2024-04-03,CONL,64.9,70.89,64.28,68.6,1343105.0
2024-04-04,CONL,73.21,74.0,67.41,67.52,1485312.0
2024-04-05,CONL,64.57,69.74,62.2501,62.66,1682980.0
2024-04-08,CONL,68.96,73.46,67.3,70.91,1432331.0
2024-04-09,CONL,68.79,69.54,62.49,63.5,1645347.0
2024-04-10,CONL,60.62,67.55,58.99,67.31,1455963.0
2024-04-11,CONL,67.89,74.5,65.52,73.71,1458846.0
2024-04-12,CONL,71.1,71.99,63.4543,64.5,1498663.0
2024-04-15,CONL,65.1,66.27,51.85,52.51,2104100.0
2024-04-16,CONL,52.05,52.05,44.1001,50.32,3301376.0
2024-04-17,CONL,51.83,53.0,44.26,47.9,2668436.0
2024-04-18,CONL,48.66,54.28,47.64,49.94,1796679.0
2024-04-19,CONL,52.4,54.05,46.1386,46.44,2464552.0
2024-04-22,CONL,49.0,53.5,48.2209,53.07,2115096.0
2024-04-23,CONL,52.1,58.9699,52.0,57.85,1785145.0
2024-04-24,CONL,58.2,59.19,51.9295,52.19,2334960.0
2024-04-25,CONL,48.0,52.7099,47.0,51.68,1825223.0
2024-04-26,CONL,50.44,57.7199,49.43,57.5,1273604.0
2024-04-29,CONL,54.37,54.5,47.9701,48.78,1780992.0
2024-04-30,CONL,47.14,47.93,41.74,42.39,2411403.0
2024-05-01,CONL,40.38,48.4,40.0,44.79,2938137.0
2024-05-02,CONL,47.52,54.48,45.15,53.03,3506039.0
2024-05-03,CONL,53.66,54.34,47.18,50.31,3584634.0
2024-05-06,CONL,51.55,55.9399,51.09,51.91,2079080.0
2024-05-07,CONL,51.83,53.679,45.9,46.13,1942146.0
2024-05-08,CONL,43.92,46.325,42.84,44.79,1529820.0
2024-05-09,CONL,44.33,45.85,42.29,44.52,1236273.0
2024-05-10,CONL,46.05,46.16,40.23,40.34,2194898.0
2024-05-13,CONL,41.5,42.63,39.05,39.78,1725639.0
2024-05-14,CONL,38.14,42.6885,38.05,41.15,1629414.0
2024-05-15,CONL,44.84,48.5,43.04,47.85,2815884.0
2024-05-16,CONL,45.89,46.4,38.71,38.92,3544584.0
2024-05-17,CONL,41.2,43.3399,39.0901,42.15,2220964.0
2024-05-20,CONL,42.34,49.73,40.595,49.33,2642806.0
2024-05-21,CONL,52.03,52.85,47.07,49.44,2473011.0
2024-05-22,CONL,49.09,55.2,47.53,51.91,2304158.0
2024-05-23,CONL,53.04,53.4,46.0,46.33,3084641.0
2024-05-24,CONL,47.11,54.25,46.89,54.18,2857019.0
2024-05-28,CONL,53.21,58.5,51.25,57.5,2593259.0
2024-05-29,CONL,54.55,55.4,52.01,53.66,2176386.0
2024-05-30,CONL,55.55,59.1,52.1,52.7,2897857.0
2024-05-31,CONL,54.67,55.0826,45.66,48.8,3525507.0
2024-06-03,CONL,51.65,54.26,48.22,51.0,2551622.0
2024-06-04,CONL,50.78,57.8081,50.6,56.45,3043198.0
2024-06-05,CONL,57.9,60.06,54.97,59.85,3059964.0
2024-06-06,CONL,59.265,65.71,58.7,62.45,2572797.0
2024-06-07,CONL,62.15,65.44,56.06,56.17,3254034.0
2024-06-10,CONL,54.88,60.44,54.0,58.72,1889179.0
2024-06-11,CONL,55.02,56.75,51.42,56.04,2542542.0
2024-06-12,CONL,59.502,64.8,59.09,60.98,3193654.0
2024-06-13,CONL,60.31,62.06,55.37,57.53,3305842.0
2024-06-14,CONL,56.65,58.53,52.52,55.98,2642855.0
2024-06-17,CONL,53.87,57.7799,51.3,56.07,2610925.0
2024-06-18,CONL,53.0,55.0994,51.21,51.99,2789843.0
2024-06-20,CONL,52.7,53.94,48.6206,51.46,3115015.0
2024-06-21,CONL,47.85,48.48,45.2545,47.48,4108457.0
2024-06-24,CONL,43.74,45.58,40.0,41.73,3868018.0
2024-06-25,CONL,43.61,45.96,42.2,45.55,2075314.0
2024-06-26,CONL,44.87,46.2281,41.65,42.46,1870246.0
2024-06-27,CONL,43.75,46.89,43.27,46.2,2262130.0
2024-06-28,CONL,46.11,46.8099,43.98,45.47,1903355.0
2024-07-01,CONL,46.92,50.9799,46.1721,49.94,2500898.0
2024-07-02,CONL,49.09,50.5899,46.9291,47.49,1706323.0
2024-07-03,CONL,45.89,47.18,45.25,46.42,1856558.0
2024-07-05,CONL,41.3,46.28,40.01,45.64,3460795.0
2024-07-08,CONL,46.72,46.76,43.2966,44.38,2134479.0
2024-07-09,CONL,45.66,46.36,43.67,44.08,1566379.0
2024-07-10,CONL,44.8,45.4599,42.22,44.01,2156993.0
2024-07-11,CONL,45.83,46.9782,41.5301,41.89,2676079.0
2024-07-12,CONL,42.35,44.8,41.94,43.19,1626001.0
2024-07-15,CONL,47.86,54.96,47.25,53.08,5253732.0
2024-07-16,CONL,53.26,57.13,49.37,56.86,3655423.0
2024-07-17,CONL,54.28,58.782,52.29,55.84,3646734.0
2024-07-18,CONL,56.75,57.8244,47.52,48.71,4020133.0
2024-07-19,CONL,49.46,59.62,48.82,58.86,4988398.0
2024-07-22,CONL,60.03,62.59,56.5501,62.14,3797612.0
2024-07-23,CONL,61.3,65.6162,58.5,58.62,3422752.0
2024-07-24,CONL,60.05,62.0,52.5,52.99,3672792.0
2024-07-25,CONL,50.551,51.287,45.0,47.0,4121729.0
2024-07-26,CONL,51.79,54.04,49.5,51.66,2957587.0
2024-07-29,CONL,55.17,56.88,47.72,47.87,4412925.0
2024-07-30,CONL,48.33,49.7,43.25,43.83,2503656.0
2024-07-31,CONL,47.14,47.5,43.64,43.78,2316312.0
2024-08-01,CONL,44.71,44.73,37.0,39.16,3847844.0
2024-08-02,CONL,39.38,41.46,34.2027,36.07,5078166.0
2024-08-05,CONL,21.7,33.6893,20.82,30.72,8883483.0
2024-08-06,CONL,31.56,33.17,28.615,32.12,3205902.0
2024-08-07,CONL,33.07,34.1399,26.6714,27.17,3205732.0
2024-08-08,CONL,29.2,31.95,28.22,31.25,2656477.0
2024-08-09,CONL,30.9,33.3,30.34,32.46,1833332.0
2024-08-12,CONL,31.83,32.9,29.78,30.98,2105667.0
2024-08-13,CONL,31.44,33.89,30.95,32.87,2090033.0
2024-08-14,CONL,33.88,34.1499,31.02,32.21,2146263.0
2024-08-15,CONL,33.0,35.17,32.31,32.64,3009602.0
2024-08-16,CONL,33.08,35.4493,32.55,35.22,2334013.0
2024-08-19,CONL,34.66,35.93,33.5425,34.93,2300038.0
2024-08-20,CONL,36.4,36.695,30.5,32.51,4597933.0
2024-08-21,CONL,32.35,35.64,31.79,35.37,2867637.0
2024-08-22,CONL,34.93,35.7,32.417,32.74,2091011.0
2024-08-23,CONL,33.5,37.13,33.18,36.92,4001692.0
2024-08-26,CONL,36.22,36.7,33.901,34.39,2328022.0
2024-08-27,CONL,33.53,33.84,31.07,32.42,2984528.0
2024-08-28,CONL,31.42,32.1572,29.02,29.8,2742678.0
2024-08-29,CONL,30.95,31.73,28.92,29.16,2070099.0
2024-08-30,CONL,29.33,29.59,26.54,27.52,3274081.0
2024-09-03,CONL,27.19,27.36,23.0,23.34,2958710.0
2024-09-04,CONL,22.64,23.27,21.02,21.68,3353493.0
2024-09-05,CONL,21.21,22.5,20.28,20.73,2974078.0
2024-09-06,CONL,21.6,21.82,17.24,17.49,4563575.0
2024-09-09,CONL,18.44,19.9,18.18,19.31,3593022.0
2024-09-10,CONL,19.32,20.34,17.9428,20.22,2907498.0
2024-09-11,CONL,18.87,20.2699,18.02,19.87,4173824.0
2024-09-12,CONL,20.22,21.9,19.56,21.24,3611411.0
2024-09-13,CONL,21.14,22.7898,20.91,21.25,3671990.0
2024-09-16,CONL,20.07,21.27,19.37,20.83,2661738.0
2024-09-17,CONL,21.6,22.41,20.6,21.1,3475151.0
2024-09-18,CONL,20.75,22.78,20.67,21.1,3626948.0
2024-09-19,CONL,23.65,24.38,22.21,22.56,5237893.0
2024-09-20,CONL,22.75,23.91,21.78,23.01,3626520.0
2024-09-23,CONL,23.35,23.94,22.638,23.06,3148275.0
2024-09-24,CONL,23.12,23.58,21.32,23.42,5530785.0
2024-09-25,CONL,23.0,24.01,22.1275,22.18,3234660.0
2024-09-26,CONL,23.09,25.98,23.0,25.57,6210493.0
2024-09-27,CONL,26.32,29.08,25.4401,28.75,7009274.0
2024-09-30,CONL,26.7,26.92,24.44,24.84,7362736.0
2024-10-01,CONL,24.92,24.92,19.7701,21.15,13616770.0
2024-10-02,CONL,20.605,22.21,20.21,20.98,6782370.0
2024-10-03,CONL,20.57,21.47,20.1901,20.64,4754374.0
2024-10-04,CONL,21.85,22.62,20.8,22.53,6453546.0
2024-10-07,CONL,22.78,23.91,21.509,22.0,6815957.0
2024-10-08,CONL,21.33,22.29,20.99,21.7,3912672.0
2024-10-09,CONL,21.63,22.92,21.17,21.51,4685637.0
2024-10-10,CONL,21.28,21.5518,20.18,20.78,5276165.0
2024-10-11,CONL,21.18,24.5,21.08,23.8,6531400.0
2024-10-14,CONL,25.2,29.56,24.33,29.2,14083140.0
2024-10-15,CONL,28.9,31.73,26.8303,29.17,14785680.0
2024-10-16,CONL,31.34,33.93,29.55,33.33,9855300.0
2024-10-17,CONL,32.85,33.04,30.41,31.32,7312544.0
2024-10-18,CONL,32.68,36.26,32.2317,36.22,7832137.0
2024-10-21,CONL,34.67,35.16,32.3001,34.12,12276270.0
2024-10-22,CONL,32.82,34.7796,32.09,33.1,5505292.0
2024-10-23,CONL,31.68,32.7856,28.08,29.49,10039570.0
2024-10-24,CONL,31.8,32.8,29.94,32.37,8022128.0
2024-10-25,CONL,32.14,33.7799,30.63,31.06,7614290.0
2024-10-28,CONL,33.69,34.98,32.87,34.44,8321028.0
2024-10-29,CONL,35.97,36.9299,34.4,35.5,9198815.0
2024-10-30,CONL,33.41,35.79,32.26,33.01,7667083.0
2024-10-31,CONL,30.52,31.18,22.73,22.82,21435930.0
2024-11-01,CONL,23.02,25.7976,22.88,23.77,17870200.0
2024-11-04,CONL,22.93,24.7564,22.0,24.59,9762388.0
2024-11-05,CONL,24.42,27.49,24.39,26.68,7880163.0
2024-11-06,CONL,34.1,44.0499,34.09,43.1,25380060.0
2024-11-07,CONL,40.12,44.98,39.14,43.49,12536670.0
2024-11-08,CONL,44.24,49.6,44.08,48.62,13537520.0
2024-11-11,CONL,59.25,71.68,57.75,67.81,26453010.0
2024-11-12,CONL,61.86,68.97,60.22,65.62,22574610.0
2024-11-13,CONL,68.17,71.09,50.73,51.48,19768220.0
2024-11-14,CONL,53.84,54.3,47.9,49.33,15964900.0
2024-11-15,CONL,50.5,59.1675,48.36,59.1,19673930.0
2024-11-18,CONL,57.45,67.9,52.17,66.34,20894330.0
2024-11-19,CONL,64.71,67.0,62.3188,65.89,11789640.0
2024-11-20,CONL,69.07,72.81,57.5001,63.99,19908730.0
2024-11-21,CONL,68.01,68.18,51.41,54.06,18466600.0
2024-11-22,CONL,53.93,59.87,52.44,57.34,11402540.0
2024-11-25,CONL,59.27,62.24,52.43,60.15,14401940.0
2024-11-26,CONL,55.07,59.0699,51.37,52.96,9190548.0
2024-11-27,CONL,56.11,60.3719,53.65,59.14,7871501.0
2024-11-29,CONL,59.39,61.1,53.35,53.38,8671706.0
2024-12-02,CONL,55.76,59.03,54.71,55.61,7357649.0
2024-12-03,CONL,53.73,60.11,53.55,58.16,7862324.0
2024-12-04,CONL,59.1,66.66,58.2,66.47,8615041.0
2024-12-05,CONL,71.44,73.88,60.0081,62.07,12911310.0
2024-12-06,CONL,65.2,73.33,63.98,70.88,10296280.0
2024-12-09,CONL,69.57,69.57,57.0777,57.23,12744040.0
2024-12-10,CONL,60.205,60.25,52.88,54.34,7846071.0
2024-12-11,CONL,57.68,60.9599,56.57,58.27,7523247.0
2024-12-12,CONL,59.78,61.8,56.01,57.96,5963043.0
2024-12-13,CONL,58.74,59.44,55.0501,57.06,3451753.0
2024-12-16,CONL,59.34,62.66,58.43,58.71,7995191.0
2024-12-17,CONL,60.0,61.55,54.3,57.2,6419803.0
2024-12-18,CONL,55.69,57.43,44.01,45.63,8186857.0
2024-12-19,CONL,49.17,50.61,41.92,43.58,7758987.0
2024-12-20,CONL,40.8,45.99,39.68,45.02,7868847.0
2024-12-23,CONL,43.63,43.92,40.0,41.59,5458962.0
2024-12-24,CONL,43.14,46.45,42.7801,45.08,3501779.0
2024-12-26,CONL,43.6,44.89,42.43,43.36,3232374.0
2024-12-27,CONL,43.2,43.2,39.75,40.61,4068381.0
2024-12-30,CONL,38.84,38.98,35.09,37.41,6119564.0
2024-12-31,CONL,39.55,39.7,34.72,35.29,3485528.0
2025-01-02,CONL,37.6,39.26,36.095,37.82,5444168.0
2025-01-03,CONL,38.529,41.915,38.2,41.71,3997385.0
2025-01-06,CONL,44.46,48.65,42.05,46.96,6820581.0
2025-01-07,CONL,46.4,46.8,37.93,39.3,7584356.0
2025-01-08,CONL,38.94,40.05,35.86,38.01,4432643.0
2025-01-10,CONL,37.24,38.4,34.4,37.59,4172284.0
2025-01-13,CONL,34.055,35.44,32.31,35.38,5178172.0
2025-01-14,CONL,38.31,38.61,35.23,36.5,4923401.0
2025-01-15,CONL,39.675,42.95,39.0822,42.0,5433460.0
2025-01-16,CONL,41.89,45.025,39.9,44.0,3515253.0
2025-01-17,CONL,47.15,49.71,46.45,48.17,5918453.0
2025-01-21,CONL,49.1,50.66,41.19,47.79,9548912.0
2025-01-22,CONL,46.6,49.25,45.25,48.22,4867049.0
2025-01-23,CONL,46.13,50.7941,45.74,48.22,7506290.0
2025-01-24,CONL,49.63,53.0629,48.8,48.96,5595519.0
2025-01-27,CONL,44.26,46.22,38.11,42.38,8201951.0
2025-01-28,CONL,43.06,44.39,41.7,43.43,2883084.0
2025-01-29,CONL,43.43,47.3299,42.0,46.22,3312770.0
2025-01-30,CONL,47.04,51.02,46.95,49.4,3682430.0
2025-01-31,CONL,49.45,50.55,44.8103,46.29,3295398.0
2025-02-03,CONL,40.15,45.3,39.2708,43.88,5262535.0
2025-02-04,CONL,43.26,45.46,42.17,42.72,3047363.0
2025-02-05,CONL,43.61,44.3,41.03,41.12,2302835.0
2025-02-06,CONL,42.16,43.89,39.245,39.65,2614890.0
2025-02-07,CONL,40.49,43.12,40.0,40.83,4049014.0
2025-02-10,CONL,42.475,44.0,40.78,42.37,3641090.0
2025-02-11,CONL,41.31,42.05,38.102,38.44,3341700.0
2025-02-12,CONL,37.51,41.5,37.4,40.69,4084914.0
2025-02-13,CONL,43.5,48.7713,42.9191,47.48,10349830.0
2025-02-14,CONL,44.105,45.3098,39.75,39.87,11691320.0
2025-02-18,CONL,41.12,41.1851,35.84,37.02,6701800.0
2025-02-19,CONL,37.38,37.61,35.0214,35.36,4715369.0
2025-02-20,CONL,35.9,36.2,33.03,34.75,4431150.0
2025-02-21,CONL,37.5,37.72,28.7704,28.96,12783300.0
2025-02-24,CONL,30.0,30.1,26.02,26.89,8487743.0
2025-02-25,CONL,25.2,25.86,21.67,23.45,10063440.0
2025-02-26,CONL,23.49,24.7174,22.4004,23.51,5927357.0
2025-02-27,CONL,24.66,25.4,22.3247,22.47,5524619.0
2025-02-28,CONL,21.84,24.18,20.8803,23.99,5079726.0
2025-03-03,CONL,27.66,27.905,21.29,21.85,11579350.0
2025-03-04,CONL,20.76,24.58,19.1101,23.23,7621368.0
2025-03-05,CONL,23.88,25.5,22.2268,25.42,6458476.0
2025-03-06,CONL,23.58,26.289,23.22,23.5,4908026.0
2025-03-07,CONL,23.51,25.16,21.82,24.08,5731863.0
2025-03-10,CONL,21.51,21.78,15.14,15.69,8751133.0
2025-03-11,CONL,16.77,18.5052,16.38,17.81,5414112.0
2025-03-12,CONL,18.55,19.2,16.36,17.81,5322843.0
2025-03-13,CONL,17.278,17.28,15.11,15.2,9159698.0
2025-03-14,CONL,16.28,16.7164,15.44,16.07,6608549.0
2025-03-17,CONL,15.9,17.87,15.69,17.1,6354114.0
2025-03-18,CONL,16.4099,16.6318,15.3,15.69,5266637.0
2025-03-19,CONL,16.33,17.85,16.0001,17.2,5199875.0
2025-03-20,CONL,16.525,17.92,16.48,17.28,4597568.0
2025-03-21,CONL,16.33,17.33,16.05,17.18,4855457.0
2025-03-24,CONL,18.55,19.56,17.98,19.51,7286179.0
2025-03-25,CONL,19.39,20.28,18.65,19.73,6644284.0
2025-03-26,CONL,19.53,20.0699,17.46,17.8,5137605.0
2025-03-27,CONL,17.635,18.02,16.61,16.78,5336443.0
2025-03-28,CONL,16.17,16.4,14.0,14.14,6308441.0
2025-03-31,CONL,13.36,14.0688,12.45,13.86,4332235.0
2025-04-01,CONL,13.94,14.456,13.26,14.2,5212534.0
2025-04-02,CONL,13.59,15.755,13.59,15.56,6770948.0
2025-04-03,CONL,13.09,13.72,12.45,13.5,7760526.0
2025-04-04,CONL,12.77,12.91,9.77,11.88,11128060.0
2025-04-07,CONL,9.78,12.8654,9.21,11.36,9504173.0
2025-04-08,CONL,12.56,12.88,9.94,10.54,5645943.0
2025-04-09,CONL,10.43,15.0,10.3853,14.04,8202940.0
2025-04-10,CONL,12.7,13.54,11.21,12.86,5637050.0
2025-04-11,CONL,13.06,14.11,12.5,13.71,4890074.0
2025-04-14,CONL,14.52,14.8,13.2,13.9,4584164.0
2025-04-15,CONL,14.05,14.385,13.2208,13.72,3728503.0
2025-04-16,CONL,12.91,13.6,12.62,13.2,3719131.0
2025-04-17,CONL,13.28,13.96,13.04,13.59,2585034.0
2025-04-21,CONL,13.61,14.0399,13.04,13.57,3546823.0
2025-04-22,CONL,14.12,16.44,14.12,15.89,7263091.0
2025-04-23,CONL,17.28,17.6982,16.15,16.66,5614044.0
2025-04-24,CONL,16.39,18.29,16.39,18.21,4606270.0
2025-04-25,CONL,18.54,19.6,18.19,19.21,5049584.0
2025-04-28,CONL,18.97,19.085,17.025,18.44,4173765.0
2025-04-29,CONL,18.45,18.805,18.062,18.59,2478738.0
2025-04-30,CONL,17.37,18.0,16.6901,18.0,3214413.0
2025-05-01,CONL,18.96,19.03,17.68,17.7,5307634.0
2025-05-02,CONL,18.27,19.01,17.841,18.28,3561841.0
2025-05-05,CONL,17.602,18.12,17.18,17.35,2882821.0
2025-05-06,CONL,16.51,17.18,16.27,16.87,2657775.0
2025-05-07,CONL,17.37,17.48,16.33,16.82,3127806.0
2025-05-08,CONL,18.29,19.17,17.85,18.52,10597500.0
2025-05-09,CONL,18.08,19.83,17.085,17.19,14644570.0
2025-05-12,CONL,18.78,19.6,18.2471,18.51,11978170.0
2025-05-13,CONL,22.89,28.0,22.81,27.4,20306510.0
2025-05-14,CONL,27.405,28.968,26.67,28.7,12643990.0
2025-05-15,CONL,27.1,27.5,23.6801,24.61,15591040.0
2025-05-16,CONL,25.66,29.75,25.5,28.9,17970660.0
2025-05-19,CONL,27.45,29.19,27.45,28.42,6811560.0
2025-05-20,CONL,28.67,28.7,26.94,27.85,5293997.0
2025-05-21,CONL,27.65,29.74,27.05,27.32,8350951.0
2025-05-22,CONL,28.6,31.1,28.28,30.03,9608328.0
2025-05-23,CONL,28.06,29.1157,27.455,28.08,6561656.0
2025-05-27,CONL,29.28,29.52,28.38,28.72,4986144.0
2025-05-28,CONL,28.63,28.63,26.0307,26.11,5239420.0
2025-05-29,CONL,27.05,27.06,24.56,25.0,4562243.0
2025-05-30,CONL,24.51,25.15,23.98,24.44,3769823.0
2025-06-02,CONL,24.68,25.13,23.76,24.5,3714800.0
2025-06-03,CONL,24.86,27.225,24.41,26.86,5980599.0
2025-06-04,CONL,26.56,27.44,25.95,26.23,4056627.0
2025-06-05,CONL,27.37,28.25,22.99,23.82,9811858.0
2025-06-06,CONL,25.08,26.13,24.905,25.16,5185024.0
2025-06-09,CONL,26.17,26.56,25.43,26.24,3741349.0
2025-06-10,CONL,26.7,27.4,25.21,25.88,5308663.0
2025-06-11,CONL,26.31,26.87,24.7,25.03,4237520.0
2025-06-12,CONL,24.14,24.42,22.76,23.11,4726901.0
2025-06-13,CONL,22.34,23.445,21.93,23.36,4352227.0
2025-06-16,CONL,24.32,27.3,23.85,26.96,6553437.0
2025-06-17,CONL,26.0,26.59,24.31,25.39,5761161.0
2025-06-18,CONL,25.29,34.4,24.96,33.56,22703900.0
2025-06-20,CONL,35.49,37.1,34.23,36.56,20832300.0
2025-06-23,CONL,35.01,37.93,33.28,36.31,11732990.0
2025-06-24,CONL,37.96,46.0997,37.3825,45.06,18219420.0
2025-06-25,CONL,49.17,51.5,44.87,47.7,17123080.0
2025-06-26,CONL,47.73,54.97,47.73,53.0,13615970.0
2025-06-27,CONL,51.45,52.3797,45.01,46.95,13580470.0
2025-06-30,CONL,48.45,48.76,45.47,46.13,5617515.0
2025-07-01,CONL,43.33,46.83,41.76,42.13,9945913.0
2025-07-02,CONL,43.36,47.565,43.01,46.92,8671212.0
2025-07-03,CONL,45.79,47.7637,45.28,47.05,3716723.0
2025-07-07,CONL,46.8,49.35,45.91,47.49,5739633.0
2025-07-08,CONL,49.01,50.6,45.12,46.86,6069131.0
2025-07-09,CONL,47.86,51.89,46.52,51.87,6899899.0
2025-07-10,CONL,51.49,56.05,50.53,55.98,7980824.0
2025-07-11,CONL,56.38,57.81,52.95,55.37,6780529.0
2025-07-14,CONL,56.99,58.7,55.8608,57.35,5773345.0
2025-07-15,CONL,56.6,59.34,51.37,55.51,7043197.0
2025-07-16,CONL,56.975,60.73,56.77,58.45,6674857.0
2025-07-17,CONL,58.825,63.71,57.5,62.0,6621596.0
2025-07-18,CONL,64.775,72.3452,60.82,64.57,11398080.0
2025-07-21,CONL,66.68,69.87,62.8897,63.0,6323186.0
2025-07-22,CONL,64.5,65.1,57.0405,60.13,5446243.0
2025-07-23,CONL,58.65,58.8799,54.9101,58.06,4202864.0
2025-07-24,CONL,60.04,60.2,56.3471,57.72,4113628.0
2025-07-25,CONL,56.3,57.87,54.65,56.12,2506762.0
2025-07-28,CONL,57.035,57.11,51.5017,52.68,5023486.0
2025-07-29,CONL,53.79,54.0518,48.85,50.4,3322660.0
2025-07-30,CONL,53.48,55.0,50.82,52.0,4495384.0
2025-07-31,CONL,53.6,54.61,51.8249,52.15,6343885.0
2025-08-01,CONL,40.23,40.99,33.5557,34.79,17593340.0
2025-08-04,CONL,35.84,36.71,33.33,35.43,7133703.0
2025-08-05,CONL,32.96,34.2,30.81,30.95,8590571.0
2025-08-06,CONL,30.85,32.32,30.0,32.04,7718316.0
2025-08-07,CONL,33.66,35.08,32.78,33.57,9306624.0
2025-08-08,CONL,33.7,34.11,31.4501,33.45,8326462.0
2025-08-11,CONL,36.06,38.44,35.3,35.37,11024790.0
2025-08-12,CONL,37.56,37.6299,34.21,36.05,8022574.0
2025-08-13,CONL,37.25,41.0951,35.82,37.06,10930770.0
2025-08-14,CONL,35.37,37.084,34.7,36.47,6732870.0
2025-08-15,CONL,36.04,36.105,34.1617,34.84,4186715.0
2025-08-18,CONL,33.361,36.2883,32.5,35.51,7547392.0
2025-08-19,CONL,35.44,35.86,31.23,31.35,5754814.0
2025-08-20,CONL,31.88,32.22,29.17,31.79,5279565.0
2025-08-21,CONL,31.25,31.9112,30.6789,30.9,2337968.0
2025-08-22,CONL,30.95,35.44,30.35,34.9,7199009.0
2025-08-25,CONL,33.29,33.9794,31.7275,31.89,4878483.0
2025-08-26,CONL,31.538,32.52,30.66,32.35,5373248.0
2025-08-27,CONL,32.13,33.17,31.99,32.43,4072580.0
2025-08-28,CONL,33.25,33.94,31.9028,32.11,4325919.0
2025-08-29,CONL,31.85,32.2471,30.87,31.51,3145306.0
2025-09-02,CONL,30.485,32.6793,29.62,31.29,3247473.0
2025-09-03,CONL,31.54,32.22,30.78,30.95,2509674.0
2025-09-04,CONL,31.0,32.1,30.5154,31.84,2590132.0
2025-09-05,CONL,33.33,33.66,28.9284,30.23,7022028.0
2025-09-08,CONL,30.75,31.76,29.854,30.85,3398645.0
2025-09-09,CONL,31.18,34.379,31.18,34.22,5406799.0
2025-09-10,CONL,34.82,36.35,32.92,33.52,5881422.0
2025-09-11,CONL,34.13,35.7525,33.5762,35.32,5150150.0
2025-09-12,CONL,36.147,36.49,34.4,35.08,6059141.0
2025-09-15,CONL,34.98,36.19,34.61,35.88,5064777.0
2025-09-16,CONL,37.03,37.3,34.6661,36.1,6508290.0
2025-09-17,CONL,35.69,36.1991,32.4201,34.47,6441743.0
2025-09-18,CONL,35.73,41.15,35.1,39.2,10425750.0
2025-09-19,CONL,39.2,40.7059,37.99,39.14,5538924.0
2025-09-22,CONL,37.0,37.6449,35.86,36.63,6574187.0
2025-09-23,CONL,37.02,37.49,33.55,34.05,5544076.0
2025-09-24,CONL,34.84,35.56,34.1501,34.37,3358706.0
2025-09-25,CONL,32.77,33.55,30.7,31.17,5304189.0
2025-09-26,CONL,31.58,32.65,30.45,32.32,3905686.0
2025-09-29,CONL,33.5,36.78,33.07,36.66,6138839.0
2025-09-30,CONL,35.75,37.5894,35.718,37.4,4091495.0
2025-10-01,CONL,38.75,40.2,38.1059,39.3,6246721.0
2025-10-02,CONL,41.4,46.14,41.04,45.15,10065030.0
2025-10-03,CONL,45.52,47.96,44.7,47.09,7501447.0
2025-10-06,CONL,49.58,50.21,47.2224,48.54,5774015.0
2025-10-07,CONL,48.72,49.0,42.85,45.94,6298036.0
2025-10-08,CONL,46.765,49.55,45.93,48.7,3677314.0
2025-10-09,CONL,48.13,49.98,47.44,48.58,4145244.0
2025-10-10,CONL,48.9,52.4,39.76,41.12,11708740.0
2025-10-13,CONL,42.96,42.96,38.07,41.15,7053453.0
2025-10-14,CONL,37.39,40.288,36.02,37.47,5918757.0
2025-10-15,CONL,38.39,38.9,35.71,36.38,5212025.0
2025-10-16,CONL,36.86,37.7066,34.73,35.05,5755755.0
2025-10-17,CONL,32.65,36.24,32.37,36.22,5991796.0
2025-10-20,CONL,37.52,40.08,36.8141,37.83,6579180.0
2025-10-21,CONL,37.57,38.09,35.96,36.71,5341110.0
2025-10-22,CONL,35.66,35.88,30.6601,32.78,7786860.0
2025-10-23,CONL,33.25,34.3295,32.36,33.21,3839728.0
2025-10-24,CONL,35.6,40.17,35.24,39.66,9733533.0
2025-10-27,CONL,41.68,43.83,40.29,41.19,7692340.0
2025-10-28,CONL,41.62,42.73,39.54,39.8,5599608.0
2025-10-29,CONL,40.315,40.8,37.54,38.27,5021868.0
2025-10-30,CONL,37.12,37.3,33.85,33.96,6887984.0
2025-10-31,CONL,35.44,40.56,35.11,36.92,8449261.0
2025-11-03,CONL,36.19,36.69,33.12,34.05,6237687.0
2025-11-04,CONL,31.71,33.05,29.22,29.31,8495801.0
2025-11-05,CONL,30.955,32.47,30.0,31.56,6301652.0
2025-11-06,CONL,31.04,31.04,26.69,26.79,7195409.0
2025-11-07,CONL,25.86,29.57,24.68,29.29,7218955.0
2025-11-10,CONL,31.89,32.19,29.7158,30.88,6043498.0
2025-11-11,CONL,29.775,30.73,28.13,28.16,3357005.0
2025-11-12,CONL,29.22,29.56,27.72,28.19,4173253.0
2025-11-13,CONL,27.75,28.16,23.705,24.34,6761328.0
2025-11-14,CONL,21.87,25.88,21.71,24.43,6796148.0
2025-11-17,CONL,22.8,23.335,20.0,20.97,8056632.0
2025-11-18,CONL,20.53,22.0497,20.5,20.6,6452012.0
2025-11-19,CONL,20.615,20.75,18.28,19.9,7092199.0
2025-11-20,CONL,20.325,20.84,16.61,16.93,8338903.0
2025-11-21,CONL,17.72,18.02,15.92,17.25,9042008.0
2025-11-24,CONL,17.83,19.695,17.58,19.42,6603719.0
2025-11-25,CONL,18.06,19.17,17.1234,19.15,5290591.0
2025-11-26,CONL,19.44,21.0,19.09,20.76,6579280.0
2025-11-28,CONL,22.07,23.07,21.44,21.97,6952365.0
2025-12-01,CONL,19.96,20.83,18.6599,19.9,6324306.0
2025-12-02,CONL,21.02,21.7975,20.36,20.36,6066858.0
2025-12-03,CONL,21.11,22.575,20.53,22.48,6685537.0
2025-12-04,CONL,21.86,22.9555,21.5501,22.02,4864734.0
2025-12-05,CONL,21.41,21.89,20.53,21.27,5365807.0
2025-12-08,CONL,21.89,22.35,21.25,21.98,4639194.0
2025-12-09,CONL,21.44,23.65,20.82,22.47,5760729.0
2025-12-10,CONL,21.83,22.78,21.4,22.11,5160924.0
2025-12-11,CONL,20.85,21.43,19.85,21.11,5631635.0
2025-12-12,CONL,21.63,22.5,20.18,20.85,4944299.0
2025-12-15,CONL,21.0,21.0,17.625,18.19,6078771.0
2025-12-16,CONL,18.64,19.1199,18.18,18.47,3218966.0
2025-12-17,CONL,18.75,19.48,17.19,17.27,5460480.0
2025-12-18,CONL,18.49,18.81,16.54,16.54,5874951.0
2025-12-19,CONL,17.27,17.54,16.76,17.35,5701431.0
2025-12-22,CONL,18.25,18.7,17.66,17.74,4869407.0
2025-12-23,CONL,17.08,17.33,16.41,16.93,5185323.0
2025-12-24,CONL,16.63,16.72,16.19,16.55,2390061.0
2025-12-26,CONL,16.61,16.61,15.58,16.14,3771617.0
2025-12-29,CONL,15.795,16.53,15.5701,15.69,4154951.0
2025-12-30,CONL,15.67,15.99,15.38,15.4,3488026.0
2025-12-31,CONL,15.33,15.49,14.57,14.65,3340704.0
2026-01-02,CONL,15.22,16.2356,14.62,15.98,5461140.0
2026-01-05,CONL,17.44,18.9955,17.31,18.45,8615969.0
2026-01-06,CONL,18.53,18.93,17.12,17.82,7256337.0
2026-01-07,CONL,17.45,17.55,16.35,17.17,5039864.0
2026-01-08,CONL,16.97,17.76,16.64,17.08,5047663.0
2026-01-09,CONL,17.16,17.23,15.91,16.42,6399406.0
2026-01-12,CONL,16.25,17.3099,16.04,16.71,4836423.0
2026-01-13,CONL,17.066,18.406,16.92,18.02,7444621.0
2026-01-14,CONL,18.6,19.485,18.0607,18.45,10118640.0
2026-01-15,CONL,17.7,17.76,15.8103,16.09,10521040.0
2026-01-16,CONL,16.075,16.55,15.655,16.3,5059000.0
2026-01-20,CONL,15.19,15.43,14.25,14.5,8384628.0
2026-01-21,CONL,14.62,14.93,13.7816,14.39,7311968.0
2026-01-22,CONL,14.54,14.82,13.86,13.88,4611438.0
2026-01-23,CONL,13.77,13.81,12.94,13.1,6917833.0
2026-01-26,CONL,12.5,12.925,12.36,12.67,4202345.0
2026-01-27,CONL,12.65,12.66,11.99,12.36,4994131.0
2026-01-28,CONL,12.59,12.75,11.88,12.18,7630213.0
2026-01-29,CONL,11.832,11.86,10.41,11.0,9199321.0
2026-01-30,CONL,10.8,10.95,10.06,10.5,6619469.0
2026-02-02,CONL,9.95,10.06,9.4299,9.75,7905814.0
2026-02-03,CONL,9.81,9.81,8.3,8.89,11359160.0
2026-02-04,CONL,8.55,8.58,7.375,7.79,11649140.0
2026-02-05,CONL,7.025,7.435,5.62,5.72,22766100.0
2026-02-06,CONL,6.34,7.19,6.11,7.16,21562680.0
2026-02-09,CONL,6.735,7.37,6.63,7.35,13727000.0
2026-02-10,CONL,6.935,7.3994,6.87,6.92,10157590.0
2026-02-11,CONL,6.51,6.53,5.75,6.14,15373540.0
2026-02-12,CONL,6.12,6.12,5.02,5.15,20973450.0
2026-02-13,CONL,6.065,7.08,5.515,6.83,39290770.0
2026-02-17,CONL,6.69,7.3399,6.34,6.96,24920290.0
2026-02-18,CONL,6.92,7.63,6.7206,6.81,19673960.0
2026-02-19,CONL,6.655,7.09,6.56,6.95,12311250.0
2026-02-20,CONL,6.85,7.7499,6.8,7.4,21416290.0
2026-02-23,CONL,6.95,7.1093,6.315,6.44,16594490.0
2026-02-24,CONL,6.09,6.5999,5.84,6.57,14296800.0
2026-02-25,CONL,7.365,8.5,7.19,8.36,33746480.0
2026-02-26,CONL,8.105,8.49,7.7,8.07,20333760.0
2026-02-27,CONL,7.52,7.8851,7.24,7.62,16045150.0
2026-03-02,CONL,7.34,8.5,7.295,8.41,23874840.0
2026-03-03,CONL,7.71,8.51,7.22,8.14,24517090.0
2026-03-04,CONL,9.35,10.8,9.315,10.5,33596170.0
2026-03-05,CONL,10.18,10.98,9.7601,10.18,27983810.0
2026-03-06,CONL,9.385,9.88,9.09,9.33,20189590.0
2026-03-09,CONL,9.41,9.9289,8.8907,9.58,24714690.0
2026-03-10,CONL,10.02,10.165,9.1,9.26,25998590.0
2026-03-11,CONL,9.34,9.87,8.88,9.46,17046150.0
2026-03-12,CONL,9.195,9.375,8.8601,8.94,11835500.0
2026-03-13,CONL,9.88,10.19,8.985,9.13,23953900.0
2026-03-16,CONL,9.71,10.14,9.423,9.85,19210640.0
2026-03-17,CONL,9.76,10.83,9.76,10.5,17377670.0
2026-03-18,CONL,10.17,10.39,9.615,9.73,18311140.0
2026-03-19,CONL,9.055,10.0197,8.73,9.76,16768520.0
2026-03-20,CONL,9.75,9.795,8.9909,9.25,16676920.0
2026-03-23,CONL,9.34,9.835,9.11,9.52,21963640.0
2026-03-24,CONL,9.39,9.635,7.345,7.66,35987050.0
2026-03-25,CONL,7.985,8.475,7.585,7.67,16751650.0
2026-03-26,CONL,7.295,7.54,6.895,7.01,16408690.0
2026-03-27,CONL,6.565,6.62,5.91,6.03,18967000.0
2026-03-30,CONL,6.265,6.41,5.81,6.0,14436290.0
2026-03-31,CONL,6.175,7.11,6.09,7.0,19793550.0
2026-04-01,CONL,7.34,7.38,6.78,6.88,19866140.0
2026-04-02,CONL,6.435,6.86,6.1113,6.74,12918330.0
2026-04-06,CONL,7.02,7.235,6.89,7.0,11852230.0
2026-04-07,CONL,6.79,7.03,6.3,7.03,16391160.0
2026-04-08,CONL,8.04,8.165,6.85,7.01,19184400.0
2026-04-09,CONL,7.06,7.17,6.32,6.53,20722310.0
2026-04-10,CONL,6.52,6.615,6.0622,6.41,17488770.0
2026-04-13,CONL,6.19,6.9682,6.16,6.93,15766240.0
2026-04-14,CONL,7.38,7.93,7.37,7.7,19963290.0
2026-04-15,CONL,7.8,8.7176,7.64,8.68,20635100.0
2026-04-16,CONL,8.8,9.07,8.01,9.0,22535860.0
2026-04-17,CONL,9.47,10.46,9.28,9.59,30987090.0
2026-04-20,CONL,9.085,10.135,9.0,10.07,17936020.0
2026-04-21,CONL,10.05,10.05,8.4592,8.55,33285060.0
2026-04-22,CONL,9.31,9.97,9.13,9.47,20415530.0
2026-04-23,CONL,9.1,9.4199,8.34,8.72,16943710.0
2026-04-24,CONL,9.05,9.0999,8.57,8.85,11662260.0
2026-04-27,CONL,8.79,9.26,8.46,8.59,15972500.0
2026-04-28,CONL,8.05,8.505,7.89,8.35,13877150.0
2026-04-29,CONL,7.75,7.77,6.94,7.29,23735560.0
2026-04-30,CONL,7.29,7.9,7.13,7.76,13980350.0
2026-05-01,CONL,8.09,8.305,7.9201,8.04,15713890.0
2026-05-04,CONL,8.73,9.33,8.595,9.02,26806810.0
2026-05-05,CONL,9.52,9.54,8.255,8.55,28661140.0
2026-05-06,CONL,8.375,8.61,8.16,8.57,18172220.0
2026-05-07,CONL,8.4,8.5714,7.905,8.11,22534290.0
2026-05-08,CONL,7.54,8.82,7.27,8.82,23838780.0
2026-05-11,CONL,8.73,10.255,8.0807,10.14,28911290.0
2026-05-12,CONL,9.74,10.3151,8.635,9.32,25147930.0
2026-05-13,CONL,8.985,9.0,8.41,8.8,20758570.0
2026-05-14,CONL,8.73,10.57,8.195,9.66,42031580.0
2026-05-15,CONL,9.06,9.1,7.8601,8.15,34861210.0
2026-05-18,CONL,7.73,8.02,7.21,7.65,22318010.0
2026-05-19,CONL,7.52,8.1199,7.3212,7.95,15452430.0
2026-05-20,CONL,7.97,8.205,7.65,7.78,16746330.0
2026-05-21,CONL,7.65,8.13,7.48,7.96,15499980.0
2026-05-22,CONL,7.99,8.1,7.21,7.24,19307280.0
2026-05-26,CONL,7.3,7.45,6.78,6.85,18221400.0
2026-05-27,CONL,6.578,6.83,6.37,6.39,17273590.0
2026-05-28,CONL,6.14,7.02,6.03,6.98,18406760.0
2026-05-29,CONL,6.83,7.705,6.725,7.5,25937410.0
2026-06-01,CONL,6.72,7.295,6.505,7.0,22701060.0
2026-06-02,CONL,6.565,6.678,6.15,6.33,22358000.0
2026-06-03,CONL,6.15,6.17,5.51,5.55,22544510.0
2026-06-04,CONL,5.6,5.76,5.455,5.61,18758760.0
2026-06-05,CONL,5.22,5.22,4.48,4.8,36935860.0
2026-06-08,CONL,5.06,5.53,4.95,5.4,19039100.0
2026-06-09,CONL,5.07,5.58,4.59,4.96,25669790.0
2026-06-10,CONL,4.79,5.34,4.755,4.86,18079460.0
2026-06-11,CONL,4.89,5.34,4.7501,5.26,24834330.0
2026-06-12,CONL,5.25,5.5769,4.94,5.21,19873250.0
2026-06-15,CONL,5.86,6.16,5.785,5.85,20215530.0
2026-06-16,CONL,5.83,6.1298,5.66,5.82,14550460.0
2026-06-17,CONL,5.63,6.14,5.5,5.52,19178520.0
2026-06-18,CONL,5.7,5.83,5.22,5.4,17731110.0
2026-06-22,CONL,5.51,6.27,5.3801,5.49,22121020.0
2026-06-23,CONL,4.96,5.4499,4.94,5.06,15216210.0
2026-06-24,CONL,5.05,5.06,4.43,4.54,19779590.0
2026-06-25,CONL,4.555,4.67,4.0103,4.085,19191160.0
2026-06-26,CONL,3.89,4.49,3.882,4.46,18591450.0
2026-06-29,CONL,4.56,4.64,4.215,4.59,14350610.0
2026-06-30,CONL,4.38,4.42,4.04,4.27,15983500.0
2026-07-01,CONL,4.32,5.32,4.2601,5.02,27733070.0
2026-07-02,CONL,5.38,5.875,5.2547,5.4,27854470.0
2026-07-06,CONL,5.12,5.8,5.0476,5.62,21112590.0
2026-07-07,CONL,5.47,5.6979,5.13,5.26,13250880.0
2026-07-08,CONL,5.0,5.1314,4.7903,4.99,13194710.0
2026-07-09,CONL,4.81,5.09,4.7,4.92,13382120.0
2026-07-10,CONL,5.43,5.5,4.93,4.95,18850010.0
2026-07-13,CONL,4.77,5.08,4.64,4.85,16148670.0
2026-07-14,CONL,5.0,5.15,4.84,5.11,19225800.0
2026-07-15,CONL,5.33,5.54,5.025,5.46,17498670.0
2026-07-16,CONL,5.32,5.41,4.955,5.01,13419880.0
2026-07-17,CONL,4.5507,5.0297,4.525,4.8,19938460.0
2026-07-20,CONL,4.86,5.255,4.68,5.01,14104390.0
2026-07-21,CONL,5.47,6.305,5.46,5.96,32291790.0
2026-07-22,CONL,5.705,5.89,5.29,5.3,12750750.0
2026-07-23,CONL,5.11,5.26,4.85,4.98,13127720.0
2026-07-24,CONL,4.94,4.96,4.52,4.8,12172710.0
2026-07-27,CONL,5.09,5.3658,4.92,5.34,15113140.0
2026-07-28,CONL,5.015,5.38,4.785,5.36,11048230.0
2026-07-29,CONL,5.27,5.47,4.8,4.87,13915450.0
2026-07-30,CONL,4.935,5.15,4.83,5.07,17083540.0
2026-07-31,CONL,4.44,4.45,3.56,4.0,46617000.0
2026-08-03,CONL,3.88,4.33,3.71,4.0,23074530.0
2026-08-04,CONL,4.05,4.35,3.96,4.23,18008270.0
2026-08-05,CONL,4.24,4.415,4.06,4.16,18555160.0
2026-08-06,CONL,4.0,4.22,3.92,3.93,18845720.0
2026-08-07,CONL,4.08,4.46,3.9363,4.38,29242990.0
2026-08-10,CONL,4.34,4.37,4.05,4.09,13396690.0
2026-08-11,CONL,4.14,4.3183,3.96,4.09,12621730.0
2026-08-12,CONL,4.175,4.235,4.02,4.11,12796440.0
2026-08-13,CONL,4.11,4.3999,3.99,4.36,20856680.0
2026-08-14,CONL,4.205,4.285,4.025,4.07,15544090.0
2026-08-17,CONL,4.05,4.26,3.995,4.16,17279800.0
2026-08-18,CONL,4.02,4.1724,3.92,3.93,19588730.0
2026-08-19,CONL,4.005,4.975,4.0,4.65,58969400.0
2026-08-20,CONL,5.4,5.52,5.03,5.38,40947120.0
2026-08-21,CONL,5.86,6.56,5.8,6.25,46229510.0
2026-08-24,CONL,6.425,6.61,5.72,5.77,28628340.0
2026-08-25,CONL,5.56,6.4087,5.49,6.28,26214620.0
2026-08-26,CONL,5.92,6.15,5.7512,5.92,13769030.0
2026-08-27,CONL,6.205,6.69,5.82,6.5,24453520.0
2026-08-28,CONL,6.17,6.37,5.5,5.65,25439290.0
2026-08-31,CONL,5.65,6.37,5.5337,6.25,16075340.0
2026-09-01,CONL,5.82,5.98,5.41,5.5,18674760.0
2026-09-02,CONL,5.355,5.62,5.21,5.39,11587680.0
2026-09-03,CONL,5.79,6.6771,5.76,6.48,28603220.0
2026-09-04,CONL,5.94,6.21,5.82,5.93,18247690.0
2026-09-08,CONL,5.685,5.78,5.52,5.57,13323590.0
2026-09-09,CONL,5.91,5.925,5.29,5.3,15083010.0
2026-09-10,CONL,5.07,5.28,5.04,5.14,12842960.0
2026-09-11,CONL,5.26,5.72,5.18,5.32,19185040.0
2026-09-14,CONL,5.68,6.4,5.63,6.29,34484640.0
2026-09-15,CONL,5.8,5.8,4.765,5.03,38443650.0
2026-09-16,CONL,5.06,5.13,4.385,4.58,28423430.0
2026-09-17,CONL,4.87,5.11,4.645,5.09,29804070.0
2026-09-18,CONL,5.35,6.39,5.3038,6.27,57207310.0
2026-09-21,CONL,6.98,7.175,6.6838,6.7,41756410.0
2026-09-22,CONL,6.615,6.835,6.45,6.7,21046430.0
2026-09-23,CONL,6.49,6.935,6.3532,6.51,21881090.0
2026-09-24,CONL,6.42,6.8099,6.2138,6.57,22641680.0
2026-09-25,CONL,6.58,6.61,6.13,6.31,17665060.0
2026-09-28,CONL,6.355,6.525,6.04,6.08,16791980.0
2016-09-26,MSTR,17.094,17.17,16.971,17.087,1335250.0
2016-09-27,MSTR,17.04,17.1705,16.8,16.906,1286920.0
2016-09-28,MSTR,16.973,17.066,16.923,17.025,1151070.0
2016-09-29,MSTR,17.059,17.07,16.559,16.574,883580.0
2016-09-30,MSTR,16.586,16.841,16.452,16.744,1247440.0
2016-10-03,MSTR,16.697,16.727,16.272,16.384,856050.0
2016-10-04,MSTR,16.486,17.0995,16.41,17.05,1697180.0
2016-10-05,MSTR,17.03,17.132,16.9,17.101,1409070.0
2016-10-06,MSTR,17.142,17.427,17.065,17.277,1551950.0
2016-10-07,MSTR,17.238,17.426,17.13,17.298,1211630.0
2016-10-10,MSTR,17.422,17.8,17.354,17.469,1215220.0
2016-10-11,MSTR,17.465,17.465,17.226,17.306,998760.0
2016-10-12,MSTR,17.426,17.426,17.185,17.316,802550.0
2016-10-13,MSTR,17.278,17.343,17.007,17.237,1143020.0
2016-10-14,MSTR,17.376,17.376,17.065,17.22,529710.0
2016-10-17,MSTR,17.25,17.3335,17.109,17.185,1333180.0
2016-10-18,MSTR,17.355,17.425,17.138,17.258,1300170.0
2016-10-19,MSTR,17.206,17.3635,16.955,17.014,997690.0
2016-10-20,MSTR,17.019,17.108,16.779,16.844,933970.0
2016-10-21,MSTR,16.84,16.8715,16.667,16.861,666140.0
2016-10-24,MSTR,16.984,17.507,16.9035,17.404,1308280.0
2016-10-25,MSTR,17.419,17.597,17.014,17.229,1053670.0
2016-10-26,MSTR,17.209,17.464,17.147,17.18,1580610.0
2016-10-27,MSTR,17.174,17.44,17.031,17.353,2510300.0
2016-10-28,MSTR,19.0,19.901,18.645,19.147,4600380.0
2016-10-31,MSTR,19.277,19.679,19.277,19.481,2219980.0
2016-11-01,MSTR,19.571,19.662,19.375,19.504,1875700.0
2016-11-02,MSTR,19.404,19.652,19.041,19.187,1773420.0
2016-11-03,MSTR,19.308,19.321,18.844,18.896,1046220.0
2016-11-04,MSTR,18.862,19.234,18.654,19.016,1610300.0
2016-11-07,MSTR,19.298,19.538,19.099,19.231,3207520.0
2016-11-08,MSTR,19.249,19.402,18.91,19.0,2820550.0
2016-11-09,MSTR,18.781,19.3757,18.644,19.188,2604520.0
2016-11-10,MSTR,19.39,19.8115,18.9483,19.316,3372190.0
2016-11-11,MSTR,19.32,19.8,19.257,19.675,1661160.0
2016-11-14,MSTR,19.879,19.879,19.083,19.211,1728910.0
2016-11-15,MSTR,19.207,19.49,19.075,19.31,826840.0
2016-11-16,MSTR,19.358,19.683,19.202,19.648,893080.0
2016-11-17,MSTR,19.683,19.773,19.4565,19.747,639060.0
2016-11-18,MSTR,19.841,19.914,19.49,19.668,973850.0
2016-11-21,MSTR,19.6,19.846,19.565,19.693,716770.0
2016-11-22,MSTR,19.728,19.89,19.539,19.857,726320.0
2016-11-23,MSTR,19.85,19.85,19.558,19.821,540170.0
2016-11-25,MSTR,19.916,19.9695,19.733,19.785,394800.0
2016-11-28,MSTR,19.727,19.927,19.339,19.503,931820.0
2016-11-29,MSTR,19.566,19.699,18.502,19.523,642860.0
2016-11-30,MSTR,19.485,19.543,19.202,19.403,1241530.0
2016-12-01,MSTR,19.408,19.664,19.078,19.16,1217990.0
2016-12-02,MSTR,19.125,19.286,18.809,19.194,624500.0
2016-12-05,MSTR,19.278,19.596,19.256,19.576,773140.0
2016-12-06,MSTR,19.601,19.874,19.465,19.857,995550.0
2016-12-07,MSTR,19.77,19.945,19.583,19.845,576860.0
2016-12-08,MSTR,19.8,20.5135,19.8,20.098,1091110.0
2016-12-09,MSTR,20.148,20.207,19.851,20.097,1075770.0
2016-12-12,MSTR,20.072,20.3735,19.624,20.187,931230.0
2016-12-13,MSTR,20.326,20.507,20.099,20.444,932730.0
2016-12-14,MSTR,20.469,20.56,19.808,19.959,1107060.0
2016-12-15,MSTR,19.93,20.397,19.703,20.155,951460.0
2016-12-16,MSTR,20.255,20.4554,19.989,20.04,1054950.0
2016-12-19,MSTR,20.08,20.357,19.9115,20.318,746490.0
2016-12-20,MSTR,20.346,20.602,20.033,20.389,1381640.0
2016-12-21,MSTR,20.728,20.728,19.869,20.031,888780.0
2016-12-22,MSTR,20.081,20.081,19.536,19.618,811010.0
2016-12-23,MSTR,19.665,20.166,19.665,20.122,506310.0
2016-12-27,MSTR,20.065,20.698,20.006,20.148,747950.0
2016-12-28,MSTR,20.0195,20.319,19.636,19.76,693090.0
2016-12-29,MSTR,20.1005,20.1005,19.699,19.85,443740.0
2016-12-30,MSTR,19.867,19.9395,19.59,19.74,634090.0
2017-01-03,MSTR,19.855,20.035,19.702,19.784,1077150.0
2017-01-04,MSTR,19.765,19.8655,19.704,19.794,1208320.0
2017-01-05,MSTR,19.766,20.274,19.766,19.961,1093220.0
2017-01-06,MSTR,20.024,20.186,19.879,19.917,750750.0
2017-01-09,MSTR,19.969,20.089,19.667,19.863,734450.0
2017-01-10,MSTR,19.967,20.096,19.791,20.078,669700.0
2017-01-11,MSTR,19.7535,20.244,19.7535,20.1,922900.0
2017-01-12,MSTR,20.006,20.1155,19.762,20.047,588200.0
2017-01-13,MSTR,20.158,20.422,20.112,20.38,475340.0
2017-01-17,MSTR,20.249,20.249,20.008,20.092,492970.0
2017-01-18,MSTR,20.141,20.409,20.042,20.251,568220.0
2017-01-19,MSTR,20.2,20.2,19.8745,19.9,786600.0
2017-01-20,MSTR,19.875,20.2815,19.787,20.155,1024000.0
2017-01-23,MSTR,20.192,20.592,20.0805,20.51,654610.0
2017-01-24,MSTR,20.207,20.596,19.9,20.296,1024940.0
2017-01-25,MSTR,20.258,20.489,20.141,20.33,848390.0
2017-01-26,MSTR,20.3525,20.3525,19.9235,20.13,483550.0
2017-01-27,MSTR,20.0715,20.2885,19.919,19.958,692990.0
2017-01-30,MSTR,19.858,20.0,19.667,19.946,790500.0
2017-01-31,MSTR,19.87,20.249,19.641,20.13,1116880.0
2017-02-01,MSTR,19.823,19.903,19.151,19.651,1678150.0
2017-02-02,MSTR,19.691,19.758,19.002,19.15,1414190.0
2017-02-03,MSTR,19.267,19.63,19.267,19.548,846390.0
2017-02-06,MSTR,19.431,19.463,18.987,19.03,633310.0
2017-02-07,MSTR,19.068,19.1,18.731,18.799,518140.0
2017-02-08,MSTR,18.821,18.9715,18.56,18.749,476770.0
2017-02-09,MSTR,18.618,19.05,18.618,19.001,524490.0
2017-02-10,MSTR,19.092,19.092,18.812,18.935,371590.0
2017-02-13,MSTR,19.055,19.18,18.849,19.134,467590.0
2017-02-14,MSTR,19.056,19.396,18.954,19.299,863900.0
2017-02-15,MSTR,19.274,19.525,18.7877,19.415,353890.0
2017-02-16,MSTR,19.218,19.3555,19.048,19.268,489470.0
2017-02-17,MSTR,19.212,19.455,19.1285,19.287,372580.0
2017-02-21,MSTR,19.308,19.722,19.152,19.58,846460.0
2017-02-22,MSTR,19.567,19.701,19.267,19.46,575570.0
2017-02-23,MSTR,19.499,19.618,19.153,19.33,786480.0
2017-02-24,MSTR,19.242,19.448,19.232,19.433,374880.0
2017-02-27,MSTR,19.353,19.57,19.171,19.442,434180.0
2017-02-28,MSTR,19.343,19.499,19.102,19.188,612550.0
2017-03-01,MSTR,19.407,19.461,19.1485,19.378,537280.0
2017-03-02,MSTR,19.398,19.398,18.854,19.023,520460.0
2017-03-03,MSTR,19.094,19.109,18.71,19.0,492540.0
2017-03-06,MSTR,18.9,18.992,18.683,18.795,545730.0
2017-03-07,MSTR,18.772,19.065,18.592,18.757,731500.0
2017-03-08,MSTR,18.829,19.191,18.686,18.916,659460.0
2017-03-09,MSTR,18.991,19.08,18.591,18.762,400060.0
2017-03-10,MSTR,18.558,18.998,18.543,18.697,521250.0
2017-03-13,MSTR,18.61,18.968,18.61,18.885,544040.0
2017-03-14,MSTR,18.781,18.88,18.6278,18.862,269690.0
2017-03-15,MSTR,18.929,19.05,18.75,19.002,358490.0
2017-03-16,MSTR,19.045,19.204,18.8315,19.105,551140.0
2017-03-17,MSTR,19.054,19.3,19.0325,19.186,1007260.0
2017-03-20,MSTR,19.161,19.401,18.9105,19.242,677120.0
2017-03-21,MSTR,19.38,19.38,18.7225,18.799,907990.0
2017-03-22,MSTR,18.77,18.89,18.362,18.695,1007140.0
2017-03-23,MSTR,18.67,18.893,18.463,18.641,664440.0
2017-03-24,MSTR,18.68,18.714,18.4585,18.614,321060.0
2017-03-27,MSTR,18.35,18.787,18.222,18.694,513240.0
2017-03-28,MSTR,18.696,18.849,18.507,18.774,413140.0
2017-03-29,MSTR,18.78,18.85,18.672,18.781,431590.0
2017-03-30,MSTR,18.81,18.93,18.544,18.829,492360.0
2017-03-31,MSTR,18.753,18.941,18.562,18.78,542530.0
2017-04-03,MSTR,18.79,19.41,18.504,18.743,786780.0
2017-04-04,MSTR,18.64,18.802,18.392,18.625,435070.0
2017-04-05,MSTR,18.652,18.828,18.303,18.411,551110.0
2017-04-06,MSTR,18.703,18.703,18.141,18.349,898920.0
2017-04-07,MSTR,18.325,18.5705,18.103,18.28,582130.0
2017-04-10,MSTR,18.348,18.637,18.348,18.479,400080.0
2017-04-11,MSTR,18.437,18.717,18.284,18.567,346170.0
2017-04-12,MSTR,18.537,18.587,18.301,18.392,292170.0
2017-04-13,MSTR,18.394,18.401,18.155,18.161,325400.0
2017-04-17,MSTR,18.2655,18.573,18.185,18.423,821900.0
2017-04-18,MSTR,18.36,18.674,18.3295,18.541,435980.0
2017-04-19,MSTR,18.505,18.725,18.5,18.594,284150.0
2017-04-20,MSTR,18.59,18.851,18.411,18.811,567180.0
2017-04-21,MSTR,18.82,19.144,18.602,18.759,950710.0
2017-04-24,MSTR,19.046,19.2,18.729,19.067,501240.0
2017-04-25,MSTR,19.101,19.235,18.9507,19.068,339440.0
2017-04-26,MSTR,19.068,19.458,18.917,19.301,653540.0
2017-04-27,MSTR,19.326,19.39,18.93,19.249,724020.0
2017-04-28,MSTR,18.95,19.123,18.154,19.017,1681940.0
2017-05-01,MSTR,19.044,19.457,18.683,19.135,889590.0
2017-05-02,MSTR,19.216,19.3795,18.641,18.801,782100.0
2017-05-03,MSTR,18.768,19.0185,18.278,18.784,1190130.0
2017-05-04,MSTR,18.85,19.041,18.731,18.917,920370.0
2017-05-05,MSTR,18.967,19.1085,18.7645,19.095,505430.0
2017-05-08,MSTR,19.086,19.193,18.82,19.152,706870.0
2017-05-09,MSTR,19.177,19.39,18.725,18.788,1002020.0
2017-05-10,MSTR,18.531,18.981,18.531,18.711,601340.0
2017-05-11,MSTR,18.675,18.815,18.385,18.705,501520.0
2017-05-12,MSTR,18.68,18.68,18.424,18.531,536740.0
2017-05-15,MSTR,18.505,18.919,18.505,18.707,543140.0
2017-05-16,MSTR,18.708,18.812,18.594,18.766,331850.0
2017-05-17,MSTR,18.516,18.8015,18.327,18.39,616520.0
2017-05-18,MSTR,18.37,18.595,18.2955,18.413,1191470.0
2017-05-19,MSTR,18.436,18.654,18.3265,18.378,1677990.0
2017-05-22,MSTR,18.408,18.607,18.32,18.522,617420.0
2017-05-23,MSTR,18.567,18.613,18.132,18.21,1442020.0
2017-05-24,MSTR,18.249,18.384,18.0,18.199,894510.0
2017-05-25,MSTR,18.293,18.384,18.1125,18.15,889950.0
2017-05-26,MSTR,18.063,18.35,18.001,18.077,902120.0
2017-05-30,MSTR,18.042,18.3306,18.0001,18.284,888720.0
2017-05-31,MSTR,18.331,18.41,18.0185,18.236,545840.0
2017-06-01,MSTR,18.326,18.603,18.157,18.594,720170.0
2017-06-02,MSTR,18.565,18.95,18.488,18.832,1057550.0
2017-06-05,MSTR,18.821,18.821,18.377,18.413,481270.0
2017-06-06,MSTR,18.371,18.581,18.212,18.282,699890.0
2017-06-07,MSTR,18.299,18.5415,18.17,18.252,726760.0
2017-06-08,MSTR,18.189,18.52,18.183,18.461,538330.0
2017-06-09,MSTR,18.478,18.546,17.867,18.079,814340.0
2017-06-12,MSTR,18.028,18.2735,17.75,18.119,859220.0
2017-06-13,MSTR,18.079,18.349,18.014,18.212,1082830.0
2017-06-14,MSTR,18.278,18.488,18.132,18.34,683060.0
2017-06-15,MSTR,18.216,18.3546,18.114,18.282,741700.0
2017-06-16,MSTR,18.225,18.392,18.2,18.26,760960.0
2017-06-19,MSTR,18.297,18.342,18.0963,18.239,391900.0
2017-06-20,MSTR,18.187,18.394,18.187,18.314,425350.0
2017-06-21,MSTR,18.363,18.534,18.28,18.447,795520.0
2017-06-22,MSTR,18.51,18.511,18.287,18.46,944000.0
2017-06-23,MSTR,18.468,18.777,18.3745,18.495,2630300.0
2017-06-26,MSTR,18.56,18.782,18.456,18.484,1496620.0
2017-06-27,MSTR,18.411,18.727,18.411,18.511,1082810.0
2017-06-28,MSTR,18.599,18.967,18.55,18.883,1218920.0
2017-06-29,MSTR,18.912,18.999,18.651,18.91,1665580.0
2017-06-30,MSTR,18.97,19.347,18.91,19.167,1801060.0
2017-07-03,MSTR,19.204,19.2245,18.61,18.654,465250.0
2017-07-05,MSTR,18.632,18.689,18.359,18.452,670280.0
2017-07-06,MSTR,18.306,18.499,18.18,18.262,580410.0
2017-07-07,MSTR,18.344,18.696,18.344,18.499,479350.0
2017-07-10,MSTR,18.468,18.695,18.307,18.377,458280.0
2017-07-11,MSTR,18.432,18.687,18.229,18.434,772280.0
2017-07-12,MSTR,18.511,18.865,18.511,18.768,447580.0
2017-07-13,MSTR,18.72,19.449,18.468,18.579,326050.0
2017-07-14,MSTR,18.58,18.625,18.438,18.473,322860.0
2017-07-17,MSTR,18.472,18.6795,18.416,18.582,485680.0
2017-07-18,MSTR,18.636,18.898,18.5444,18.875,790820.0
2017-07-19,MSTR,18.927,19.009,18.639,18.981,621010.0
2017-07-20,MSTR,18.98,19.116,18.791,18.932,544800.0
2017-07-21,MSTR,18.973,18.973,18.75,18.848,822100.0
2017-07-24,MSTR,18.781,19.342,18.7728,19.19,727280.0
2017-07-25,MSTR,19.22,19.635,19.009,19.251,1125570.0
2017-07-26,MSTR,19.3,19.61,18.903,19.156,282850.0
2017-07-27,MSTR,19.194,19.28,18.618,18.918,452050.0
2017-07-28,MSTR,17.0,17.039,13.521,13.999,7943670.0
2017-07-31,MSTR,13.99,14.071,13.417,13.451,3509940.0
2017-08-01,MSTR,13.49,13.807,13.319,13.628,3111620.0
2017-08-02,MSTR,13.629,13.7319,13.381,13.593,1645200.0
2017-08-03,MSTR,13.592,13.592,13.226,13.356,1346560.0
2017-08-04,MSTR,13.356,13.589,13.298,13.573,1580300.0
2017-08-07,MSTR,13.556,13.563,13.1505,13.213,1540160.0
2017-08-08,MSTR,13.198,13.2416,13.067,13.149,1249830.0
2017-08-09,MSTR,13.092,13.292,12.877,13.06,1151290.0
2017-08-10,MSTR,12.989,13.0597,12.71,12.774,1358230.0
2017-08-11,MSTR,12.814,12.989,12.607,12.901,1578060.0
2017-08-14,MSTR,12.905,13.249,12.852,12.892,3439050.0
2017-08-15,MSTR,12.873,12.986,12.725,12.869,1943000.0
2017-08-16,MSTR,12.889,12.9535,12.723,12.872,1253590.0
2017-08-17,MSTR,12.813,12.9263,12.679,12.746,1235160.0
2017-08-18,MSTR,12.694,12.749,12.515,12.593,1838830.0
2017-08-21,MSTR,12.56,12.621,12.336,12.521,1537030.0
2017-08-22,MSTR,12.572,12.816,12.5656,12.614,1346890.0
2017-08-23,MSTR,12.584,12.659,12.5,12.564,586860.0
2017-08-24,MSTR,12.611,12.679,12.535,12.564,440670.0
2017-08-25,MSTR,12.643,12.663,12.517,12.576,408810.0
2017-08-28,MSTR,12.578,12.642,12.53,12.631,1001680.0
2017-08-29,MSTR,12.538,12.848,12.533,12.67,1590890.0
2017-08-30,MSTR,12.695,12.71,12.506,12.573,1426080.0
2017-08-31,MSTR,12.625,13.012,12.588,12.9,1302250.0
2017-09-01,MSTR,12.894,12.962,12.757,12.85,971430.0
2017-09-05,MSTR,12.816,12.888,12.7083,12.831,1161030.0
2017-09-06,MSTR,12.817,12.9065,12.775,12.819,1565720.0
2017-09-07,MSTR,12.887,13.0395,12.7905,12.836,944370.0
2017-09-08,MSTR,12.815,12.893,12.713,12.825,1438640.0
2017-09-11,MSTR,12.892,12.926,12.797,12.82,1388240.0
2017-09-12,MSTR,12.819,12.942,12.818,12.852,2694160.0
2017-09-13,MSTR,12.871,13.346,12.856,13.221,1341310.0
2017-09-14,MSTR,13.205,13.218,12.97,13.01,874940.0
2017-09-15,MSTR,12.939,13.125,12.601,12.681,1507560.0
2017-09-18,MSTR,12.671,12.733,12.526,12.595,1757890.0
2017-09-19,MSTR,12.649,12.6962,12.501,12.585,882810.0
2017-09-20,MSTR,12.577,12.6145,12.45,12.53,726540.0
2017-09-21,MSTR,12.466,12.6252,12.3154,12.451,673370.0
2017-09-22,MSTR,12.393,12.5555,12.393,12.476,583730.0
2017-09-25,MSTR,12.479,12.5,12.2905,12.396,510240.0
2017-09-26,MSTR,12.444,12.512,12.407,12.454,880740.0
2017-09-27,MSTR,12.491,12.8,12.4821,12.733,928520.0
2017-09-28,MSTR,12.727,12.811,12.691,12.772,687160.0
2017-09-29,MSTR,12.8,12.851,12.685,12.771,505810.0
2017-10-02,MSTR,12.8,12.986,12.8,12.906,698690.0
2017-10-03,MSTR,12.906,12.9969,12.817,12.927,572930.0
2017-10-04,MSTR,12.997,13.128,12.93,13.099,1138860.0
2017-10-05,MSTR,13.098,13.15,12.9165,13.116,741130.0
2017-10-06,MSTR,13.111,13.195,12.9061,13.136,546810.0
2017-10-09,MSTR,13.185,13.274,13.0735,13.212,748300.0
2017-10-10,MSTR,13.223,13.282,13.193,13.235,693680.0
2017-10-11,MSTR,13.223,13.29,13.133,13.213,651520.0
2017-10-12,MSTR,13.212,13.407,13.195,13.357,801450.0
2017-10-13,MSTR,13.406,13.6015,13.36,13.5,1914110.0
2017-10-16,MSTR,13.499,13.59,13.499,13.583,989530.0
2017-10-17,MSTR,13.6,13.744,13.518,13.589,1036200.0
2017-10-18,MSTR,13.588,13.7095,13.5425,13.6,665650.0
2017-10-19,MSTR,13.574,13.661,13.4801,13.556,707130.0
2017-10-20,MSTR,13.68,13.855,13.572,13.7,1150280.0
2017-10-23,MSTR,13.727,13.77,13.6,13.688,1696090.0
2017-10-24,MSTR,13.689,13.7415,13.625,13.704,636790.0
2017-10-25,MSTR,13.688,13.816,13.51,13.785,1120090.0
2017-10-26,MSTR,13.859,14.115,13.69,14.096,1777490.0
2017-10-27,MSTR,14.125,14.337,13.626,14.086,1545360.0
2017-10-30,MSTR,14.032,14.128,13.538,13.581,1665510.0
2017-10-31,MSTR,13.644,13.803,13.134,13.226,2358050.0
2017-11-01,MSTR,13.34,13.496,12.968,13.454,1590050.0
2017-11-02,MSTR,13.434,13.509,13.156,13.399,1081930.0
2017-11-03,MSTR,13.401,13.416,13.248,13.368,1229460.0
2017-11-06,MSTR,13.332,13.599,13.261,13.43,1237460.0
2017-11-07,MSTR,13.445,13.445,13.268,13.371,869860.0
2017-11-08,MSTR,13.301,13.4795,13.2565,13.439,918530.0
2017-11-09,MSTR,13.2975,13.4975,13.216,13.339,953020.0
2017-11-10,MSTR,13.31,13.4395,13.21,13.35,803790.0
2017-11-13,MSTR,13.265,13.399,13.162,13.222,830050.0
2017-11-14,MSTR,13.179,13.419,13.087,13.318,1980740.0
2017-11-15,MSTR,13.262,13.36,13.162,13.224,1329430.0
2017-11-16,MSTR,13.278,13.457,13.278,13.342,850150.0
2017-11-17,MSTR,13.307,13.426,13.252,13.376,1023410.0
2017-11-20,MSTR,13.4,13.493,13.379,13.459,848620.0
2017-11-21,MSTR,13.534,13.7,13.499,13.7,658020.0
2017-11-22,MSTR,13.7,13.786,13.5787,13.746,406910.0
2017-11-24,MSTR,13.812,13.812,13.6,13.743,297400.0
2017-11-27,MSTR,13.744,13.825,13.606,13.63,584150.0
2017-11-28,MSTR,13.625,13.845,13.541,13.82,483190.0
2017-11-29,MSTR,13.85,13.85,13.6072,13.659,607350.0
2017-11-30,MSTR,13.716,13.77,13.5,13.676,556770.0
2017-12-01,MSTR,13.684,13.7665,13.342,13.5,545520.0
2017-12-04,MSTR,13.616,13.763,13.468,13.523,1169890.0
2017-12-05,MSTR,13.526,13.6535,13.344,13.456,548110.0
2017-12-06,MSTR,13.438,13.618,13.357,13.447,768450.0
2017-12-07,MSTR,13.256,13.631,13.107,13.399,951470.0
2017-12-08,MSTR,13.454,13.88,13.2905,13.625,993200.0
2017-12-11,MSTR,13.637,13.637,13.312,13.368,1013020.0
2017-12-12,MSTR,13.387,13.519,13.189,13.236,521930.0
2017-12-13,MSTR,13.278,13.494,13.179,13.285,1015930.0
2017-12-14,MSTR,13.309,13.3145,13.045,13.175,1058630.0
2017-12-15,MSTR,13.162,13.379,12.975,13.265,1867460.0
2017-12-18,MSTR,13.287,13.583,13.2175,13.398,653280.0
2017-12-19,MSTR,13.397,13.604,13.273,13.482,1060050.0
2017-12-20,MSTR,13.521,13.648,13.2765,13.507,673980.0
2017-12-21,MSTR,13.539,13.599,13.275,13.365,652120.0
2017-12-22,MSTR,13.356,13.457,13.15,13.193,824460.0
2017-12-26,MSTR,13.2028,13.237,13.069,13.104,814810.0
2017-12-27,MSTR,13.099,13.282,13.0505,13.139,599790.0
2017-12-28,MSTR,13.201,13.248,13.12,13.16,312700.0
2017-12-29,MSTR,13.181,13.296,13.089,13.13,370410.0
2018-01-02,MSTR,13.164,13.4669,13.055,13.18,555220.0
2018-01-03,MSTR,13.193,13.4005,13.17,13.238,719920.0
2018-01-04,MSTR,13.326,13.544,13.304,13.506,765410.0
2018-01-05,MSTR,13.534,13.589,13.401,13.501,511670.0
2018-01-08,MSTR,13.477,13.694,13.395,13.661,567840.0
2018-01-09,MSTR,13.669,13.696,13.411,13.625,551160.0
2018-01-10,MSTR,13.46,13.696,13.429,13.662,427740.0
2018-01-11,MSTR,13.697,13.959,13.449,13.836,582120.0
2018-01-12,MSTR,13.862,13.98,13.705,13.975,536910.0
2018-01-16,MSTR,13.996,14.215,13.8,13.831,631780.0
2018-01-17,MSTR,13.86,13.985,13.793,13.96,518360.0
2018-01-18,MSTR,13.899,13.999,13.788,13.885,719110.0
2018-01-19,MSTR,13.858,14.118,13.803,14.098,725160.0
2018-01-22,MSTR,14.065,14.098,13.854,13.922,569860.0
2018-01-23,MSTR,13.933,14.034,13.801,13.91,351850.0
2018-01-24,MSTR,13.968,14.058,13.8005,13.829,896830.0
2018-01-25,MSTR,13.847,14.0145,13.673,13.733,1752500.0
2018-01-26,MSTR,13.777,13.968,13.2,13.779,2144680.0
2018-01-29,MSTR,13.712,13.899,13.4821,13.795,999700.0
2018-01-30,MSTR,13.706,13.916,13.635,13.838,901510.0
2018-01-31,MSTR,13.853,13.985,13.697,13.773,752700.0
2018-02-01,MSTR,13.682,13.959,13.649,13.914,1032830.0
2018-02-02,MSTR,13.841,13.882,13.531,13.577,652940.0
2018-02-05,MSTR,13.5,13.54,13.101,13.159,748420.0
2018-02-06,MSTR,12.947,13.431,12.85,13.3,798040.0
2018-02-07,MSTR,13.292,13.5565,13.009,13.352,668040.0
2018-02-08,MSTR,13.351,13.44,13.142,13.153,1207660.0
2018-02-09,MSTR,13.253,13.295,12.852,13.062,941570.0
2018-02-12,MSTR,13.119,13.314,12.942,13.287,1716400.0
2018-02-13,MSTR,13.239,13.4995,13.171,13.451,591090.0
2018-02-14,MSTR,13.34,13.6,13.281,13.583,1475830.0
2018-02-15,MSTR,13.659,13.914,13.544,13.785,834530.0
2018-02-16,MSTR,13.77,13.865,13.64,13.755,685880.0
2018-02-20,MSTR,13.724,13.886,13.669,13.799,525790.0
2018-02-21,MSTR,13.826,13.971,13.635,13.677,838300.0
2018-02-22,MSTR,13.73,13.8,13.605,13.737,646870.0
2018-02-23,MSTR,13.764,13.8445,13.6623,13.798,404380.0
2018-02-26,MSTR,13.819,13.8545,13.682,13.769,615160.0
2018-02-27,MSTR,13.772,13.8555,13.456,13.516,861760.0
2018-02-28,MSTR,13.571,13.6835,12.78,12.798,1785610.0
2018-03-01,MSTR,12.797,12.966,12.216,12.387,2221830.0
2018-03-02,MSTR,12.297,12.669,12.252,12.543,1911570.0
2018-03-05,MSTR,12.484,13.465,12.484,13.414,2034270.0
2018-03-06,MSTR,13.473,13.558,13.2105,13.32,1150500.0
2018-03-07,MSTR,13.196,13.4145,13.14,13.325,1020880.0
2018-03-08,MSTR,13.5,13.5,13.155,13.421,639960.0
2018-03-09,MSTR,13.534,13.693,13.366,13.627,1082220.0
2018-03-12,MSTR,13.658,13.658,13.3605,13.607,800650.0
2018-03-13,MSTR,13.67,13.67,13.414,13.504,1120270.0
2018-03-14,MSTR,13.529,13.529,13.325,13.343,475380.0
2018-03-15,MSTR,13.36,13.636,13.1845,13.337,972890.0
2018-03-16,MSTR,13.28,13.307,13.103,13.176,1160830.0
2018-03-19,MSTR,13.154,13.154,12.8221,13.085,564940.0
2018-03-20,MSTR,13.094,13.199,12.975,13.071,565510.0
2018-03-21,MSTR,13.083,13.273,12.825,13.073,375150.0
2018-03-22,MSTR,12.973,13.272,12.836,13.086,1439650.0
2018-03-23,MSTR,12.9495,13.077,12.775,12.977,1415570.0
2018-03-26,MSTR,13.083,13.122,12.848,13.07,644090.0
2018-03-27,MSTR,13.125,13.3145,12.676,12.842,917010.0
2018-03-28,MSTR,12.822,12.911,12.5945,12.77,894670.0
2018-03-29,MSTR,12.819,13.137,12.734,12.899,1439930.0
2018-04-02,MSTR,12.871,13.241,12.479,12.554,1152910.0
2018-04-03,MSTR,12.626,12.8965,12.5035,12.682,599050.0
2018-04-04,MSTR,12.4,12.724,12.3,12.68,1334090.0
2018-04-05,MSTR,12.77,12.864,12.674,12.758,1015750.0
2018-04-06,MSTR,12.695,12.813,12.46,12.587,763180.0
2018-04-09,MSTR,12.657,12.794,12.532,12.544,626620.0
2018-04-10,MSTR,12.671,12.871,12.534,12.751,1045190.0
2018-04-11,MSTR,12.9845,12.999,12.7,12.87,860610.0
2018-04-12,MSTR,12.914,13.083,12.734,12.952,1119850.0
2018-04-13,MSTR,13.018,13.09,12.7745,13.018,1089530.0
2018-04-16,MSTR,13.074,13.29,12.798,13.236,852320.0
2018-04-17,MSTR,13.27,13.51,13.27,13.463,1479470.0
2018-04-18,MSTR,13.471,13.624,13.386,13.482,503770.0
2018-04-19,MSTR,13.454,13.565,13.304,13.424,384420.0
2018-04-20,MSTR,13.368,13.368,13.088,13.155,423880.0
2018-04-23,MSTR,13.238,13.344,13.033,13.152,296690.0
2018-04-24,MSTR,13.214,13.2825,12.873,13.034,879930.0
2018-04-25,MSTR,13.066,13.23,12.9,13.158,536760.0
2018-04-26,MSTR,13.202,13.4065,13.002,13.229,398820.0
2018-04-27,MSTR,12.5,12.981,12.362,12.669,1380900.0
2018-04-30,MSTR,12.677,13.045,12.584,12.746,1267400.0
2018-05-01,MSTR,12.728,13.124,12.62,13.082,1345410.0
2018-05-02,MSTR,13.084,13.4092,12.858,13.031,921360.0
2018-05-03,MSTR,13.007,13.28,12.696,12.912,734540.0
2018-05-04,MSTR,12.87,13.0935,12.87,13.02,705650.0
2018-05-07,MSTR,13.041,13.168,12.9365,12.993,466250.0
2018-05-08,MSTR,13.0,13.146,12.862,13.104,836680.0
2018-05-09,MSTR,13.123,13.149,12.942,13.06,309830.0
2018-05-10,MSTR,13.111,13.235,12.944,13.018,765700.0
2018-05-11,MSTR,13.046,13.0725,12.875,12.928,522010.0
2018-05-14,MSTR,12.958,12.958,12.661,12.713,686400.0
2018-05-15,MSTR,12.649,12.903,12.649,12.746,1177490.0
2018-05-16,MSTR,12.728,12.9665,12.728,12.881,711740.0
2018-05-17,MSTR,12.858,12.976,12.827,12.948,800100.0
2018-05-18,MSTR,12.989,13.15,12.975,13.08,942210.0
2018-05-21,MSTR,13.088,13.192,12.901,13.018,879410.0
2018-05-22,MSTR,13.054,13.1315,12.845,12.975,728140.0
2018-05-23,MSTR,12.926,13.059,12.874,13.01,552210.0
2018-05-24,MSTR,13.013,13.113,12.872,13.095,852000.0
2018-05-25,MSTR,13.104,13.205,12.9835,13.072,502260.0
2018-05-29,MSTR,13.032,13.136,12.9,12.927,617330.0
2018-05-30,MSTR,12.981,13.386,12.981,13.224,678240.0
2018-05-31,MSTR,13.224,13.5289,12.912,12.957,765040.0
2018-06-01,MSTR,13.005,13.12,12.8978,13.042,703740.0
2018-06-04,MSTR,13.108,13.154,12.928,13.112,594780.0
2018-06-05,MSTR,13.146,13.286,13.082,13.131,493550.0
2018-06-06,MSTR,13.186,13.3665,13.121,13.178,550800.0
2018-06-07,MSTR,13.141,13.181,12.925,12.99,548920.0
2018-06-08,MSTR,12.987,13.175,12.9755,12.996,349790.0
2018-06-11,MSTR,13.015,13.141,12.907,13.109,407900.0
2018-06-12,MSTR,13.137,13.272,13.004,13.252,350990.0
2018-06-13,MSTR,13.251,13.384,13.1255,13.272,735670.0
2018-06-14,MSTR,13.242,13.346,13.1585,13.316,496890.0
2018-06-15,MSTR,13.272,13.529,13.272,13.474,1005510.0
2018-06-18,MSTR,13.428,13.647,13.3515,13.578,705510.0
2018-06-19,MSTR,13.489,13.603,13.343,13.55,617240.0
2018-06-20,MSTR,13.551,13.699,13.4623,13.5,578100.0
2018-06-21,MSTR,13.515,13.5499,12.9361,13.246,448920.0
2018-06-22,MSTR,13.314,13.314,13.098,13.115,2391200.0
2018-06-25,MSTR,13.069,13.242,12.7455,12.876,661450.0
2018-06-26,MSTR,12.869,13.004,12.8361,12.961,543650.0
2018-06-27,MSTR,12.983,12.999,12.496,12.506,628940.0
2018-06-28,MSTR,12.485,12.759,12.4,12.73,678080.0
2018-06-29,MSTR,12.773,12.893,12.727,12.775,853990.0
2018-07-02,MSTR,12.7,12.968,12.6,12.963,1109500.0
2018-07-03,MSTR,13.029,13.206,12.989,13.176,394610.0
2018-07-05,MSTR,13.194,13.416,13.156,13.405,655380.0
2018-07-06,MSTR,13.378,13.586,13.343,13.488,481460.0
2018-07-09,MSTR,13.454,13.6115,13.41,13.512,492210.0
2018-07-10,MSTR,13.55,13.601,13.4625,13.492,586450.0
2018-07-11,MSTR,13.353,13.507,13.31,13.426,492630.0
2018-07-12,MSTR,13.524,13.691,13.47,13.631,604360.0
2018-07-13,MSTR,13.633,13.722,13.56,13.583,347830.0
2018-07-16,MSTR,13.601,13.616,13.4122,13.53,360150.0
2018-07-17,MSTR,13.4185,13.519,13.396,13.488,348770.0
2018-07-18,MSTR,13.509,13.606,13.467,13.583,452700.0
2018-07-19,MSTR,13.537,13.781,13.537,13.754,476300.0
2018-07-20,MSTR,13.725,13.7613,13.522,13.529,364600.0
2018-07-23,MSTR,13.509,13.5135,13.321,13.42,382080.0
2018-07-24,MSTR,13.505,13.516,13.17,13.332,1445220.0
2018-07-25,MSTR,13.339,13.632,13.318,13.527,518960.0
2018-07-26,MSTR,13.504,13.74,13.382,13.738,754570.0
2018-07-27,MSTR,13.85,13.85,12.848,12.916,1268390.0
2018-07-30,MSTR,12.929,13.075,12.632,12.793,916560.0
2018-07-31,MSTR,12.812,13.031,12.637,13.015,946380.0
2018-08-01,MSTR,13.035,13.313,13.035,13.231,724630.0
2018-08-02,MSTR,13.142,13.669,13.118,13.655,2251530.0
2018-08-03,MSTR,13.665,13.749,13.248,13.489,615220.0
2018-08-06,MSTR,13.447,13.75,13.42,13.717,1622020.0
2018-08-07,MSTR,13.75,13.96,13.729,13.786,485130.0
2018-08-08,MSTR,13.824,13.962,13.6761,13.797,733790.0
2018-08-09,MSTR,13.854,14.203,13.854,13.975,872340.0
2018-08-10,MSTR,13.914,14.26,13.914,14.146,721920.0
2018-08-13,MSTR,14.121,14.29,13.851,14.078,572760.0
2018-08-14,MSTR,14.178,14.381,14.106,14.215,715260.0
2018-08-15,MSTR,14.123,14.281,13.953,14.057,689570.0
2018-08-16,MSTR,14.093,14.307,13.9425,14.107,660910.0
2018-08-17,MSTR,14.053,14.19,13.922,13.953,2092280.0
2018-08-20,MSTR,14.008,14.295,13.871,14.092,908530.0
2018-08-21,MSTR,14.176,14.287,14.07,14.107,336040.0
2018-08-22,MSTR,14.04,14.2738,14.02,14.156,724900.0
2018-08-23,MSTR,14.107,14.277,14.04,14.179,334220.0
2018-08-24,MSTR,14.24,15.008,14.2353,14.967,2248920.0
2018-08-27,MSTR,14.967,14.967,14.6555,14.693,870480.0
2018-08-28,MSTR,14.737,14.885,14.675,14.784,734290.0
2018-08-29,MSTR,14.8,14.905,14.702,14.78,509350.0
2018-08-30,MSTR,14.778,14.884,14.652,14.718,308050.0
2018-08-31,MSTR,14.726,14.919,14.652,14.9,440550.0
2018-09-04,MSTR,14.849,14.849,14.658,14.775,509230.0
2018-09-05,MSTR,14.731,14.731,14.2504,14.484,802670.0
2018-09-06,MSTR,14.522,14.5655,14.252,14.481,831380.0
2018-09-07,MSTR,14.426,14.517,14.2,14.454,997750.0
2018-09-10,MSTR,14.487,14.747,14.374,14.677,504720.0
2018-09-11,MSTR,14.638,14.806,14.566,14.78,396760.0
2018-09-12,MSTR,14.758,14.96,14.546,14.889,684220.0
2018-09-13,MSTR,14.934,14.9855,14.67,14.769,419660.0
2018-09-14,MSTR,14.793,14.9865,14.772,14.913,522040.0
2018-09-17,MSTR,14.913,14.913,14.604,14.71,603580.0
2018-09-18,MSTR,14.74,15.1225,14.664,14.996,987390.0
2018-09-19,MSTR,14.996,15.075,14.621,14.781,631900.0
2018-09-20,MSTR,14.864,14.864,14.537,14.765,464960.0
2018-09-21,MSTR,14.792,14.9135,14.662,14.812,1095180.0
2018-09-24,MSTR,14.752,14.8755,14.667,14.738,681550.0
2018-09-25,MSTR,14.783,14.849,14.642,14.681,879370.0
2018-09-26,MSTR,14.24,14.445,14.131,14.141,1944920.0
2018-09-27,MSTR,14.168,14.2915,14.021,14.054,668470.0
2018-09-28,MSTR,14.044,14.1355,13.916,14.062,810650.0
2018-10-01,MSTR,14.123,14.196,13.624,13.647,1105230.0
2018-10-02,MSTR,13.65,13.65,13.178,13.249,772060.0
2018-10-03,MSTR,13.288,13.472,13.201,13.348,891820.0
2018-10-04,MSTR,13.351,13.351,12.9925,13.17,716270.0
2018-10-05,MSTR,13.171,13.254,12.9525,13.12,579750.0
2018-10-08,MSTR,13.094,13.2305,12.878,13.084,1437950.0
2018-10-09,MSTR,13.03,13.218,12.864,13.071,650770.0
2018-10-10,MSTR,13.033,13.033,12.625,12.672,862700.0
2018-10-11,MSTR,12.617,12.966,12.609,12.68,1067700.0
2018-10-12,MSTR,12.841,12.9565,12.6075,12.728,833710.0
2018-10-15,MSTR,12.696,12.944,12.675,12.801,777430.0
2018-10-16,MSTR,12.896,13.196,12.892,13.115,1356020.0
2018-10-17,MSTR,13.081,13.1695,12.96,13.054,929970.0
2018-10-18,MSTR,13.036,13.0425,12.7685,12.827,822410.0
2018-10-19,MSTR,12.838,12.905,12.558,12.648,691170.0
2018-10-22,MSTR,12.686,12.8985,12.686,12.758,1217100.0
2018-10-23,MSTR,12.619,12.771,12.377,12.687,664490.0
2018-10-24,MSTR,12.653,12.793,12.124,12.125,1329840.0
2018-10-25,MSTR,12.172,12.4547,12.124,12.325,1030730.0
2018-10-26,MSTR,12.067,12.81,12.067,12.249,2460290.0
2018-10-29,MSTR,12.386,12.731,12.068,12.171,1278200.0
2018-10-30,MSTR,12.125,12.5,12.026,12.404,2571840.0
2018-10-31,MSTR,12.569,12.741,12.54,12.597,2093340.0
2018-11-01,MSTR,12.628,12.746,12.52,12.563,935400.0
2018-11-02,MSTR,12.621,12.732,12.4875,12.673,1125110.0
2018-11-05,MSTR,12.709,12.739,12.4395,12.664,955490.0
2018-11-06,MSTR,12.636,12.869,12.564,12.633,844900.0
2018-11-07,MSTR,12.701,13.018,12.64,12.986,2564190.0
2018-11-08,MSTR,12.959,12.985,12.793,12.851,1096200.0
2018-11-09,MSTR,12.812,12.866,12.654,12.828,870790.0
2018-11-12,MSTR,12.822,12.826,12.6023,12.659,885000.0
2018-11-13,MSTR,12.694,12.9,12.458,12.591,1767190.0
2018-11-14,MSTR,12.647,12.6895,12.537,12.545,1057800.0
2018-11-15,MSTR,12.536,12.853,12.5205,12.742,861650.0
2018-11-16,MSTR,12.657,12.781,12.497,12.708,1881030.0
2018-11-19,MSTR,12.668,12.668,12.442,12.445,1134260.0
2018-11-20,MSTR,12.333,12.506,12.245,12.302,1863580.0
2018-11-21,MSTR,12.4,12.578,12.374,12.518,660190.0
2018-11-23,MSTR,12.441,12.571,12.435,12.435,366780.0
2018-11-26,MSTR,12.57,12.65,12.507,12.608,1213310.0
2018-11-27,MSTR,12.536,12.652,12.463,12.528,1125600.0
2018-11-28,MSTR,12.564,12.776,12.529,12.746,2714140.0
2018-11-29,MSTR,12.664,12.855,12.664,12.776,1205220.0
2018-11-30,MSTR,12.758,12.978,12.716,12.964,1283270.0
2018-12-03,MSTR,13.15,13.15,12.901,13.107,1382090.0
2018-12-04,MSTR,13.06,13.357,12.622,12.671,1150170.0
2018-12-06,MSTR,12.526,12.802,12.526,12.765,1371430.0
2018-12-07,MSTR,12.765,12.918,12.698,12.758,956420.0
2018-12-10,MSTR,12.683,12.885,12.673,12.764,1225640.0
2018-12-11,MSTR,12.899,12.985,12.55,12.699,1139450.0
2018-12-12,MSTR,12.666,12.941,12.578,12.785,1815320.0
2018-12-13,MSTR,12.84,12.89,12.7055,12.81,651680.0
2018-12-14,MSTR,12.727,12.872,12.61,12.692,825180.0
2018-12-17,MSTR,12.669,12.669,12.257,12.282,1255960.0
2018-12-18,MSTR,12.419,12.5685,12.246,12.335,856320.0
2018-12-19,MSTR,12.335,12.479,12.176,12.283,915740.0
2018-12-20,MSTR,12.236,12.3,11.9313,12.061,1080220.0
2018-12-21,MSTR,12.092,12.157,11.627,11.658,1481050.0
2018-12-24,MSTR,11.607,12.1246,11.55,11.67,847640.0
2018-12-26,MSTR,11.704,12.132,11.63,12.109,1212940.0
2018-12-27,MSTR,11.984,12.609,11.984,12.595,1231090.0
2018-12-28,MSTR,12.655,12.827,12.588,12.688,941650.0
2018-12-31,MSTR,12.709,12.8195,12.563,12.775,999300.0
2019-01-02,MSTR,12.604,12.901,12.604,12.857,930530.0
2019-01-03,MSTR,12.776,12.87,12.597,12.657,1083120.0
2019-01-04,MSTR,12.745,13.102,12.644,13.04,1198480.0
2019-01-07,MSTR,13.039,13.271,13.039,13.123,753860.0
2019-01-08,MSTR,13.213,13.266,12.972,13.231,1082930.0
2019-01-09,MSTR,13.229,13.4108,13.1335,13.158,1061770.0
2019-01-10,MSTR,13.23,13.366,13.135,13.251,1207190.0
2019-01-11,MSTR,13.172,13.386,13.144,13.386,938150.0
2019-01-14,MSTR,13.324,13.35,13.098,13.211,852920.0
2019-01-15,MSTR,13.222,13.451,13.222,13.431,385750.0
2019-01-16,MSTR,13.449,13.554,13.307,13.384,1595150.0
2019-01-17,MSTR,13.36,13.572,13.3475,13.488,1169710.0
2019-01-18,MSTR,13.512,13.7655,12.752,13.632,813480.0
2019-01-22,MSTR,13.573,13.8485,13.524,13.724,811890.0
2019-01-23,MSTR,13.723,13.911,13.612,13.748,717160.0
2019-01-24,MSTR,13.739,13.856,13.546,13.828,557370.0
2019-01-25,MSTR,13.905,13.989,13.832,13.94,534220.0
2019-01-28,MSTR,13.822,14.023,13.326,13.851,827400.0
2019-01-29,MSTR,13.848,13.896,13.696,13.827,1114650.0
2019-01-30,MSTR,12.81,13.99,12.535,12.737,5630530.0
2019-01-31,MSTR,12.594,12.89,12.594,12.689,2038580.0
2019-02-01,MSTR,12.777,12.867,12.703,12.804,1581470.0
2019-02-04,MSTR,12.7,13.069,12.7,13.005,1568720.0
2019-02-05,MSTR,13.0,13.284,12.955,13.215,1655460.0
2019-02-06,MSTR,13.193,13.193,12.815,12.827,1892390.0
2019-02-07,MSTR,12.815,12.959,12.782,12.914,980030.0
2019-02-08,MSTR,12.841,13.1445,12.841,13.078,2667170.0
2019-02-11,MSTR,13.287,13.708,13.287,13.68,1148990.0
2019-02-12,MSTR,13.809,14.216,13.71,14.211,1190820.0
2019-02-13,MSTR,14.255,14.3,13.969,14.043,1213300.0
2019-02-14,MSTR,14.034,14.2395,13.982,14.006,1192320.0
2019-02-15,MSTR,14.075,14.133,13.987,14.106,1002220.0
2019-02-19,MSTR,14.078,14.2,14.032,14.191,1030140.0
2019-02-20,MSTR,14.188,14.335,14.024,14.042,1486230.0
2019-02-21,MSTR,14.039,14.338,14.039,14.313,937630.0
2019-02-22,MSTR,14.314,14.545,14.275,14.541,1011530.0
2019-02-25,MSTR,14.634,14.7445,14.488,14.619,1161610.0
2019-02-26,MSTR,14.614,14.614,14.179,14.18,879540.0
2019-02-27,MSTR,14.151,14.1695,14.002,14.119,758100.0
2019-02-28,MSTR,14.101,14.269,13.967,14.15,778660.0
2019-03-01,MSTR,14.224,14.465,14.155,14.174,856650.0
2019-03-04,MSTR,14.235,14.235,13.797,13.931,985160.0
2019-03-05,MSTR,13.932,13.939,13.822,13.866,537480.0
2019-03-06,MSTR,13.867,13.909,13.638,13.697,1305020.0
2019-03-07,MSTR,13.689,13.811,13.5809,13.735,846290.0
2019-03-08,MSTR,13.627,13.858,13.551,13.812,1202030.0
2019-03-11,MSTR,13.827,14.306,13.809,14.3,1338670.0
2019-03-12,MSTR,14.307,14.533,13.7491,14.519,1408540.0
2019-03-13,MSTR,14.58,14.808,14.519,14.75,1916140.0
2019-03-14,MSTR,14.742,14.835,14.546,14.8,1204860.0
2019-03-15,MSTR,14.854,14.991,14.779,14.833,2612600.0
2019-03-18,MSTR,14.82,14.863,14.618,14.783,854970.0
2019-03-19,MSTR,14.819,14.85,14.661,14.74,792070.0
2019-03-20,MSTR,14.705,14.822,14.511,14.754,801310.0
2019-03-21,MSTR,14.744,15.05,14.641,14.962,762270.0
2019-03-22,MSTR,14.9,14.946,14.361,14.383,898440.0
2019-03-25,MSTR,14.333,14.4865,14.176,14.409,742270.0
2019-03-26,MSTR,14.46,14.603,14.379,14.565,573040.0
2019-03-27,MSTR,14.532,14.644,14.178,14.362,923660.0
2019-03-28,MSTR,14.383,14.559,14.315,14.48,598740.0
2019-03-29,MSTR,14.498,14.75,14.22,14.425,880240.0
2019-04-01,MSTR,14.524,14.741,14.379,14.734,1021170.0
2019-04-02,MSTR,14.715,14.717,14.3863,14.62,559880.0
2019-04-03,MSTR,14.678,14.867,14.667,14.793,634120.0
2019-04-04,MSTR,14.798,14.798,14.297,14.457,495780.0
2019-04-05,MSTR,14.463,14.669,14.456,14.652,647580.0
2019-04-08,MSTR,14.611,14.634,14.3935,14.442,639580.0
2019-04-09,MSTR,14.431,14.5255,14.369,14.413,542220.0
2019-04-10,MSTR,14.413,14.784,14.3675,14.774,673980.0
2019-04-11,MSTR,14.735,14.9615,14.5827,14.852,647700.0
2019-04-12,MSTR,14.939,15.093,14.808,15.065,527480.0
2019-04-15,MSTR,15.035,15.2375,14.885,14.954,772100.0
2019-04-16,MSTR,15.012,15.1385,14.8715,15.112,655150.0
2019-04-17,MSTR,15.148,15.2,14.6554,14.811,742840.0
2019-04-18,MSTR,14.772,14.813,14.358,14.648,845510.0
2019-04-22,MSTR,14.583,14.831,14.401,14.734,979130.0
2019-04-23,MSTR,14.794,14.948,14.734,14.916,1177230.0
2019-04-24,MSTR,14.957,15.081,14.912,14.954,709240.0
2019-04-25,MSTR,14.924,15.066,14.701,14.8,717900.0
2019-04-26,MSTR,14.824,14.985,14.753,14.942,1003480.0
2019-04-29,MSTR,14.973,15.108,14.841,14.923,995980.0
2019-04-30,MSTR,14.992,15.198,14.705,14.97,1326650.0
2019-05-01,MSTR,14.252,14.969,13.981,14.102,3508070.0
2019-05-02,MSTR,14.074,14.235,13.967,14.084,948050.0
2019-05-03,MSTR,14.201,14.814,14.031,14.103,909130.0
2019-05-06,MSTR,13.962,14.212,13.9605,14.145,785200.0
2019-05-07,MSTR,14.011,14.108,13.795,13.887,1113580.0
2019-05-08,MSTR,13.83,13.939,13.6875,13.797,1003600.0
2019-05-09,MSTR,13.687,13.867,13.554,13.813,878720.0
2019-05-10,MSTR,13.768,13.939,13.55,13.926,793290.0
2019-05-13,MSTR,13.709,13.7275,13.484,13.505,844760.0
2019-05-14,MSTR,13.549,13.68,13.482,13.65,625730.0
2019-05-15,MSTR,13.566,13.782,13.518,13.622,483900.0
2019-05-16,MSTR,13.656,13.856,13.656,13.806,419950.0
2019-05-17,MSTR,13.712,13.856,13.681,13.684,905520.0
2019-05-20,MSTR,13.596,13.71,13.56,13.627,733810.0
2019-05-21,MSTR,13.698,13.914,13.639,13.731,899930.0
2019-05-22,MSTR,13.705,13.78,13.545,13.627,546400.0
2019-05-23,MSTR,13.546,13.616,13.318,13.392,805230.0
2019-05-24,MSTR,13.46,13.51,13.3,13.408,762920.0
2019-05-28,MSTR,13.405,13.6413,13.405,13.533,639880.0
2019-05-29,MSTR,13.456,13.505,13.328,13.375,515220.0
2019-05-30,MSTR,13.443,13.519,13.248,13.366,643190.0
2019-05-31,MSTR,13.235,13.485,13.161,13.291,615230.0
2019-06-03,MSTR,13.307,13.307,13.026,13.09,770600.0
2019-06-04,MSTR,13.201,13.388,13.101,13.382,590250.0
2019-06-05,MSTR,13.433,13.568,13.3285,13.438,642890.0
2019-06-06,MSTR,13.43,13.497,13.253,13.441,609160.0
2019-06-07,MSTR,13.489,13.726,13.452,13.714,574010.0
2019-06-10,MSTR,13.83,14.101,13.626,13.655,941580.0
2019-06-11,MSTR,13.737,13.769,13.347,13.414,601430.0
2019-06-12,MSTR,13.382,13.382,13.131,13.268,892720.0
2019-06-13,MSTR,13.329,13.741,13.13,13.205,1413560.0
2019-06-14,MSTR,13.148,13.398,13.097,13.365,648460.0
2019-06-17,MSTR,13.433,14.85,13.433,14.125,3293870.0
2019-06-18,MSTR,14.232,14.768,14.232,14.559,1938760.0
2019-06-19,MSTR,14.558,14.88,14.386,14.767,1657630.0
2019-06-20,MSTR,14.958,14.9885,14.7,14.789,1182940.0
2019-06-21,MSTR,14.727,14.958,14.408,14.672,7378410.0
2019-06-24,MSTR,14.685,14.746,14.107,14.158,1300100.0
2019-06-25,MSTR,14.155,14.155,13.91,14.016,1147210.0
2019-06-26,MSTR,14.002,14.03,13.872,13.912,830740.0
2019-06-27,MSTR,13.929,14.21,13.929,14.103,813090.0
2019-06-28,MSTR,14.15,14.393,14.003,14.331,4574840.0
2019-07-01,MSTR,14.3,14.431,13.98,14.003,1694950.0
2019-07-02,MSTR,14.077,14.132,13.939,14.05,718250.0
2019-07-03,MSTR,14.055,14.221,13.995,14.116,424820.0
2019-07-05,MSTR,14.029,14.091,13.756,14.024,643160.0
2019-07-08,MSTR,13.92,13.92,12.534,12.593,3594550.0
2019-07-09,MSTR,12.594,12.697,12.3645,12.399,2279030.0
2019-07-10,MSTR,12.437,12.5565,12.276,12.296,1317690.0
2019-07-11,MSTR,12.301,12.3932,12.229,12.279,1299860.0
2019-07-12,MSTR,12.279,12.342,12.05,12.302,1237750.0
2019-07-15,MSTR,12.297,12.472,12.281,12.362,998460.0
2019-07-16,MSTR,12.341,12.473,12.308,12.45,1050530.0
2019-07-17,MSTR,12.424,12.5,12.209,12.251,1120480.0
2019-07-18,MSTR,12.221,12.3,12.086,12.266,1097880.0
2019-07-19,MSTR,12.297,12.3409,12.175,12.175,823460.0
2019-07-22,MSTR,12.183,12.29,12.148,12.225,753750.0
2019-07-23,MSTR,12.281,12.281,12.11,12.158,639480.0
2019-07-24,MSTR,12.099,12.273,12.053,12.273,660280.0
2019-07-25,MSTR,12.243,12.259,12.1115,12.219,496110.0
2019-07-26,MSTR,12.259,12.384,12.245,12.332,834320.0
2019-07-29,MSTR,12.313,12.404,12.113,12.218,1277030.0
2019-07-30,MSTR,12.141,12.3933,12.116,12.319,1122700.0
2019-07-31,MSTR,12.7,14.072,12.7,13.673,3779930.0
2019-08-01,MSTR,13.7,13.908,13.45,13.548,1263040.0
2019-08-02,MSTR,13.495,13.743,13.315,13.43,1525800.0
2019-08-05,MSTR,13.246,13.4795,13.061,13.252,1168150.0
2019-08-06,MSTR,13.415,13.589,13.259,13.41,1300040.0
2019-08-07,MSTR,13.245,13.924,13.114,13.835,1202760.0
2019-08-08,MSTR,13.887,14.14,13.871,14.027,1265530.0
2019-08-09,MSTR,13.947,14.356,13.896,14.07,823730.0
2019-08-12,MSTR,13.959,14.094,13.802,14.074,1427140.0
2019-08-13,MSTR,14.042,14.2,13.821,13.873,1439840.0
2019-08-14,MSTR,13.711,13.934,13.553,13.795,1302190.0
2019-08-15,MSTR,13.799,13.825,13.59,13.639,817360.0
2019-08-16,MSTR,13.729,13.806,13.587,13.733,2648100.0
2019-08-19,MSTR,13.882,14.07,13.671,13.975,1005620.0
2019-08-20,MSTR,13.977,14.175,13.7125,14.051,695060.0
2019-08-21,MSTR,14.166,14.29,14.084,14.089,1460940.0
2019-08-22,MSTR,14.07,14.256,14.033,14.122,503610.0
2019-08-23,MSTR,14.059,14.228,13.761,13.811,462600.0
2019-08-26,MSTR,13.917,14.008,13.78,13.962,767620.0
2019-08-27,MSTR,14.045,14.1205,13.8,13.872,1097960.0
2019-08-28,MSTR,13.85,13.998,13.687,13.946,1062590.0
2019-08-29,MSTR,14.069,14.211,13.945,14.139,833210.0
2019-08-30,MSTR,14.252,14.381,14.1495,14.329,1466110.0
2019-09-03,MSTR,14.248,14.436,14.186,14.36,1236010.0
2019-09-04,MSTR,14.483,14.483,13.592,13.717,2953060.0
2019-09-05,MSTR,13.785,14.21,13.737,14.141,1255410.0
2019-09-06,MSTR,14.21,14.275,13.984,13.989,702130.0
2019-09-09,MSTR,13.978,14.392,13.793,14.369,1172370.0
2019-09-10,MSTR,14.185,14.496,14.069,14.496,1178760.0
2019-09-11,MSTR,14.495,14.766,14.3143,14.754,1157140.0
2019-09-12,MSTR,14.759,15.0,14.726,14.84,1273240.0
2019-09-13,MSTR,14.85,14.941,14.5335,14.578,1213630.0
2019-09-16,MSTR,14.484,14.759,14.429,14.745,1295920.0
2019-09-17,MSTR,14.684,14.979,14.639,14.901,1005460.0
2019-09-18,MSTR,14.888,15.039,14.671,14.813,999200.0
2019-09-19,MSTR,14.817,15.346,14.817,15.045,1140720.0
2019-09-20,MSTR,15.053,15.277,14.7275,14.905,2639680.0
2019-09-23,MSTR,14.864,15.137,14.782,15.059,627340.0
2019-09-24,MSTR,15.226,15.226,14.7918,14.888,1097220.0
2019-09-25,MSTR,14.881,15.0,14.48,14.957,532190.0
2019-09-26,MSTR,14.946,15.158,14.772,14.937,379340.0
2019-09-27,MSTR,14.91,14.91,14.574,14.703,505050.0
2019-09-30,MSTR,14.716,14.9115,14.643,14.837,780310.0
2019-10-01,MSTR,14.839,14.99,14.615,14.634,605520.0
2019-10-02,MSTR,14.586,14.586,14.309,14.49,698550.0
2019-10-03,MSTR,14.508,14.6525,14.258,14.542,474340.0
2019-10-04,MSTR,14.575,14.801,14.5215,14.659,479660.0
2019-10-07,MSTR,14.673,14.815,14.54,14.735,643920.0
2019-10-08,MSTR,14.729,14.7405,14.35,14.396,577910.0
2019-10-09,MSTR,14.506,14.6,14.432,14.437,622800.0
2019-10-10,MSTR,14.476,14.476,14.31,14.352,771510.0
2019-10-11,MSTR,14.5,14.527,14.334,14.415,524460.0
2019-10-14,MSTR,14.394,14.482,14.265,14.394,648730.0
2019-10-15,MSTR,14.42,14.474,14.2995,14.418,484740.0
2019-10-16,MSTR,14.402,14.493,14.256,14.341,586020.0
2019-10-17,MSTR,14.417,14.5,14.2395,14.372,838350.0
2019-10-18,MSTR,14.375,14.411,13.958,14.315,767590.0
2019-10-21,MSTR,14.385,14.471,14.265,14.402,316820.0
2019-10-22,MSTR,14.418,14.509,14.266,14.302,420250.0
2019-10-23,MSTR,14.272,14.48,14.195,14.26,504490.0
2019-10-24,MSTR,14.31,14.479,14.31,14.46,413790.0
2019-10-25,MSTR,14.444,14.661,14.363,14.577,449700.0
2019-10-28,MSTR,14.6,14.729,14.569,14.617,399010.0
2019-10-29,MSTR,14.6,14.747,14.525,14.665,428190.0
2019-10-30,MSTR,15.096,15.44,14.9,15.341,818490.0
2019-10-31,MSTR,15.328,15.45,15.185,15.325,548300.0
2019-11-01,MSTR,15.357,15.485,15.125,15.369,701580.0
2019-11-04,MSTR,15.499,15.514,15.226,15.351,699610.0
2019-11-05,MSTR,15.421,15.609,15.327,15.5,672190.0
2019-11-06,MSTR,15.467,15.569,15.311,15.496,729020.0
2019-11-07,MSTR,15.58,15.681,15.443,15.578,634180.0
2019-11-08,MSTR,15.534,15.7074,15.413,15.613,653600.0
2019-11-11,MSTR,15.557,15.6215,15.4825,15.592,592230.0
2019-11-12,MSTR,15.615,15.807,15.588,15.806,719340.0
2019-11-13,MSTR,15.729,15.85,15.6,15.696,642880.0
2019-11-14,MSTR,15.724,15.813,15.598,15.664,659290.0
2019-11-15,MSTR,15.712,15.751,15.5,15.64,444890.0
2019-11-18,MSTR,15.611,15.729,15.512,15.523,540610.0
2019-11-19,MSTR,15.562,15.89,15.553,15.749,525090.0
2019-11-20,MSTR,15.7,15.7455,15.3118,15.402,797810.0
2019-11-21,MSTR,15.454,15.454,14.897,14.95,796090.0
2019-11-22,MSTR,15.02,15.229,14.87,15.16,504840.0
2019-11-25,MSTR,15.2,15.305,15.1397,15.276,530510.0
2019-11-26,MSTR,15.229,15.335,15.168,15.24,839960.0
2019-11-27,MSTR,15.2,15.33,15.174,15.262,366630.0
2019-11-29,MSTR,15.099,15.1345,14.9,15.033,512950.0
2019-12-02,MSTR,15.072,15.072,14.842,15.008,877270.0
2019-12-03,MSTR,14.902,15.111,14.728,14.998,2215430.0
2019-12-04,MSTR,15.067,15.2265,15.031,15.16,857260.0
2019-12-05,MSTR,15.131,15.156,14.9135,14.986,876350.0
2019-12-06,MSTR,15.079,15.22,15.056,15.16,692650.0
2019-12-09,MSTR,15.126,15.287,15.123,15.23,667150.0
2019-12-10,MSTR,15.219,15.284,15.1303,15.27,437270.0
2019-12-11,MSTR,15.249,15.249,14.989,15.047,280790.0
2019-12-12,MSTR,14.997,15.089,14.645,14.685,437100.0
2019-12-13,MSTR,14.665,14.7375,14.502,14.535,523400.0
2019-12-16,MSTR,14.575,14.751,14.575,14.653,442290.0
2019-12-17,MSTR,14.678,14.77,14.627,14.735,335160.0
2019-12-18,MSTR,14.762,14.762,14.567,14.582,338250.0
2019-12-19,MSTR,14.593,14.6313,14.463,14.595,465410.0
2019-12-20,MSTR,14.6,14.631,14.484,14.52,1150830.0
2019-12-23,MSTR,14.555,14.555,14.406,14.433,571180.0
2019-12-24,MSTR,14.399,14.46,14.38,14.44,322180.0
2019-12-26,MSTR,14.493,14.535,14.422,14.505,252680.0
2019-12-27,MSTR,14.52,14.549,14.375,14.476,290400.0
2019-12-30,MSTR,14.508,14.508,14.178,14.202,500160.0
2019-12-31,MSTR,14.181,14.312,14.121,14.263,495910.0
2020-01-02,MSTR,14.284,14.489,14.272,14.431,276330.0
2020-01-03,MSTR,14.302,14.489,14.28,14.357,585230.0
2020-01-06,MSTR,14.325,14.546,14.325,14.425,327420.0
2020-01-07,MSTR,14.4,14.537,14.324,14.387,348680.0
2020-01-08,MSTR,14.395,14.547,14.2075,14.371,395140.0
2020-01-09,MSTR,14.445,14.532,14.291,14.35,642490.0
2020-01-10,MSTR,14.414,14.516,14.2145,14.239,410880.0
2020-01-13,MSTR,14.252,14.5305,14.252,14.459,489870.0
2020-01-14,MSTR,14.469,14.568,14.407,14.477,468320.0
2020-01-15,MSTR,14.483,14.705,14.483,14.627,534800.0
2020-01-16,MSTR,14.712,14.796,14.608,14.672,357490.0
2020-01-17,MSTR,14.747,14.747,14.622,14.674,335560.0
2020-01-21,MSTR,14.629,14.757,14.513,14.595,532800.0
2020-01-22,MSTR,14.694,14.734,14.564,14.592,458330.0
2020-01-23,MSTR,14.577,14.666,14.548,14.574,455130.0
2020-01-24,MSTR,14.614,14.674,14.278,14.316,392570.0
2020-01-27,MSTR,14.152,14.3788,14.125,14.253,517410.0
2020-01-28,MSTR,14.302,14.454,14.13,14.4,607810.0
2020-01-29,MSTR,15.7,16.5,15.231,15.26,2546830.0
2020-01-30,MSTR,15.341,15.71,15.1337,15.27,1047950.0
2020-01-31,MSTR,15.264,15.4765,15.151,15.203,1010880.0
2020-02-03,MSTR,15.245,15.6085,14.901,14.948,1018250.0
2020-02-04,MSTR,15.063,15.254,15.046,15.181,871070.0
2020-02-05,MSTR,15.283,15.331,15.084,15.284,960780.0
2020-02-06,MSTR,15.276,15.3855,15.195,15.224,561070.0
2020-02-07,MSTR,15.129,15.357,15.12,15.266,745980.0
2020-02-10,MSTR,15.306,15.357,15.112,15.145,285230.0
2020-02-11,MSTR,15.17,15.3335,15.1215,15.21,480290.0
2020-02-12,MSTR,15.244,15.354,14.945,14.984,542780.0
2020-02-13,MSTR,14.928,14.973,14.693,14.807,598680.0
2020-02-14,MSTR,14.832,14.968,14.712,14.884,564790.0
2020-02-18,MSTR,14.863,14.8665,14.753,14.797,234060.0
2020-02-19,MSTR,14.826,15.017,14.816,14.96,454440.0
2020-02-20,MSTR,14.915,15.028,14.821,14.98,922550.0
2020-02-21,MSTR,14.955,15.068,14.916,14.995,597080.0
2020-02-24,MSTR,14.632,14.786,14.3806,14.588,530460.0
2020-02-25,MSTR,14.571,14.586,14.005,14.005,989580.0
2020-02-26,MSTR,14.064,14.241,14.006,14.012,507200.0
2020-02-27,MSTR,13.757,14.072,13.61,13.622,709640.0
2020-02-28,MSTR,13.34,13.6,13.262,13.516,996690.0
2020-03-02,MSTR,13.573,13.773,13.516,13.672,748040.0
2020-03-03,MSTR,13.623,13.882,13.21,13.439,660020.0
2020-03-04,MSTR,13.605,13.65,13.416,13.617,777170.0
2020-03-05,MSTR,13.396,13.723,13.396,13.688,983100.0
2020-03-06,MSTR,13.39,13.674,13.39,13.628,733840.0
2020-03-09,MSTR,13.135,13.281,12.91,12.943,808330.0
2020-03-10,MSTR,13.193,13.193,12.626,12.998,1429950.0
2020-03-11,MSTR,12.761,12.776,12.2,12.415,715510.0
2020-03-12,MSTR,11.998,12.26,10.806,10.853,1351310.0
2020-03-13,MSTR,11.192,11.37,10.627,11.133,1496920.0
2020-03-16,MSTR,10.288,10.845,9.979,10.666,1368210.0
2020-03-17,MSTR,10.804,11.281,10.563,10.936,1060720.0
2020-03-18,MSTR,10.335,10.415,9.122,9.22,1150610.0
2020-03-19,MSTR,9.176,10.724,9.0,10.538,901980.0
2020-03-20,MSTR,10.575,10.909,9.934,10.074,1045920.0
2020-03-23,MSTR,10.231,10.431,9.653,10.247,623890.0
2020-03-24,MSTR,10.592,10.733,10.305,10.689,750110.0
2020-03-25,MSTR,10.758,10.876,10.305,10.413,861010.0
2020-03-26,MSTR,10.5,11.164,10.5,11.054,718690.0
2020-03-27,MSTR,10.732,10.936,10.455,10.631,751680.0
2020-03-30,MSTR,10.72,11.067,10.467,11.024,712270.0
2020-03-31,MSTR,10.999,11.8175,10.999,11.81,1206020.0
2020-04-01,MSTR,11.505,11.663,10.8644,11.339,799470.0
2020-04-02,MSTR,11.224,11.786,11.15,11.449,379930.0
2020-04-03,MSTR,11.344,11.56,10.939,11.223,428980.0
2020-04-06,MSTR,11.756,11.756,11.249,11.603,674750.0
2020-04-07,MSTR,11.778,11.98,11.511,11.771,545360.0
2020-04-08,MSTR,11.939,12.46,11.874,12.3,587670.0
2020-04-09,MSTR,12.485,12.733,12.2818,12.542,523980.0
2020-04-13,MSTR,12.43,12.43,11.957,12.209,490560.0
2020-04-14,MSTR,12.602,12.7605,12.483,12.65,763420.0
2020-04-15,MSTR,12.162,12.49,12.049,12.26,597890.0
2020-04-16,MSTR,12.279,12.546,12.207,12.413,597040.0
2020-04-17,MSTR,12.723,12.742,12.545,12.653,720150.0
2020-04-20,MSTR,12.406,12.736,12.3,12.692,460430.0
2020-04-21,MSTR,12.406,12.452,12.1655,12.271,677630.0
2020-04-22,MSTR,12.448,12.621,12.339,12.501,547570.0
2020-04-23,MSTR,12.562,12.758,12.4,12.598,585610.0
2020-04-24,MSTR,12.596,12.748,12.4645,12.555,364380.0
2020-04-27,MSTR,12.727,13.13,12.6998,12.923,665690.0
2020-04-28,MSTR,12.99,13.1015,12.78,12.885,855100.0
2020-04-29,MSTR,13.008,13.008,12.32,12.748,1614670.0
2020-04-30,MSTR,12.571,12.8835,12.525,12.633,889370.0
2020-05-01,MSTR,12.366,12.4175,12.0965,12.259,664460.0
2020-05-04,MSTR,12.219,12.219,11.714,11.855,910580.0
2020-05-05,MSTR,12.036,12.3865,11.98,12.081,577740.0
2020-05-06,MSTR,12.108,12.343,12.081,12.2,627020.0
2020-05-07,MSTR,12.358,12.475,12.264,12.348,707840.0
2020-05-08,MSTR,12.538,12.575,12.1615,12.467,1103710.0
2020-05-11,MSTR,12.49,12.5575,12.345,12.382,788380.0
2020-05-12,MSTR,12.423,12.423,11.963,12.011,696860.0
2020-05-13,MSTR,11.957,11.957,11.475,11.495,567910.0
2020-05-14,MSTR,11.207,11.356,10.964,11.321,1247830.0
2020-05-15,MSTR,11.339,11.711,11.0235,11.558,1841660.0
2020-05-18,MSTR,11.881,12.07,11.881,12.013,870740.0
2020-05-19,MSTR,12.074,12.2675,11.879,11.906,905760.0
2020-05-20,MSTR,12.08,12.196,11.824,12.124,599170.0
2020-05-21,MSTR,12.04,12.205,11.962,12.072,1008790.0
2020-05-22,MSTR,12.136,12.247,12.068,12.237,799030.0
2020-05-26,MSTR,12.4,12.498,12.2845,12.471,1011920.0
2020-05-27,MSTR,12.634,12.665,12.404,12.592,631730.0
2020-05-28,MSTR,12.678,12.735,12.486,12.534,766220.0
2020-05-29,MSTR,12.445,12.5135,12.39,12.448,750400.0
2020-06-01,MSTR,12.499,12.499,12.26,12.26,750940.0
2020-06-02,MSTR,12.245,12.288,12.0305,12.109,1018770.0
2020-06-03,MSTR,12.251,13.048,12.178,12.963,776090.0
2020-06-04,MSTR,12.804,12.874,12.362,12.53,619170.0
2020-06-05,MSTR,12.843,12.87,12.482,12.521,549830.0
2020-06-08,MSTR,12.552,12.7825,12.361,12.636,695990.0
2020-06-09,MSTR,12.503,12.631,12.313,12.568,388270.0
2020-06-10,MSTR,12.59,12.59,12.305,12.392,540600.0
2020-06-11,MSTR,12.154,12.19,11.699,11.734,682460.0
2020-06-12,MSTR,12.029,12.1935,11.576,11.802,652470.0
2020-06-15,MSTR,11.578,12.389,11.508,12.267,1107930.0
2020-06-16,MSTR,12.579,12.613,12.111,12.196,422080.0
2020-06-17,MSTR,12.275,12.275,12.014,12.173,498550.0
2020-06-18,MSTR,12.059,12.143,11.827,11.946,865010.0
2020-06-19,MSTR,12.086,12.086,11.569,11.819,4881430.0
2020-06-22,MSTR,11.901,11.999,11.747,11.871,638720.0
2020-06-23,MSTR,11.927,11.958,11.722,11.754,496820.0
2020-06-24,MSTR,11.707,11.707,11.405,11.438,564080.0
2020-06-25,MSTR,11.383,11.791,11.355,11.779,583940.0
2020-06-26,MSTR,11.689,11.725,11.415,11.6,1331500.0
2020-06-29,MSTR,11.719,11.966,11.718,11.85,452980.0
2020-06-30,MSTR,11.805,11.977,11.766,11.829,476880.0
2020-07-01,MSTR,11.779,11.997,11.767,11.78,411590.0
2020-07-02,MSTR,11.865,11.943,11.7,11.735,502850.0
2020-07-06,MSTR,11.883,12.068,11.792,11.975,802250.0
2020-07-07,MSTR,11.962,12.102,11.775,11.809,487190.0
2020-07-08,MSTR,11.757,11.824,11.681,11.822,934090.0
2020-07-09,MSTR,11.789,11.838,11.609,11.737,394690.0
2020-07-10,MSTR,11.765,11.866,11.718,11.766,478090.0
2020-07-13,MSTR,11.811,11.978,11.568,11.579,681420.0
2020-07-14,MSTR,11.629,11.741,11.421,11.666,1080210.0
2020-07-15,MSTR,11.805,12.1435,11.786,12.045,802990.0
2020-07-16,MSTR,11.957,11.957,11.785,11.846,611740.0
2020-07-17,MSTR,11.805,11.972,11.723,11.834,400880.0
2020-07-20,MSTR,11.81,12.142,11.81,12.051,314240.0
2020-07-21,MSTR,12.148,12.2,12.004,12.104,729280.0
2020-07-22,MSTR,12.106,12.251,11.994,12.121,417010.0
2020-07-23,MSTR,12.069,12.2585,11.934,11.976,499000.0
2020-07-24,MSTR,11.887,11.9242,11.632,11.695,545040.0
2020-07-27,MSTR,11.755,11.855,11.6258,11.766,677610.0
2020-07-28,MSTR,11.706,11.925,11.587,11.781,670540.0
2020-07-29,MSTR,12.399,12.726,11.865,12.274,1438400.0
2020-07-30,MSTR,12.073,12.296,12.0545,12.215,559940.0
2020-07-31,MSTR,12.17,12.426,12.0,12.392,824350.0
2020-08-03,MSTR,12.437,12.437,12.248,12.366,526220.0
2020-08-04,MSTR,12.312,12.339,12.1835,12.332,502230.0
2020-08-05,MSTR,12.411,12.517,12.334,12.395,523010.0
2020-08-06,MSTR,12.38,12.39,12.215,12.335,348080.0
2020-08-07,MSTR,12.3,12.401,12.234,12.339,369620.0
2020-08-10,MSTR,12.338,12.441,12.238,12.362,472530.0
2020-08-11,MSTR,14.199,14.5429,13.479,13.489,3338920.0
2020-08-12,MSTR,13.502,14.075,13.502,13.704,1807220.0
2020-08-13,MSTR,13.848,13.9345,13.685,13.7,752160.0
2020-08-14,MSTR,13.762,14.675,13.75,14.663,2857870.0
2020-08-17,MSTR,14.801,15.17,14.184,14.384,2295090.0
2020-08-18,MSTR,14.444,14.598,14.175,14.314,1218240.0
2020-08-19,MSTR,14.339,14.339,13.9715,14.167,1560090.0
2020-08-20,MSTR,14.175,14.506,14.175,14.414,1006740.0
2020-08-21,MSTR,14.44,14.592,14.354,14.508,734640.0
2020-08-24,MSTR,14.65,14.928,14.536,14.858,879930.0
2020-08-25,MSTR,14.87,15.029,14.655,14.696,1165050.0
2020-08-26,MSTR,14.868,14.896,14.5765,14.606,820040.0
2020-08-27,MSTR,14.733,14.762,14.414,14.652,760870.0
2020-08-28,MSTR,14.749,15.046,14.668,14.689,838570.0
2020-08-31,MSTR,14.726,14.796,14.399,14.444,802910.0
2020-09-01,MSTR,14.501,14.9105,14.501,14.882,863490.0
2020-09-02,MSTR,14.846,15.123,14.774,15.0,1004830.0
2020-09-03,MSTR,14.875,14.875,14.391,14.428,789950.0
2020-09-04,MSTR,14.441,14.441,13.689,14.219,1248270.0
2020-09-08,MSTR,14.061,14.315,13.882,13.882,883910.0
2020-09-09,MSTR,13.983,14.2355,13.9,14.115,1407420.0
2020-09-10,MSTR,14.172,14.309,13.944,13.972,1486610.0
2020-09-11,MSTR,14.087,14.1405,13.884,14.113,1164030.0
2020-09-14,MSTR,14.163,14.304,14.021,14.262,695050.0
2020-09-15,MSTR,14.5,15.599,14.381,15.575,2621230.0
2020-09-16,MSTR,15.894,17.656,15.775,17.49,4596690.0
2020-09-17,MSTR,17.34,17.34,16.259,16.361,1798000.0
2020-09-18,MSTR,16.552,16.6169,15.744,15.959,3469670.0
2020-09-21,MSTR,15.77,15.77,14.9205,15.216,1597000.0
2020-09-22,MSTR,15.337,15.465,14.9387,15.425,896600.0
2020-09-23,MSTR,15.38,15.477,14.811,14.828,1116530.0
2020-09-24,MSTR,14.738,14.806,14.46,14.606,1221850.0
2020-09-25,MSTR,14.617,14.696,14.499,14.613,1692740.0
2020-09-28,MSTR,14.845,15.341,14.845,15.146,1443970.0
2020-09-29,MSTR,15.067,15.11,14.808,14.969,623970.0
2020-09-30,MSTR,15.022,15.307,14.986,15.056,823790.0
2020-10-01,MSTR,15.066,15.271,14.855,14.896,694170.0
2020-10-02,MSTR,14.632,14.995,14.516,14.646,1102680.0
2020-10-05,MSTR,14.773,14.974,14.69,14.821,495430.0
2020-10-06,MSTR,14.932,15.4354,14.923,15.004,912340.0
2020-10-07,MSTR,15.1,15.344,15.0825,15.309,517800.0
2020-10-08,MSTR,15.533,16.479,15.533,16.394,1679740.0
2020-10-09,MSTR,16.459,16.553,16.065,16.473,1020610.0
2020-10-12,MSTR,16.716,16.94,16.43,16.646,881520.0
2020-10-13,MSTR,16.56,16.654,16.403,16.608,585630.0
2020-10-14,MSTR,16.639,16.784,16.28,16.424,539520.0
2020-10-15,MSTR,16.243,16.687,16.233,16.597,531030.0
2020-10-16,MSTR,16.598,16.736,16.469,16.47,384910.0
2020-10-19,MSTR,16.56,16.768,16.343,16.414,873030.0
2020-10-20,MSTR,16.456,17.235,16.404,16.907,3116100.0
2020-10-21,MSTR,17.489,18.575,17.489,18.105,2735270.0
2020-10-22,MSTR,18.549,18.621,17.8,18.305,1783260.0
2020-10-23,MSTR,18.327,18.497,18.119,18.43,1203880.0
2020-10-26,MSTR,18.448,18.7,17.253,17.5,1688130.0
2020-10-27,MSTR,17.603,17.9,17.253,17.558,1706700.0
2020-10-28,MSTR,18.0,18.2453,16.16,16.215,3873730.0
2020-10-29,MSTR,16.239,16.707,16.173,16.196,1836670.0
2020-10-30,MSTR,16.196,16.725,15.954,16.707,2360740.0
2020-11-02,MSTR,16.891,16.923,16.25,16.657,1256550.0
2020-11-03,MSTR,16.976,17.261,16.778,17.195,910040.0
2020-11-04,MSTR,17.295,17.836,17.144,17.253,1103540.0
2020-11-05,MSTR,17.85,18.3601,17.7851,18.168,1731550.0
2020-11-06,MSTR,18.379,18.618,17.75,18.562,1584960.0
2020-11-09,MSTR,18.399,18.727,18.174,18.5005,3110780.0
2020-11-10,MSTR,18.458,18.969,18.4,18.614,1695470.0
2020-11-11,MSTR,18.816,19.322,18.725,19.216,1330400.0
2020-11-12,MSTR,19.536,19.608,18.564,18.694,1771690.0
2020-11-13,MSTR,18.848,19.391,18.656,19.227,1649180.0
2020-11-16,MSTR,19.433,20.437,19.2208,20.393,2020280.0
2020-11-17,MSTR,20.415,20.968,19.956,20.82,1963000.0
2020-11-18,MSTR,21.179,22.685,21.179,21.296,3780410.0
2020-11-19,MSTR,21.2,21.897,20.911,21.711,1432740.0
2020-11-20,MSTR,21.742,22.7,21.62,22.211,2120540.0
2020-11-23,MSTR,22.7,22.7,21.437,22.076,2011150.0
2020-11-24,MSTR,22.57,24.8835,22.241,24.723,11249750.0
2020-11-25,MSTR,25.43,27.722,25.202,27.0275,8851140.0
2020-11-27,MSTR,25.5,28.0,25.3511,27.126,5619020.0
2020-11-30,MSTR,30.03,34.75,29.9,34.277,15650140.0
2020-12-01,MSTR,32.4,35.894,31.686,32.4,7994100.0
2020-12-02,MSTR,32.3,33.0,31.054,32.132,4080880.0
2020-12-03,MSTR,32.784,33.279,32.206,33.16,2544130.0
2020-12-04,MSTR,32.6618,33.721,31.738,32.8,2967860.0
2020-12-07,MSTR,33.007,34.972,32.553,33.622,3539950.0
2020-12-08,MSTR,31.7,31.8,28.811,28.945,14912360.0
2020-12-09,MSTR,28.412,29.114,27.409,28.621,13241360.0
2020-12-10,MSTR,28.517,29.177,28.238,29.033,5052300.0
2020-12-11,MSTR,28.995,29.5253,27.944,28.592,3758830.0
2020-12-14,MSTR,29.893,30.0,27.638,27.953,8305790.0
2020-12-15,MSTR,28.371,28.983,27.739,28.579,5410280.0
2020-12-16,MSTR,31.27,31.5,29.8,29.912,11191800.0
2020-12-17,MSTR,32.1,32.2325,29.329,29.78,12493030.0
2020-12-18,MSTR,29.5,30.4,28.717,30.12,13231450.0
2020-12-21,MSTR,29.763,32.2,29.502,31.76,7129070.0
2020-12-22,MSTR,32.699,33.593,32.037,33.15,6421770.0
2020-12-23,MSTR,33.467,34.32,32.516,33.718,5940570.0
2020-12-24,MSTR,33.7,33.8828,32.036,32.261,2526130.0
2020-12-28,MSTR,36.729,37.999,35.402,37.0,10977120.0
2020-12-29,MSTR,36.7,37.124,34.4,36.607,7351730.0
2020-12-30,MSTR,37.7,39.982,37.1,38.997,9352410.0
2020-12-31,MSTR,39.102,39.998,37.7115,38.855,7396120.0
2021-01-04,MSTR,41.633,44.439,41.001,42.522,14679020.0
2021-01-05,MSTR,42.105,43.84,40.651,42.863,11006240.0
2021-01-06,MSTR,43.084,48.302,43.084,48.055,15360310.0
2021-01-07,MSTR,52.132,55.986,50.211,53.575,22844050.0
2021-01-08,MSTR,56.507,56.866,51.3315,53.164,16453870.0
2021-01-11,MSTR,47.214,51.1985,46.451,49.549,14856440.0
2021-01-12,MSTR,50.278,51.995,48.851,51.424,6717660.0
2021-01-13,MSTR,50.073,52.399,49.234,51.926,6174580.0
2021-01-14,MSTR,54.261,63.16,53.8623,63.1,19117760.0
2021-01-15,MSTR,60.71,62.284,57.4,57.807,16088990.0
2021-01-19,MSTR,61.653,62.145,57.9,59.221,10377700.0
2021-01-20,MSTR,57.925,58.9,53.2,55.082,12316610.0
2021-01-21,MSTR,51.405,53.255,50.46,52.046,11784700.0
2021-01-22,MSTR,52.501,58.25,52.5,57.703,11332760.0
2021-01-25,MSTR,59.03,59.9081,55.114,57.142,6833520.0
2021-01-26,MSTR,55.5,56.4648,54.6,55.981,4789170.0
2021-01-27,MSTR,53.323,54.9465,50.57,54.01,6563770.0
2021-01-28,MSTR,56.13,60.533,55.151,57.8375,7630460.0
2021-01-29,MSTR,68.0,69.6476,60.75,61.731,14354190.0
2021-02-01,MSTR,62.034,63.986,58.605,63.456,5555000.0
2021-02-02,MSTR,65.001,69.128,63.817,68.792,5342780.0
2021-02-03,MSTR,70.164,75.383,69.599,74.119,9211890.0
2021-02-04,MSTR,77.09,77.1228,71.75,76.559,6365030.0
2021-02-05,MSTR,77.118,80.601,74.502,80.6,7666720.0
2021-02-08,MSTR,92.583,105.0,89.001,104.1,20997740.0
2021-02-09,MSTR,113.774,131.5,106.5407,127.294,23197090.0
2021-02-10,MSTR,119.601,119.9,95.036,97.448,22972540.0
2021-02-11,MSTR,113.72,113.992,97.702,100.994,16131560.0
2021-02-12,MSTR,101.559,104.4889,96.101,103.431,7674280.0
2021-02-16,MSTR,107.084,108.2568,95.423,95.5,15017200.0
2021-02-17,MSTR,93.95,95.4,87.8,94.18,18192320.0
2021-02-18,MSTR,92.69,96.0,90.206,92.778,7943510.0
2021-02-19,MSTR,94.5,100.8,91.459,96.372,11530630.0
2021-02-22,MSTR,87.1,93.228,86.5,87.6,7659210.0
2021-02-23,MSTR,80.001,80.1575,66.0,69.123,18754950.0
2021-02-24,MSTR,73.4,82.2145,71.588,81.769,12004830.0
2021-02-25,MSTR,84.094,84.5,72.61,73.161,7840610.0
2021-02-26,MSTR,68.712,80.406,68.114,75.041,11783600.0
2021-03-01,MSTR,79.84,80.5,75.888,78.244,7680380.0
2021-03-02,MSTR,81.51,81.7486,74.1072,74.85,6439860.0
2021-03-03,MSTR,78.178,79.8,72.781,73.157,7720600.0
2021-03-04,MSTR,71.298,73.799,61.0,64.566,12206140.0
2021-03-05,MSTR,65.765,66.3,53.722,62.024,13547510.0
2021-03-08,MSTR,64.501,66.9455,61.7,62.419,6721080.0
2021-03-09,MSTR,68.657,73.548,68.175,71.599,8736120.0
2021-03-10,MSTR,75.0,75.903,71.1,75.655,6430180.0
2021-03-11,MSTR,77.5,80.5,76.1127,80.375,5284900.0
2021-03-12,MSTR,75.98,81.0,75.003,78.4,4675520.0
2021-03-15,MSTR,78.833,80.9,76.3665,76.901,4407090.0
2021-03-16,MSTR,75.879,77.0,70.1433,72.429,4151180.0
2021-03-17,MSTR,70.223,78.507,69.827,77.099,5431670.0
2021-03-18,MSTR,75.452,80.899,72.801,73.205,6218900.0
2021-03-19,MSTR,74.953,78.527,71.4539,77.704,9565320.0
2021-03-22,MSTR,76.72,77.5,72.15,72.456,4988100.0
2021-03-23,MSTR,71.681,73.5351,67.001,67.721,7168580.0
2021-03-24,MSTR,70.532,71.05,61.522,62.157,7068250.0
2021-03-25,MSTR,58.0695,62.6415,56.6,62.091,8815840.0
2021-03-26,MSTR,62.6,64.23,60.038,62.4,5241380.0
2021-03-29,MSTR,65.886,66.293,62.723,63.134,4431140.0
2021-03-30,MSTR,64.246,66.68,62.031,65.398,5625730.0
2021-03-31,MSTR,64.761,69.421,64.138,67.88,5614520.0
2021-04-01,MSTR,68.846,72.583,68.7458,70.356,4023920.0
2021-04-05,MSTR,70.975,73.6035,69.329,72.055,4858780.0
2021-04-06,MSTR,72.119,72.119,67.699,70.458,5936600.0
2021-04-07,MSTR,67.8,69.5566,65.2,65.62,4522420.0
2021-04-08,MSTR,67.07,70.2712,66.4384,69.012,4361170.0
2021-04-09,MSTR,70.999,72.0,68.946,71.1,3446770.0
2021-04-12,MSTR,73.519,74.594,70.485,71.824,4812220.0
2021-04-13,MSTR,74.5,86.999,73.479,84.854,17021780.0
2021-04-14,MSTR,88.098,88.21,73.0,73.55,15824940.0
2021-04-15,MSTR,75.317,75.494,70.9,74.015,6863360.0
2021-04-16,MSTR,70.71,72.0,68.5,69.362,7627930.0
2021-04-19,MSTR,65.004,66.5,62.35,63.752,8798870.0
2021-04-20,MSTR,63.9,64.8,61.4,64.645,5524040.0
2021-04-21,MSTR,62.84,66.546,62.84,65.046,4179340.0
2021-04-22,MSTR,64.201,65.05,59.4,59.82,7152860.0
2021-04-23,MSTR,57.589,61.84,56.9,61.304,6618920.0
2021-04-26,MSTR,63.676,65.98,62.8,65.882,4791030.0
2021-04-27,MSTR,67.3,68.5,65.5,67.699,5112980.0
2021-04-28,MSTR,67.36,68.9,66.55,68.082,2972810.0
2021-04-29,MSTR,66.5,67.5,63.791,65.501,4397460.0
2021-04-30,MSTR,64.702,67.5,64.632,65.716,5596910.0
2021-05-03,MSTR,67.397,67.397,63.439,63.562,4644910.0
2021-05-04,MSTR,61.951,62.8,59.8888,61.688,5146250.0
2021-05-05,MSTR,63.0,65.199,60.89,62.345,4974750.0
2021-05-06,MSTR,61.288,62.277,58.701,60.908,3551950.0
2021-05-07,MSTR,60.897,63.18,60.833,62.046,3635270.0
2021-05-10,MSTR,61.586,61.586,56.647,56.946,5226850.0
2021-05-11,MSTR,53.5,58.499,52.528,57.696,6629500.0
2021-05-12,MSTR,55.628,57.78,53.864,54.188,4216480.0
2021-05-13,MSTR,51.12,54.297,47.807,48.808,9391400.0
2021-05-14,MSTR,50.126,52.362,49.2,52.131,5616380.0
2021-05-17,MSTR,48.4,49.951,46.888,48.935,8026270.0
2021-05-18,MSTR,48.891,50.426,47.057,48.72,5982290.0
2021-05-19,MSTR,42.285,45.849,41.158,45.486,15054230.0
2021-05-20,MSTR,47.766,49.3,45.728,47.266,8614180.0
2021-05-21,MSTR,47.173,48.767,44.777,45.052,8530430.0
2021-05-24,MSTR,46.5,47.826,44.7249,47.245,7574830.0
2021-05-25,MSTR,46.4,47.988,45.821,46.967,6722340.0
2021-05-26,MSTR,47.734,49.599,47.654,48.279,5425620.0
2021-05-27,MSTR,49.2,50.2061,48.5065,49.385,5039440.0
2021-05-28,MSTR,48.2,48.292,46.764,47.0,4858770.0
2021-06-01,MSTR,47.124,48.466,46.898,47.776,4324700.0
2021-06-02,MSTR,48.3,50.13,47.872,49.85,3529700.0
2021-06-03,MSTR,50.12,50.198,48.4,48.864,3954760.0
2021-06-04,MSTR,48.17,48.599,47.4,48.467,3171760.0
2021-06-07,MSTR,48.25,48.855,46.407,46.981,6103930.0
2021-06-08,MSTR,45.8,46.189,42.793,45.938,10917020.0
2021-06-09,MSTR,47.0,51.567,45.559,51.299,14822300.0
2021-06-10,MSTR,51.239,52.987,49.591,50.865,9537150.0
2021-06-11,MSTR,51.3,52.097,50.4,51.644,5003710.0
2021-06-14,MSTR,54.4,60.569,54.4,59.849,15572850.0
2021-06-15,MSTR,60.205,63.582,58.917,63.054,13100270.0
2021-06-16,MSTR,61.665,63.988,60.884,61.982,10394960.0
2021-06-17,MSTR,61.74,64.2,61.255,63.081,8847590.0
2021-06-18,MSTR,61.6,64.765,61.552,64.646,15437170.0
2021-06-21,MSTR,59.917,61.4,57.7,58.367,13780560.0
2021-06-22,MSTR,53.501,56.42,51.302,55.372,25669870.0
2021-06-23,MSTR,57.948,58.656,55.1225,55.3,10557510.0
2021-06-24,MSTR,57.0,59.0,56.1,58.188,7934570.0
2021-06-25,MSTR,56.746,57.121,53.981,55.005,10046650.0
2021-06-28,MSTR,57.033,62.951,56.5867,62.417,17297750.0
2021-06-29,MSTR,65.0,69.299,64.7,66.899,16136250.0
2021-06-30,MSTR,64.501,66.9,63.743,66.45,8589180.0
2021-07-01,MSTR,65.059,65.724,63.712,65.086,5873530.0
2021-07-02,MSTR,65.897,66.192,63.426,63.561,5286080.0
2021-07-06,MSTR,65.208,65.352,62.129,63.429,4862190.0
2021-07-07,MSTR,64.5,64.717,62.3213,63.986,4511020.0
2021-07-08,MSTR,60.3,62.5272,59.469,61.844,5180280.0
2021-07-09,MSTR,62.19,63.593,61.52,62.866,3939610.0
2021-07-12,MSTR,63.225,63.242,58.521,58.869,8262540.0
2021-07-13,MSTR,58.557,59.7,57.295,57.988,7175620.0
2021-07-14,MSTR,58.5,59.044,56.041,56.043,6274620.0
2021-07-15,MSTR,54.7,55.995,52.507,54.104,7337780.0
2021-07-16,MSTR,54.39,54.638,52.052,52.309,6090550.0
2021-07-19,MSTR,50.766,52.249,49.2,49.872,7287290.0
2021-07-20,MSTR,48.799,50.5875,47.238,50.178,7345010.0
2021-07-21,MSTR,54.0,56.9812,52.827,55.694,10994450.0
2021-07-22,MSTR,55.542,56.806,53.501,55.594,7111990.0
2021-07-23,MSTR,55.842,56.589,53.3391,53.971,5748900.0
2021-07-26,MSTR,62.1,69.5,62.026,68.25,20169070.0
2021-07-27,MSTR,66.375,67.751,62.227,63.061,9698650.0
2021-07-28,MSTR,66.395,67.7,63.2195,64.665,10824590.0
2021-07-29,MSTR,64.193,64.86,61.937,62.501,5795460.0
2021-07-30,MSTR,61.557,63.548,60.691,62.601,6325980.0
2021-08-02,MSTR,62.259,65.9,61.509,63.779,12550560.0
2021-08-03,MSTR,63.462,63.462,60.513,62.506,8444240.0
2021-08-04,MSTR,63.028,67.5,63.001,67.093,10014610.0
2021-08-05,MSTR,64.3585,72.968,63.3704,71.562,11665390.0
2021-08-06,MSTR,72.0,75.099,70.13,74.872,13120310.0
2021-08-09,MSTR,79.6311,79.8,76.27,76.773,14213490.0
2021-08-10,MSTR,76.663,77.7015,74.418,75.049,7967180.0
2021-08-11,MSTR,76.224,77.088,74.011,74.749,7282940.0
2021-08-12,MSTR,72.472,73.08,71.24,72.099,7207110.0
2021-08-13,MSTR,74.5,75.389,72.61,72.8,6573570.0
2021-08-16,MSTR,74.0,74.1,69.221,69.751,6727850.0
2021-08-17,MSTR,69.107,70.0,65.748,66.369,6615120.0
2021-08-18,MSTR,65.912,67.8,65.268,65.505,5472690.0
2021-08-19,MSTR,64.634,67.86,64.143,67.626,6727260.0
2021-08-20,MSTR,68.617,72.799,68.301,71.656,9820610.0
2021-08-23,MSTR,74.19,74.778,71.006,71.851,8138490.0
2021-08-24,MSTR,71.793,71.793,69.122,71.55,8113500.0
2021-08-25,MSTR,71.465,73.51,70.5,72.671,6648690.0
2021-08-26,MSTR,71.2,71.45,69.155,69.366,5714500.0
2021-08-27,MSTR,69.95,72.109,69.505,70.72,8108760.0
2021-08-30,MSTR,70.259,70.832,69.397,70.299,5287620.0
2021-08-31,MSTR,70.233,70.5,68.709,69.43,5307240.0
2021-09-01,MSTR,70.0,71.7,69.101,70.25,8252350.0
2021-09-02,MSTR,72.289,73.266,69.5,69.571,7360010.0
2021-09-03,MSTR,71.61,72.8,70.35,71.226,7380230.0
2021-09-07,MSTR,69.9,70.2,64.478,64.801,18091800.0
2021-09-08,MSTR,64.81,65.894,63.063,63.862,8218440.0
2021-09-09,MSTR,64.51,65.3821,63.238,64.062,6506990.0
2021-09-10,MSTR,63.815,64.436,61.203,61.557,6829420.0
2021-09-13,MSTR,60.9,64.273,60.0311,64.27,9330590.0
2021-09-14,MSTR,64.5,65.1014,61.292,61.848,5726430.0
2021-09-15,MSTR,62.8,64.237,62.0511,63.3,5648500.0
2021-09-16,MSTR,63.212,63.323,61.148,63.3,5106760.0
2021-09-17,MSTR,63.3,63.453,61.203,61.429,21566330.0
2021-09-20,MSTR,57.442,59.31,56.829,58.839,7755170.0
2021-09-21,MSTR,58.887,59.422,57.6,58.102,4633140.0
2021-09-22,MSTR,58.935,60.497,58.4797,59.961,3781060.0
2021-09-23,MSTR,60.673,61.776,59.8666,61.657,3975870.0
2021-09-24,MSTR,58.0,60.233,57.5,59.939,4683390.0
2021-09-27,MSTR,60.325,60.6,58.973,59.475,2755580.0
2021-09-28,MSTR,58.525,59.0,57.158,57.351,3382430.0
2021-09-29,MSTR,58.071,58.647,56.526,56.632,2928430.0
2021-09-30,MSTR,58.212,59.735,57.44,57.84,3172000.0
2021-10-01,MSTR,61.561,61.561,59.226,61.246,5111670.0
2021-10-04,MSTR,61.148,61.363,58.279,60.725,4355210.0
2021-10-05,MSTR,62.032,65.251,61.28,65.101,4490270.0
2021-10-06,MSTR,67.0,68.239,65.0,67.381,7123120.0
2021-10-07,MSTR,66.5,69.3835,66.368,69.279,5028590.0
2021-10-08,MSTR,69.917,71.279,69.049,70.882,6862420.0
2021-10-11,MSTR,72.0,75.1992,71.825,73.18,5771430.0
2021-10-12,MSTR,72.844,73.9623,70.194,71.065,4133090.0
2021-10-13,MSTR,71.0,72.741,70.349,72.63,2921190.0
2021-10-14,MSTR,73.867,74.0916,71.854,72.395,2798690.0
2021-10-15,MSTR,73.999,76.198,73.4,74.985,7322730.0
2021-10-18,MSTR,74.8,75.738,73.8079,73.964,5830250.0
2021-10-19,MSTR,74.2248,75.0699,70.101,72.725,7485910.0
2021-10-20,MSTR,73.5,77.707,73.157,75.818,7379360.0
2021-10-21,MSTR,75.287,75.9526,72.957,73.543,4652960.0
2021-10-22,MSTR,73.143,73.85,70.7,71.852,3685640.0
2021-10-25,MSTR,73.645,75.5485,73.3,74.602,3807340.0
2021-10-26,MSTR,74.032,75.4714,73.246,73.486,3231860.0
2021-10-27,MSTR,72.0,72.882,70.958,71.502,3647300.0
2021-10-28,MSTR,72.894,74.802,70.8,71.713,6713850.0
2021-10-29,MSTR,72.41,73.718,69.141,71.506,6983120.0
2021-11-01,MSTR,72.1,74.5265,71.119,73.612,4407710.0
2021-11-02,MSTR,75.696,84.1,74.1,79.414,14874270.0
2021-11-03,MSTR,78.159,81.7634,77.817,81.025,6658760.0
2021-11-04,MSTR,81.0,82.8742,79.0,80.0,3768490.0
2021-11-05,MSTR,80.387,81.205,77.91,79.751,6187970.0
2021-11-08,MSTR,84.199,87.3185,84.028,86.0,7177970.0
2021-11-09,MSTR,88.45,89.138,83.501,85.901,5312120.0
2021-11-10,MSTR,88.0,88.0,80.368,81.634,5571660.0
2021-11-11,MSTR,81.233,83.704,80.7,81.836,2881250.0
2021-11-12,MSTR,81.102,81.258,78.5857,81.173,4632420.0
2021-11-15,MSTR,81.996,81.996,78.134,79.5,3914780.0
2021-11-16,MSTR,76.85,77.9998,74.8413,75.202,4937230.0
2021-11-17,MSTR,76.36,76.5,73.7,75.3,3575580.0
2021-11-18,MSTR,75.051,75.051,71.697,72.736,5013420.0
2021-11-19,MSTR,73.512,73.9,71.8,71.831,4345930.0
2021-11-22,MSTR,72.471,72.581,68.839,69.002,4001950.0
2021-11-23,MSTR,69.427,70.899,68.073,69.677,3462660.0
2021-11-24,MSTR,68.8,70.399,68.1,70.09,5555000.0
2021-11-26,MSTR,68.129,68.129,65.5,66.3,3722110.0
2021-11-29,MSTR,69.0,70.452,67.132,69.548,5869580.0
2021-11-30,MSTR,69.825,72.66,69.0,72.143,6640030.0
2021-12-01,MSTR,73.264,74.399,70.0,70.547,7659450.0
2021-12-02,MSTR,69.152,71.185,66.706,68.336,4995330.0
2021-12-03,MSTR,67.593,68.3894,61.624,63.099,8091270.0
2021-12-06,MSTR,59.492,60.401,56.573,59.647,6395880.0
2021-12-07,MSTR,62.1,64.719,62.1,62.817,3965360.0
2021-12-08,MSTR,62.367,64.15,61.2,63.654,2270420.0
2021-12-09,MSTR,62.15,62.5275,58.744,59.188,3760840.0
2021-12-10,MSTR,61.361,61.953,58.135,60.084,3513700.0
2021-12-13,MSTR,59.495,59.499,56.556,57.164,3757930.0
2021-12-14,MSTR,56.5,58.45,55.654,58.038,3645850.0
2021-12-15,MSTR,57.761,60.3,54.8,59.859,5288870.0
2021-12-16,MSTR,59.572,60.2079,55.966,56.694,4017540.0
2021-12-17,MSTR,55.355,58.084,52.881,57.158,7467670.0
2021-12-20,MSTR,55.282,56.3645,54.3,54.639,3438310.0
2021-12-21,MSTR,56.77,57.476,55.678,56.75,2826570.0
2021-12-22,MSTR,56.836,57.852,56.2,56.999,2713520.0
2021-12-23,MSTR,56.83,60.0,56.301,59.721,5451070.0
2021-12-27,MSTR,60.0,62.1517,59.84,60.828,3128900.0
2021-12-28,MSTR,59.0,59.0234,56.262,56.797,3459740.0
2021-12-29,MSTR,56.696,56.9855,55.124,55.609,2771070.0
2021-12-30,MSTR,55.588,57.545,55.588,56.234,3164190.0
2021-12-31,MSTR,56.69,57.5,54.3325,54.449,3363340.0
2022-01-03,MSTR,55.061,56.133,54.3,55.826,3468500.0
2022-01-04,MSTR,56.015,57.626,53.502,55.107,3947270.0
2022-01-05,MSTR,54.176,55.251,50.749,50.91,5470290.0
2022-01-06,MSTR,50.0,50.85,47.7815,49.862,4845090.0
2022-01-07,MSTR,49.09,50.0,47.121,48.295,4258300.0
2022-01-10,MSTR,46.369,48.226,44.825,48.195,5599250.0
2022-01-11,MSTR,48.23,51.308,47.417,50.656,4741700.0
2022-01-12,MSTR,52.4,52.998,51.072,51.464,3622560.0
2022-01-13,MSTR,52.185,52.769,48.7512,48.959,3250880.0
2022-01-14,MSTR,48.417,50.262,48.1835,49.956,2645240.0
2022-01-18,MSTR,48.48,48.956,46.6615,46.828,4091830.0
2022-01-19,MSTR,48.279,49.199,45.8463,46.042,4224250.0
2022-01-20,MSTR,46.709,49.087,45.55,45.753,4392580.0
2022-01-21,MSTR,42.284,43.4075,36.5985,37.589,15706930.0
2022-01-24,MSTR,32.0,37.3,31.9005,37.045,15060920.0
2022-01-25,MSTR,36.999,37.94,35.5,36.505,8319400.0
2022-01-26,MSTR,39.366,39.366,34.595,35.365,7891780.0
2022-01-27,MSTR,36.0,36.0,31.759,31.945,8737400.0
2022-01-28,MSTR,32.869,34.21,30.719,33.895,8143280.0
2022-01-31,MSTR,33.788,37.0795,33.295,36.801,7629500.0
2022-02-01,MSTR,38.286,39.095,36.2689,37.3,6405930.0
2022-02-02,MSTR,36.674,36.869,33.6036,34.884,7402090.0
2022-02-03,MSTR,34.0,35.6845,33.196,34.009,5535980.0
2022-02-04,MSTR,34.076,39.858,33.974,39.164,9440010.0
2022-02-07,MSTR,40.4512,43.333,40.4,41.347,10873800.0
2022-02-08,MSTR,40.875,42.673,40.3475,42.543,4889110.0
2022-02-09,MSTR,43.0,44.66,42.22,44.66,3988570.0
2022-02-10,MSTR,43.95,46.304,42.4535,43.148,6236070.0
2022-02-11,MSTR,43.011,44.365,40.55,41.101,4971700.0
2022-02-14,MSTR,41.47,42.949,40.5,40.949,3424340.0
2022-02-15,MSTR,43.101,43.8276,42.4495,43.724,3144770.0
2022-02-16,MSTR,42.852,43.751,41.603,43.498,3304470.0
2022-02-17,MSTR,42.023,42.33,40.188,40.46,3753480.0
2022-02-18,MSTR,40.459,40.746,38.522,39.597,4694200.0
2022-02-22,MSTR,37.5814,39.0,36.804,37.77,4672350.0
2022-02-23,MSTR,39.05,39.32,36.3,36.503,3655790.0
2022-02-24,MSTR,34.024,39.94,33.684,39.696,7312570.0
2022-02-25,MSTR,40.3,41.2,39.258,40.5,4069940.0
2022-02-28,MSTR,40.157,44.7125,40.157,44.3,5982230.0
2022-03-01,MSTR,46.512,47.3048,44.969,46.473,6571430.0
2022-03-02,MSTR,45.482,46.969,45.0925,45.929,4028040.0
2022-03-03,MSTR,45.51,46.015,42.612,42.87,3184330.0
2022-03-04,MSTR,42.5,43.362,40.706,41.036,3410610.0
2022-03-07,MSTR,41.51,42.5,38.843,38.891,4721650.0
2022-03-08,MSTR,39.498,42.5,39.361,41.036,4431910.0
2022-03-09,MSTR,44.2,45.445,43.4237,43.675,4581380.0
2022-03-10,MSTR,41.5,42.298,40.6469,42.113,2919890.0
2022-03-11,MSTR,42.7,42.918,39.0487,39.082,3538770.0
2022-03-14,MSTR,38.995,39.288,36.391,36.993,4931900.0
2022-03-15,MSTR,36.907,39.615,36.32,39.614,3780140.0
2022-03-16,MSTR,40.017,42.949,39.8745,42.878,5693880.0
2022-03-17,MSTR,42.798,44.21,42.5,43.409,3397870.0
2022-03-18,MSTR,43.582,45.69,43.192,45.428,7103760.0
2022-03-21,MSTR,45.107,45.45,43.0294,43.648,3502360.0
2022-03-22,MSTR,45.016,46.77,44.883,45.995,4343940.0
2022-03-23,MSTR,45.516,47.0305,44.7,45.069,2536490.0
2022-03-24,MSTR,45.966,48.4735,45.1,48.392,4389960.0
2022-03-25,MSTR,49.37,49.3934,46.0935,47.242,4126750.0
2022-03-28,MSTR,49.604,51.233,48.8,51.0,4265230.0
2022-03-29,MSTR,51.0,52.2803,49.5369,52.0,3638740.0
2022-03-30,MSTR,50.62,51.6,49.704,50.069,2783950.0
2022-03-31,MSTR,50.493,50.6551,48.561,48.632,3329570.0
2022-04-01,MSTR,48.956,49.8,47.88,49.098,2707780.0
2022-04-04,MSTR,49.172,50.33,48.855,50.126,2668070.0
2022-04-05,MSTR,50.857,50.857,47.122,48.728,4540430.0
2022-04-06,MSTR,47.292,47.685,44.7595,45.511,4306780.0
2022-04-07,MSTR,45.55,46.77,44.6,46.361,3426710.0
2022-04-08,MSTR,45.908,47.06,45.281,45.324,2748540.0
2022-04-11,MSTR,44.122,44.7505,42.503,43.639,3566830.0
2022-04-12,MSTR,44.8,47.607,43.749,44.345,4922670.0
2022-04-13,MSTR,44.125,46.659,44.125,46.358,2613130.0
2022-04-14,MSTR,46.402,46.975,44.643,44.919,2567010.0
2022-04-18,MSTR,44.78,45.216,43.131,44.589,2522580.0
2022-04-19,MSTR,45.0,47.117,44.3,47.114,2847760.0
2022-04-20,MSTR,47.66,47.728,44.645,44.903,2820800.0
2022-04-21,MSTR,46.102,47.187,42.5805,42.786,4163030.0
2022-04-22,MSTR,42.492,43.698,40.8,40.908,3542700.0
2022-04-25,MSTR,40.508,42.8,40.398,42.8,3293110.0
2022-04-26,MSTR,42.6,42.7435,39.034,39.101,3749040.0
2022-04-27,MSTR,39.32,40.596,38.365,38.578,3072710.0
2022-04-28,MSTR,39.3,40.406,36.965,40.049,4053300.0
2022-04-29,MSTR,39.3,41.0,35.3,35.417,5479780.0
2022-05-02,MSTR,35.601,36.953,34.371,36.591,5160050.0
2022-05-03,MSTR,36.4,36.894,34.009,34.34,4751970.0
2022-05-04,MSTR,35.001,36.862,32.525,36.644,8104430.0
2022-05-05,MSTR,35.662,35.7335,30.56,31.452,8594210.0
2022-05-06,MSTR,30.906,31.0,28.2545,29.424,12083840.0
2022-05-09,MSTR,27.125,27.125,21.412,21.905,19280310.0
2022-05-10,MSTR,23.959,24.952,20.837,22.552,17050600.0
2022-05-11,MSTR,20.0,21.776,16.5,16.82,36187640.0
2022-05-12,MSTR,15.319,20.5262,13.409,17.118,46929100.0
2022-05-13,MSTR,20.206,22.0,19.3295,20.457,25233570.0
2022-05-16,MSTR,20.0,20.8405,19.301,20.151,10088960.0
2022-05-17,MSTR,21.0,22.596,20.504,22.487,10170550.0
2022-05-18,MSTR,21.688,22.3881,19.554,19.744,9952570.0
2022-05-19,MSTR,20.479,22.032,19.8049,21.077,8014850.0
2022-05-20,MSTR,21.452,21.949,18.9,20.275,9193010.0
2022-05-23,MSTR,21.164,21.5,19.83,20.437,8984500.0
2022-05-24,MSTR,20.06,20.133,18.44,19.301,8066760.0
2022-05-25,MSTR,19.073,20.343,19.029,19.812,5390640.0
2022-05-26,MSTR,18.022,22.071,17.61,21.61,9678470.0
2022-05-27,MSTR,22.028,23.387,21.28,21.939,9705870.0
2022-05-31,MSTR,23.517,27.288,22.852,26.469,15526960.0
2022-06-01,MSTR,26.135,26.7,23.3,23.814,8710420.0
2022-06-02,MSTR,23.282,25.08,23.1818,24.446,5960210.0
2022-06-03,MSTR,23.938,23.938,22.355,22.722,4992260.0
2022-06-06,MSTR,24.395,24.877,23.236,23.544,5853770.0
2022-06-07,MSTR,22.17,24.2492,21.8081,24.0,6666690.0
2022-06-08,MSTR,23.688,24.699,23.2194,23.289,3107770.0
2022-06-09,MSTR,23.133,23.3526,21.6361,21.776,5242830.0
2022-06-10,MSTR,21.189,21.386,19.78,20.336,7849910.0
2022-06-13,MSTR,14.931,16.798,14.39,15.215,36774720.0
2022-06-14,MSTR,14.901,16.868,14.53,15.687,18926260.0
2022-06-15,MSTR,16.025,17.688,15.61,17.134,18770150.0
2022-06-16,MSTR,16.087,16.7035,15.446,16.134,11403370.0
2022-06-17,MSTR,15.803,16.856,15.751,16.76,12301670.0
2022-06-21,MSTR,17.094,19.4822,16.998,17.896,11347020.0
2022-06-22,MSTR,17.725,18.7,16.828,17.091,7515250.0
2022-06-23,MSTR,17.7,18.903,16.893,18.831,6690750.0
2022-06-24,MSTR,19.5,20.799,19.4,20.544,9964550.0
2022-06-27,MSTR,20.251,20.6125,18.499,19.673,7685420.0
2022-06-28,MSTR,19.764,20.37,18.471,18.612,6345710.0
2022-06-29,MSTR,18.03,18.423,17.251,17.969,7620990.0
2022-06-30,MSTR,17.28,17.542,16.273,16.43,7791870.0
2022-07-01,MSTR,16.797,17.217,16.139,16.677,7855090.0
2022-07-05,MSTR,16.584,18.8385,16.002,18.768,8114260.0
2022-07-06,MSTR,18.576,19.3585,18.317,18.83,6359740.0
2022-07-07,MSTR,19.07,22.052,18.982,21.951,11958440.0
2022-07-08,MSTR,21.312,23.6281,20.668,22.128,11522790.0
2022-07-11,MSTR,21.035,21.33,19.8,20.09,6977620.0
2022-07-12,MSTR,19.652,20.335,18.815,19.252,5886170.0
2022-07-13,MSTR,18.675,20.327,18.2445,19.555,5641000.0
2022-07-14,MSTR,19.329,20.5479,18.688,20.459,7227930.0
2022-07-15,MSTR,20.9,21.419,20.229,21.398,4886800.0
2022-07-18,MSTR,23.012,24.6565,22.425,22.563,10675760.0
2022-07-19,MSTR,23.943,26.88,23.033,26.717,11809760.0
2022-07-20,MSTR,27.85,29.95,27.151,28.877,16178810.0
2022-07-21,MSTR,27.904,29.05,27.138,28.971,8099800.0
2022-07-22,MSTR,29.406,29.8043,27.392,28.192,6542910.0
2022-07-25,MSTR,26.702,27.56,26.201,26.586,4825630.0
2022-07-26,MSTR,24.883,25.598,23.568,23.764,6626280.0
2022-07-27,MSTR,24.728,26.815,24.125,26.24,7089020.0
2022-07-28,MSTR,26.0,27.682,25.556,27.572,5934160.0
2022-07-29,MSTR,27.0,28.797,26.757,28.606,6156810.0
2022-08-01,MSTR,27.653,28.75,27.146,27.574,5202630.0
2022-08-02,MSTR,28.089,29.524,27.574,27.826,6061000.0
2022-08-03,MSTR,28.376,32.455,28.3411,31.368,12502380.0
2022-08-04,MSTR,31.989,33.223,30.453,30.931,8922350.0
2022-08-05,MSTR,30.874,33.097,30.544,31.915,6913550.0
2022-08-08,MSTR,33.565,35.194,32.7445,33.001,6206550.0
2022-08-09,MSTR,32.0,32.6531,31.425,31.938,3267930.0
2022-08-10,MSTR,34.7,34.7,32.75,33.58,5381410.0
2022-08-11,MSTR,35.5,36.197,33.006,33.699,6053900.0
2022-08-12,MSTR,33.699,35.33,33.1,35.284,4254500.0
2022-08-15,MSTR,34.646,35.8322,34.5,34.908,3049850.0
2022-08-16,MSTR,34.448,35.027,33.026,34.264,3379400.0
2022-08-17,MSTR,33.5,33.8,32.014,32.52,3292260.0
2022-08-18,MSTR,32.103,32.8,31.843,32.438,2445760.0
2022-08-19,MSTR,29.942,30.395,28.176,28.3,7574650.0
2022-08-22,MSTR,27.301,27.9685,26.608,26.809,4506640.0
2022-08-23,MSTR,27.19,28.327,25.8833,26.58,5319190.0
2022-08-24,MSTR,26.57,27.671,26.398,27.441,2485080.0
2022-08-25,MSTR,27.786,28.046,26.7185,27.281,2764130.0
2022-08-26,MSTR,27.5,27.5,24.8,24.92,6048990.0
2022-08-29,MSTR,24.137,25.4198,24.111,24.496,4927790.0
2022-08-30,MSTR,25.004,25.3,23.501,24.023,4948570.0
2022-08-31,MSTR,24.827,25.15,22.271,23.156,9373990.0
2022-09-01,MSTR,22.001,22.855,21.329,22.092,5680610.0
2022-09-02,MSTR,22.61,22.775,21.565,21.806,4238420.0
2022-09-06,MSTR,21.853,22.0,20.29,20.425,8006570.0
2022-09-07,MSTR,20.399,22.188,20.378,21.861,5632010.0
2022-09-08,MSTR,21.447,23.47,21.173,23.45,5286330.0
2022-09-09,MSTR,24.941,26.221,24.514,26.197,9160690.0
2022-09-12,MSTR,26.321,26.799,25.012,26.298,8997670.0
2022-09-13,MSTR,24.185,24.6345,22.952,23.125,8110920.0
2022-09-14,MSTR,23.01,23.125,22.135,22.599,5403340.0
2022-09-15,MSTR,22.29,23.67,21.605,21.694,8431640.0
2022-09-16,MSTR,21.152,21.505,20.322,20.634,9950880.0
2022-09-19,MSTR,19.9265,20.709,19.632,20.62,8183900.0
2022-09-20,MSTR,20.0,20.15,19.342,19.66,7614990.0
2022-09-21,MSTR,19.831,20.833,19.404,19.592,6620970.0
2022-09-22,MSTR,19.689,19.843,18.623,19.232,7609670.0
2022-09-23,MSTR,18.87,19.192,18.349,19.145,5995340.0
2022-09-26,MSTR,19.182,20.55,19.15,20.018,5853850.0
2022-09-27,MSTR,21.284,21.922,20.1,20.607,6753890.0
2022-09-28,MSTR,20.76,22.186,20.75,22.047,4655660.0
2022-09-29,MSTR,21.425,21.631,20.555,21.182,3966690.0
2022-09-30,MSTR,20.851,22.604,20.711,21.226,4007630.0
2022-10-03,MSTR,21.39,22.842,21.214,22.452,4334900.0
2022-10-04,MSTR,23.584,24.912,23.5,24.874,6507140.0
2022-10-05,MSTR,24.094,24.575,23.244,24.219,5250630.0
2022-10-06,MSTR,24.219,24.9166,23.625,24.167,2701920.0
2022-10-07,MSTR,23.4,23.6,21.766,22.03,3725930.0
2022-10-10,MSTR,21.962,23.186,21.526,22.065,3709440.0
2022-10-11,MSTR,22.121,22.7264,21.2205,21.637,3473030.0
2022-10-12,MSTR,21.818,21.887,20.551,21.838,2681690.0
2022-10-13,MSTR,20.148,22.3,19.8125,22.054,5923480.0
2022-10-14,MSTR,22.334,22.879,20.743,20.931,3895220.0
2022-10-17,MSTR,22.0,22.627,21.881,22.113,3344100.0
2022-10-18,MSTR,23.02,23.531,21.964,23.5,6103150.0
2022-10-19,MSTR,22.808,23.449,22.3959,22.608,2713050.0
2022-10-20,MSTR,22.823,23.489,21.922,22.101,2675500.0
2022-10-21,MSTR,21.855,23.443,21.649,23.262,3625540.0
2022-10-24,MSTR,23.3,24.494,22.636,23.76,3514400.0
2022-10-25,MSTR,24.0,27.0,24.0,26.869,6402420.0
2022-10-26,MSTR,26.955,29.0,26.688,27.272,6663070.0
2022-10-27,MSTR,27.673,27.9,26.5,27.056,2472870.0
2022-10-28,MSTR,26.919,28.093,26.461,27.999,4324970.0
2022-10-31,MSTR,27.89,28.388,26.045,26.751,3519890.0
2022-11-01,MSTR,27.595,27.8448,25.719,25.72,3113150.0
2022-11-02,MSTR,25.889,27.879,24.551,24.823,6426660.0
2022-11-03,MSTR,24.201,26.14,24.136,24.844,2618190.0
2022-11-04,MSTR,26.112,27.735,25.0633,27.71,6713380.0
2022-11-07,MSTR,27.141,27.38,26.0,26.664,3760250.0
2022-11-08,MSTR,24.8,26.664,19.351,21.184,31238360.0
2022-11-09,MSTR,19.5,20.906,16.85,17.036,27418980.0
2022-11-10,MSTR,18.9,19.838,17.2925,17.5,19091970.0
2022-11-11,MSTR,16.252,17.8101,15.53,17.518,16441340.0
2022-11-14,MSTR,17.131,17.91,16.435,16.59,7970120.0
2022-11-15,MSTR,17.4,17.747,16.513,17.153,7028020.0
2022-11-16,MSTR,16.353,17.048,16.0,16.944,6818890.0
2022-11-17,MSTR,16.565,17.55,16.213,17.388,5065630.0
2022-11-18,MSTR,17.7,17.7148,16.213,17.012,8229710.0
2022-11-21,MSTR,16.5,17.0654,15.234,15.722,9076520.0
2022-11-22,MSTR,16.0,16.8,15.556,16.708,5856080.0
2022-11-23,MSTR,16.845,17.672,16.621,17.639,4802050.0
2022-11-25,MSTR,17.203,18.3,17.202,18.3,2634160.0
2022-11-28,MSTR,17.872,18.143,16.916,17.667,6600890.0
2022-11-29,MSTR,18.02,18.251,17.5639,18.2,5439660.0
2022-11-30,MSTR,18.92,19.832,18.1,19.809,6612090.0
2022-12-01,MSTR,19.719,20.6531,19.6,19.898,4235790.0
2022-12-02,MSTR,19.568,21.149,19.5342,20.694,5933160.0
2022-12-05,MSTR,20.85,21.073,18.725,19.567,7714380.0
2022-12-06,MSTR,19.46,19.784,18.739,19.552,3850100.0
2022-12-07,MSTR,19.261,19.897,19.028,19.349,2965340.0
2022-12-08,MSTR,19.45,20.3271,19.023,20.257,3168970.0
2022-12-09,MSTR,20.101,20.348,19.6421,20.325,4064450.0
2022-12-12,MSTR,19.9,20.0485,19.479,19.616,4076850.0
2022-12-13,MSTR,20.645,21.184,19.552,20.181,4386090.0
2022-12-14,MSTR,20.3,21.378,20.191,20.273,5290560.0
2022-12-15,MSTR,19.75,19.901,18.6,18.8,4411060.0
2022-12-16,MSTR,18.376,18.564,17.233,17.375,7227350.0
2022-12-19,MSTR,17.231,17.884,16.838,17.021,3684250.0
2022-12-20,MSTR,17.037,17.543,16.7995,16.885,3059410.0
2022-12-21,MSTR,16.901,17.2065,16.664,16.882,2184210.0
2022-12-22,MSTR,16.83,16.83,16.092,16.623,4333190.0
2022-12-23,MSTR,16.554,16.759,16.054,16.267,2859220.0
2022-12-27,MSTR,16.0,16.007,14.568,14.774,7128000.0
2022-12-28,MSTR,14.7,15.109,13.7905,13.809,6919960.0
2022-12-29,MSTR,13.89,14.3,13.377,13.663,7156660.0
2022-12-30,MSTR,13.382,14.209,13.256,14.157,7033920.0
2023-01-03,MSTR,14.567,14.652,13.938,14.502,6283090.0
2023-01-04,MSTR,14.68,16.5695,14.59,16.506,10103000.0
2023-01-05,MSTR,16.054,16.054,14.977,15.656,4091780.0
2023-01-06,MSTR,15.261,16.189,14.71,16.045,4929030.0
2023-01-09,MSTR,17.0,18.187,16.54,17.501,7146340.0
2023-01-10,MSTR,17.435,19.097,16.9995,19.0,6523910.0
2023-01-11,MSTR,18.9,19.645,18.411,19.476,6658680.0
2023-01-12,MSTR,20.365,21.343,18.931,21.017,9960060.0
2023-01-13,MSTR,20.6,22.217,20.2695,21.697,8456590.0
2023-01-17,MSTR,23.2,23.967,22.275,23.592,10863050.0
2023-01-18,MSTR,23.7,24.203,20.962,22.119,11377710.0
2023-01-19,MSTR,21.677,22.787,21.449,22.145,4942090.0
2023-01-20,MSTR,22.419,24.187,21.903,24.003,7299350.0
2023-01-23,MSTR,24.095,25.05,23.5765,25.0215,7275510.0
2023-01-24,MSTR,24.7,25.102,24.185,24.75,3157090.0
2023-01-25,MSTR,24.04,24.7523,23.215,24.584,3746450.0
2023-01-26,MSTR,25.303,25.499,23.699,24.532,4122960.0
2023-01-27,MSTR,24.0,26.21,24.0,25.836,6292430.0
2023-01-30,MSTR,25.235,25.885,23.942,24.569,5340370.0
2023-01-31,MSTR,24.9,25.776,24.8,25.173,3787770.0
2023-02-01,MSTR,25.1,27.36,24.425,26.792,6554390.0
2023-02-02,MSTR,27.5,30.29,27.486,29.213,10414570.0
2023-02-03,MSTR,27.911,30.34,27.8383,28.476,6303410.0
2023-02-06,MSTR,27.431,28.623,27.1162,28.205,4206170.0
2023-02-07,MSTR,27.975,28.733,27.038,28.387,5013380.0
2023-02-08,MSTR,28.243,29.0409,27.166,27.596,3155670.0
2023-02-09,MSTR,27.601,27.761,24.558,24.904,7268130.0
2023-02-10,MSTR,24.6,25.259,24.101,24.337,4362360.0
2023-02-13,MSTR,23.903,25.065,23.6542,24.925,2894020.0
2023-02-14,MSTR,25.102,27.678,24.4001,27.114,6728240.0
2023-02-15,MSTR,27.558,29.973,27.209,29.84,7142870.0
2023-02-16,MSTR,29.6,31.5,28.284,28.403,9707410.0
2023-02-17,MSTR,28.329,29.741,27.385,29.405,5529080.0
2023-02-21,MSTR,28.624,29.074,26.754,26.992,5714610.0
2023-02-22,MSTR,26.638,27.348,26.244,26.858,4214390.0
2023-02-23,MSTR,27.095,27.559,26.159,26.575,3014980.0
2023-02-24,MSTR,26.142,26.205,24.887,25.58,5035390.0
2023-02-27,MSTR,26.359,26.971,25.5828,25.865,3494180.0
2023-02-28,MSTR,25.979,26.975,25.604,26.227,4006030.0
2023-03-01,MSTR,26.388,26.8549,25.334,25.791,3452190.0
2023-03-02,MSTR,24.899,25.387,24.167,25.289,4928470.0
2023-03-03,MSTR,24.02,25.2335,23.685,24.691,7603800.0
2023-03-06,MSTR,24.935,25.204,23.705,23.745,4770120.0
2023-03-07,MSTR,23.6,24.1,23.093,23.144,4935570.0
2023-03-08,MSTR,23.04,23.494,22.7,23.272,4701420.0
2023-03-09,MSTR,23.035,23.143,21.011,21.082,8241850.0
2023-03-10,MSTR,20.575,20.758,18.83,19.201,13303190.0
2023-03-13,MSTR,20.202,22.962,19.635,22.316,15329550.0
2023-03-14,MSTR,23.908,24.441,22.209,22.947,11303530.0
2023-03-15,MSTR,22.7,23.498,21.653,22.755,6895420.0
2023-03-16,MSTR,22.518,24.5108,22.327,24.108,7700610.0
2023-03-17,MSTR,25.553,27.4,24.901,26.766,20223820.0
2023-03-20,MSTR,28.043,28.173,25.837,26.396,12524220.0
2023-03-21,MSTR,26.899,27.893,26.065,27.338,8810990.0
2023-03-22,MSTR,27.6,27.8091,24.601,24.686,11129510.0
2023-03-23,MSTR,24.901,27.1,24.804,26.333,11249500.0
2023-03-24,MSTR,25.914,26.348,24.731,25.667,6569940.0
2023-03-27,MSTR,25.986,26.021,23.072,23.896,11330900.0
2023-03-28,MSTR,23.677,24.8535,23.25,24.826,6721260.0
2023-03-29,MSTR,25.78,28.542,25.545,28.403,10108520.0
2023-03-30,MSTR,28.79,28.85,27.457,27.923,7080720.0
2023-03-31,MSTR,28.346,29.54,28.0,29.232,10379820.0
2023-04-03,MSTR,29.099,30.1,28.816,29.739,7653750.0
2023-04-04,MSTR,29.958,30.136,28.5743,29.898,6234570.0
2023-04-05,MSTR,30.345,30.7,28.351,29.084,8123880.0
2023-04-06,MSTR,28.651,29.548,27.837,29.01,4261230.0
2023-04-10,MSTR,29.0,31.294,28.5,31.278,10025750.0
2023-04-11,MSTR,32.191,33.782,31.8095,33.235,14267460.0
2023-04-12,MSTR,33.425,33.5745,31.834,32.283,8812480.0
2023-04-13,MSTR,33.042,34.5,32.7,34.072,11131720.0
2023-04-14,MSTR,34.285,34.763,32.461,33.375,8720870.0
2023-04-17,MSTR,32.173,32.247,31.22,31.303,7702240.0
2023-04-18,MSTR,32.5,33.4,32.4,32.985,10000520.0
2023-04-19,MSTR,31.988,32.1991,31.29,31.472,6234660.0
2023-04-20,MSTR,31.027,31.29,29.227,29.471,8256390.0
2023-04-21,MSTR,29.734,30.05,28.774,29.102,6576180.0
2023-04-24,MSTR,29.103,29.7953,28.3,28.533,5676380.0
2023-04-25,MSTR,28.236,29.689,28.015,29.091,5699510.0
2023-04-26,MSTR,31.05,32.164,29.63,29.946,10820420.0
2023-04-27,MSTR,30.651,31.888,29.601,31.864,10165150.0
2023-04-28,MSTR,31.304,32.898,30.809,32.838,7607300.0
2023-05-01,MSTR,32.0,32.3359,30.4236,30.747,9055130.0
2023-05-02,MSTR,31.014,33.2927,30.513,32.801,13733020.0
2023-05-03,MSTR,32.049,32.189,30.168,30.425,11930080.0
2023-05-04,MSTR,31.115,32.119,30.75,31.2235,7150600.0
2023-05-05,MSTR,31.3,32.872,31.2,32.672,9082140.0
2023-05-08,MSTR,31.115,31.1745,29.4,29.467,10429910.0
2023-05-09,MSTR,29.751,31.0,28.963,30.343,7220480.0
2023-05-10,MSTR,31.324,32.565,30.5,31.511,12951620.0
2023-05-11,MSTR,31.135,31.135,28.476,28.737,15422380.0
2023-05-12,MSTR,28.49,28.659,26.651,27.1,10850520.0
2023-05-15,MSTR,28.0,28.688,27.6,28.25,6507190.0
2023-05-16,MSTR,27.75,28.3,27.2371,27.344,4653910.0
2023-05-17,MSTR,27.149,29.105,26.926,29.057,6113140.0
2023-05-18,MSTR,28.9,29.721,28.0011,28.758,6696310.0
2023-05-19,MSTR,29.09,29.196,28.2575,28.828,3731810.0
2023-05-22,MSTR,28.778,29.706,28.602,29.412,5910290.0
2023-05-23,MSTR,29.919,30.12,28.826,28.933,6432840.0
2023-05-24,MSTR,28.2,28.6948,27.663,28.443,8064370.0
2023-05-25,MSTR,28.791,28.884,27.285,28.099,8783670.0
2023-05-26,MSTR,27.98,29.489,27.92,28.51,6549840.0
2023-05-30,MSTR,30.01,31.364,29.675,29.927,9466350.0
2023-05-31,MSTR,29.401,30.277,28.9,30.163,6233890.0
2023-06-01,MSTR,29.85,30.7725,29.5642,29.994,5488980.0
2023-06-02,MSTR,30.527,30.6,29.064,30.213,7264640.0
2023-06-05,MSTR,29.447,29.696,27.12,27.636,14040080.0
2023-06-06,MSTR,27.0,30.4565,26.655,29.882,18779480.0
2023-06-07,MSTR,29.882,30.227,28.8,29.081,6755490.0
2023-06-08,MSTR,28.969,29.7244,28.357,29.093,4855700.0
2023-06-09,MSTR,29.35,29.576,28.0505,28.233,5678550.0
2023-06-12,MSTR,27.9125,28.166,27.5,27.77,3715460.0
2023-06-13,MSTR,28.43,28.488,27.495,28.382,4436330.0
2023-06-14,MSTR,28.411,28.615,27.673,28.288,3997060.0
2023-06-15,MSTR,27.415,28.138,26.6,27.792,7857330.0
2023-06-16,MSTR,28.499,29.8,28.096,29.339,14232820.0
2023-06-20,MSTR,30.0,31.518,28.969,31.34,18939290.0
2023-06-21,MSTR,32.4,33.8,32.031,33.131,19270040.0
2023-06-22,MSTR,33.249,33.745,31.313,32.723,11363630.0
2023-06-23,MSTR,32.7,33.7,31.73,32.911,15618860.0
2023-06-26,MSTR,32.4,32.86,30.1085,30.574,11272830.0
2023-06-27,MSTR,31.23,32.799,31.1527,32.488,8773320.0
2023-06-28,MSTR,31.991,33.281,31.845,32.561,6590810.0
2023-06-29,MSTR,33.564,34.0787,32.85,34.0255,8574150.0
2023-06-30,MSTR,34.997,35.275,32.226,34.242,15255080.0
2023-07-03,MSTR,34.7,37.827,34.599,37.784,10954680.0
2023-07-05,MSTR,36.701,38.299,35.9096,37.811,11868040.0
2023-07-06,MSTR,38.059,38.501,36.2,37.655,8927160.0
2023-07-07,MSTR,37.359,39.2,37.359,38.074,9417660.0
2023-07-10,MSTR,38.117,40.801,37.0047,40.771,9976080.0
2023-07-11,MSTR,40.1,41.5,39.692,41.23,12049000.0
2023-07-12,MSTR,41.8,42.098,40.524,41.349,9236360.0
2023-07-13,MSTR,41.8,46.699,41.278,46.183,20782770.0
2023-07-14,MSTR,45.546,47.5092,44.718,45.886,17243520.0
2023-07-17,MSTR,45.7195,46.7,44.435,44.988,8633140.0
2023-07-18,MSTR,44.948,45.4,43.5,44.5795,7836350.0
2023-07-19,MSTR,45.177,46.16,44.6763,45.31,5501830.0
2023-07-20,MSTR,45.521,46.131,43.52,44.083,6317190.0
2023-07-21,MSTR,44.191,44.5875,42.655,43.665,5634130.0
2023-07-24,MSTR,42.764,43.187,41.293,43.0935,6554870.0
2023-07-25,MSTR,43.094,44.2415,43.021,43.682,4478510.0
2023-07-26,MSTR,43.682,44.793,43.628,44.346,5300490.0
2023-07-27,MSTR,45.1,45.246,42.417,42.615,5655130.0
2023-07-28,MSTR,43.4,43.874,42.484,43.461,4642400.0
2023-07-31,MSTR,44.0,44.284,43.22,43.788,4869690.0
2023-08-01,MSTR,43.0,43.8,42.088,43.498,6685650.0
2023-08-02,MSTR,43.498,43.7,40.118,40.733,10559400.0
2023-08-03,MSTR,40.001,40.237,38.7625,38.991,6531920.0
2023-08-04,MSTR,39.001,39.576,37.445,37.697,5511530.0
2023-08-07,MSTR,37.103,37.356,35.77,37.082,6962510.0
2023-08-08,MSTR,38.0,39.6,37.472,38.948,7719070.0
2023-08-09,MSTR,39.597,39.65,37.6,37.784,5120890.0
2023-08-10,MSTR,38.032,39.006,37.2006,37.801,4113720.0
2023-08-11,MSTR,37.801,38.8,37.21,38.431,3342830.0
2023-08-14,MSTR,38.157,39.26,37.5276,38.883,3824110.0
2023-08-15,MSTR,38.904,39.269,37.583,37.615,4184080.0
2023-08-16,MSTR,37.346,37.728,36.626,36.967,3136210.0
2023-08-17,MSTR,36.16,36.559,34.537,34.679,8060740.0
2023-08-18,MSTR,33.149,33.858,32.229,32.862,11012230.0
2023-08-21,MSTR,33.029,33.6984,32.502,33.525,4172150.0
2023-08-22,MSTR,34.148,34.5235,32.8,32.951,3826540.0
2023-08-23,MSTR,33.0,35.0525,32.75,34.64,5205820.0
2023-08-24,MSTR,34.892,34.95,33.245,33.656,5077330.0
2023-08-25,MSTR,33.968,34.5,32.9031,33.605,3665040.0
2023-08-28,MSTR,33.936,35.038,33.8545,34.437,3532920.0
2023-08-29,MSTR,34.223,38.7993,34.193,38.152,15281690.0
2023-08-30,MSTR,37.51,37.732,36.76,37.168,6051030.0
2023-08-31,MSTR,37.51,37.5666,35.424,35.753,6051440.0
2023-09-01,MSTR,35.754,36.094,34.663,35.148,4068490.0
2023-09-05,MSTR,35.148,35.3971,34.4575,34.925,3007750.0
2023-09-06,MSTR,34.95,35.9,34.5261,35.07,5725360.0
2023-09-07,MSTR,34.65,35.682,33.784,35.307,4927310.0
2023-09-08,MSTR,35.242,35.628,34.7,35.628,4593970.0
2023-09-11,MSTR,35.5,35.661,33.6,34.268,7536580.0
2023-09-12,MSTR,35.5,36.76,34.5299,34.776,7655360.0
2023-09-13,MSTR,34.73,35.2561,34.06,34.184,4786260.0
2023-09-14,MSTR,35.0,36.199,34.604,34.64,6700320.0
2023-09-15,MSTR,34.64,34.64,33.636,34.078,4987990.0
2023-09-18,MSTR,35.125,35.633,33.899,34.062,5781360.0
2023-09-19,MSTR,34.411,35.0195,33.35,33.926,5578400.0
2023-09-20,MSTR,34.35,34.434,33.304,33.347,3833920.0
2023-09-21,MSTR,32.58,32.8662,32.1593,32.606,3660060.0
2023-09-22,MSTR,32.475,32.814,32.0567,32.281,2834370.0
2023-09-25,MSTR,31.95,32.761,31.564,32.76,3850920.0
2023-09-26,MSTR,32.4,32.9,31.717,31.73,3856730.0
2023-09-27,MSTR,32.262,32.69,31.01,31.563,3875850.0
2023-09-28,MSTR,31.98,33.7553,31.565,32.892,6431960.0
2023-09-29,MSTR,33.272,33.448,32.49,32.828,3919740.0
2023-10-02,MSTR,34.657,35.284,32.752,32.949,8535110.0
2023-10-03,MSTR,32.39,32.6,31.1,31.133,6452520.0
2023-10-04,MSTR,31.485,32.393,30.711,32.04,4937570.0
2023-10-05,MSTR,32.379,32.8,31.5181,32.342,4105790.0
2023-10-06,MSTR,32.0,34.1782,31.9172,34.063,4731500.0
2023-10-09,MSTR,33.153,34.424,33.143,34.045,3807170.0
2023-10-10,MSTR,34.124,34.647,33.701,34.046,3866720.0
2023-10-11,MSTR,33.86,34.027,33.035,33.461,3065040.0
2023-10-12,MSTR,33.5,33.5,32.086,32.36,4451090.0
2023-10-13,MSTR,32.762,32.762,31.425,31.822,3971020.0
2023-10-16,MSTR,33.8,35.3,32.105,32.58,12584180.0
2023-10-17,MSTR,32.134,34.0909,32.134,33.541,6150970.0
2023-10-18,MSTR,33.589,33.8255,32.646,32.914,3686670.0
2023-10-19,MSTR,33.072,34.878,32.814,34.235,5355780.0
2023-10-20,MSTR,35.365,36.2,34.421,34.804,8763610.0
2023-10-23,MSTR,35.535,38.39,34.609,37.749,12814720.0
2023-10-24,MSTR,40.839,43.899,40.127,42.487,22467300.0
2023-10-25,MSTR,43.479,44.949,42.511,43.322,12600930.0
2023-10-26,MSTR,42.0,43.0,40.623,41.345,10068990.0
2023-10-27,MSTR,42.0,42.146,39.8203,40.676,7335610.0
2023-10-30,MSTR,42.3,43.465,41.0,42.022,8258380.0
2023-10-31,MSTR,41.65,42.377,41.005,42.339,6153510.0
2023-11-01,MSTR,42.962,43.0,41.236,42.667,7521800.0
2023-11-02,MSTR,44.048,45.405,42.4,45.363,11843380.0
2023-11-03,MSTR,44.498,46.419,44.14,45.395,9453060.0
2023-11-06,MSTR,46.102,47.299,45.101,45.963,7827090.0
2023-11-07,MSTR,45.4,47.487,44.9,47.355,7247720.0
2023-11-08,MSTR,46.908,47.86,45.849,47.45,7894020.0
2023-11-09,MSTR,49.829,53.521,48.589,49.407,21138910.0
2023-11-10,MSTR,50.4,51.3315,49.4535,50.918,9471700.0
2023-11-13,MSTR,50.2,50.6895,48.677,50.488,9250560.0
2023-11-14,MSTR,50.67,50.699,46.0,48.0,16619420.0
2023-11-15,MSTR,48.634,50.928,48.067,50.595,14501570.0
2023-11-16,MSTR,49.4,50.277,48.297,48.908,11463910.0
2023-11-17,MSTR,49.265,49.591,48.339,48.622,7507970.0
2023-11-20,MSTR,49.201,51.252,49.201,50.853,10603370.0
2023-11-21,MSTR,49.799,50.314,48.453,49.304,7955770.0
2023-11-22,MSTR,49.4,50.944,48.108,50.788,7339860.0
2023-11-24,MSTR,51.0,52.679,50.553,52.024,9074130.0
2023-11-27,MSTR,50.575,51.48,49.53,49.538,10555310.0
2023-11-28,MSTR,50.512,51.527,49.825,50.587,8876760.0
2023-11-29,MSTR,50.798,51.35,49.7,50.71,6569290.0
2023-11-30,MSTR,49.8,50.499,48.7314,49.83,7405150.0
2023-12-01,MSTR,50.353,52.98,50.337,52.768,14040620.0
2023-12-04,MSTR,56.7,57.777,55.0,56.322,17529610.0
2023-12-05,MSTR,56.6,58.99,56.3384,57.75,14467820.0
2023-12-06,MSTR,58.512,58.6555,56.6135,56.8885,9565710.0
2023-12-07,MSTR,55.72,57.806,55.21,57.109,5735730.0
2023-12-08,MSTR,57.348,59.939,57.281,59.939,9530730.0
2023-12-11,MSTR,57.411,57.788,54.6179,55.58,13410620.0
2023-12-12,MSTR,56.0,56.697,54.901,55.832,7119300.0
2023-12-13,MSTR,55.759,58.6,55.229,58.6,9699550.0
2023-12-14,MSTR,58.8,59.0,57.565,58.237,9166930.0
2023-12-15,MSTR,57.5,57.523,56.465,57.041,9880310.0
2023-12-18,MSTR,56.11,57.9,55.9,57.19,8503280.0
2023-12-19,MSTR,58.35,59.041,56.451,57.13,8737940.0
2023-12-20,MSTR,58.977,59.9569,57.21,57.347,13784750.0
2023-12-21,MSTR,58.81,59.132,57.44,58.195,7159260.0
2023-12-22,MSTR,58.196,62.258,57.87,61.924,12619800.0
2023-12-26,MSTR,60.949,61.555,59.649,60.389,12047090.0
2023-12-27,MSTR,61.38,67.382,61.201,67.071,21272510.0
2023-12-28,MSTR,65.469,68.935,65.3515,66.788,15807680.0
2023-12-29,MSTR,67.483,68.0,61.717,63.162,15818040.0
2024-01-02,MSTR,69.249,72.777,68.0,68.515,22074410.0
2024-01-03,MSTR,64.322,65.855,62.53,63.106,18805690.0
2024-01-04,MSTR,63.86,66.8,62.845,65.581,11192720.0
2024-01-05,MSTR,64.871,65.403,63.003,63.108,9323070.0
2024-01-08,MSTR,64.0,64.688,58.652,59.801,25142550.0
2024-01-09,MSTR,60.0,60.278,57.125,57.729,14346430.0
2024-01-10,MSTR,56.668,58.7,55.3841,56.567,16409460.0
2024-01-11,MSTR,59.899,61.1,53.03,53.618,25703910.0
2024-01-12,MSTR,52.502,52.589,48.1,48.553,27402780.0
2024-01-16,MSTR,47.9,48.948,46.7,48.214,16453490.0
2024-01-17,MSTR,47.423,49.91,47.423,49.9,9765870.0
2024-01-18,MSTR,50.0,52.2,47.785,48.66,16604920.0
2024-01-19,MSTR,48.45,48.72,46.5,48.1,11771730.0
2024-01-22,MSTR,46.8,48.396,45.539,47.019,11431450.0
2024-01-23,MSTR,45.0,45.9817,43.874,45.019,11716070.0
2024-01-24,MSTR,46.0,46.2,44.505,45.099,8232670.0
2024-01-25,MSTR,45.232,46.4,44.5889,45.778,6608460.0
2024-01-26,MSTR,47.0,50.095,46.475,49.45,14660400.0
2024-01-29,MSTR,50.0,52.497,49.021,51.381,13648890.0
2024-01-30,MSTR,51.698,52.58,50.764,51.951,7388130.0
2024-01-31,MSTR,50.8,52.789,49.9428,50.121,9379630.0
2024-02-01,MSTR,50.18,51.506,49.596,50.348,6280830.0
2024-02-02,MSTR,49.725,50.9,49.1,50.01,6098000.0
2024-02-05,MSTR,50.2,50.348,48.2,49.06,8599300.0
2024-02-06,MSTR,49.33,50.9192,49.312,49.8,6898740.0
2024-02-07,MSTR,49.947,50.863,46.749,50.801,10997480.0
2024-02-08,MSTR,53.0,58.846,52.505,58.781,22631100.0
2024-02-09,MSTR,62.74,64.89,61.4115,64.632,24684570.0
2024-02-12,MSTR,65.199,72.527,65.017,71.752,23099730.0
2024-02-13,MSTR,67.5,70.122,65.555,68.602,13914530.0
2024-02-14,MSTR,74.6,77.484,73.4165,76.988,20704740.0
2024-02-15,MSTR,79.244,80.678,70.7514,71.8,23827690.0
2024-02-16,MSTR,73.5,74.0,68.938,69.956,13407110.0
2024-02-20,MSTR,71.079,72.198,67.027,70.498,9680050.0
2024-02-21,MSTR,68.43,68.538,66.4257,67.28,7033060.0
2024-02-22,MSTR,68.37,72.325,67.999,71.315,10425120.0
2024-02-23,MSTR,69.901,70.4285,67.806,68.744,7392840.0
2024-02-26,MSTR,68.794,80.995,68.794,79.648,22695290.0
2024-02-27,MSTR,86.61,89.0,84.176,87.18,22747610.0
2024-02-28,MSTR,95.2,100.888,91.55,96.295,48388190.0
2024-02-29,MSTR,99.9,104.0,96.0444,102.284,35206030.0
2024-03-01,MSTR,99.6,108.0,99.2,107.939,26964360.0
2024-03-04,MSTR,120.0,135.991,119.001,133.401,54249890.0
2024-03-05,MSTR,124.419,133.779,103.506,105.101,57366280.0
2024-03-06,MSTR,114.0,128.555,113.1101,124.621,36939990.0
2024-03-07,MSTR,128.498,132.104,122.5,130.002,21677160.0
2024-03-08,MSTR,132.804,145.173,128.3664,142.559,37417740.0
2024-03-11,MSTR,155.0,165.706,147.735,148.423,41024230.0
2024-03-12,MSTR,154.4,159.497,143.8002,159.335,35488650.0
2024-03-13,MSTR,166.0,177.4,162.0,176.615,37759450.0
2024-03-14,MSTR,170.801,174.6,155.077,167.685,49867590.0
2024-03-15,MSTR,160.001,181.5,157.0,178.236,44749940.0
2024-03-18,MSTR,171.845,173.49,144.501,150.276,45111200.0
2024-03-19,MSTR,132.607,145.0,123.012,141.75,44644130.0
2024-03-20,MSTR,142.301,155.0,136.301,154.652,33314320.0
2024-03-21,MSTR,159.412,170.4364,158.102,159.929,31589810.0
2024-03-22,MSTR,152.0,159.449,149.0,152.3,20836180.0
2024-03-25,MSTR,160.5,187.365,159.442,185.6,38840270.0
2024-03-26,MSTR,188.243,190.95,179.2,187.699,23938900.0
2024-03-27,MSTR,195.3,199.999,184.2,191.916,26226090.0
2024-03-28,MSTR,194.3,198.9,164.5515,170.456,45559140.0
2024-04-01,MSTR,164.501,169.019,158.656,163.674,19929540.0
2024-04-02,MSTR,149.2,159.229,146.2943,157.883,18545840.0
2024-04-03,MSTR,158.001,169.949,156.832,160.611,19772450.0
2024-04-04,MSTR,169.298,173.972,161.01,161.542,20171340.0
2024-04-05,MSTR,157.0,167.425,143.2,143.9,22739950.0
2024-04-08,MSTR,160.21,162.378,149.12,151.299,20573630.0
2024-04-09,MSTR,147.81,148.0167,137.5,144.102,16716660.0
2024-04-10,MSTR,138.75,156.6,137.377,156.6,19391880.0
2024-04-11,MSTR,154.3,157.837,151.009,155.181,14385910.0
2024-04-12,MSTR,153.5,153.782,143.3,147.958,12905640.0
2024-04-15,MSTR,147.0,148.997,132.105,133.588,16125420.0
2024-04-16,MSTR,130.602,132.85,121.515,125.403,17292290.0
2024-04-17,MSTR,125.8,126.422,113.199,118.805,20373970.0
2024-04-18,MSTR,119.2,128.788,116.843,120.816,17696710.0
2024-04-19,MSTR,123.7,125.865,116.6241,117.411,14746540.0
2024-04-22,MSTR,120.9,134.7902,120.8,132.401,19410690.0
2024-04-23,MSTR,131.1,139.4451,129.889,133.864,10478460.0
2024-04-24,MSTR,132.701,134.5,126.0,126.567,9511860.0
2024-04-25,MSTR,122.6,126.772,120.114,124.041,7734030.0
2024-04-26,MSTR,122.5,128.597,120.401,128.238,8814620.0
2024-04-29,MSTR,125.0,130.8416,122.842,129.297,10130730.0
2024-04-30,MSTR,119.901,121.542,106.317,106.503,24936030.0
2024-05-01,MSTR,101.553,110.9325,101.0,102.827,19248840.0
2024-05-02,MSTR,105.5,114.2302,104.1762,112.942,15402250.0
2024-05-03,MSTR,120.101,124.2,117.282,122.301,15609620.0
2024-05-06,MSTR,127.385,133.9,126.01,126.881,13870320.0
2024-05-07,MSTR,127.82,131.9,125.13,125.745,9967680.0
2024-05-08,MSTR,119.839,125.9898,119.0,123.312,8590160.0
2024-05-09,MSTR,123.0,130.3,120.099,126.364,10533700.0
2024-05-10,MSTR,128.999,130.199,117.853,118.048,14038440.0
2024-05-13,MSTR,121.794,126.4151,120.3,124.596,8757250.0
2024-05-14,MSTR,122.648,129.869,122.648,129.763,9267860.0
2024-05-15,MSTR,137.96,152.034,135.109,150.347,20586430.0
2024-05-16,MSTR,149.41,151.89,143.545,143.998,13655550.0
2024-05-17,MSTR,150.098,158.5,146.9,158.45,16529320.0
2024-05-20,MSTR,159.7,172.896,155.142,172.724,16716970.0
2024-05-21,MSTR,173.0,174.0,164.5,165.542,12977510.0
2024-05-22,MSTR,166.3,171.8,162.015,164.7,10339300.0
2024-05-23,MSTR,166.921,167.0,153.0326,154.407,11588110.0
2024-05-24,MSTR,154.0,168.4995,152.8,168.484,12068560.0
2024-05-28,MSTR,165.0,169.155,161.002,167.535,10799360.0
2024-05-29,MSTR,165.0,165.907,161.118,161.87,7344250.0
2024-05-30,MSTR,165.3,171.499,153.1955,154.1,14776450.0
2024-05-31,MSTR,159.7,161.482,144.2,152.449,22153560.0
2024-06-03,MSTR,160.1,165.6,156.0417,162.741,11222360.0
2024-06-04,MSTR,161.742,169.7,161.5,163.877,13229510.0
2024-06-05,MSTR,167.5,171.784,163.624,169.469,10955850.0
2024-06-06,MSTR,169.859,173.4698,164.705,165.663,11622910.0
2024-06-07,MSTR,167.102,171.77,158.5,159.62,12626880.0
2024-06-10,MSTR,157.501,164.776,156.029,159.992,7264600.0
2024-06-11,MSTR,154.2,156.415,148.66,155.549,11411820.0
2024-06-12,MSTR,162.0,169.271,159.1765,160.367,13681250.0
2024-06-13,MSTR,156.33,157.376,144.101,148.388,21107660.0
2024-06-14,MSTR,150.5,153.8,146.151,149.554,13790090.0
2024-06-17,MSTR,149.98,156.901,142.1169,150.726,12076360.0
2024-06-18,MSTR,145.793,151.095,144.6,146.943,8933680.0
2024-06-20,MSTR,148.211,150.559,142.206,146.54,9097600.0
2024-06-21,MSTR,142.0,149.105,140.902,148.376,11494630.0
2024-06-24,MSTR,139.8,144.89,132.5541,137.215,16080740.0
2024-06-25,MSTR,141.377,149.9,139.3391,149.574,13627970.0
2024-06-26,MSTR,147.229,150.5015,144.5,145.773,7501750.0
2024-06-27,MSTR,148.5,153.9,146.35,152.54,9307670.0
2024-06-28,MSTR,151.642,151.9,136.702,137.748,34113490.0
2024-07-01,MSTR,141.0,143.595,136.308,136.597,14129320.0
2024-07-02,MSTR,136.551,138.4405,130.657,132.019,9229110.0
2024-07-03,MSTR,129.8,132.8,127.3471,130.209,6659400.0
2024-07-05,MSTR,121.55,129.917,120.232,128.172,15029080.0
2024-07-08,MSTR,131.453,132.5,125.8782,129.058,8736390.0
2024-07-09,MSTR,131.388,132.0,127.8085,130.177,8968510.0
2024-07-10,MSTR,131.97,134.5,129.6,130.572,6387290.0
2024-07-11,MSTR,139.6,143.2,132.9235,135.856,13548930.0
2024-07-12,MSTR,133.92,143.5404,132.419,139.676,10640830.0
2024-07-15,MSTR,152.4,163.9,149.2425,161.128,24670830.0
2024-07-16,MSTR,161.5,167.5784,157.6395,166.43,15809620.0
2024-07-17,MSTR,161.1,167.408,153.0,159.0,17211670.0
2024-07-18,MSTR,163.39,163.7,151.625,155.516,10236330.0
2024-07-19,MSTR,157.34,178.5,156.5,177.85,20458260.0
2024-07-22,MSTR,178.402,181.0662,173.613,180.009,15391120.0
2024-07-23,MSTR,176.399,179.8,171.502,172.177,10746610.0
2024-07-24,MSTR,175.0,176.952,166.702,167.269,13773770.0
2024-07-25,MSTR,161.65,167.7855,150.766,160.647,14772330.0
2024-07-26,MSTR,170.0,177.697,168.601,175.271,14137670.0
2024-07-29,MSTR,181.999,183.7,167.1275,168.485,12801620.0
2024-07-30,MSTR,168.799,169.5,159.249,160.407,9154800.0
2024-07-31,MSTR,164.603,168.5,160.8552,161.444,7533810.0
2024-08-01,MSTR,161.5,163.436,148.202,151.181,11930000.0
2024-08-02,MSTR,148.581,159.14,141.71,144.799,14126190.0
2024-08-05,MSTR,105.165,135.427,102.402,130.9,22677550.0
2024-08-06,MSTR,132.6,139.494,126.218,136.921,12260230.0
2024-08-07,MSTR,140.878,142.158,124.013,124.685,10933850.0
2024-08-08,MSTR,130.23,136.76,128.06,135.99,10378310.0
2024-08-09,MSTR,135.89,136.685,129.55,135.37,7330433.0
2024-08-12,MSTR,133.49,139.2129,129.22,131.46,6932336.0
2024-08-13,MSTR,132.28,140.0,130.26,135.38,8123111.0
2024-08-14,MSTR,136.37,137.4,129.33,130.37,8535928.0
2024-08-15,MSTR,132.7,139.0,130.73,131.93,10856850.0
2024-08-16,MSTR,133.25,136.32,126.59,133.04,11360410.0
2024-08-19,MSTR,133.7,137.44,131.16,135.35,6595737.0
2024-08-20,MSTR,139.735,141.36,130.63,133.69,11274580.0
2024-08-21,MSTR,134.34,142.58,132.87,141.42,11774540.0
2024-08-22,MSTR,141.39,141.78,133.69,133.81,7963436.0
2024-08-23,MSTR,137.4,151.81,135.51,150.01,17791300.0
2024-08-26,MSTR,148.12,152.35,146.6,146.9,10418750.0
2024-08-27,MSTR,144.48,145.238,138.19,140.01,10943130.0
2024-08-28,MSTR,138.16,138.4,130.73,132.09,8860102.0
2024-08-29,MSTR,137.0,139.43,131.0,132.56,8431380.0
2024-08-30,MSTR,134.0,135.2499,128.3,132.42,7802999.0
2024-09-03,MSTR,132.0,132.73,122.19,122.32,8258810.0
2024-09-04,MSTR,120.25,125.98,117.9401,124.85,8191094.0
2024-09-05,MSTR,122.35,126.83,119.43,119.57,6066645.0
2024-09-06,MSTR,122.93,124.69,113.69,114.3,8795527.0
2024-09-09,MSTR,118.93,125.2289,117.5003,124.82,9771186.0
2024-09-10,MSTR,123.0,129.82,121.55,129.64,7738025.0
2024-09-11,MSTR,124.805,131.0,121.3,129.28,8731203.0
2024-09-12,MSTR,129.0,134.1,127.2723,130.77,6052392.0
2024-09-13,MSTR,131.1,143.0,129.84,141.47,12239120.0
2024-09-16,MSTR,137.02,137.88,132.67,134.53,8765884.0
2024-09-17,MSTR,138.37,140.16,128.8209,131.27,21043390.0
2024-09-18,MSTR,130.44,139.49,128.51,132.67,16345620.0
2024-09-19,MSTR,140.45,148.96,139.62,144.66,20177340.0
2024-09-20,MSTR,144.39,148.03,141.64,144.78,12332320.0
2024-09-23,MSTR,147.48,151.59,145.0149,149.97,10090260.0
2024-09-24,MSTR,150.16,154.33,146.7074,153.88,9365235.0
2024-09-25,MSTR,152.3,157.88,151.5,151.94,7839376.0
2024-09-26,MSTR,157.63,167.51,156.3806,165.98,17068470.0
2024-09-27,MSTR,170.48,179.6,168.305,176.22,17321180.0
2024-09-30,MSTR,168.63,175.5064,167.314,168.6,13443440.0
2024-10-01,MSTR,168.52,169.4299,157.02,162.69,14103320.0
2024-10-02,MSTR,160.51,173.88,159.16,164.64,12557460.0
2024-10-03,MSTR,163.39,165.86,157.82,163.41,8814224.0
2024-10-04,MSTR,166.72,176.55,163.9651,176.51,14069710.0
2024-10-07,MSTR,179.71,191.99,178.8,186.09,19825950.0
2024-10-08,MSTR,186.1,198.49,184.45,192.2,20984760.0
2024-10-09,MSTR,189.77,198.3899,185.25,188.91,13445320.0
2024-10-10,MSTR,191.89,192.2,178.0,183.34,15937520.0
2024-10-11,MSTR,188.5,212.81,187.41,212.59,29933780.0
2024-10-14,MSTR,224.48,227.15,201.43,201.67,31736610.0
2024-10-15,MSTR,206.73,211.1599,189.7,194.31,23114600.0
2024-10-16,MSTR,199.9,200.615,191.96,194.09,12434580.0
2024-10-17,MSTR,192.8,198.88,185.81,193.42,11414280.0
2024-10-18,MSTR,197.59,218.65,197.1,215.86,22814820.0
2024-10-21,MSTR,214.49,223.15,208.45,219.05,18028630.0
2024-10-22,MSTR,216.21,221.4,212.084,219.7,13758060.0
2024-10-23,MSTR,215.08,222.85,204.91,213.95,17025500.0
2024-10-24,MSTR,220.09,236.29,218.25,235.89,23221550.0
2024-10-25,MSTR,236.385,245.5657,227.75,234.34,25093210.0
2024-10-28,MSTR,244.64,259.5,242.77,255.34,23181970.0
2024-10-29,MSTR,264.25,267.89,251.24,258.24,25958550.0
2024-10-30,MSTR,246.5,255.8,239.0,247.31,20593320.0
2024-10-31,MSTR,251.12,252.88,237.0,244.5,21954120.0
2024-11-01,MSTR,245.33,255.75,225.93,229.71,26258860.0
2024-11-04,MSTR,226.97,231.68,220.82,222.99,13438760.0
2024-11-05,MSTR,233.34,243.4563,225.43,227.8,17993880.0
2024-11-06,MSTR,260.0,261.2,242.69,257.81,26270430.0
2024-11-07,MSTR,256.8,280.8007,252.7,270.81,23931690.0
2024-11-08,MSTR,275.575,279.3799,262.6,270.42,18764220.0
2024-11-11,MSTR,297.0,351.73,293.3,340.0,47315730.0
2024-11-12,MSTR,334.77,360.89,325.5,356.59,39705750.0
2024-11-13,MSTR,366.98,383.4,321.7,328.38,46238500.0
2024-11-14,MSTR,341.77,348.0,318.62,327.67,26605690.0
2024-11-15,MSTR,336.6,349.94,324.1,340.65,25841970.0
2024-11-18,MSTR,345.415,388.4899,339.375,384.79,32745920.0
2024-11-19,MSTR,389.5,449.0,381.0,430.54,50954500.0
2024-11-20,MSTR,463.4,504.83,457.3024,473.83,70212630.0
2024-11-21,MSTR,535.63,543.0,371.8401,397.28,100444000.0
2024-11-22,MSTR,403.6,453.0,393.1,421.88,55935010.0
2024-11-25,MSTR,440.75,440.75,383.8,403.45,40180420.0
2024-11-26,MSTR,382.78,402.9999,338.6701,353.69,47891000.0
2024-11-27,MSTR,384.29,397.66,372.5,388.84,34921210.0
2024-11-29,MSTR,405.75,417.6193,381.0,387.47,21987620.0
2024-12-02,MSTR,393.64,398.7899,374.36,380.3,23404300.0
2024-12-03,MSTR,367.85,393.1227,362.67,373.43,22817460.0
2024-12-04,MSTR,380.0,409.97,365.6,406.0,29862190.0
2024-12-05,MSTR,440.12,444.9447,379.35,386.4,46189810.0
2024-12-06,MSTR,395.29,405.0,384.02,395.01,26206160.0
2024-12-09,MSTR,394.0,399.8,363.44,365.34,22606090.0
2024-12-10,MSTR,373.37,379.8,356.05,377.32,20139880.0
2024-12-11,MSTR,385.66,412.6799,385.5,411.4,27594370.0
2024-12-12,MSTR,413.71,415.8043,386.11,392.19,21074260.0
2024-12-13,MSTR,400.07,409.71,388.88,408.67,21536880.0
2024-12-16,MSTR,424.87,437.6099,406.455,408.5,31099440.0
2024-12-17,MSTR,413.45,415.68,386.01,386.42,21821970.0
2024-12-18,MSTR,386.0,390.32,338.0,349.64,24422920.0
2024-12-19,MSTR,365.44,367.5,323.48,326.46,26922880.0
2024-12-20,MSTR,319.37,364.88,317.0,364.2,44889880.0
2024-12-23,MSTR,358.0,359.7411,329.08,332.23,21742490.0
2024-12-24,MSTR,343.5,361.0,342.7,358.18,16377780.0
2024-12-26,MSTR,350.305,351.7999,340.0,341.05,13295120.0
2024-12-27,MSTR,342.3,342.705,323.2,330.0,13778470.0
2024-12-30,MSTR,319.4,320.01,301.7489,302.96,25771230.0
2024-12-31,MSTR,316.96,317.91,285.01,289.62,22486110.0
2025-01-02,MSTR,300.11,310.8,292.315,300.01,17933880.0
2025-01-03,MSTR,303.0,343.4,301.7663,339.66,25039040.0
2025-01-06,MSTR,349.85,383.02,335.5,379.09,26707280.0
2025-01-07,MSTR,366.47,371.28,335.3,341.425,24736770.0
2025-01-08,MSTR,335.245,344.39,317.22,331.7,18274780.0
2025-01-10,MSTR,330.31,337.0,317.91,327.91,16478720.0
2025-01-13,MSTR,309.95,329.6,303.8,328.4,15914500.0
2025-01-14,MSTR,343.0,354.9,331.3,342.17,17889530.0
2025-01-15,MSTR,357.81,368.42,353.0129,360.62,19941340.0
2025-01-16,MSTR,357.89,370.2588,345.8,367.0,14826630.0
2025-01-17,MSTR,383.28,398.68,380.1528,396.5,24339150.0
2025-01-21,MSTR,395.455,404.4173,367.76,389.1,26215760.0
2025-01-22,MSTR,384.91,390.35,371.0498,377.31,16000310.0
2025-01-23,MSTR,371.75,390.2,370.7,373.12,23306470.0
2025-01-24,MSTR,377.665,378.11,351.0,353.67,22943780.0
2025-01-27,MSTR,340.5,356.88,322.3,347.92,21224430.0
2025-01-28,MSTR,344.68,348.9201,333.09,335.93,11461370.0
2025-01-29,MSTR,338.195,343.63,329.33,341.25,11716800.0
2025-01-30,MSTR,345.83,356.1147,338.5201,340.09,12607750.0
2025-01-31,MSTR,340.11,352.71,332.0,334.79,15565990.0
2025-02-03,MSTR,310.0,348.85,308.9,347.09,18207270.0
2025-02-04,MSTR,341.195,353.79,340.45,348.31,12485970.0
2025-02-05,MSTR,349.0,352.36,333.55,336.7,10973940.0
2025-02-06,MSTR,338.7,344.5,320.71,325.46,12795180.0
2025-02-07,MSTR,335.0,344.4,327.0,327.56,15049710.0
2025-02-10,MSTR,333.5,340.38,328.3,334.62,10104080.0
2025-02-11,MSTR,332.98,338.5,318.7,319.46,12017210.0
2025-02-12,MSTR,315.96,331.17,314.19,326.82,9837883.0
2025-02-13,MSTR,325.5,330.59,317.35,324.92,9848079.0
2025-02-14,MSTR,325.15,344.89,323.7128,337.73,13912760.0
2025-02-18,MSTR,337.35,340.49,326.785,333.97,10179750.0
2025-02-19,MSTR,337.3,340.19,317.22,318.67,17043130.0
2025-02-20,MSTR,323.73,327.83,314.95,323.92,12291750.0
2025-02-21,MSTR,327.93,329.0,299.04,299.69,17930840.0
2025-02-24,MSTR,304.0,304.04,276.395,282.76,17974950.0
2025-02-25,MSTR,268.1,270.29,243.7,250.51,31379590.0
2025-02-26,MSTR,245.39,264.46,244.01,263.27,19876850.0
2025-02-27,MSTR,267.425,271.4552,239.48,240.05,18520300.0
2025-02-28,MSTR,238.315,257.4999,231.92,255.43,22662630.0
2025-03-03,MSTR,293.15,295.1,246.1,250.92,30575720.0
2025-03-04,MSTR,240.28,293.04,237.0102,275.15,30130170.0
2025-03-05,MSTR,278.305,311.28,271.77,308.55,26199770.0
2025-03-06,MSTR,298.95,320.94,292.17,304.11,25309510.0
2025-03-07,MSTR,298.145,310.44,281.44,287.18,22764490.0
2025-03-10,MSTR,268.0,272.0,231.62,239.27,31478330.0
2025-03-11,MSTR,245.0,263.0999,231.51,260.59,22076130.0
2025-03-12,MSTR,264.6,269.7721,248.22,262.55,14328550.0
2025-03-13,MSTR,262.0,270.405,253.76,263.26,13804690.0
2025-03-14,MSTR,273.99,298.7,272.62,297.49,23714040.0
2025-03-17,MSTR,292.15,296.8068,281.6,294.27,12998720.0
2025-03-18,MSTR,283.2,290.99,272.5,283.19,15398200.0
2025-03-19,MSTR,290.3,309.0832,287.12,304.23,19378790.0
2025-03-20,MSTR,298.79,309.4,293.4,302.07,15058060.0
2025-03-21,MSTR,295.7,306.39,293.0493,304.0,21774000.0
2025-03-24,MSTR,316.14,336.77,311.36,335.72,23099740.0
2025-03-25,MSTR,333.48,343.5899,329.5,341.81,15053720.0
2025-03-26,MSTR,336.5,340.3399,319.73,329.31,16797180.0
2025-03-27,MSTR,322.53,333.49,318.0,324.59,13838340.0
2025-03-28,MSTR,318.38,320.8,289.25,289.41,21058920.0
2025-03-31,MSTR,281.87,294.885,272.8,288.27,14866290.0
2025-04-01,MSTR,293.53,307.6,280.6509,306.02,16780110.0
2025-04-02,MSTR,297.86,319.47,296.98,312.54,16293830.0
2025-04-03,MSTR,286.75,299.2249,276.03,282.28,18223000.0
2025-04-04,MSTR,285.015,299.14,265.3022,293.61,24847130.0
2025-04-07,MSTR,260.14,297.6,252.6,268.14,28449320.0
2025-04-08,MSTR,278.15,282.8394,235.93,237.95,22952710.0
2025-04-09,MSTR,242.015,302.34,241.69,296.86,38346350.0
2025-04-10,MSTR,282.5,288.3119,261.37,272.34,19237820.0
2025-04-11,MSTR,281.3,304.15,276.3001,299.98,21334110.0
2025-04-14,MSTR,309.8,314.6,300.1,311.45,15635380.0
2025-04-15,MSTR,312.22,319.75,306.81,310.72,11217780.0
2025-04-16,MSTR,306.06,318.6,304.0,311.66,12847250.0
2025-04-17,MSTR,313.89,320.0,306.0,317.2,13511100.0
2025-04-21,MSTR,324.99,330.994,309.0,317.76,16053190.0
2025-04-22,MSTR,328.705,348.9599,327.01,343.03,24036450.0
2025-04-23,MSTR,354.7,355.83,339.0,345.73,16690660.0
2025-04-24,MSTR,344.97,351.03,343.2401,350.34,10781380.0
2025-04-25,MSTR,354.0,373.23,353.12,368.71,19338560.0
2025-04-28,MSTR,373.29,373.66,354.53,369.25,11490920.0
2025-04-29,MSTR,369.02,383.95,366.8,381.45,13038830.0
2025-04-30,MSTR,373.775,384.0,362.3901,380.11,13762880.0
2025-05-01,MSTR,392.29,403.9,381.03,381.6,16944130.0
2025-05-02,MSTR,393.875,401.7,387.51,394.37,15947980.0
2025-05-05,MSTR,383.33,391.93,374.2,386.53,14424130.0
2025-05-06,MSTR,378.56,387.86,377.77,385.6,9695615.0
2025-05-07,MSTR,393.8,396.35,388.26,392.48,10607550.0
2025-05-08,MSTR,408.165,423.105,404.5,414.38,22135580.0
2025-05-09,MSTR,420.0,430.3499,406.22,416.03,17161820.0
2025-05-12,MSTR,420.92,422.04,400.83,404.9,16245470.0
2025-05-13,MSTR,412.55,422.55,404.12,421.61,12924970.0
2025-05-14,MSTR,420.395,425.94,410.41,416.75,10722650.0
2025-05-15,MSTR,411.7,415.36,394.14,397.03,14674670.0
2025-05-16,MSTR,399.0,406.8965,389.01,399.8,12461120.0
2025-05-19,MSTR,392.81,414.59,392.62,413.42,12821970.0
2025-05-20,MSTR,413.5,417.85,406.1025,416.92,11532230.0
2025-05-21,MSTR,415.92,423.34,395.5285,402.69,18698520.0
2025-05-22,MSTR,413.2,426.32,398.91,399.46,16511370.0
2025-05-23,MSTR,391.51,392.19,367.31,369.51,21448770.0
2025-05-27,MSTR,381.115,381.3,364.18,372.2,14115980.0
2025-05-28,MSTR,368.53,370.6523,358.5,364.25,9936835.0
2025-05-29,MSTR,370.785,373.86,362.74,370.63,10217580.0
2025-05-30,MSTR,369.0,372.56,359.155,369.06,12564030.0
2025-06-02,MSTR,367.885,378.43,367.019,372.27,8102772.0
2025-06-03,MSTR,379.4,391.0099,371.37,387.43,11351760.0
2025-06-04,MSTR,385.8,386.12,375.66,378.1,8472192.0
2025-06-05,MSTR,383.85,385.3799,364.3029,368.79,11957640.0
2025-06-06,MSTR,377.4,380.6,369.71,374.47,9384245.0
2025-06-09,MSTR,380.68,394.79,377.6,392.12,10924590.0
2025-06-10,MSTR,393.24,394.0,383.6,391.18,7074796.0
2025-06-11,MSTR,391.23,392.77,380.5,387.11,6812152.0
2025-06-12,MSTR,378.4,391.22,373.9825,379.76,9423919.0
2025-06-13,MSTR,375.225,383.56,370.62,382.87,9378928.0
2025-06-16,MSTR,387.61,388.15,377.4,382.25,8105204.0
2025-06-17,MSTR,375.255,378.48,367.0001,375.18,11218470.0
2025-06-18,MSTR,371.43,374.9099,367.42,369.03,9200504.0
2025-06-20,MSTR,372.75,376.1,365.11,369.7,12821790.0
2025-06-23,MSTR,362.48,370.3,358.8,367.18,10614710.0
2025-06-24,MSTR,373.68,384.3559,371.0,377.02,10174890.0
2025-06-25,MSTR,384.83,389.49,379.31,388.67,10606560.0
2025-06-26,MSTR,386.35,392.67,384.15,386.44,10202330.0
2025-06-27,MSTR,385.225,397.99,383.41,383.88,18694420.0
2025-06-30,MSTR,389.78,407.3901,384.25,404.23,13752880.0
2025-07-01,MSTR,395.7,397.8746,372.91,373.3,17289650.0
2025-07-02,MSTR,383.34,405.2986,379.88,402.28,17454400.0
2025-07-03,MSTR,400.87,414.6,400.4,403.99,10013900.0
2025-07-07,MSTR,402.635,405.64,395.2,395.67,8848175.0
2025-07-08,MSTR,399.692,402.1999,393.21,396.94,7022739.0
2025-07-09,MSTR,401.6,416.34,395.95,415.41,13065370.0
2025-07-10,MSTR,412.565,422.3999,411.2,421.74,13208560.0
2025-07-11,MSTR,430.54,438.84,423.5,434.58,18448530.0
2025-07-14,MSTR,447.2,456.45,440.65,451.02,17952540.0
2025-07-15,MSTR,445.22,456.66,441.0186,442.31,14315360.0
2025-07-16,MSTR,448.31,457.22,445.56,455.9,10575450.0
2025-07-17,MSTR,451.675,456.0,446.58,451.34,8901408.0
2025-07-18,MSTR,451.72,454.33,422.22,423.22,19105360.0
2025-07-21,MSTR,430.1,437.0,425.02,426.28,9984473.0
2025-07-22,MSTR,428.845,433.94,413.6,426.4,10524160.0
2025-07-23,MSTR,422.83,424.0,406.1001,412.67,12990040.0
2025-07-24,MSTR,414.58,419.95,406.17,414.92,7407323.0
2025-07-25,MSTR,405.67,410.95,402.2,405.89,8380224.0
2025-07-28,MSTR,416.945,417.01,403.46,403.8,6996547.0
2025-07-29,MSTR,405.96,407.0,390.4108,394.66,10580030.0
2025-07-30,MSTR,396.78,404.39,392.59,395.04,7543791.0
2025-07-31,MSTR,399.125,410.81,397.08,401.86,10467510.0
2025-08-01,MSTR,390.405,392.64,365.7,366.63,21808900.0
2025-08-04,MSTR,372.77,390.02,366.2001,389.24,12362380.0
2025-08-05,MSTR,384.175,388.305,373.35,375.46,8467080.0
2025-08-06,MSTR,374.75,384.42,373.001,383.41,7242638.0
2025-08-07,MSTR,388.4,406.24,387.14,402.01,13051190.0
2025-08-08,MSTR,397.6,409.65,389.03,395.13,11200120.0
2025-08-11,MSTR,403.92,414.36,398.92,400.25,10394430.0
2025-08-12,MSTR,400.5,401.67,390.14,394.39,8365108.0
2025-08-13,MSTR,397.73,399.44,383.55,389.9,10884940.0
2025-08-14,MSTR,380.0,381.0,365.0,372.94,16461650.0
2025-08-15,MSTR,372.21,372.62,360.0322,366.32,13125280.0
2025-08-18,MSTR,359.945,367.5658,358.01,363.6,9001954.0
2025-08-19,MSTR,363.19,364.63,333.4,336.57,18254610.0
2025-08-20,MSTR,339.38,345.5,325.56,344.37,13807210.0
2025-08-21,MSTR,340.0,343.27,334.85,337.58,8398545.0
2025-08-22,MSTR,335.2,359.53,332.61,358.13,17386940.0
2025-08-25,MSTR,344.91,351.51,339.2109,343.2,10983430.0
2025-08-26,MSTR,341.805,351.99,340.68,351.36,9144162.0
2025-08-27,MSTR,348.68,351.77,341.84,342.06,8454295.0
2025-08-28,MSTR,346.16,348.1699,336.65,338.84,8116129.0
2025-08-29,MSTR,334.6,339.63,332.64,334.41,10162270.0
2025-09-02,MSTR,334.93,348.6,331.57,341.62,11123010.0
2025-09-03,MSTR,341.77,344.5,327.609,330.26,9180195.0
2025-09-04,MSTR,330.0,332.56,317.7504,327.59,10529990.0
2025-09-05,MSTR,334.81,337.2,320.0,335.87,14047600.0
2025-09-08,MSTR,328.11,333.0967,321.5,329.9,9954514.0
2025-09-09,MSTR,330.23,331.96,324.45,328.53,6587817.0
2025-09-10,MSTR,332.8,340.01,321.956,326.45,9741359.0
2025-09-11,MSTR,326.87,329.75,322.77,326.02,7506896.0
2025-09-12,MSTR,329.15,336.1301,327.6,331.44,10809900.0
2025-09-15,MSTR,329.4,331.33,320.45,327.79,9527674.0
2025-09-16,MSTR,329.23,335.44,324.84,335.09,8651259.0
2025-09-17,MSTR,335.66,340.11,323.205,329.71,9690985.0
2025-09-18,MSTR,335.86,358.25,334.625,349.12,19697260.0
2025-09-19,MSTR,347.45,352.92,337.07,344.75,17699700.0
2025-09-22,MSTR,337.02,341.59,329.0,335.93,10053540.0
2025-09-23,MSTR,337.06,339.0,327.77,327.78,9468789.0
2025-09-24,MSTR,330.63,337.0599,323.14,323.31,9153097.0
2025-09-25,MSTR,316.61,317.0,292.36,300.7,22086990.0
2025-09-26,MSTR,301.3,310.0,297.71,309.06,11693360.0
2025-09-29,MSTR,313.73,327.99,311.0,326.42,12652010.0
2025-09-30,MSTR,320.835,324.4999,316.19,322.21,7798818.0
2025-10-01,MSTR,332.47,343.73,331.2,338.41,13994830.0
2025-10-02,MSTR,348.57,353.22,341.15,352.33,13666760.0
2025-10-03,MSTR,350.865,358.54,344.4,351.63,12107920.0
2025-10-06,MSTR,362.95,365.21,354.7,359.69,9550967.0
2025-10-07,MSTR,358.88,359.44,328.16,328.4,19584110.0
2025-10-08,MSTR,335.615,336.36,322.3,330.8,12996280.0
2025-10-09,MSTR,327.4,328.99,318.22,320.29,11213180.0
2025-10-10,MSTR,323.175,323.43,303.57,304.79,13643730.0
2025-10-13,MSTR,306.67,315.95,300.59,315.47,11575020.0
2025-10-14,MSTR,301.0,312.7099,297.34,300.67,11480500.0
2025-10-15,MSTR,303.6,308.88,294.62,296.76,10625610.0
2025-10-16,MSTR,299.9,301.58,282.19,283.84,13817950.0
2025-10-17,MSTR,279.27,292.8,279.0,289.87,13110670.0
2025-10-20,MSTR,297.21,306.16,294.4,296.61,9679688.0
2025-10-21,MSTR,293.95,305.9899,291.52,301.91,7902814.0
2025-10-22,MSTR,293.02,297.96,276.6,280.81,15129500.0
2025-10-23,MSTR,285.47,289.07,278.0,284.92,9082117.0
2025-10-24,MSTR,290.43,292.15,286.11,289.08,7881709.0
2025-10-27,MSTR,299.5,299.8,293.0001,295.63,8135934.0
2025-10-28,MSTR,295.14,297.2,284.25,284.64,7996793.0
2025-10-29,MSTR,284.375,286.175,274.0,275.36,10184060.0
2025-10-30,MSTR,269.985,271.365,254.0,254.57,15564200.0
2025-10-31,MSTR,269.98,276.3199,263.0,269.51,14071790.0
2025-11-03,MSTR,264.19,270.36,259.85,264.67,11074630.0
2025-11-04,MSTR,255.16,258.21,245.86,246.99,15735130.0
2025-11-05,MSTR,250.2,255.36,247.0201,255.0,9676192.0
2025-11-06,MSTR,252.14,252.34,235.03,237.2,14468340.0
2025-11-07,MSTR,222.66,243.7325,219.68,241.93,16976060.0
2025-11-10,MSTR,249.68,249.96,234.6,238.88,9527228.0
2025-11-11,MSTR,236.455,239.24,230.55,231.35,8340252.0
2025-11-12,MSTR,233.9,234.84,219.8,224.61,10800420.0
2025-11-13,MSTR,223.8,226.0,207.03,208.54,16474520.0
2025-11-14,MSTR,200.58,208.84,194.56,199.75,23233800.0
2025-11-17,MSTR,197.025,204.15,189.5315,195.42,19544950.0
2025-11-18,MSTR,196.36,213.83,196.0,206.8,22049490.0
2025-11-19,MSTR,202.36,203.95,181.73,186.5,28025370.0
2025-11-20,MSTR,192.44,193.53,171.475,177.13,27684350.0
2025-11-21,MSTR,172.74,181.19,166.31,170.5,29651280.0
2025-11-24,MSTR,171.62,179.84,166.01,179.04,23282610.0
2025-11-25,MSTR,173.71,176.76,166.7801,172.19,19112670.0
2025-11-26,MSTR,173.69,180.63,169.7,175.64,20016530.0
2025-11-28,MSTR,182.99,187.29,175.0501,177.18,15114320.0
2025-12-01,MSTR,168.26,172.175,155.61,171.42,42940230.0
2025-12-02,MSTR,177.75,188.37,176.89,181.33,31285560.0
2025-12-03,MSTR,183.4,190.44,177.82,188.39,26686140.0
2025-12-04,MSTR,186.02,191.0,182.35,186.01,16474440.0
2025-12-05,MSTR,183.335,185.39,176.3,178.99,20750670.0
2025-12-08,MSTR,182.1,185.59,178.0,183.69,16328140.0
2025-12-09,MSTR,181.49,198.3999,179.92,188.99,24269610.0
2025-12-10,MSTR,189.32,191.07,182.2,184.64,22458960.0
2025-12-11,MSTR,179.79,183.5,171.41,183.3,19542360.0
2025-12-12,MSTR,182.97,185.25,176.22,176.45,14532100.0
2025-12-15,MSTR,176.0,176.5,160.54,162.08,25393370.0
2025-12-16,MSTR,164.97,171.489,161.95,167.5,21181040.0
2025-12-17,MSTR,167.745,171.1631,160.31,160.38,19144900.0
2025-12-18,MSTR,167.81,169.51,157.43,158.24,17534710.0
2025-12-19,MSTR,163.4,167.75,161.63,164.82,22062410.0
2025-12-22,MSTR,168.82,170.67,163.69,164.32,19234490.0
2025-12-23,MSTR,162.25,162.73,156.5,157.88,15891200.0
2025-12-24,MSTR,157.2,159.28,155.1,158.71,7097556.0
2025-12-26,MSTR,159.89,159.91,154.1219,158.81,12298170.0
2025-12-29,MSTR,157.945,162.93,155.32,155.39,14073500.0
2025-12-30,MSTR,155.82,159.38,154.1321,155.61,12740200.0
2025-12-31,MSTR,156.24,156.8,151.42,151.95,15918110.0
2026-01-02,MSTR,154.59,160.79,149.75,157.16,20185580.0
2026-01-05,MSTR,163.415,167.7,160.96,164.72,22858980.0
2026-01-06,MSTR,166.88,167.14,154.05,157.97,22627810.0
2026-01-07,MSTR,163.445,170.16,158.45,161.83,28406920.0
2026-01-08,MSTR,158.625,170.62,156.17,166.97,25159400.0
2026-01-09,MSTR,166.75,167.2,155.46,157.33,27962570.0
2026-01-12,MSTR,156.27,163.82,154.69,162.23,16181960.0
2026-01-13,MSTR,164.45,173.76,159.93,172.99,27656220.0
2026-01-14,MSTR,178.64,190.2,176.12,179.33,40257000.0
2026-01-15,MSTR,179.125,179.25,170.09,170.91,21486490.0
2026-01-16,MSTR,171.925,173.88,167.59,173.71,19462500.0
2026-01-20,MSTR,165.17,165.72,158.85,160.23,25666720.0
2026-01-21,MSTR,161.27,165.72,156.01,163.81,18440820.0
2026-01-22,MSTR,163.725,164.64,159.44,160.98,11116020.0
2026-01-23,MSTR,160.94,168.9638,158.72,163.11,14879280.0
2026-01-26,MSTR,159.41,163.92,158.62,160.58,14516490.0
2026-01-27,MSTR,160.305,161.67,156.98,161.58,13962170.0
2026-01-28,MSTR,164.45,165.72,157.0,158.45,14082560.0
2026-01-29,MSTR,155.95,156.0,139.3601,143.19,34618500.0
2026-01-30,MSTR,139.995,151.15,139.9,149.71,22767970.0
2026-02-02,MSTR,139.765,147.8751,138.0,139.63,27171510.0
2026-02-03,MSTR,140.135,140.23,126.7401,133.26,26169020.0
2026-02-04,MSTR,130.01,130.8199,121.188,129.09,25775590.0
2026-02-05,MSTR,120.25,122.0,104.165,106.99,60129690.0
2026-02-06,MSTR,114.95,135.67,114.68,134.93,57771020.0
2026-02-09,MSTR,127.37,139.58,125.13,138.44,34291590.0
2026-02-10,MSTR,133.66,139.16,132.6775,133.0,23002120.0
2026-02-11,MSTR,133.685,133.91,123.915,126.07,25837800.0
2026-02-12,MSTR,127.57,128.99,120.64,123.0,20960670.0
2026-02-13,MSTR,126.995,135.25,125.76,133.88,24573900.0
2026-02-17,MSTR,129.01,132.12,125.91,128.67,18881040.0
2026-02-18,MSTR,127.625,132.25,123.615,125.2,17307660.0
2026-02-19,MSTR,123.49,130.04,121.87,129.45,15457210.0
2026-02-20,MSTR,130.51,136.14,129.41,131.05,17625400.0
2026-02-23,MSTR,127.895,130.375,122.83,123.71,18858940.0
2026-02-24,MSTR,121.71,126.7399,118.4,124.61,15352690.0
2026-02-25,MSTR,130.045,137.86,128.94,135.65,24152060.0
2026-02-26,MSTR,133.7,135.75,128.64,133.4,18110820.0
2026-02-27,MSTR,128.945,131.12,127.8602,129.5,14027680.0
2026-03-02,MSTR,129.135,140.14,128.94,137.65,25456110.0
2026-03-03,MSTR,133.335,136.46,127.8,132.68,19405920.0
2026-03-04,MSTR,143.825,149.54,142.19,146.44,37382630.0
2026-03-05,MSTR,145.04,146.44,137.21,139.81,21286000.0
2026-03-06,MSTR,134.895,136.36,131.77,133.53,19538810.0
2026-03-09,MSTR,136.0,140.19,135.303,138.95,20432960.0
2026-03-10,MSTR,141.925,142.46,133.94,138.46,18324980.0
2026-03-11,MSTR,139.81,142.67,135.14,138.33,15637640.0
2026-03-12,MSTR,137.16,138.8,133.38,137.34,15229410.0
2026-03-13,MSTR,143.86,147.26,138.44,139.67,23685400.0
2026-03-16,MSTR,145.35,148.24,143.31,147.52,22933210.0
2026-03-17,MSTR,145.965,152.27,145.23,150.28,18448490.0
2026-03-18,MSTR,144.99,146.7586,140.35,140.56,21314080.0
2026-03-19,MSTR,135.02,139.78,132.76,138.24,19227750.0
2026-03-20,MSTR,139.47,139.685,134.13,135.66,28568300.0
2026-03-23,MSTR,138.605,139.93,133.97,138.2,21633730.0
2026-03-24,MSTR,138.73,140.05,134.28,136.25,19098510.0
2026-03-25,MSTR,140.4,143.85,136.8,139.13,18708020.0
2026-03-26,MSTR,136.55,139.08,132.691,132.93,15285460.0
2026-03-27,MSTR,129.88,130.65,123.98,126.03,21475090.0
2026-03-30,MSTR,129.55,130.34,120.8,121.44,15800400.0
2026-03-31,MSTR,123.16,125.3,117.75,124.8,21290260.0
2026-04-01,MSTR,126.18,126.3,121.44,122.78,15378300.0
2026-04-02,MSTR,119.8,122.645,116.4,119.83,17609740.0
2026-04-06,MSTR,124.57,128.46,123.2,127.69,18435860.0
2026-04-07,MSTR,125.32,126.74,121.14,123.72,14284180.0
2026-04-08,MSTR,133.665,134.5,126.13,128.3,17149200.0
2026-04-09,MSTR,127.825,132.21,125.8,128.86,14497440.0
2026-04-10,MSTR,130.05,132.28,127.4,128.64,13097460.0
2026-04-13,MSTR,126.65,132.49,125.04,132.36,12804670.0
2026-04-14,MSTR,137.925,143.7,136.32,137.41,20643180.0
2026-04-15,MSTR,139.75,143.75,135.49,143.54,13941680.0
2026-04-16,MSTR,143.21,149.16,139.33,148.94,17637960.0
2026-04-17,MSTR,154.63,173.15,153.77,166.52,52173650.0
2026-04-20,MSTR,162.295,171.06,160.635,170.81,22173490.0
2026-04-21,MSTR,170.61,172.9,163.75,163.97,22153490.0
2026-04-22,MSTR,174.925,183.25,174.0,179.36,31893900.0
2026-04-23,MSTR,175.88,180.92,171.5401,172.47,19558950.0
2026-04-24,MSTR,176.875,177.28,169.0101,171.02,14119360.0
2026-04-27,MSTR,170.92,175.75,167.61,169.2,13295420.0
2026-04-28,MSTR,163.87,166.84,159.6801,165.71,13858670.0
2026-04-29,MSTR,165.71,165.74,156.1101,158.19,15146170.0
2026-04-30,MSTR,161.77,166.84,159.001,165.45,12437790.0
2026-05-01,MSTR,170.8,180.38,169.43,177.17,21661220.0
2026-05-04,MSTR,180.9,186.005,178.49,183.8,18210200.0
2026-05-05,MSTR,189.55,190.41,183.72,186.9,15512810.0
2026-05-06,MSTR,184.565,188.26,178.94,186.82,14338620.0
2026-05-07,MSTR,184.41,184.41,175.72,179.84,15918050.0
2026-05-08,MSTR,178.68,187.77,177.6,187.59,15985220.0
2026-05-11,MSTR,189.2,197.0,182.31,195.94,16062960.0
2026-05-12,MSTR,191.325,192.2374,179.85,184.42,14738460.0
2026-05-13,MSTR,182.03,182.48,175.57,178.03,12480650.0
2026-05-14,MSTR,177.85,193.0,174.64,186.97,15859430.0
2026-05-15,MSTR,182.11,182.23,173.61,177.42,19654300.0
2026-05-18,MSTR,169.175,169.175,162.02,166.63,19299740.0
2026-05-19,MSTR,163.99,168.49,163.5,164.63,10001990.0
2026-05-20,MSTR,166.0,169.23,163.26,165.81,9825341.0
2026-05-21,MSTR,164.28,168.71,160.57,164.85,10526930.0
2026-05-22,MSTR,164.09,165.66,159.24,159.89,12786840.0
2026-05-26,MSTR,160.83,167.0,159.28,159.93,11819540.0
2026-05-27,MSTR,156.76,157.55,153.8221,154.2,11885090.0
2026-05-28,MSTR,148.98,153.64,144.3,151.64,16275050.0
2026-05-29,MSTR,149.925,162.06,148.2,159.09,19225590.0
2026-06-01,MSTR,148.465,153.87,144.29,149.78,17780260.0
2026-06-02,MSTR,142.685,142.8,134.11,136.08,31130820.0
2026-06-03,MSTR,134.5,138.18,125.0,126.545,21141780.0
2026-06-04,MSTR,126.745,131.47,125.65,129.37,24590430.0
2026-06-05,MSTR,124.25,125.2953,114.31,120.44,41943520.0
2026-06-08,MSTR,125.84,129.0,123.145,127.2,20951990.0
2026-06-09,MSTR,122.85,125.55,114.206,117.02,23055700.0
2026-06-10,MSTR,116.3,120.9399,115.0,115.35,15690780.0
2026-06-11,MSTR,116.105,121.1,113.2675,120.15,17574200.0
2026-06-12,MSTR,119.49,128.6,117.27,123.97,16836330.0
2026-06-15,MSTR,133.22,136.25,130.632,131.14,19982450.0
2026-06-16,MSTR,129.38,131.695,122.5,122.81,17795570.0
2026-06-17,MSTR,123.01,125.4199,116.36,116.56,18052940.0
2026-06-18,MSTR,117.64,117.75,107.85,112.53,35530740.0
2026-06-22,MSTR,116.21,120.0,107.31,109.46,25287390.0
2026-06-23,MSTR,106.535,107.755,103.52,103.84,22502940.0
2026-06-24,MSTR,102.48,102.97,92.28,94.13,40121140.0
2026-06-25,MSTR,94.685,94.72,85.0,85.33,45357900.0
2026-06-26,MSTR,83.23,87.67,81.81,82.31,45679960.0
2026-06-29,MSTR,85.67,94.37,82.72,92.68,44931520.0
2026-06-30,MSTR,86.205,88.2602,83.42,86.93,35676600.0
2026-07-01,MSTR,87.695,98.525,86.2,93.39,34687070.0
2026-07-02,MSTR,99.85,104.11,97.57,100.77,34757610.0
2026-07-06,MSTR,95.135,104.7799,94.63,100.77,27536200.0
2026-07-07,MSTR,101.18,103.56,96.96,97.36,18218010.0
2026-07-08,MSTR,93.681,95.04,91.78,93.87,17801130.0
2026-07-09,MSTR,94.06,96.7999,92.8348,93.89,13822800.0
2026-07-10,MSTR,98.755,100.12,93.35,94.64,16284460.0
2026-07-13,MSTR,91.49,93.64,90.02,92.1,12682300.0
2026-07-14,MSTR,94.76,98.03,93.56,97.58,18043700.0
2026-07-15,MSTR,99.785,101.95,96.3604,97.47,14584930.0
2026-07-16,MSTR,96.0,96.61,93.45,94.03,11365130.0
2026-07-17,MSTR,91.3,95.9699,90.06,94.85,13064480.0
2026-07-20,MSTR,95.62,100.9199,94.86,97.82,16170450.0
2026-07-21,MSTR,101.31,104.6,99.95,101.95,20223510.0
2026-07-22,MSTR,100.06,101.95,98.12,100.01,13066340.0
2026-07-23,MSTR,97.0,97.51,92.34,93.63,17186420.0
2026-07-24,MSTR,93.37,93.68,89.76,91.67,13088100.0
2026-07-27,MSTR,94.54,99.16,94.0206,98.65,17633520.0
2026-07-28,MSTR,95.47,98.37,93.115,96.16,13353320.0
2026-07-29,MSTR,96.38,100.05,93.27,93.33,14243160.0
2026-07-30,MSTR,95.09,98.22,94.33,97.74,13472210.0
2026-07-31,MSTR,94.86,95.2,89.21,93.28,20678320.0
2026-08-03,MSTR,92.01,96.06,90.93,94.86,13894560.0
2026-08-04,MSTR,93.91,97.9803,93.4,97.65,15220770.0
2026-08-05,MSTR,97.92,99.23,96.12,98.37,13695580.0
2026-08-06,MSTR,96.06,98.38,95.44,96.85,10128700.0
2026-08-07,MSTR,101.34,105.5,96.7741,100.01,29002670.0
2026-08-10,MSTR,99.456,100.77,96.2401,97.33,13560320.0
2026-08-11,MSTR,97.4,99.26,95.14,96.09,12159890.0
2026-08-12,MSTR,97.155,97.89,94.6,94.83,11468120.0
2026-08-13,MSTR,94.83,98.88,94.28,97.1,18336840.0
2026-08-14,MSTR,94.975,95.08,91.6661,93.04,20678810.0
2026-08-17,MSTR,93.25,98.5695,93.08,97.68,20353420.0
2026-08-18,MSTR,95.835,97.6599,92.45,92.52,16911030.0
2026-08-19,MSTR,94.54,106.9,94.3,104.25,49175200.0
2026-08-20,MSTR,113.23,113.74,108.35,112.39,47249090.0
2026-08-21,MSTR,119.685,121.91,115.8,119.25,46364280.0
2026-08-24,MSTR,121.84,127.9,119.38,122.63,41298820.0
2026-08-25,MSTR,119.105,128.66,118.45,126.83,31722440.0
2026-08-26,MSTR,123.26,125.54,120.87,123.19,17032330.0
2026-08-27,MSTR,126.77,139.78,124.465,137.4,44380830.0
2026-08-28,MSTR,134.0,135.97,126.3401,127.31,31279400.0
2026-08-31,MSTR,128.565,133.38,125.7407,132.94,24230500.0
2026-09-01,MSTR,128.03,129.9,123.5915,124.88,22288980.0
2026-09-02,MSTR,123.35,124.66,121.38,123.19,14852210.0
2026-09-03,MSTR,127.985,144.92,127.58,144.82,45245430.0
2026-09-04,MSTR,137.35,144.4,137.0675,142.8,27162650.0
2026-09-08,MSTR,137.62,139.31,135.38,136.52,19904020.0
2026-09-09,MSTR,141.82,141.978,132.59,132.7,17359730.0
2026-09-10,MSTR,128.44,131.8799,126.91,128.56,14529460.0
2026-09-11,MSTR,130.67,137.89,129.28,130.97,19472980.0
2026-09-14,MSTR,130.9,137.51,130.73,136.94,18712940.0
2026-09-15,MSTR,131.68,133.9999,125.44,129.6,23136900.0
2026-09-16,MSTR,130.02,130.42,123.3285,126.18,22226120.0
2026-09-17,MSTR,129.9,133.42,127.79,132.25,18591690.0
2026-09-18,MSTR,136.58,154.02,136.18,153.92,54674120.0
2026-09-21,MSTR,164.58,169.52,164.49,168.5,41898380.0
2026-09-22,MSTR,167.545,171.19,167.25,167.33,23855690.0
2026-09-23,MSTR,167.225,169.5,161.837,162.2,21238080.0
2026-09-24,MSTR,161.01,165.1394,158.29,161.61,16938220.0
2026-09-25,MSTR,162.84,162.86,156.7806,158.61,18529100.0
2026-09-28,MSTR,157.76,161.72,155.06,157.14,16368830.0
2024-09-18,MSTU,248.8,279.199,240.6,255.17,11082.0
2024-09-19,MSTU,288.4,317.799,283.1,305.9,123976.0
2024-09-20,MSTU,301.0,314.6,288.8,300.737,32460.0
2024-09-23,MSTU,312.1,329.599,303.4,323.0,79294.0
2024-09-24,MSTU,322.65,340.1,310.155,339.2,38994.0
2024-09-25,MSTU,331.65,356.7,328.7,330.5,48985.0
2024-09-26,MSTU,352.8,397.0,349.5,390.6,131203.0
2024-09-27,MSTU,412.1,454.9,401.7,439.2,141518.0
2024-09-30,MSTU,402.8,435.3,395.1,401.0,281889.0
2024-10-01,MSTU,403.3,404.1,346.0,372.8,228966.0
2024-10-02,MSTU,367.3,423.0,357.2,380.1,229921.0
2024-10-03,MSTU,374.6,386.0,348.602,375.5,170276.0
2024-10-04,MSTU,391.6,434.9,377.4,434.9,340936.0
2024-10-07,MSTU,451.8,509.6,446.8,481.0,508294.0
2024-10-08,MSTU,482.4,544.099,473.35,512.2,474087.0
2024-10-09,MSTU,500.5,544.0,474.072,495.3,353072.0
2024-10-10,MSTU,511.3,511.3,437.0,467.7,372400.0
2024-10-11,MSTU,490.0,612.9,486.5,612.4,515860.0
2024-10-14,MSTU,682.8,695.0,548.0,549.7,636043.0
2024-10-15,MSTU,577.0,599.5,483.776,505.8,709896.0
2024-10-16,MSTU,539.7,541.5,495.1,508.8,319767.0
2024-10-17,MSTU,497.2,531.2,463.3,503.3,304063.0
2024-10-18,MSTU,525.4,633.695,523.341,618.5,582325.0
2024-10-21,MSTU,610.9,659.6,576.6,636.0,600448.0
2024-10-22,MSTU,623.6,649.2,598.0,634.7,333240.0
2024-10-23,MSTU,610.0,655.0,553.1,601.2,502847.0
2024-10-24,MSTU,636.4,729.9,628.7,729.9,721158.0
2024-10-25,MSTU,730.0,787.0,678.8,716.9,873403.0
2024-10-28,MSTU,780.0,870.8,770.1,845.4,686383.0
2024-10-29,MSTU,903.8,928.0,816.8,861.0,988219.0
2024-10-30,MSTU,782.8,846.1,735.0,790.0,717279.0
2024-10-31,MSTU,816.0,823.0,724.2,766.9,710365.0
2024-11-01,MSTU,773.5,838.109,651.6,674.0,724670.0
2024-11-04,MSTU,656.6,684.2,621.6,635.0,388478.0
2024-11-05,MSTU,690.6,749.0,647.722,660.0,512528.0
2024-11-06,MSTU,851.3,852.7,745.5,829.0,765906.0
2024-11-07,MSTU,819.7,980.0,800.0,915.6,646873.0
2024-11-08,MSTU,951.8,974.0,860.3,914.9,593917.0
2024-11-11,MSTU,1080.0,1457.2,1065.4,1380.7,1028721.0
2024-11-12,MSTU,1337.7,1539.0,1268.5,1504.7,1122460.0
2024-11-13,MSTU,1590.0,1738.0,1215.101,1266.0,1092473.0
2024-11-14,MSTU,1372.2,1418.0,1186.0,1259.0,550863.0
2024-11-15,MSTU,1324.4,1421.7,1225.0,1351.0,504972.0
2024-11-18,MSTU,1390.8,1725.0,1340.6,1698.4,843745.0
2024-11-19,MSTU,1770.0,2279.4,1672.0,2105.0,1093424.0
2024-11-20,MSTU,2444.5,2822.2,2369.5,2567.3,1245283.0
2024-11-21,MSTU,3125.2,3149.997,1650.0,1845.1,1835603.0
2024-11-22,MSTU,1914.0,2394.5,1820.0,2092.0,1042758.0
2024-11-25,MSTU,2252.2,2260.0,1716.401,1867.3,987576.0
2024-11-26,MSTU,1670.0,1827.199,1275.0,1413.2,1351136.0
2024-11-27,MSTU,1629.8,1682.0,1503.0,1610.0,792814.0
2024-11-29,MSTU,1760.1,1849.8,1541.701,1586.1,459605.0
2024-12-02,MSTU,1634.9,1670.0,1447.5,1487.9,626700.0
2024-12-03,MSTU,1384.7,1583.933,1350.1,1425.1,509440.0
2024-12-04,MSTU,1474.6,1694.0,1358.0,1670.0,572568.0
2024-12-05,MSTU,1954.0,1982.9,1470.001,1529.3,884311.0
2024-12-06,MSTU,1591.0,1657.7,1500.0,1590.0,477668.0
2024-12-09,MSTU,1565.3,1612.3,1325.0,1342.2,428517.0
2024-12-10,MSTU,1397.1,1429.73,1257.9,1416.2,382927.0
2024-12-11,MSTU,1480.0,1680.0,1478.0,1667.4,454758.0
2024-12-12,MSTU,1688.6,1709.1,1474.5,1535.9,403776.0
2024-12-13,MSTU,1580.0,1642.6,1485.2,1636.7,359250.0
2024-12-16,MSTU,1790.0,1864.0,1620.01,1640.0,437316.0
2024-12-17,MSTU,1672.0,1694.0,1458.0,1480.0,390903.0
2024-12-18,MSTU,1441.0,1480.0,1087.0,1184.0,530972.0
2024-12-19,MSTU,1275.0,1295.0,1000.0,1017.0,546492.0
2024-12-20,MSTU,969.0,1250.0,957.0,1250.0,649819.0
2024-12-23,MSTU,1201.0,1219.0,1012.0,1036.0,423179.0
2024-12-24,MSTU,1101.0,1200.0,1097.0,1186.0,316548.0
2024-12-26,MSTU,1120.0,1135.0,1061.0,1079.0,268158.0
2024-12-27,MSTU,1078.0,1079.0,952.0,1000.0,327425.0
2024-12-30,MSTU,920.0,934.0,824.01,836.0,548614.0
2024-12-31,MSTU,910.0,910.0,732.0,760.0,611401.0
2025-01-02,MSTU,815.0,863.0,770.0,814.0,418658.0
2025-01-03,MSTU,824.0,1041.0,819.0,1020.0,487667.0
2025-01-06,MSTU,1085.0,1280.0,998.23,1258.0,667220.0
2025-01-07,MSTU,1170.0,1204.0,968.0,1009.0,622801.0
2025-01-08,MSTU,969.0,1021.0,859.0,955.0,535566.0
2025-01-10,MSTU,937.0,975.0,866.0,926.0,425707.0
2025-01-13,MSTU,817.0,926.0,780.0,923.0,490851.0
2025-01-14,MSTU,1002.0,1068.0,937.0,1000.0,532732.0
2025-01-15,MSTU,1088.0,1148.0,1061.13,1101.0,486779.0
2025-01-16,MSTU,1088.0,1162.0,1013.0,1134.0,434029.0
2025-01-17,MSTU,1245.0,1337.0,1224.03,1313.0,625856.0
2025-01-21,MSTU,1317.0,1374.0,1129.0,1265.0,669500.0
2025-01-22,MSTU,1236.0,1277.0,1152.0,1194.0,367546.0
2025-01-23,MSTU,1156.0,1273.0,1150.0,1166.0,600994.0
2025-01-24,MSTU,1198.0,1198.0,1027.0,1045.0,457259.0
2025-01-27,MSTU,938.0,1056.0,854.0,999.0,610749.0
2025-01-28,MSTU,982.0,1008.0,918.0,932.0,323208.0
2025-01-29,MSTU,947.0,975.0,896.0,960.0,344416.0
2025-01-30,MSTU,987.0,1045.0,946.79,958.0,329310.0
2025-01-31,MSTU,951.0,1023.0,907.26,919.0,356864.0
2025-02-03,MSTU,786.0,999.0,774.0,983.0,554585.0
2025-02-04,MSTU,955.0,1025.0,951.5,991.0,278476.0
2025-02-05,MSTU,997.0,1016.75,909.5,929.0,285639.0
2025-02-06,MSTU,936.0,968.0,839.13,863.0,329883.0
2025-02-07,MSTU,912.0,961.0,871.0,875.0,392557.0
2025-02-10,MSTU,912.0,939.0,877.0,910.0,227637.0
2025-02-11,MSTU,896.0,929.5,822.5,827.0,314724.0
2025-02-12,MSTU,805.0,885.0,799.0,862.0,301923.0
2025-02-13,MSTU,854.0,882.0,813.0,853.0,306417.0
2025-02-14,MSTU,850.0,953.0,844.0,913.0,304740.0
2025-02-18,MSTU,915.0,930.0,858.0,897.0,231437.0
2025-02-19,MSTU,915.0,929.0,806.0,814.0,314741.0
2025-02-20,MSTU,843.5,859.0,795.0,836.0,262579.0
2025-02-21,MSTU,860.0,863.0,711.0,714.0,410552.0
2025-02-24,MSTU,734.0,734.0,601.0,630.0,537741.0
2025-02-25,MSTU,560.0,574.0,456.0,487.0,969328.0
2025-02-26,MSTU,466.0,538.1,460.0,533.0,699627.0
2025-02-27,MSTU,553.0,567.06,439.18,441.0,716151.0
2025-02-28,MSTU,433.0,503.0,409.0,495.0,898809.0
2025-03-03,MSTU,650.0,650.0,458.0,476.0,1491295.0
2025-03-04,MSTU,434.0,636.99,423.0,568.0,1237450.0
2025-03-05,MSTU,582.5,716.0,555.0,700.0,1063671.0
2025-03-06,MSTU,659.0,762.0,631.0,686.0,1064407.0
2025-03-07,MSTU,654.0,712.0,582.0,608.0,901713.0
2025-03-10,MSTU,524.0,543.0,375.0,404.0,1604262.0
2025-03-11,MSTU,422.0,484.5,378.0,475.0,1332889.0
2025-03-12,MSTU,493.0,509.5,431.0,482.0,1091983.0
2025-03-13,MSTU,482.0,511.0,451.07,487.0,703755.0
2025-03-14,MSTU,521.0,613.0,518.1,608.0,974485.0
2025-03-17,MSTU,583.0,606.0,544.0,595.0,594599.0
2025-03-18,MSTU,550.0,582.0,510.0,550.0,689229.0
2025-03-19,MSTU,579.0,650.0,565.0,630.0,753904.0
2025-03-20,MSTU,608.0,652.0,586.0,620.0,766818.0
2025-03-21,MSTU,593.0,636.5,583.0,628.0,551806.0
2025-03-24,MSTU,679.5,762.0,659.5,753.0,858985.0
2025-03-25,MSTU,749.0,793.0,730.0,784.0,683382.0
2025-03-26,MSTU,761.0,778.0,684.0,730.0,651684.0
2025-03-27,MSTU,694.0,745.0,676.01,705.0,573307.0
2025-03-28,MSTU,675.0,688.0,550.0,552.0,879585.0
2025-03-31,MSTU,524.0,573.0,488.0,546.0,737227.0
2025-04-01,MSTU,565.0,619.99,518.0,611.0,843011.0
2025-04-02,MSTU,581.0,667.0,578.0,640.0,922189.0
2025-04-03,MSTU,533.0,584.0,491.0,516.0,750052.0
2025-04-04,MSTU,523.0,575.0,451.01,552.0,1218052.0
2025-04-07,MSTU,429.0,570.0,401.0,454.0,1538902.0
2025-04-08,MSTU,494.0,508.0,350.0,354.5,1124323.0
2025-04-09,MSTU,369.0,545.0,366.0,526.0,1854650.0
2025-04-10,MSTU,480.0,497.98,404.0,443.0,1126996.0
2025-04-11,MSTU,467.0,542.99,454.0,526.0,920686.0
2025-04-14,MSTU,566.0,580.0,529.0,567.0,783686.0
2025-04-15,MSTU,573.0,600.0,552.0,565.0,709456.0
2025-04-16,MSTU,545.0,594.0,541.0,568.0,721862.0
2025-04-17,MSTU,574.0,597.0,546.0,585.5,615018.0
2025-04-21,MSTU,615.0,637.0,556.0,588.0,869081.0
2025-04-22,MSTU,630.0,703.0,623.0,680.0,1073252.0
2025-04-23,MSTU,730.0,733.0,665.0,691.0,795358.0
2025-04-24,MSTU,688.0,710.0,681.11,707.0,529582.0
2025-04-25,MSTU,721.0,800.0,719.87,782.0,735088.0
2025-04-28,MSTU,804.0,804.0,721.0,784.0,620557.0
2025-04-29,MSTU,782.0,845.0,773.0,834.0,535986.0
2025-04-30,MSTU,797.0,844.5,751.0,828.0,599443.0
2025-05-01,MSTU,882.0,932.0,831.0,833.0,865140.0
2025-05-02,MSTU,884.0,920.0,859.0,887.0,653394.0
2025-05-05,MSTU,837.0,876.78,798.0,850.0,571068.0
2025-05-06,MSTU,816.0,856.07,814.0,845.0,430967.0
2025-05-07,MSTU,887.0,894.0,859.0,876.0,448836.0
2025-05-08,MSTU,949.0,1014.5,931.0,976.0,863001.0
2025-05-09,MSTU,1000.5,1047.5,935.5,979.0,661622.0
2025-05-12,MSTU,1003.0,1010.0,908.5,928.5,740458.0
2025-05-13,MSTU,960.5,1007.0,923.01,1002.0,627038.0
2025-05-14,MSTU,994.0,1023.0,950.0,978.0,462251.0
2025-05-15,MSTU,954.0,972.0,874.2,887.0,602070.0
2025-05-16,MSTU,897.0,926.03,850.0,895.0,461438.0
2025-05-19,MSTU,862.0,962.0,862.0,953.0,535372.0
2025-05-20,MSTU,955.0,976.0,922.01,974.0,475127.0
2025-05-21,MSTU,965.0,1001.99,873.0,905.0,969905.0
2025-05-22,MSTU,953.0,1009.0,887.0,891.0,721725.0
2025-05-23,MSTU,851.0,853.0,745.0,754.0,813300.0
2025-05-27,MSTU,801.0,801.0,731.16,764.0,619244.0
2025-05-28,MSTU,748.0,756.0,707.0,729.0,427408.0
2025-05-29,MSTU,755.0,769.0,723.01,755.0,403655.0
2025-05-30,MSTU,750.0,762.0,707.0,746.0,421438.0
2025-06-02,MSTU,740.0,784.0,739.5,760.0,334110.0
2025-06-03,MSTU,789.0,835.0,756.5,820.0,436126.0
2025-06-04,MSTU,812.0,815.99,771.0,780.0,369917.0
2025-06-05,MSTU,803.0,810.69,724.0,741.0,541809.0
2025-06-06,MSTU,774.0,788.0,744.09,762.0,339358.0
2025-06-09,MSTU,790.0,845.99,776.0,833.0,436532.0
2025-06-10,MSTU,843.0,843.0,798.0,828.0,318836.0
2025-06-11,MSTU,832.0,836.0,784.0,811.0,343852.0
2025-06-12,MSTU,774.0,828.5,757.5,780.0,311633.0
2025-06-13,MSTU,760.0,794.5,742.0,791.0,406516.0
2025-06-16,MSTU,811.0,812.5,770.0,788.0,402942.0
2025-06-17,MSTU,758.0,772.5,726.01,758.0,371685.0
2025-06-18,MSTU,742.0,755.91,726.1,732.0,319573.0
2025-06-20,MSTU,748.0,759.5,716.02,734.0,346304.0
2025-06-23,MSTU,706.0,735.99,690.0,723.0,334317.0
2025-06-24,MSTU,750.0,790.0,738.01,760.0,348061.0
2025-06-25,MSTU,795.0,810.0,771.0,807.0,372196.0
2025-06-26,MSTU,797.0,823.51,789.0,797.5,284307.0
2025-06-27,MSTU,792.0,845.0,785.5,786.5,383411.0
2025-06-30,MSTU,810.0,881.0,787.0,865.0,382200.0
2025-07-01,MSTU,833.0,840.0,735.0,736.5,580568.0
2025-07-02,MSTU,776.0,859.0,760.5,846.0,460798.0
2025-07-03,MSTU,841.0,900.0,839.0,853.0,391027.0
2025-07-07,MSTU,846.0,859.0,817.0,817.0,311158.0
2025-07-08,MSTU,834.0,842.0,806.0,821.0,268180.0
2025-07-09,MSTU,842.0,900.99,817.01,897.0,411111.0
2025-07-10,MSTU,886.0,925.0,880.0,922.0,480614.0
2025-07-11,MSTU,965.0,997.0,930.0,979.0,520799.0
2025-07-14,MSTU,1032.0,1075.0,1004.0,1051.0,607846.0
2025-07-15,MSTU,1021.0,1076.0,1003.0,1008.0,544486.0
2025-07-16,MSTU,1039.0,1075.0,1024.0,1068.0,383109.0
2025-07-17,MSTU,1050.0,1070.5,1028.0,1048.0,366313.0
2025-07-18,MSTU,1048.0,1059.0,911.0,916.0,709159.0
2025-07-21,MSTU,947.0,974.0,922.0,925.0,328804.0
2025-07-22,MSTU,939.0,959.99,872.0,927.0,400078.0
2025-07-23,MSTU,912.0,914.99,838.0,867.0,398010.0
2025-07-24,MSTU,873.0,895.0,838.0,874.0,284411.0
2025-07-25,MSTU,830.0,856.0,820.0,834.0,240443.0
2025-07-28,MSTU,876.0,880.0,825.0,825.5,211311.0
2025-07-29,MSTU,834.0,837.0,770.0,787.0,313052.0
2025-07-30,MSTU,794.0,824.88,778.0,790.0,249499.0
2025-07-31,MSTU,805.0,850.0,796.5,815.0,317602.0
2025-08-01,MSTU,766.0,775.0,667.0,670.0,608193.0
2025-08-04,MSTU,693.0,753.0,667.0,749.0,331573.0
2025-08-05,MSTU,730.0,746.0,689.5,698.0,288510.0
2025-08-06,MSTU,694.0,729.0,688.0,724.0,261182.0
2025-08-07,MSTU,743.5,811.0,739.0,795.0,396495.0
2025-08-08,MSTU,777.0,823.99,742.0,766.0,435320.0
2025-08-11,MSTU,801.0,839.0,780.0,785.5,415818.0
2025-08-12,MSTU,787.0,789.0,745.0,763.0,411538.0
2025-08-13,MSTU,772.0,778.0,718.0,743.0,441012.0
2025-08-14,MSTU,702.0,707.99,650.0,677.0,527377.0
2025-08-15,MSTU,672.0,674.0,630.0,650.5,333369.0
2025-08-18,MSTU,628.0,655.0,620.0,640.0,279674.0
2025-08-19,MSTU,639.0,644.0,535.0,546.0,612425.0
2025-08-20,MSTU,553.5,573.0,509.0,569.5,469607.0
2025-08-21,MSTU,554.0,566.0,538.0,546.0,303749.0
2025-08-22,MSTU,539.0,615.0,529.5,610.0,672934.0
2025-08-25,MSTU,566.0,588.0,546.0,560.0,377427.0
2025-08-26,MSTU,554.0,587.0,551.0,585.0,237288.0
2025-08-27,MSTU,578.0,586.0,553.0,554.0,421981.0
2025-08-28,MSTU,568.0,573.01,535.0,543.0,286465.0
2025-08-29,MSTU,528.0,543.0,520.0,526.5,296581.0
2025-09-02,MSTU,527.0,570.99,517.0,548.0,490982.0
2025-09-03,MSTU,550.0,557.0,503.01,512.0,389475.0
2025-09-04,MSTU,509.0,518.0,472.0,502.0,526987.0
2025-09-05,MSTU,524.0,530.0,478.0,527.0,525903.0
2025-09-08,MSTU,503.0,517.0,482.0,506.5,355667.0
2025-09-09,MSTU,507.0,512.95,490.0,502.0,220312.0
2025-09-10,MSTU,515.0,537.0,482.0,496.0,402387.0
2025-09-11,MSTU,498.0,505.0,484.26,494.0,340478.0
2025-09-12,MSTU,502.0,522.0,497.0,507.5,455957.0
2025-09-15,MSTU,504.0,506.12,475.0,497.0,419126.0
2025-09-16,MSTU,500.0,519.0,488.01,517.0,357998.0
2025-09-17,MSTU,520.0,533.0,481.0,502.0,489449.0
2025-09-18,MSTU,519.0,587.0,516.0,558.0,738099.0
2025-09-19,MSTU,554.0,571.0,520.0,544.0,527716.0
2025-09-22,MSTU,519.0,533.35,494.04,515.0,350945.0
2025-09-23,MSTU,520.0,524.0,490.0,490.5,443770.0
2025-09-24,MSTU,499.0,517.0,476.0,476.0,449533.0
2025-09-25,MSTU,456.0,457.0,385.0,411.0,1040486.0
2025-09-26,MSTU,410.5,432.65,400.0,431.0,559470.0
2025-09-29,MSTU,444.0,482.99,435.0,477.0,603586.0
2025-09-30,MSTU,462.0,472.0,448.0,465.0,333862.0
2025-10-01,MSTU,493.0,527.0,492.0,511.0,643273.0
2025-10-02,MSTU,542.0,556.0,520.0,552.0,666995.0
2025-10-03,MSTU,548.0,571.0,527.0,551.0,581394.0
2025-10-06,MSTU,586.0,591.0,559.0,573.0,519809.0
2025-10-07,MSTU,570.0,572.0,477.0,479.5,863817.0
2025-10-08,MSTU,495.0,495.99,456.0,480.0,680904.0
2025-10-09,MSTU,470.0,474.0,443.0,451.0,558936.0
2025-10-10,MSTU,457.0,457.0,401.0,407.0,716164.0
2025-10-13,MSTU,410.0,433.0,393.5,432.0,529820.0
2025-10-14,MSTU,393.0,425.0,383.0,390.0,538735.0
2025-10-15,MSTU,398.0,412.0,376.0,380.0,616293.0
2025-10-16,MSTU,389.0,392.76,343.0,348.0,829126.0
2025-10-17,MSTU,335.0,368.0,334.0,361.0,922494.0
2025-10-20,MSTU,380.0,401.0,372.0,376.0,787075.0
2025-10-21,MSTU,369.0,400.58,364.0,389.0,602403.0
2025-10-22,MSTU,369.0,379.51,325.0,337.0,861862.0
2025-10-23,MSTU,345.0,355.0,330.0,344.0,568471.0
2025-10-24,MSTU,359.0,361.0,346.0,355.0,555474.0
2025-10-27,MSTU,379.5,380.0,363.0,369.0,575222.0
2025-10-28,MSTU,368.0,373.0,340.0,341.5,556548.0
2025-10-29,MSTU,342.0,345.0,316.0,320.0,713039.0
2025-10-30,MSTU,307.0,310.0,270.0,272.0,969693.0
2025-10-31,MSTU,302.0,316.0,288.0,303.0,734021.0
2025-11-03,MSTU,288.0,302.56,279.5,290.0,740031.0
2025-11-04,MSTU,269.0,276.0,250.0,252.0,1077883.0
2025-11-05,MSTU,259.0,268.0,251.0,266.0,691716.0
2025-11-06,MSTU,260.0,261.0,226.0,229.5,914804.0
2025-11-07,MSTU,201.0,241.0,196.0,238.0,1620227.0
2025-11-10,MSTU,254.5,255.0,223.0,231.5,951858.0
2025-11-11,MSTU,227.0,232.0,216.0,218.0,664808.0
2025-11-12,MSTU,222.0,223.0,196.0,205.0,902599.0
2025-11-13,MSTU,202.0,207.0,172.0,175.0,1070025.0
2025-11-14,MSTU,161.0,175.0,151.0,160.0,1442108.0
2025-11-17,MSTU,155.0,166.0,143.0,152.0,1013618.0
2025-11-18,MSTU,153.0,181.0,152.0,169.0,1264908.0
2025-11-19,MSTU,162.0,164.0,128.37,135.0,1829302.0
2025-11-20,MSTU,145.0,146.0,115.0,121.0,1921789.0
2025-11-21,MSTU,116.0,127.0,107.0,113.0,1849796.0
2025-11-24,MSTU,114.5,125.0,108.0,124.0,1283418.0
2025-11-25,MSTU,117.0,120.0,107.0,114.0,1256567.0
2025-11-26,MSTU,116.0,125.0,111.0,118.0,1281898.0
2025-11-28,MSTU,128.5,134.0,117.0,120.5,1073871.0
2025-12-01,MSTU,108.0,113.0,91.2,112.0,2556104.0
2025-12-02,MSTU,121.0,135.0,120.0,125.0,100000.0
2025-12-03,MSTU,128.2,137.5,122.0,134.9,1127974.0
2025-12-04,MSTU,131.9,138.4,126.0,131.2,1748275.0
2025-12-05,MSTU,127.3,130.05,117.4,121.3,1209075.0
2025-12-08,MSTU,125.1,129.6,119.5,127.0,844284.0
2025-12-09,MSTU,124.0,147.4,122.1,134.9,1149965.0
2025-12-10,MSTU,135.2,137.274,124.8,128.0,1043851.0
2025-12-11,MSTU,121.0,126.4,109.75,126.4,1236582.0
2025-12-12,MSTU,125.3,128.4,116.0,116.4,885390.0
2025-12-15,MSTU,115.5,116.15,95.3,97.6,1569007.0
2025-12-16,MSTU,100.8,108.5,97.15,103.5,1106377.0
2025-12-17,MSTU,103.9,108.0,94.75,94.95,1124753.0
2025-12-18,MSTU,103.3,105.4,91.25,92.05,1236280.0
2025-12-19,MSTU,98.0,102.801,95.8,99.0,896105.0
2025-12-22,MSTU,104.5,106.4,98.1,98.7,937457.0
2025-12-23,MSTU,96.3,96.718,89.4,90.9,1015812.0
2025-12-24,MSTU,89.9,92.3,87.5,91.5,466637.0
2025-12-26,MSTU,92.9,92.9,86.1,91.4,811425.0
2025-12-29,MSTU,90.3,96.1,87.5,87.5,1024857.0
2025-12-30,MSTU,88.2,91.9,86.1,87.7,857712.0
2025-12-31,MSTU,88.2,88.8,82.7,83.1,762684.0
2026-01-02,MSTU,86.1,92.8,80.8,88.7,1095914.0
2026-01-05,MSTU,95.9,100.65,93.1,97.2,1351019.0
2026-01-06,MSTU,99.3,100.0,84.85,89.5,1732609.0
2026-01-07,MSTU,95.5,102.9,89.8,93.6,2339960.0
2026-01-08,MSTU,89.8,103.5,87.05,99.0,1903381.0
2026-01-09,MSTU,98.6,99.3,85.7,87.8,2916212.0
2026-01-12,MSTU,86.5,94.65,85.0,92.8,1366065.0
2026-01-13,MSTU,95.4,106.0,93.5,105.1,1979331.0
2026-01-14,MSTU,112.3,126.1,108.9,112.9,3515242.0
2026-01-15,MSTU,112.8,113.6,101.2,102.1,2372122.0
2026-01-16,MSTU,103.2,105.4,98.05,105.4,1951256.0
2026-01-20,MSTU,94.5,95.25,87.15,88.9,2311500.0
2026-01-21,MSTU,90.0,94.55,84.0,92.4,2013317.0
2026-01-22,MSTU,92.2,93.5,87.65,89.1,1360308.0
2026-01-23,MSTU,89.1,98.0,86.65,91.3,1438048.0
2026-01-26,MSTU,87.5,92.263,86.4,88.4,1291380.0
2026-01-27,MSTU,88.0,89.6,84.55,89.6,1652775.0
2026-01-28,MSTU,92.5,93.95,84.6,86.4,1602829.0
2026-01-29,MSTU,83.4,83.4,65.2,69.5,3593144.0
2026-01-30,MSTU,66.3,76.9,66.013,75.6,2453918.0
2026-02-02,MSTU,65.0,73.5,63.603,65.4,2439103.0
2026-02-03,MSTU,65.75,65.9,53.2,59.1,4040855.0
2026-02-04,MSTU,56.45,56.95,48.403,55.2,3586715.0
2026-02-05,MSTU,47.8,49.3,34.001,36.5,6636895.0
2026-02-06,MSTU,41.9,55.7,41.55,55.2,9381260.0
2026-02-09,MSTU,49.1,59.1,47.3,58.0,5687884.0
2026-02-10,MSTU,54.3,58.7,53.331,53.55,3617051.0
2026-02-11,MSTU,54.0,54.1,46.2,48.0,4467675.0
2026-02-12,MSTU,49.1,49.65,43.75,45.5,3198136.0
2026-02-13,MSTU,48.3,54.4,47.4,53.3,4323161.0
2026-02-17,MSTU,49.55,51.85,47.014,49.2,3187196.0
2026-02-18,MSTU,48.3,51.9,45.35,46.5,2752197.0
2026-02-19,MSTU,45.15,49.999,44.0,49.7,2829909.0
2026-02-20,MSTU,50.3,54.55,49.5,50.6,4224381.0
2026-02-23,MSTU,48.3,50.1,44.4,45.1,3838621.0
2026-02-24,MSTU,43.5,47.089,41.15,45.5,3057809.0
2026-02-25,MSTU,49.5,55.3,48.8,53.6,5378056.0
2026-02-26,MSTU,52.1,53.6,48.101,51.7,3012872.0
2026-02-27,MSTU,48.3,49.895,47.401,48.9,2527139.0
2026-03-02,MSTU,48.35,56.6,48.2,54.7,5092181.0
2026-03-03,MSTU,51.3,53.671,46.95,50.7,3817295.0
2026-03-04,MSTU,59.3,63.6,58.0,61.2,5389688.0
2026-03-05,MSTU,60.0,61.05,54.0,55.5,4419975.0
2026-03-06,MSTU,51.4,52.7,49.101,50.5,3140225.0
2026-03-09,MSTU,52.2,55.4,51.8,54.4,2952943.0
2026-03-10,MSTU,56.8,57.2,52.201,54.1,3816020.0
2026-03-11,MSTU,55.2,57.35,51.401,54.0,3400288.0
2026-03-12,MSTU,52.9,54.198,50.0,53.1,3157279.0
2026-03-13,MSTU,58.0,60.65,53.85,54.9,4492336.0
2026-03-16,MSTU,59.2,61.45,57.601,60.95,3333482.0
2026-03-17,MSTU,59.5,64.8,59.0,63.1,2787609.0
2026-03-18,MSTU,58.55,60.15,54.8,55.0,3313498.0
2026-03-19,MSTU,50.5,54.194,49.1,53.0,3321053.0
2026-03-20,MSTU,53.9,54.0,49.8,51.0,3205457.0
2026-03-23,MSTU,53.2,54.05,49.614,52.8,3692925.0
2026-03-24,MSTU,53.05,54.1,49.75,51.3,2968477.0
2026-03-25,MSTU,54.2,56.851,51.65,53.4,3269758.0
2026-03-26,MSTU,51.45,53.293,48.4,48.6,2534022.0
2026-03-27,MSTU,46.1,46.7,42.0,43.5,3524024.0
2026-03-30,MSTU,45.75,46.399,39.8,40.25,2939643.0
2026-03-31,MSTU,41.25,42.7,37.75,42.5,4596707.0
2026-04-01,MSTU,43.2,43.3,40.1,41.0,4511574.0
2026-04-02,MSTU,38.9,40.8,36.6,39.0,3094579.0
2026-04-06,MSTU,42.0,44.4,41.001,43.95,3192927.0
2026-04-07,MSTU,42.3,43.2,39.401,41.15,3745894.0
2026-04-08,MSTU,47.9,48.3,42.8,44.1,2902694.0
2026-04-09,MSTU,43.7,46.8,42.403,44.6,2881935.0
2026-04-10,MSTU,45.25,46.623,43.4,44.25,3060104.0
2026-04-13,MSTU,42.9,46.9,41.8,46.85,3185559.0
2026-04-14,MSTU,50.5,54.75,49.5,50.25,4473230.0
2026-04-15,MSTU,52.0,54.8,50.0,54.8,2756427.0
2026-04-16,MSTU,54.4,59.0,51.5,59.0,3229850.0
2026-04-17,MSTU,63.2,77.801,62.5,72.7,7471532.0
2026-04-20,MSTU,68.95,76.5,67.4,76.3,4549994.0
2026-04-21,MSTU,76.05,78.05,69.901,70.2,4848690.0
2026-04-22,MSTU,79.4,86.6,79.4,83.2,6100465.0
2026-04-23,MSTU,80.1,84.6,75.9,76.8,4486326.0
2026-04-24,MSTU,80.5,80.899,73.55,75.4,2655614.0
2026-04-27,MSTU,75.0,79.45,72.201,73.65,3501279.0
2026-04-28,MSTU,68.9,71.55,65.3,70.5,3062948.0
2026-04-29,MSTU,70.65,70.698,62.606,64.2,2710681.0
2026-04-30,MSTU,67.0,70.999,64.7,69.9,2298003.0
2026-05-01,MSTU,74.4,82.4,73.1,79.8,4038233.0
2026-05-04,MSTU,82.95,87.566,80.8,85.7,4606269.0
2026-05-05,MSTU,90.75,91.7,85.5,88.4,3666811.0
2026-05-06,MSTU,86.15,89.6,83.6,88.4,3403541.0
2026-05-07,MSTU,85.9,86.2,77.7,82.1,3328873.0
2026-05-08,MSTU,80.3,88.6,79.4,88.6,2816369.0
2026-05-11,MSTU,89.9,97.2,83.5,96.3,3518994.0
2026-05-12,MSTU,91.5,92.586,80.4,85.1,3260224.0
2026-05-13,MSTU,82.7,82.9,76.7,78.95,3273953.0
2026-05-14,MSTU,78.9,92.1,75.9,86.6,4723713.0
2026-05-15,MSTU,82.0,82.1,74.237,78.1,3528731.0
2026-05-18,MSTU,70.5,70.5,64.2,68.4,4476666.0
2026-05-19,MSTU,65.8,69.7,65.606,66.6,3037034.0
2026-05-20,MSTU,67.7,70.199,65.4,67.4,3376600.0
2026-05-21,MSTU,66.2,69.7,64.6,66.75,3066141.0
2026-05-22,MSTU,65.9,67.05,61.9,62.4,3363355.0
2026-05-26,MSTU,63.1,67.9,61.85,62.3,3343222.0
2026-05-27,MSTU,59.8,60.421,57.6,57.9,2744704.0
2026-05-28,MSTU,53.85,57.4,50.4,55.9,3568818.0
2026-05-29,MSTU,54.7,63.407,53.3,61.3,3653063.0
2026-06-01,MSTU,52.8,57.18,50.0,54.1,3822526.0
2026-06-02,MSTU,48.85,49.1,42.7,44.2,6428985.0
2026-06-03,MSTU,43.05,45.5,37.8,38.0,4721025.0
2026-06-04,MSTU,38.0,40.8,37.4,39.5,5074278.0
2026-06-05,MSTU,36.3,36.999,30.3,34.1,7667515.0
2026-06-08,MSTU,36.95,38.7,35.501,37.8,3683023.0
2026-06-09,MSTU,35.05,36.7,30.0,31.7,4551888.0
2026-06-10,MSTU,31.3,33.7,30.65,30.8,3616308.0
2026-06-11,MSTU,31.1,33.7,29.6,33.2,4896217.0
2026-06-12,MSTU,32.8,37.899,31.6,35.2,4072998.0
2026-06-15,MSTU,40.6,42.2,39.0,39.2,5270352.0
2026-06-16,MSTU,38.1,39.7,34.2,34.3,3654139.0
2026-06-17,MSTU,34.5,35.686,30.8,30.9,4207879.0
2026-06-18,MSTU,31.5,31.5,26.165,28.6,6705326.0
2026-06-22,MSTU,30.4,32.351,26.0,27.0,5678249.0
2026-06-23,MSTU,25.3,26.1,24.0,24.2,4336429.0
2026-06-24,MSTU,23.6,23.8,18.8,19.7,8901955.0
2026-06-25,MSTU,19.9,19.9,15.8,16.0,9594023.0
2026-06-26,MSTU,15.15,16.787,14.6,14.7,8586849.0
2026-06-29,MSTU,16.0,19.1,14.9,18.4,11602840.0
2026-06-30,MSTU,15.95,16.7,14.8,16.2,10282550.0
2026-07-01,MSTU,16.4,20.5,15.982,18.5,10352590.0
2026-07-02,MSTU,21.1,22.8,20.2,21.5,12200600.0
2026-07-06,MSTU,19.1,23.1,18.8,21.5,11179710.0
2026-07-07,MSTU,21.5,22.6,19.8,20.0,8608948.0
2026-07-08,MSTU,18.4,19.0,17.7,18.6,6896208.0
2026-07-09,MSTU,18.6,19.699,18.1,18.5,6032555.0
2026-07-10,MSTU,20.4,20.9,18.2,18.75,7395634.0
2026-07-13,MSTU,17.5,18.4,16.95,17.8,6335306.0
2026-07-14,MSTU,18.8,20.0,18.35,19.8,7630853.0
2026-07-15,MSTU,20.8,21.6,19.3,19.8,8363755.0
2026-07-16,MSTU,19.1,19.4,18.1,18.35,7908793.0
2026-07-17,MSTU,17.1,19.1,16.8,18.6,7848977.0
2026-07-20,MSTU,18.9,20.9,18.6,19.8,11850510.0
2026-07-21,MSTU,21.1,22.599,20.6,21.5,13128250.0
2026-07-22,MSTU,20.6,21.5,19.8,20.65,10623000.0
2026-07-23,MSTU,19.5,19.599,17.5,18.0,9639085.0
2026-07-24,MSTU,17.8,17.963,16.5,17.2,8165914.0
2026-07-27,MSTU,18.1,20.0,18.031,19.75,12084960.0
2026-07-28,MSTU,18.4,19.7,17.512,18.8,10820990.0
2026-07-29,MSTU,18.8,20.3,17.6,17.7,11247050.0
2026-07-30,MSTU,18.4,19.5,18.0,19.2,8200699.0
2026-07-31,MSTU,18.2,18.3,16.0,17.6,12776480.0
2026-08-03,MSTU,17.0,18.5,16.65,18.1,9423300.0
2026-08-04,MSTU,17.7,19.3,17.5,19.1,10509580.0
2026-08-05,MSTU,19.2,19.7,18.5,19.3,14002280.0
2026-08-06,MSTU,18.6,19.4,18.2,18.75,12267800.0
2026-08-07,MSTU,20.4,22.1,18.7,19.95,22287080.0
2026-08-10,MSTU,19.8,20.3,18.4,18.9,15192060.0
2026-08-11,MSTU,19.0,19.695,18.0,18.5,10950150.0
2026-08-12,MSTU,18.8,19.1,17.8,18.1,9422329.0
2026-08-13,MSTU,17.9,19.4,17.601,18.8,12897990.0
2026-08-14,MSTU,17.9,18.0,16.8,17.2,9218861.0
2026-08-17,MSTU,17.3,19.2,17.2,18.8,11954050.0
2026-08-18,MSTU,18.1,18.8,16.9,16.95,13408880.0
2026-08-19,MSTU,17.6,22.099,17.5,21.05,24465960.0
2026-08-20,MSTU,24.7,24.9,22.7,24.3,24481050.0
2026-08-21,MSTU,27.7,28.5,25.8,27.3,1000000.0
2026-08-24,MSTU,28.46,31.215,27.34,28.86,10353290.0
2026-08-25,MSTU,26.98,31.33,26.55,30.5,6780171.0
2026-08-26,MSTU,28.79,29.84,27.59,28.71,8910341.0
2026-08-27,MSTU,30.31,36.41,29.3,35.34,8526243.0
2026-08-28,MSTU,33.5,34.5,29.59,30.05,7180485.0
2026-08-31,MSTU,30.46,32.9,29.3302,32.63,4014794.0
2026-09-01,MSTU,30.3,31.17,28.08,28.68,4933858.0
2026-09-02,MSTU,28.09,28.6,27.08,27.9,3828503.0
2026-09-03,MSTU,30.21,37.74,29.8715,37.65,8516866.0
2026-09-04,MSTU,33.6,37.4,33.6,36.46,5546261.0
2026-09-08,MSTU,33.9,34.7,32.7,33.31,3951837.0
2026-09-09,MSTU,35.79,35.9599,31.5,31.5,4828698.0
2026-09-10,MSTU,29.41,30.95,28.66,29.36,4094208.0
2026-09-11,MSTU,30.46,33.62,29.7,30.41,5203009.0
2026-09-14,MSTU,30.41,33.4699,30.29,33.26,3581657.0
2026-09-15,MSTU,30.61,31.58,27.67,29.63,5700942.0
2026-09-16,MSTU,29.89,29.9718,26.8,28.03,4340373.0
2026-09-17,MSTU,29.75,31.25,28.751,30.7,4267539.0
2026-09-18,MSTU,32.61,40.8,32.61,40.65,8423863.0
2026-09-21,MSTU,46.51,49.03,46.4,48.56,13834900.0
2026-09-22,MSTU,47.87,50.0,47.72,47.72,10157180.0
2026-09-23,MSTU,47.77,48.97,44.59,45.01,6579581.0
2026-09-24,MSTU,44.02,46.39,42.62,44.49,4786657.0
2026-09-25,MSTU,45.0,45.1,41.75,42.84,4258095.0
2026-09-28,MSTU,42.24,44.363,40.81,41.85,4600994.0
2024-08-15,MSTX,206.5,223.0,201.5,203.613,104338.0
2024-08-16,MSTX,207.8,215.9,192.4,206.7,233478.0
2024-08-19,MSTX,208.6,215.78,201.7,213.1,207762.0
2024-08-20,MSTX,225.9,229.4,200.1,208.6,316974.0
2024-08-21,MSTX,210.0,233.0,206.408,229.8,271863.0
2024-08-22,MSTX,230.4,232.0,207.7,208.2,265504.0
2024-08-23,MSTX,217.8,256.9,212.8,251.4,472743.0
2024-08-26,MSTX,246.4,258.9,241.0,243.6,365904.0
2024-08-27,MSTX,235.0,236.999,217.0,222.0,481708.0
2024-08-28,MSTX,216.0,216.6,196.0,199.7,443363.0
2024-08-29,MSTX,212.4,218.8,196.51,200.6,393949.0
2024-08-30,MSTX,205.2,207.1,189.0,199.8,220413.0
2024-09-03,MSTX,198.7,198.7,173.2,174.1,278059.0
2024-09-04,MSTX,168.0,182.099,162.9,179.0,199705.0
2024-09-05,MSTX,173.3,183.4,165.401,165.9,329677.0
2024-09-06,MSTX,174.0,178.0,151.8,153.6,290079.0
2024-09-09,MSTX,164.5,178.2,160.101,177.2,402604.0
2024-09-10,MSTX,172.6,189.081,168.8,188.9,351249.0
2024-09-11,MSTX,175.7,192.2,167.5952,188.0,283721.0
2024-09-12,MSTX,187.4,199.913,183.0,191.8,222005.0
2024-09-13,MSTX,191.9,222.9,189.4,218.4,433142.0
2024-09-16,MSTX,207.2,209.0,195.5,200.8,347345.0
2024-09-17,MSTX,210.0,214.0,185.2,191.1,484327.0
2024-09-18,MSTX,189.4,212.1,184.5,194.6,391195.0
2024-09-19,MSTX,214.2,236.0,212.5,225.9,568343.0
2024-09-20,MSTX,224.7,234.5,217.0,225.4,248303.0
2024-09-23,MSTX,231.5,243.5,226.3,239.1,395925.0
2024-09-24,MSTX,240.2,251.2,229.9,250.2,433846.0
2024-09-25,MSTX,244.2,261.4,243.0,244.4,303934.0
2024-09-26,MSTX,259.6,288.0,256.8,283.0,647311.0
2024-09-27,MSTX,295.8,324.5,290.8,314.5,664129.0
2024-09-30,MSTX,291.0,311.7,286.5,290.1,511615.0
2024-10-01,MSTX,291.7,292.4,255.204,271.7,533308.0
2024-10-02,MSTX,265.0,304.7,262.6,277.5,419836.0
2024-10-03,MSTX,273.4,281.5,257.952,274.4,297292.0
2024-10-04,MSTX,284.0,311.6,276.0,311.6,489936.0
2024-10-07,MSTX,322.2,359.2,320.0,341.0,623939.0
2024-10-08,MSTX,342.3,381.0,337.1,360.1,537047.0
2024-10-09,MSTX,352.4,380.6,337.4,350.0,474687.0
2024-10-10,MSTX,360.0,360.0,314.5,332.2,454918.0
2024-10-11,MSTX,348.7,424.09,345.2,423.3,678779.0
2024-10-14,MSTX,466.0,474.0,384.75,385.4,691880.0
2024-10-15,MSTX,401.0,417.098,345.8,360.8,480342.0
2024-10-16,MSTX,380.0,380.0,352.501,360.2,284780.0
2024-10-17,MSTX,354.7,375.125,332.5,358.0,307531.0
2024-10-18,MSTX,370.2,438.25,368.8,428.6,411494.0
2024-10-21,MSTX,422.1,454.2,403.239,439.8,304107.0
2024-10-22,MSTX,431.4,448.15,415.3,442.0,253768.0
2024-10-23,MSTX,424.6,452.7,391.2,422.1,367131.0
2024-10-24,MSTX,441.1,498.0,437.5,496.7,412243.0
2024-10-25,MSTX,497.5,532.7,467.045,491.4,474108.0
2024-10-28,MSTX,528.9,583.0,522.001,567.5,430251.0
2024-10-29,MSTX,602.9,617.0,552.1,577.3,547828.0
2024-10-30,MSTX,528.3,567.5,492.601,529.5,462452.0
2024-10-31,MSTX,541.0,552.5,486.0,517.1,414433.0
2024-11-01,MSTX,519.6,562.7,438.0,453.3,507435.0
2024-11-04,MSTX,442.4,459.8,418.0,426.8,238801.0
2024-11-05,MSTX,465.347,503.199,435.0,443.1,370970.0
2024-11-06,MSTX,570.3,571.3,501.0,559.1,475569.0
2024-11-07,MSTX,552.6,658.0,537.1,614.7,483211.0
2024-11-08,MSTX,637.4,653.503,577.657,612.1,447172.0
2024-11-11,MSTX,734.5,979.999,715.578,926.1,792394.0
2024-11-12,MSTX,896.2,1040.0,847.7,1019.8,910372.0
2024-11-13,MSTX,1075.6,1169.696,820.2,853.0,904301.0
2024-11-14,MSTX,929.3,957.726,804.214,852.2,460196.0
2024-11-15,MSTX,895.5,965.0,832.6,915.2,456482.0
2024-11-18,MSTX,943.3,1167.8,911.101,1149.6,722629.0
2024-11-19,MSTX,1180.0,1535.0,1130.0,1421.6,919565.0
2024-11-20,MSTX,1642.0,1913.0,1603.0,1718.0,1195313.0
2024-11-21,MSTX,2157.1,2209.9,1052.1,1185.1,2120777.0
2024-11-22,MSTX,1191.2,1481.0,1144.4,1289.3,1039425.0
2024-11-25,MSTX,1413.2,1413.2,1057.3,1128.2,1109245.0
2024-11-26,MSTX,1006.5,1111.099,756.5,832.9,1385201.0
2024-11-27,MSTX,1000.0,1047.7,924.635,1004.4,1183504.0
2024-11-29,MSTX,1090.0,1148.999,958.2,986.7,792658.0
2024-12-02,MSTX,1018.0,1042.7,920.1,945.8,700131.0
2024-12-03,MSTX,881.177,1007.6,857.775,915.7,750715.0
2024-12-04,MSTX,943.0,1085.348,875.6,1068.0,1031954.0
2024-12-05,MSTX,1254.91,1275.9,930.0,965.5,1546424.0
2024-12-06,MSTX,1008.5,1054.9,955.7,1005.0,859926.0
2024-12-09,MSTX,995.0,1025.0,850.0,860.4,739811.0
2024-12-10,MSTX,891.7,925.9,814.8,915.5,710510.0
2024-12-11,MSTX,950.45,1076.5,947.6,1071.0,835236.0
2024-12-12,MSTX,1087.1,1093.85,943.7,975.5,812330.0
2024-12-13,MSTX,1012.5,1056.0,956.6,1054.5,685820.0
2024-12-16,MSTX,1135.0,1196.5,1041.1,1049.3,1120985.0
2024-12-17,MSTX,1070.3,1085.4,935.1,936.7,801184.0
2024-12-18,MSTX,932.3,951.9,700.6,759.7,1069620.0
2024-12-19,MSTX,820.2,832.5,643.2,658.7,1215911.0
2024-12-20,MSTX,627.05,806.0,619.02,806.0,1434191.0
2024-12-23,MSTX,772.6,785.0,651.901,665.8,846089.0
2024-12-24,MSTX,708.6,769.618,701.604,761.1,644353.0
2024-12-26,MSTX,723.1,728.6,682.1,686.8,609412.0
2024-12-27,MSTX,686.3,688.993,612.4,639.6,668200.0
2024-12-30,MSTX,595.3,597.5,526.191,530.2,1081313.0
2024-12-31,MSTX,422.2,425.0,340.871,351.8,1664151.0
2025-01-02,MSTX,378.3,402.7,358.556,377.3,1169951.0
2025-01-03,MSTX,384.7,483.3,380.807,474.8,1546256.0
2025-01-06,MSTX,504.5,595.33,463.6,586.5,1646863.0
2025-01-07,MSTX,545.5,561.0,450.0,468.2,1602121.0
2025-01-08,MSTX,452.0,476.0,402.1,440.8,1340728.0
2025-01-10,MSTX,437.0,455.0,404.2,430.8,1090210.0
2025-01-13,MSTX,382.0,432.3,368.5,431.2,1391884.0
2025-01-14,MSTX,470.4,500.73,438.6,467.8,1287976.0
2025-01-15,MSTX,510.9,537.5,497.0,516.2,1103356.0
2025-01-16,MSTX,509.3,544.0,475.0,534.6,845194.0
2025-01-17,MSTX,581.6,625.293,572.8,619.1,1361782.0
2025-01-21,MSTX,614.0,644.0,529.4,596.4,1514783.0
2025-01-22,MSTX,580.4,599.2,540.901,558.4,1081801.0
2025-01-23,MSTX,541.8,597.99,538.3,546.5,1324637.0
2025-01-24,MSTX,558.272,559.629,481.1,488.5,1055706.0
2025-01-27,MSTX,449.6,496.9,402.0,472.7,1247655.0
2025-01-28,MSTX,464.8,474.5,432.8,439.7,604716.0
2025-01-29,MSTX,444.5,459.6,422.2,452.5,631653.0
2025-01-30,MSTX,465.0,492.3,446.0,450.1,643200.0
2025-01-31,MSTX,450.9,481.9,427.3,434.1,750100.0
2025-02-03,MSTX,370.0,470.5,370.0,464.5,1088299.0
2025-02-04,MSTX,448.2,482.176,447.7,467.3,607271.0
2025-02-05,MSTX,469.6,479.327,428.3,435.1,541606.0
2025-02-06,MSTX,439.7,455.6,394.5344,407.8,681409.0
2025-02-07,MSTX,430.5,452.5,410.0,411.1,818744.0
2025-02-10,MSTX,426.5,443.621,412.4,428.3,513705.0
2025-02-11,MSTX,424.3,437.7,387.6,388.9,671016.0
2025-02-12,MSTX,379.6,417.118,376.8,407.1,597305.0
2025-02-13,MSTX,404.6,415.5,383.2,401.6,596883.0
2025-02-14,MSTX,401.5,449.694,399.0,432.5,741068.0
2025-02-18,MSTX,432.45,439.5,404.9,422.2,562933.0
2025-02-19,MSTX,431.0,438.499,381.0,385.0,751069.0
2025-02-20,MSTX,396.2,405.4,374.5,395.6,557242.0
2025-02-21,MSTX,405.67,408.0,336.1,337.1,800876.0
2025-02-24,MSTX,344.2,344.917,284.8,297.7,932455.0
2025-02-25,MSTX,265.6,271.4,216.101,230.6,1801212.0
2025-02-26,MSTX,219.9,254.7,218.2,253.5,1463066.0
2025-02-27,MSTX,260.8,268.8,207.4,207.9,1141815.0
2025-02-28,MSTX,204.3,238.198,194.0,234.5,1470079.0
2025-03-03,MSTX,303.3,306.622,217.0,226.6,2154929.0
2025-03-04,MSTX,205.6,300.7,200.5,268.3,2078231.0
2025-03-05,MSTX,275.4,338.4,262.5,333.8,1813758.0
2025-03-06,MSTX,311.1,359.4,298.36,323.8,1672295.0
2025-03-07,MSTX,310.0,335.8,275.048,286.65,1538173.0
2025-03-10,MSTX,248.0,256.0,179.0,192.7,2432681.0
2025-03-11,MSTX,201.1,229.2,179.9,224.6,1709321.0
2025-03-12,MSTX,232.9,241.0,203.6,228.5,1489310.0
2025-03-13,MSTX,226.9,241.772,213.001,229.2,938007.0
2025-03-14,MSTX,245.8,289.499,244.8,287.1,1414199.0
2025-03-17,MSTX,277.9,286.294,257.02,281.7,797966.0
2025-03-18,MSTX,260.1,274.9,240.3,260.6,892388.0
2025-03-19,MSTX,273.05,307.263,266.9,298.0,1252181.0
2025-03-20,MSTX,287.0,308.044,276.6,293.1,1040145.0
2025-03-21,MSTX,280.1,301.0,275.5,296.7,676252.0
2025-03-24,MSTX,320.0,360.0,311.4,357.4,1304104.0
2025-03-25,MSTX,354.0,374.525,345.2,370.2,957256.0
2025-03-26,MSTX,360.0,368.0,323.0,344.0,1005174.0
2025-03-27,MSTX,330.0,351.9,320.0,333.0,892405.0
2025-03-28,MSTX,319.7,325.161,260.4,260.5,1156325.0
2025-03-31,MSTX,247.5,270.0,230.5,258.0,1093210.0
2025-04-01,MSTX,267.7,292.78,245.1,289.8,1241356.0
2025-04-02,MSTX,274.4,314.7,273.0,302.1,1049046.0
2025-04-03,MSTX,252.3,275.7,231.5009,242.7,1166902.0
2025-04-04,MSTX,246.3,271.5,213.3,260.3,1660972.0
2025-04-07,MSTX,203.8,268.4,191.141,216.0,1679842.0
2025-04-08,MSTX,233.0,239.3,164.5,167.5,2003487.0
2025-04-09,MSTX,174.0,257.755,172.8,249.2,2365461.0
2025-04-10,MSTX,227.2,235.0,193.4,209.0,1423060.0
2025-04-11,MSTX,220.9,257.3,215.2,249.9,1329487.0
2025-04-14,MSTX,267.0,274.6,250.5,268.9,982200.0
2025-04-15,MSTX,271.0,283.8,260.9,267.5,941912.0
2025-04-16,MSTX,259.0,281.0,255.877,269.0,1016092.0
2025-04-17,MSTX,271.85,282.5,258.6,277.5,862320.0
2025-04-21,MSTX,291.0,301.3,263.006,278.7,1154523.0
2025-04-22,MSTX,297.5,332.2,294.6,321.3,1624221.0
2025-04-23,MSTX,345.9,345.9,314.475,326.3,1402794.0
2025-04-24,MSTX,324.1,336.1,322.3,334.5,897380.0
2025-04-25,MSTX,340.9,378.4,340.3,368.8,1277525.0
2025-04-28,MSTX,377.0,377.8,340.7,370.0,871269.0
2025-04-29,MSTX,370.0,399.4,365.0,394.1,906168.0
2025-04-30,MSTX,376.4,399.2,354.546,390.4,874250.0
2025-05-01,MSTX,416.4,439.6,392.0,393.1,1272676.0
2025-05-02,MSTX,417.2,433.55,404.9,418.6,989573.0
2025-05-05,MSTX,394.7,412.8,375.7,400.8,1108443.0
2025-05-06,MSTX,384.7,403.6,383.3,398.2,903416.0
2025-05-07,MSTX,415.3,421.9,404.6,412.7,763279.0
2025-05-08,MSTX,446.4,477.9,438.3,458.7,1299245.0
2025-05-09,MSTX,471.1,493.3,440.0,461.1,905341.0
2025-05-12,MSTX,472.6,474.0,427.7,436.0,905728.0
2025-05-13,MSTX,452.0,473.6,434.1,472.3,831812.0
2025-05-14,MSTX,469.7,481.2,446.4,460.2,603481.0
2025-05-15,MSTX,447.9,456.9,410.7,416.9,770632.0
2025-05-16,MSTX,421.2,436.499,399.0,420.2,771254.0
2025-05-19,MSTX,405.8,452.3,405.654,448.9,757608.0
2025-05-20,MSTX,447.6,458.7,433.95,458.0,658924.0
2025-05-21,MSTX,453.75,470.5,409.3,424.3,1347828.0
2025-05-22,MSTX,448.3,474.799,416.401,418.2,1028445.0
2025-05-23,MSTX,400.6,401.0,350.6,353.5,1257888.0
2025-05-27,MSTX,375.45,376.0,343.7,358.7,951474.0
2025-05-28,MSTX,350.6,355.0,332.1,342.6,558448.0
2025-05-29,MSTX,354.6,361.0,340.0,354.3,678266.0
2025-05-30,MSTX,351.4,357.8,332.1,350.7,530471.0
2025-06-02,MSTX,347.5,367.7,347.1,356.6,444057.0
2025-06-03,MSTX,369.4,391.6,354.8,384.9,675157.0
2025-06-04,MSTX,380.9,382.3,361.4,366.4,456409.0
2025-06-05,MSTX,376.4,379.799,339.0,347.8,563647.0
2025-06-06,MSTX,363.3,368.8,348.7,356.9,468694.0
2025-06-09,MSTX,368.8,395.9,363.1,390.2,602183.0
2025-06-10,MSTX,393.4,393.7,373.65,388.1,405501.0
2025-06-11,MSTX,387.4,391.0,367.0,379.1,420474.0
2025-06-12,MSTX,362.9,387.0,353.6,365.1,369330.0
2025-06-13,MSTX,355.3,370.8,346.4,370.0,424041.0
2025-06-16,MSTX,378.5,379.299,359.0,367.9,497557.0
2025-06-17,MSTX,353.2,360.456,338.6,353.8,645090.0
2025-06-18,MSTX,345.8,352.4,338.7,341.7,499023.0
2025-06-20,MSTX,347.5,353.5,333.3,341.8,528161.0
2025-06-23,MSTX,327.9,342.4,321.3,336.3,500332.0
2025-06-24,MSTX,349.0,367.8,343.8,354.2,658293.0
2025-06-25,MSTX,368.8,377.4,358.7,375.8,518385.0
2025-06-26,MSTX,370.8,383.2,366.5,370.2,498696.0
2025-06-27,MSTX,367.6,392.2,364.5,364.6,767029.0
2025-06-30,MSTX,377.0,409.5,365.55,403.6,684284.0
2025-07-01,MSTX,386.2,390.479,341.05,341.2,957456.0
2025-07-02,MSTX,358.0,398.8,353.5,393.0,869191.0
2025-07-03,MSTX,389.0,416.2,388.4,395.2,632488.0
2025-07-07,MSTX,392.55,397.95,378.3,378.4,414203.0
2025-07-08,MSTX,386.4,390.3,373.336,380.1,388818.0
2025-07-09,MSTX,389.5,417.3,378.3,415.7,695328.0
2025-07-10,MSTX,409.45,428.7,407.2,427.4,839322.0
2025-07-11,MSTX,445.0,461.0,430.05,452.0,845282.0
2025-07-14,MSTX,477.4,497.5,464.8,486.1,919982.0
2025-07-15,MSTX,473.4,497.55,464.35,466.0,794884.0
2025-07-16,MSTX,478.4,497.4,473.7,494.3,642631.0
2025-07-17,MSTX,485.55,494.9,474.815,483.4,503207.0
2025-07-18,MSTX,484.8,489.6,421.0,423.0,1125882.0
2025-07-21,MSTX,435.8,449.8,426.2,427.7,544994.0
2025-07-22,MSTX,434.6,443.49,402.75,428.5,553933.0
2025-07-23,MSTX,421.2,422.1,387.35,400.1,492311.0
2025-07-24,MSTX,401.5,413.8,387.1,403.9,333001.0
2025-07-25,MSTX,384.7,394.7,378.5,385.2,326561.0
2025-07-28,MSTX,406.0,406.0,380.6,381.0,326446.0
2025-07-29,MSTX,384.5,386.5,355.5,363.4,497689.0
2025-07-30,MSTX,366.0,380.6,359.1,363.8,424212.0
2025-07-31,MSTX,371.3,391.8,366.8,377.3,644300.0
2025-08-01,MSTX,353.3,357.05,307.535,309.2,929164.0
2025-08-04,MSTX,318.0,347.3,307.462,346.0,522998.0
2025-08-05,MSTX,335.3,343.8,317.5,320.9,505140.0
2025-08-06,MSTX,320.0,336.001,316.848,334.2,346178.0
2025-08-07,MSTX,342.8,373.6,341.0,365.9,655201.0
2025-08-08,MSTX,358.0,379.6,341.8,352.6,507080.0
2025-08-11,MSTX,368.01,386.5,359.232,361.5,526111.0
2025-08-12,MSTX,362.0,363.3,343.0,350.0,451274.0
2025-08-13,MSTX,355.1,358.5,331.0,342.6,516168.0
2025-08-14,MSTX,323.5,326.295,298.2,311.5,765087.0
2025-08-15,MSTX,310.0,310.844,289.45,300.1,608818.0
2025-08-18,MSTX,289.0,301.7,286.0,295.1,371115.0
2025-08-19,MSTX,294.55,296.584,246.05,250.8,965778.0
2025-08-20,MSTX,254.5,263.9,234.4,262.5,863691.0
2025-08-21,MSTX,255.1,260.5,247.7,251.6,404981.0
2025-08-22,MSTX,247.6,283.5,243.7,281.5,989749.0
2025-08-25,MSTX,259.7,270.7,251.8,257.8,547817.0
2025-08-26,MSTX,255.2,270.3,253.4,269.3,341990.0
2025-08-27,MSTX,265.1,269.6,254.7,255.3,595562.0
2025-08-28,MSTX,261.4,264.0,246.0,249.5,835309.0
2025-08-29,MSTX,244.1,250.2,240.1,242.5,652362.0
2025-09-02,MSTX,242.5,262.5,237.9,252.2,738116.0
2025-09-03,MSTX,253.2,256.372,231.357,235.4,740221.0
2025-09-04,MSTX,234.75,238.2,217.3,230.8,819412.0
2025-09-05,MSTX,241.0,243.8,219.7,242.3,1008227.0
2025-09-08,MSTX,231.0,237.7,221.5,233.4,728545.0
2025-09-09,MSTX,233.4,235.9,225.3,230.8,587447.0
2025-09-10,MSTX,235.7,247.0,221.6,228.0,903125.0
2025-09-11,MSTX,228.2,232.1,222.5,226.9,749797.0
2025-09-12,MSTX,230.6,240.2,228.6,233.9,760215.0
2025-09-15,MSTX,231.15,233.25,218.1,228.2,528663.0
2025-09-16,MSTX,230.0,238.6,224.127,238.1,573021.0
2025-09-17,MSTX,238.1,245.2,221.3,230.4,719100.0
2025-09-18,MSTX,238.8,269.786,236.8,257.6,1537617.0
2025-09-19,MSTX,254.4,261.9,238.72,250.2,983779.0
2025-09-22,MSTX,238.7,245.0,227.0,237.0,757389.0
2025-09-23,MSTX,237.9,241.3,225.2,225.5,453548.0
2025-09-24,MSTX,228.9,237.6,218.7,219.1,534523.0
2025-09-25,MSTX,209.4,209.6,176.9,188.2,1540654.0
2025-09-26,MSTX,186.8,198.7,183.519,197.6,613735.0
2025-09-29,MSTX,204.0,221.64,200.1,219.5,735475.0
2025-09-30,MSTX,211.8,216.8,205.9,213.8,429124.0
2025-10-01,MSTX,226.4,242.2,225.8,235.0,1028083.0
2025-10-02,MSTX,248.9,255.4,238.9,254.0,1321439.0
2025-10-03,MSTX,251.9,262.4,242.0,252.8,1029927.0
2025-10-06,MSTX,268.5,271.5,256.6,263.5,1103776.0
2025-10-07,MSTX,262.2,262.6,218.0,218.2,1595085.0
2025-10-08,MSTX,226.5,227.5,209.55,220.5,1111665.0
2025-10-09,MSTX,215.7,217.9,203.7,206.5,953145.0
2025-10-10,MSTX,209.0,209.7,184.0,186.0,1167945.0
2025-10-13,MSTX,188.1,199.2,181.4,198.6,644810.0
2025-10-14,MSTX,180.1,194.9,176.0,179.7,717338.0
2025-10-15,MSTX,182.5,189.276,172.3,174.7,772950.0
2025-10-16,MSTX,178.3,180.2,157.5,159.4,1049442.0
2025-10-17,MSTX,153.8,169.0,153.5,165.6,882407.0
2025-10-20,MSTX,174.2,184.2,171.0,173.2,643282.0
2025-10-21,MSTX,169.9,184.05,167.45,179.2,645641.0
2025-10-22,MSTX,169.5,174.394,149.3,154.3,943542.0
2025-10-23,MSTX,159.0,162.7,151.8,158.0,955204.0
2025-10-24,MSTX,164.5,166.0,159.3,162.4,733832.0
2025-10-27,MSTX,173.9,174.3,166.9,170.0,574373.0
2025-10-28,MSTX,169.1,171.301,156.5,157.2,693729.0
2025-10-29,MSTX,156.8,158.5,145.2,146.7,824589.0
2025-10-30,MSTX,140.5,142.199,124.15,124.2,1248455.0
2025-10-31,MSTX,138.8,145.25,132.5,138.7,1035791.0
2025-11-03,MSTX,132.8,139.172,128.4,133.2,1003722.0
2025-11-04,MSTX,123.6,126.699,114.25,115.4,1253991.0
2025-11-05,MSTX,118.2,122.85,115.35,122.5,882716.0
2025-11-06,MSTX,119.8,119.9,103.4,105.4,1351745.0
2025-11-07,MSTX,92.05,110.8,89.6,109.4,1630059.0
2025-11-10,MSTX,116.4,116.5,102.704,106.5,1369258.0
2025-11-11,MSTX,104.1,106.651,99.4,99.6,707852.0
2025-11-12,MSTX,101.9,102.4,89.55,93.7,1180981.0
2025-11-13,MSTX,93.1,94.8,79.2,80.2,1557089.0
2025-11-14,MSTX,73.9,80.159,69.3,73.2,2675725.0
2025-11-17,MSTX,71.1,76.398,65.7,70.0,2192509.0
2025-11-18,MSTX,70.85,83.1,70.475,78.0,2907594.0
2025-11-19,MSTX,74.7,75.55,59.1,62.5,4445695.0
2025-11-20,MSTX,66.5,67.15,52.5,56.4,4291230.0
2025-11-21,MSTX,53.3,58.55,49.2,51.9,4925726.0
2025-11-24,MSTX,52.7,57.4,49.114,57.0,3163329.0
2025-11-25,MSTX,53.7,55.499,49.4,52.5,3422234.0
2025-11-26,MSTX,53.4,57.696,51.0,54.7,3583697.0
2025-11-28,MSTX,59.0,61.799,54.1,55.3,3422039.0
2025-12-01,MSTX,49.8,52.144,42.0,51.7,6285318.0
2025-12-02,MSTX,55.5,61.8,55.0,57.6,5850732.0
2025-12-03,MSTX,58.9,63.35,56.1,62.0,5265672.0
2025-12-04,MSTX,60.7,63.8,58.05,60.4,3738354.0
2025-12-05,MSTX,58.55,59.8,54.0,55.8,4478925.0
2025-12-08,MSTX,57.6,59.7,55.1,58.6,2779680.0
2025-12-09,MSTX,57.1,67.9,56.1,61.8,5119909.0
2025-12-10,MSTX,62.1,63.2,57.412,58.9,4124184.0
2025-12-11,MSTX,55.9,58.2,50.5,58.1,4951802.0
2025-12-12,MSTX,57.8,59.1,53.5,53.5,2813322.0
2025-12-15,MSTX,53.2,53.496,43.9,44.8,4906270.0
2025-12-16,MSTX,46.5,49.9,44.75,47.6,3976819.0
2025-12-17,MSTX,47.8,49.75,43.5,43.7,3868629.0
2025-12-18,MSTX,47.6,48.547,42.0,42.4,3957272.0
2025-12-19,MSTX,45.1,47.4,44.1,45.6,3422424.0
2025-12-22,MSTX,48.2,49.0,45.2,45.6,3257614.0
2025-12-23,MSTX,44.3,44.55,41.2,41.9,3685145.0
2025-12-24,MSTX,41.4,42.6,40.3,42.3,1457253.0
2025-12-26,MSTX,42.9,42.9,39.7,42.1,2414216.0
2025-12-29,MSTX,41.5,44.3,40.2,40.2,3638850.0
2025-12-30,MSTX,40.6,42.4,39.7,40.3,3389532.0
2025-12-31,MSTX,40.6,41.0,38.1,38.5,3498791.0
2026-01-02,MSTX,39.8,42.8,37.3,40.9,4805748.0
2026-01-05,MSTX,44.2,46.5,42.9,44.8,5126989.0
2026-01-06,MSTX,46.0,46.1,39.099,41.3,5912697.0
2026-01-07,MSTX,44.05,47.5,41.45,43.1,6389102.0
2026-01-08,MSTX,41.35,47.75,40.1,45.7,6697781.0
2026-01-09,MSTX,45.55,45.8,39.5,40.5,6340365.0
2026-01-12,MSTX,39.9,43.699,39.2,42.9,4669286.0
2026-01-13,MSTX,44.1,49.0,43.1,48.5,6049788.0
2026-01-14,MSTX,51.7,58.187,50.284,52.0,8272175.0
2026-01-15,MSTX,51.9,51.9,46.7,47.0,5491203.0
2026-01-16,MSTX,47.5,48.6,45.1,48.6,3647517.0
2026-01-20,MSTX,43.6,43.9,40.2,41.0,6156058.0
2026-01-21,MSTX,41.5,43.6,38.7,42.8,4915074.0
2026-01-22,MSTX,42.7,43.05,40.4,41.2,3937362.0
2026-01-23,MSTX,41.1,45.2,39.9,42.1,4811494.0
2026-01-26,MSTX,40.2,42.5,39.8,40.8,3641183.0
2026-01-27,MSTX,40.55,41.3,39.0,41.2,4874371.0
2026-01-28,MSTX,42.75,43.3,38.9,39.6,5044133.0
2026-01-29,MSTX,38.3,38.3,30.1,31.9,8019136.0
2026-01-30,MSTX,30.5,35.4,30.3,34.7,6298359.0
2026-02-02,MSTX,30.1,33.9,29.3,30.1,7007122.0
2026-02-03,MSTX,30.3,30.3,24.5,27.3,8274191.0
2026-02-04,MSTX,26.0,26.207,22.3,25.5,7971112.0
2026-02-05,MSTX,22.0,22.7,15.7,16.7,12029780.0
2026-02-06,MSTX,19.3,25.7,19.15,25.4,12144930.0
2026-02-09,MSTX,22.62,27.2,21.8,26.7,12606110.0
2026-02-10,MSTX,24.92,27.1,24.55,24.7,8156403.0
2026-02-11,MSTX,24.9,25.0,21.3,22.0,8074730.0
2026-02-12,MSTX,22.5,22.9,20.15,20.9,6400216.0
2026-02-13,MSTX,22.3,25.1,21.8,24.5,9100931.0
2026-02-17,MSTX,22.8,23.9,21.6,22.6,7179982.0
2026-02-18,MSTX,22.3,23.9,20.95,21.4,6631963.0
2026-02-19,MSTX,20.75,23.0,20.2,22.8,8385046.0
2026-02-20,MSTX,23.2,25.185,22.75,23.3,7245800.0
2026-02-23,MSTX,22.25,23.099,20.4,20.8,7179135.0
2026-02-24,MSTX,20.05,21.7,19.0,21.0,6806366.0
2026-02-25,MSTX,22.75,25.5,22.4,24.7,8993762.0
2026-02-26,MSTX,24.0,24.7,22.1,23.8,7467028.0
2026-02-27,MSTX,22.25,23.0,21.9,22.5,5392043.0
2026-03-02,MSTX,22.2,26.1,22.2,25.1,9957621.0
2026-03-03,MSTX,23.55,24.8,21.6,23.3,9100666.0
2026-03-04,MSTX,27.25,29.3,26.7,28.1,10300620.0
2026-03-05,MSTX,27.6,28.15,25.0,25.7,9870635.0
2026-03-06,MSTX,23.75,24.299,22.6,23.2,8622368.0
2026-03-09,MSTX,24.15,25.6,23.801,25.1,8345341.0
2026-03-10,MSTX,26.2,26.399,24.0,24.9,10228950.0
2026-03-11,MSTX,25.4,26.4,23.7,24.8,11454160.0
2026-03-12,MSTX,24.35,25.0,23.0,24.4,11279610.0
2026-03-13,MSTX,26.7,27.9,24.8,25.2,15497040.0
2026-03-16,MSTX,27.2,28.3,26.5,28.0,12490740.0
2026-03-17,MSTX,27.4,29.9,27.2,29.0,12761940.0
2026-03-18,MSTX,27.0,27.7,25.2,25.2,1000000.0
2026-03-19,MSTX,23.25,24.9698,22.58,24.36,3079874.0
2026-03-20,MSTX,24.835,24.84,22.92,23.45,3268632.0
2026-03-23,MSTX,24.45,24.9,22.89,24.26,3695638.0
2026-03-24,MSTX,24.47,24.91,22.91,23.58,2095362.0
2026-03-25,MSTX,25.03,26.18,23.76,24.54,2355291.0
2026-03-26,MSTX,23.68,24.5,22.26,22.35,1906247.0
2026-03-27,MSTX,21.31,21.517,19.3,19.99,3183221.0
2026-03-30,MSTX,21.03,21.32,18.32,18.5,2450313.0
2026-03-31,MSTX,18.98,19.66,17.37,19.55,4260734.0
2026-04-01,MSTX,19.91,19.92,18.43,18.85,4535123.0
2026-04-02,MSTX,17.89,18.75,16.85,17.91,2957384.0
2026-04-06,MSTX,19.22,20.44,18.88,20.22,3109120.0
2026-04-07,MSTX,19.49,19.895,18.125,18.98,3241074.0
2026-04-08,MSTX,21.94,22.2,19.661,20.3,3948777.0
2026-04-09,MSTX,20.13,21.54,19.51,20.49,6686368.0
2026-04-10,MSTX,20.85,21.49,19.97,20.34,2822082.0
2026-04-13,MSTX,19.71,21.55,19.23,21.52,3448234.0
2026-04-14,MSTX,23.34,25.18,22.8,23.16,4236758.0
2026-04-15,MSTX,23.85,25.195,23.0,25.17,7409115.0
2026-04-16,MSTX,25.07,27.17,23.7,27.07,5237165.0
2026-04-17,MSTX,29.06,35.8,28.78,33.41,8236363.0
2026-04-20,MSTX,31.72,35.196,31.0401,35.12,3424410.0
2026-04-21,MSTX,34.9,35.9,32.1301,32.21,4264459.0
2026-04-22,MSTX,36.61,39.79,36.59,38.21,7360154.0
2026-04-23,MSTX,36.75,38.89,34.9,35.25,4028321.0
2026-04-24,MSTX,37.0,37.18,33.8,34.62,2362180.0
2026-04-27,MSTX,34.4,36.5,33.2099,33.85,2871417.0
2026-04-28,MSTX,31.66,32.86,30.05,32.35,2780462.0
2026-04-29,MSTX,32.35,32.35,28.78,29.46,3012259.0
2026-04-30,MSTX,30.73,32.6197,29.76,32.11,2042314.0
2026-05-01,MSTX,34.17,37.82,33.62,36.6,3211367.0
2026-05-04,MSTX,38.19,40.24,37.1501,39.45,2800672.0
2026-05-05,MSTX,41.62,42.138,39.28,40.66,3298600.0
2026-05-06,MSTX,39.46,41.1734,38.3833,40.58,2574826.0
2026-05-07,MSTX,39.56,39.56,35.7,37.35,2520821.0
2026-05-08,MSTX,36.985,40.668,36.45,40.53,2578773.0
2026-05-11,MSTX,41.32,44.63,38.4,44.22,3170584.0
2026-05-12,MSTX,41.94,42.39,37.0,39.01,2376053.0
2026-05-13,MSTX,38.0,38.03,35.2,36.28,2600298.0
2026-05-14,MSTX,36.01,42.28,34.8527,39.8,3201514.0
2026-05-15,MSTX,37.675,37.675,34.11,35.67,2319740.0
2026-05-18,MSTX,32.31,32.32,29.5,31.39,2763103.0
2026-05-19,MSTX,30.38,31.9299,30.185,30.52,1798569.0
2026-05-20,MSTX,30.95,32.2,30.03,30.95,1647049.0
2026-05-21,MSTX,30.3,31.98,29.65,30.58,2146842.0
2026-05-22,MSTX,30.26,30.76,28.41,28.62,2803011.0
2026-05-26,MSTX,29.16,31.14,28.38,28.62,2477390.0
2026-05-27,MSTX,27.39,27.739,26.43,26.51,2781275.0
2026-05-28,MSTX,24.71,26.32,23.135,25.62,3378686.0
2026-05-29,MSTX,25.025,29.1,24.41,28.14,2806279.0
2026-06-01,MSTX,24.31,26.215,22.88,24.74,3757280.0
2026-06-02,MSTX,22.44,22.45,19.6001,20.27,7812686.0
2026-06-03,MSTX,19.75,20.84,17.35,17.35,5508338.0
2026-06-04,MSTX,17.44,18.71,17.15,18.1,4627581.0
2026-06-05,MSTX,16.58,16.95,13.88,15.54,9212867.0
2026-06-08,MSTX,16.945,17.7899,16.29,17.31,3668781.0
2026-06-09,MSTX,16.14,16.86,13.81,14.57,5572155.0
2026-06-10,MSTX,14.35,15.45,14.09,14.09,3675661.0
2026-06-11,MSTX,14.3,15.49,13.59,15.23,5057653.0
2026-06-12,MSTX,15.085,17.3849,14.5,16.18,4024524.0
2026-06-15,MSTX,18.64,19.3999,17.9201,18.03,4216935.0
2026-06-16,MSTX,17.5,18.2,15.7,15.75,3208941.0
2026-06-17,MSTX,15.78,16.3822,14.13,14.15,4723589.0
2026-06-18,MSTX,14.31,14.35,12.0,13.08,7152670.0
2026-06-22,MSTX,13.93,14.85,11.9,12.42,4667083.0
2026-06-23,MSTX,11.7,11.98,11.0301,11.09,4315373.0
2026-06-24,MSTX,10.84,10.8997,8.6201,9.01,12531100.0
2026-06-25,MSTX,9.1,9.1,7.26,7.33,11572110.0
2026-06-26,MSTX,6.95,7.7,6.72,6.76,9295508.0
2026-06-29,MSTX,7.35,8.765,6.8599,8.48,11869690.0
2026-06-30,MSTX,7.295,7.6672,6.8,7.44,14659830.0
2026-07-01,MSTX,7.52,9.3998,7.3,8.53,13282600.0
2026-07-02,MSTX,9.66,10.45,9.27,9.83,13226440.0
2026-07-06,MSTX,8.77,10.58,8.65,9.85,11983960.0
2026-07-07,MSTX,9.8,10.36,9.08,9.17,9895799.0
2026-07-08,MSTX,8.475,8.7,8.1,8.49,8504241.0
2026-07-09,MSTX,8.48,9.005,8.3001,8.49,7099728.0
2026-07-10,MSTX,9.345,9.6,8.36,8.6,7211402.0
2026-07-13,MSTX,8.04,8.41,7.77,8.14,6207294.0
2026-07-14,MSTX,8.6,9.17,8.39,9.08,7157893.0
2026-07-15,MSTX,9.48,9.89,8.8599,9.06,7158875.0
2026-07-16,MSTX,8.76,8.88,8.305,8.41,6882050.0
2026-07-17,MSTX,7.88,8.725,7.6804,8.54,5827586.0
2026-07-20,MSTX,8.65,9.58,8.54,9.05,5831780.0
2026-07-21,MSTX,9.71,10.32,9.455,9.83,6535022.0
2026-07-22,MSTX,9.48,9.8093,9.08,9.42,5382278.0
2026-07-23,MSTX,8.86,8.95,7.99,8.24,7912419.0
2026-07-24,MSTX,8.11,8.205,7.5401,7.86,6393518.0
2026-07-27,MSTX,8.35,9.1301,8.27,9.04,6745394.0
2026-07-28,MSTX,8.42,8.995,8.0399,8.58,5567886.0
2026-07-29,MSTX,8.6,9.28,8.08,8.08,6866243.0
2026-07-30,MSTX,8.38,8.9,8.255,8.79,5768025.0
2026-07-31,MSTX,8.33,8.355,7.29,8.04,9538212.0
2026-08-03,MSTX,7.77,8.475,7.61,8.26,4374517.0
2026-08-04,MSTX,8.11,8.8132,8.02,8.76,4155551.0
2026-08-05,MSTX,8.78,9.01,8.475,8.86,5190892.0
2026-08-06,MSTX,8.455,8.86,8.34,8.59,3570218.0
2026-08-07,MSTX,9.38,10.105,8.565,9.13,12334830.0
2026-08-10,MSTX,9.045,9.265,8.445,8.63,7135000.0
2026-08-11,MSTX,8.64,8.9697,8.245,8.41,5993830.0
2026-08-12,MSTX,8.59,8.71,8.14,8.19,5300353.0
2026-08-13,MSTX,8.15,8.87,8.0727,8.57,9820636.0
2026-08-14,MSTX,8.16,8.19,7.61,7.82,9936369.0
2026-08-17,MSTX,7.87,8.745,7.83,8.59,6574751.0
2026-08-18,MSTX,8.27,8.59,7.7301,7.81,6835510.0
2026-08-19,MSTX,8.01,10.06,7.99,9.63,15231410.0
2026-08-20,MSTX,11.275,11.36,10.38,11.12,17011780.0
2026-08-21,MSTX,12.56,12.98,11.79,12.45,17299100.0
2026-08-24,MSTX,12.99,14.25,12.48,13.15,12637190.0
2026-08-25,MSTX,12.39,14.44,12.25,14.04,10543120.0
2026-08-26,MSTX,13.23,13.738,12.72,13.21,6750243.0
2026-08-27,MSTX,13.98,16.765,13.49,16.24,11866860.0
2026-08-28,MSTX,15.45,15.9,13.61,13.87,11295090.0
2026-08-31,MSTX,14.1,15.14,13.5,15.07,6585649.0
2026-09-01,MSTX,13.96,14.3599,12.9213,13.21,9018896.0
2026-09-02,MSTX,12.88,13.15,12.47,12.84,6520224.0
2026-09-03,MSTX,13.85,17.37,13.76,17.33,13083650.0
2026-09-04,MSTX,15.515,17.21,15.46,16.79,8337630.0
2026-09-08,MSTX,15.61,15.99,15.08,15.35,6761617.0
2026-09-09,MSTX,16.5,16.551,14.45,14.46,8739080.0
2026-09-10,MSTX,13.52,14.26,13.2,13.55,6496447.0
2026-09-11,MSTX,13.97,15.49,13.69,14.01,9030667.0
2026-09-14,MSTX,14.02,15.41,13.975,15.29,9419407.0
2026-09-15,MSTX,14.15,14.55,12.73,13.64,10365990.0
2026-09-16,MSTX,13.675,13.8,12.33,12.95,9138977.0
2026-09-17,MSTX,13.69,14.39,13.245,14.14,7638197.0
2026-09-18,MSTX,14.96,18.77,14.96,18.73,11567380.0
2026-09-21,MSTX,21.34,22.53,21.325,22.3,11108180.0
2026-09-22,MSTX,22.045,22.9874,21.9604,22.0,5589801.0
2026-09-23,MSTX,21.91,22.535,20.51,20.64,7793942.0
2026-09-24,MSTX,20.3,21.3201,19.61,20.46,8209062.0
2026-09-25,MSTX,20.62,20.65,19.205,19.67,5582323.0
2026-09-28,MSTX,19.455,20.4,18.79,19.29,6482862.0
