date,total_ratio,index_ratio,equity_ratio,etp_ratio,vix_ratio,spx_ratio
2006-11-01,0.91,1.25,0.64,2.18,,
2006-11-02,0.9,1.12,0.61,3.41,,
2006-11-03,0.91,1.26,0.64,2.18,,
2006-11-06,0.76,1.26,0.55,1.57,,
2006-11-07,0.79,1.04,0.57,2.18,,
2006-11-08,0.78,0.99,0.68,1.07,,
2006-11-09,0.84,1.42,0.61,2.25,,
2006-11-10,1.06,1.18,0.79,2.62,,
2006-11-13,0.8,1.36,0.59,1.13,,
2006-11-14,0.82,1.4,0.58,1.0,,
2006-11-15,0.83,1.29,0.52,1.22,,
2006-11-16,0.78,0.99,0.53,1.75,,
2006-11-17,0.78,1.44,0.47,1.85,,
2006-11-20,0.86,1.37,0.54,2.38,,
2006-11-21,1.03,3.5,0.62,1.36,,
2006-11-22,0.89,2.08,0.63,1.72,,
2006-11-24,1.06,2.1,0.52,3.39,,
2006-11-27,1.27,2.21,0.68,3.36,,
2006-11-28,0.93,1.53,0.65,1.74,,
2006-11-29,0.67,1.08,0.53,0.7,,
2006-11-30,0.77,0.98,0.58,1.96,,
2006-12-01,0.91,1.5,0.59,1.63,,
2006-12-04,0.86,1.55,0.64,1.27,,
2006-12-05,0.76,1.17,0.57,1.44,,
2006-12-06,0.84,1.32,0.54,2.79,,
2006-12-07,0.89,1.48,0.69,1.3,,
2006-12-08,0.79,1.18,0.55,1.96,,
2006-12-11,0.72,1.04,0.57,1.68,,
2006-12-12,0.96,1.62,0.7,1.32,,
2006-12-13,0.87,1.44,0.57,1.76,,
2006-12-14,0.61,0.76,0.45,0.82,,
2006-12-15,0.74,0.93,0.5,2.13,,
2006-12-18,1.09,3.17,0.59,2.27,,
2006-12-19,0.96,1.47,0.67,1.51,,
2006-12-20,0.85,2.56,0.54,1.15,,
2006-12-21,0.79,1.91,0.45,1.48,,
2006-12-22,1.11,2.09,0.66,1.94,,
2006-12-26,0.84,1.76,0.62,1.61,,
2006-12-27,0.85,1.0,0.68,1.5,,
2006-12-28,0.96,0.98,0.73,1.83,,
2006-12-29,0.88,1.54,0.54,2.82,,
2007-01-03,0.87,1.5,0.59,1.79,,
2007-01-04,0.82,1.08,0.51,2.47,,
2007-01-05,0.9,1.21,0.59,2.88,,
2007-01-08,0.86,1.18,0.71,1.3,,
2007-01-09,0.79,1.16,0.67,1.05,,
2007-01-10,0.81,1.35,0.58,1.5,,
2007-01-11,0.72,1.29,0.54,0.91,,
2007-01-12,0.75,1.07,0.56,1.16,,
2007-01-16,0.89,1.23,0.56,2.51,,
2007-01-17,0.88,1.6,0.55,2.29,,
2007-01-18,0.9,1.36,0.6,1.68,,
2007-01-19,0.84,1.79,0.55,1.36,,
2007-01-22,0.97,1.45,0.62,2.02,,
2007-01-23,0.91,1.52,0.65,1.9,,
2007-01-24,0.85,1.76,0.58,1.65,,
2007-01-25,1.2,2.42,0.71,2.63,,
2007-01-26,0.98,1.43,0.66,2.39,,
2007-01-29,0.98,2.4,0.6,1.89,,
2007-01-30,0.94,2.15,0.68,1.47,,
2007-01-31,0.78,1.58,0.56,1.34,,
2007-02-01,0.84,1.29,0.57,2.21,,
2007-02-02,0.98,1.29,0.7,2.37,,
2007-02-05,0.82,2.18,0.57,1.71,,
2007-02-06,0.85,1.87,0.55,2.24,,
2007-02-07,0.87,1.17,0.65,1.94,,
2007-02-08,0.85,1.41,0.57,2.52,,
2007-02-09,0.93,1.15,0.68,1.85,,
2007-02-12,1.18,1.74,0.78,2.21,,
2007-02-13,0.96,1.15,0.74,1.78,,
2007-02-14,0.96,1.09,0.67,1.6,,
2007-02-15,0.76,1.03,0.54,1.31,,
2007-02-16,0.84,1.83,0.55,1.36,,
2007-02-20,0.96,1.55,0.65,1.51,,
2007-02-21,1.12,1.85,0.71,3.02,,
2007-02-22,1.04,2.25,0.66,1.71,,
2007-02-23,1.38,2.59,0.73,5.08,,
2007-02-26,1.03,1.95,0.75,1.99,,
2007-02-27,1.68,1.65,0.87,4.4,,
2007-02-28,1.1,1.47,0.73,1.65,,
2007-03-01,1.4,2.16,0.8,2.36,,
2007-03-02,1.32,1.57,0.8,2.56,,
2007-03-05,1.65,2.1,0.96,3.07,,
2007-03-06,1.24,1.58,0.77,2.33,,
2007-03-07,1.18,1.72,0.7,2.21,,
2007-03-08,1.02,0.84,0.77,2.55,,
2007-03-09,1.16,1.17,0.82,2.2,,
2007-03-12,1.06,1.16,0.75,2.77,,
2007-03-13,1.42,1.68,0.98,2.68,,
2007-03-14,1.61,2.52,0.89,2.18,,
2007-03-15,1.15,1.36,0.79,1.84,,
2007-03-16,1.23,1.55,0.84,2.75,,
2007-03-19,0.81,0.95,0.61,1.62,,
2007-03-20,0.95,1.49,0.73,1.31,,
2007-03-21,1.13,1.21,0.66,2.56,,
2007-03-22,0.93,1.35,0.61,1.31,,
2007-03-23,0.93,1.06,0.65,2.44,,
2007-03-26,1.0,1.35,0.69,1.83,,
2007-03-27,0.99,1.86,0.62,2.45,,
2007-03-28,1.36,2.3,0.89,2.28,,
2007-03-29,1.18,1.68,0.76,2.39,,
2007-03-30,1.2,1.83,0.67,3.05,,
2007-04-02,0.84,1.22,0.63,1.51,,
2007-04-03,1.13,1.68,0.66,2.78,,
2007-04-04,1.05,1.41,0.74,2.54,,
2007-04-05,0.76,1.26,0.55,1.24,,
2007-04-09,0.78,1.33,0.61,1.21,,
2007-04-10,1.14,1.41,0.69,4.67,,
2007-04-11,1.0,1.24,0.69,2.11,,
2007-04-12,1.03,1.28,0.73,2.67,,
2007-04-13,0.96,1.23,0.67,2.72,,
2007-04-16,0.84,0.91,0.56,2.01,,
2007-04-17,0.9,1.22,0.67,1.36,,
2007-04-18,0.81,1.32,0.54,1.3,,
2007-04-19,0.93,1.18,0.62,2.2,,
2007-04-20,0.75,1.39,0.5,1.2,,
2007-04-23,0.91,1.78,0.58,1.62,,
2007-04-24,1.21,2.65,0.73,2.36,,
2007-04-25,0.82,1.22,0.6,1.41,,
2007-04-26,0.83,1.23,0.6,1.83,,
2007-04-27,1.01,2.21,0.58,3.77,,
2007-04-30,0.97,1.0,0.64,3.9,,
2007-05-01,1.15,2.01,0.73,2.19,,
2007-05-02,0.81,1.01,0.56,2.37,,
2007-05-03,0.89,1.05,0.66,3.16,,
2007-05-04,0.84,1.49,0.54,2.26,,
2007-05-07,0.7,1.19,0.45,3.81,,
2007-05-08,1.0,1.47,0.6,3.44,,
2007-05-09,0.74,0.67,0.53,3.33,,
2007-05-10,1.1,1.6,0.68,2.65,,
2007-05-11,0.95,1.49,0.62,1.65,,
2007-05-14,0.88,1.19,0.51,1.83,,
2007-05-15,0.92,0.97,0.63,1.94,,
2007-05-16,1.03,1.24,0.7,1.94,,
2007-05-17,0.77,1.15,0.49,1.24,,
2007-05-18,0.98,1.8,0.51,2.55,,
2007-05-21,0.95,1.98,0.55,2.04,,
2007-05-22,1.2,3.36,0.6,4.23,,
2007-05-23,0.99,1.33,0.67,2.38,,
2007-05-24,1.14,2.14,0.67,2.35,,
2007-05-25,1.03,1.49,0.55,3.36,,
2007-05-29,0.91,1.74,0.58,1.87,,
2007-05-30,0.92,1.0,0.65,2.35,,
2007-05-31,0.93,1.44,0.51,2.49,,
2007-06-01,0.89,1.57,0.5,1.93,,
2007-06-04,0.9,1.85,0.52,2.34,,
2007-06-05,0.98,1.38,0.63,1.58,,
2007-06-06,1.12,1.49,0.62,3.17,,
2007-06-07,1.24,1.4,0.72,3.28,,
2007-06-08,1.13,1.32,0.6,3.22,,
2007-06-11,1.08,1.22,0.71,2.73,,
2007-06-12,1.09,1.21,0.66,2.74,,
2007-06-13,0.97,1.21,0.58,1.96,,
2007-06-14,0.79,1.3,0.53,0.91,,
2007-06-15,1.03,1.95,0.48,2.49,,
2007-06-18,0.93,1.79,0.58,1.71,,
2007-06-19,0.88,2.05,0.62,1.2,,
2007-06-20,1.06,1.57,0.63,2.09,,
2007-06-21,0.98,1.6,0.61,1.99,,
2007-06-22,1.03,1.33,0.62,2.14,,
2007-06-25,1.14,1.52,0.76,2.04,,
2007-06-26,1.13,1.75,0.71,2.52,,
2007-06-27,0.84,1.54,0.65,0.79,,
2007-06-28,0.89,1.36,0.59,1.55,,
2007-06-29,1.03,0.93,0.65,2.74,,
2007-07-02,0.85,1.58,0.54,2.36,,
2007-07-03,0.93,1.16,0.59,3.41,,
2007-07-05,0.89,1.41,0.55,2.87,,
2007-07-06,0.87,0.81,0.53,3.05,,
2007-07-09,0.8,1.56,0.52,2.01,,
2007-07-10,1.0,1.68,0.59,1.86,,
2007-07-11,0.89,1.04,0.57,2.2,,
2007-07-12,0.77,1.05,0.48,1.92,,
2007-07-13,0.93,1.38,0.5,3.22,,
2007-07-16,0.83,1.32,0.54,1.8,,
2007-07-17,0.92,1.63,0.6,1.82,,
2007-07-18,1.1,1.64,0.73,2.1,,
2007-07-19,0.8,0.87,0.54,2.57,,
2007-07-20,1.22,1.72,0.69,2.69,,
2007-07-23,0.81,1.69,0.54,1.84,,
2007-07-24,1.47,2.97,0.79,3.2,,
2007-07-25,1.05,1.71,0.64,2.05,,
2007-07-26,1.52,2.11,0.85,3.04,,
2007-07-27,1.41,1.97,0.77,2.91,,
2007-07-30,1.16,1.22,0.71,2.43,,
2007-07-31,1.27,1.47,0.72,2.96,,
2007-08-01,1.35,1.55,0.87,2.64,,
2007-08-02,1.1,1.28,0.77,2.39,,
2007-08-03,1.44,1.42,0.8,3.95,,
2007-08-06,1.28,1.34,0.84,2.64,,
2007-08-07,1.06,1.14,0.69,2.15,,
2007-08-08,1.01,1.01,0.61,2.38,,
2007-08-09,1.13,1.41,0.65,2.7,,
2007-08-10,1.11,1.4,0.6,2.67,,
2007-08-13,1.02,0.97,0.71,1.85,,
2007-08-14,1.4,1.66,1.06,1.82,,
2007-08-15,1.49,1.75,1.05,2.06,,
2007-08-16,1.5,1.65,1.01,2.38,,
2007-08-17,1.24,1.45,0.74,2.22,,
2007-08-20,0.91,1.41,0.61,1.42,,
2007-08-21,0.9,1.23,0.62,1.4,,
2007-08-22,1.09,1.91,0.62,2.21,,
2007-08-23,1.15,1.31,0.71,2.62,,
2007-08-24,1.06,1.05,0.68,2.17,,
2007-08-27,1.0,1.96,0.68,1.51,,
2007-08-28,1.29,1.79,0.87,2.08,,
2007-08-29,0.96,1.07,0.68,1.93,,
2007-08-30,0.93,1.45,0.65,1.49,,
2007-08-31,1.06,1.71,0.65,1.9,,
2007-09-04,1.07,1.82,0.67,1.84,,
2007-09-05,1.12,1.86,0.72,2.5,,
2007-09-06,0.88,1.62,0.62,1.08,,
2007-09-07,1.18,1.8,0.77,1.76,,
2007-09-10,1.15,1.2,0.78,2.32,,
2007-09-11,1.06,1.35,0.84,1.45,,
2007-09-12,0.87,1.22,0.58,1.62,,
2007-09-13,1.03,1.61,0.61,2.1,,
2007-09-14,1.1,1.6,0.63,2.97,,
2007-09-17,1.03,1.02,0.65,2.51,,
2007-09-18,1.03,1.08,0.69,2.1,,
2007-09-19,0.96,1.33,0.58,1.62,,
2007-09-20,1.01,1.12,0.56,2.15,,
2007-09-21,0.85,1.22,0.53,1.66,,
2007-09-24,0.84,1.58,0.61,0.92,,
2007-09-25,1.13,2.03,0.75,2.14,,
2007-09-26,0.87,1.25,0.6,1.53,,
2007-09-27,0.85,1.7,0.58,1.51,,
2007-09-28,1.1,1.5,0.78,1.68,,
2007-10-01,0.88,1.45,0.57,1.45,,
2007-10-02,0.99,2.23,0.66,1.38,,
2007-10-03,0.82,1.46,0.58,1.53,,
2007-10-04,0.72,1.07,0.5,1.78,,
2007-10-05,0.78,0.87,0.56,1.38,,
2007-10-08,0.82,1.29,0.52,2.28,,
2007-10-09,0.81,1.12,0.61,1.55,,
2007-10-10,0.89,1.8,0.56,1.66,,
2007-10-11,0.9,1.33,0.6,1.98,,
2007-10-12,0.78,1.14,0.56,1.96,,
2007-10-15,0.8,1.24,0.53,1.46,,
2007-10-16,0.96,1.2,0.75,1.79,,
2007-10-17,0.95,1.4,0.67,1.41,,
2007-10-18,0.77,1.11,0.52,1.59,,
2007-10-19,1.16,1.64,0.73,2.19,,
2007-10-22,1.01,1.78,0.66,1.73,,
2007-10-23,0.96,1.39,0.64,2.41,,
2007-10-24,0.98,1.05,0.73,1.69,,
2007-10-25,1.09,1.52,0.76,2.15,,
2007-10-26,0.82,1.3,0.53,1.84,,
2007-10-29,0.92,2.45,0.57,1.66,,
2007-10-30,1.16,1.52,0.84,2.7,,
2007-10-31,0.77,1.33,0.45,1.77,,
2007-11-01,0.96,1.09,0.68,1.98,,
2007-11-02,1.14,1.15,0.7,2.69,,
2007-11-05,1.03,1.5,0.67,1.74,,
2007-11-06,0.98,1.11,0.71,1.7,,
2007-11-07,1.06,1.4,0.67,2.01,,
2007-11-08,1.22,1.22,0.83,2.38,,
2007-11-09,1.08,1.25,0.72,1.91,,
2007-11-12,0.92,1.22,0.59,1.74,,
2007-11-13,1.19,1.52,0.85,1.77,,
2007-11-14,0.91,1.11,0.62,1.58,,
2007-11-15,1.31,1.49,0.8,2.27,,
2007-11-16,1.27,1.22,0.99,2.11,,
2007-11-19,1.11,1.53,0.66,2.5,,
2007-11-20,1.12,1.4,0.79,1.97,,
2007-11-21,1.23,1.81,0.82,1.59,,
2007-11-23,0.89,1.64,0.54,1.49,,
2007-11-26,0.98,1.37,0.7,1.61,,
2007-11-27,0.82,1.54,0.55,1.83,,
2007-11-28,0.9,1.25,0.57,1.83,,
2007-11-29,0.89,1.87,0.59,1.63,,
2007-11-30,1.06,1.87,0.68,1.53,,
2007-12-03,0.83,1.41,0.62,1.28,,
2007-12-04,1.08,1.24,0.87,1.95,,
2007-12-05,0.89,1.37,0.63,1.38,,
2007-12-06,0.88,1.5,0.55,1.63,,
2007-12-07,0.99,1.71,0.6,1.66,,
2007-12-10,0.96,1.23,0.68,1.64,,
2007-12-11,1.1,1.24,0.79,1.71,,
2007-12-12,0.99,1.11,0.68,1.95,,
2007-12-13,1.06,1.42,0.74,1.72,,
2007-12-14,1.06,1.53,0.62,2.27,,
2007-12-17,1.11,1.32,0.64,2.25,,
2007-12-18,1.04,1.36,0.77,1.35,,
2007-12-19,1.14,1.61,0.71,1.8,,
2007-12-20,0.68,1.29,0.42,1.04,,
2007-12-21,0.59,1.9,0.64,0.36,,
2007-12-24,0.89,0.98,0.72,1.48,,
2007-12-26,0.9,1.49,0.66,1.19,,
2007-12-27,0.98,1.89,0.6,1.76,,
2007-12-28,0.97,1.75,0.56,2.33,,
2007-12-31,1.05,1.76,0.67,1.87,,
2008-01-02,1.16,1.75,0.78,1.68,,
2008-01-03,1.01,1.66,0.71,1.41,,
2008-01-04,1.05,1.47,0.61,1.94,,
2008-01-07,1.04,1.47,0.78,1.4,,
2008-01-08,1.47,1.46,0.97,2.95,,
2008-01-09,1.15,1.31,0.75,2.15,,
2008-01-10,0.97,1.12,0.69,1.68,,
2008-01-11,0.93,1.32,0.71,1.25,,
2008-01-14,0.95,1.02,0.7,1.56,,
2008-01-15,1.25,1.53,1.05,1.54,,
2008-01-16,1.19,1.37,0.87,1.74,,
2008-01-17,1.5,1.99,0.99,2.07,,
2008-01-18,1.34,1.34,0.99,2.2,,
2008-01-22,1.18,1.68,0.73,2.08,,
2008-01-23,1.13,1.37,0.75,1.94,,
2008-01-24,0.88,1.47,0.59,1.33,,
2008-01-25,1.06,1.43,0.67,1.92,,
2008-01-28,0.92,1.36,0.64,1.34,,
2008-01-29,0.9,1.38,0.65,1.38,,
2008-01-30,0.81,0.81,0.62,1.25,,
2008-01-31,0.96,1.21,0.7,1.48,,
2008-02-01,0.81,1.31,0.56,1.16,,
2008-02-04,0.94,1.31,0.68,1.48,,
2008-02-05,1.15,1.48,0.94,1.44,,
2008-02-06,1.06,1.65,0.8,1.34,,
2008-02-07,1.12,1.27,0.88,1.52,,
2008-02-08,1.13,1.26,0.79,1.95,,
2008-02-11,0.96,1.06,0.68,1.79,,
2008-02-12,1.13,1.16,0.78,2.06,,
2008-02-13,0.97,1.1,0.75,1.36,,
2008-02-14,1.01,0.98,0.74,1.69,,
2008-02-15,1.15,1.27,0.78,2.04,,
2008-02-19,1.01,1.81,0.67,1.5,,
2008-02-20,0.85,0.94,0.7,1.21,,
2008-02-21,0.96,1.05,0.69,1.9,,
2008-02-22,1.15,1.27,0.84,1.92,,
2008-02-25,0.93,1.62,0.65,1.24,,
2008-02-26,1.07,1.19,0.8,1.74,,
2008-02-27,1.09,1.91,0.74,1.7,,
2008-02-28,1.24,1.58,0.96,1.95,,
2008-02-29,1.28,1.78,0.84,1.89,,
2008-03-03,1.23,1.77,0.79,2.39,,
2008-03-04,1.18,1.35,0.96,1.62,,
2008-03-05,1.14,1.21,0.68,2.43,,
2008-03-06,1.27,1.29,1.12,1.61,,
2008-03-07,1.24,1.17,0.92,1.94,,
2008-03-10,1.49,1.47,1.0,2.8,,
2008-03-11,1.11,1.34,0.89,1.38,,
2008-03-12,1.11,1.67,0.84,1.33,,
2008-03-13,1.21,1.49,0.82,1.8,,
2008-03-14,1.42,1.24,1.16,2.0,,
2008-03-17,1.49,1.27,1.34,1.89,,
2008-03-18,1.0,1.07,0.78,1.42,,
2008-03-19,1.21,1.52,0.9,1.57,,
2008-03-20,1.11,1.49,0.81,1.74,,
2008-03-24,0.82,1.37,0.63,0.97,,
2008-03-25,0.96,1.32,0.77,1.28,,
2008-03-26,1.03,1.47,0.77,1.47,,
2008-03-27,1.14,1.94,0.85,1.59,,
2008-03-28,1.17,1.99,0.86,1.79,,
2008-03-31,1.02,1.64,0.85,1.12,,
2008-04-01,0.9,1.07,0.81,0.94,,
2008-04-02,1.05,1.68,0.78,1.28,,
2008-04-03,1.05,1.84,0.82,1.33,,
2008-04-04,1.19,2.72,0.82,1.2,,
2008-04-07,0.97,1.68,0.74,1.16,,
2008-04-08,1.13,1.84,0.9,1.41,,
2008-04-09,1.16,1.6,0.9,1.46,,
2008-04-10,0.98,1.05,0.79,1.62,,
2008-04-11,1.29,1.4,0.9,2.49,,
2008-04-14,1.02,1.27,0.85,1.25,,
2008-04-15,1.06,1.21,0.94,1.26,,
2008-04-16,0.92,1.11,0.72,1.24,,
2008-04-17,0.93,1.12,0.75,1.2,,
2008-04-18,0.82,1.19,0.59,1.22,,
2008-04-21,0.94,2.13,0.6,1.81,,
2008-04-22,1.07,1.79,0.66,2.56,,
2008-04-23,0.95,1.85,0.7,1.49,,
2008-04-24,0.9,1.07,0.67,1.55,,
2008-04-25,0.91,1.18,0.73,1.48,,
2008-04-28,0.96,1.81,0.66,1.59,,
2008-04-29,1.08,1.69,0.83,1.93,,
2008-04-30,0.92,1.6,0.66,1.39,,
2008-05-01,0.93,1.27,0.58,2.1,,
2008-05-02,0.9,1.32,0.62,1.5,,
2008-05-05,0.89,1.48,0.66,1.64,,
2008-05-06,0.82,1.36,0.57,1.36,,
2008-05-07,1.02,1.63,0.66,1.88,,
2008-05-08,0.89,1.49,0.6,1.81,,
2008-05-09,0.92,1.49,0.7,1.17,,
2008-05-12,0.86,1.19,0.66,1.48,,
2008-05-13,0.79,0.96,0.6,1.4,,
2008-05-14,0.8,1.0,0.62,1.12,,
2008-05-15,0.77,0.99,0.59,1.17,,
2008-05-16,0.86,1.11,0.59,1.56,,
2008-05-19,0.85,1.24,0.56,1.73,,
2008-05-20,1.08,1.51,0.7,1.99,,
2008-05-21,1.18,2.0,0.79,1.82,,
2008-05-22,0.97,1.19,0.63,2.05,,
2008-05-23,1.05,1.33,0.72,1.79,,
2008-05-27,0.94,1.07,0.66,1.89,,
2008-05-28,0.81,1.23,0.62,1.32,,
2008-05-29,0.85,0.91,0.67,1.39,,
2008-05-30,0.84,1.37,0.59,1.43,,
2008-06-02,1.07,1.29,0.76,1.83,,
2008-06-03,1.16,1.46,0.8,2.22,,
2008-06-04,1.08,1.23,0.76,2.17,,
2008-06-05,0.97,1.08,0.64,2.0,,
2008-06-06,1.14,1.51,0.76,1.7,,
2008-06-09,0.95,1.05,0.78,1.3,,
2008-06-10,0.96,0.97,0.81,1.34,,
2008-06-11,1.14,1.23,0.85,1.77,,
2008-06-12,0.97,1.04,0.77,1.53,,
2008-06-13,0.91,1.15,0.76,1.18,,
2008-06-16,0.93,0.97,0.81,1.22,,
2008-06-17,0.99,1.38,0.75,1.64,,
2008-06-18,1.12,1.49,0.86,1.4,,
2008-06-19,0.99,1.15,0.76,1.43,,
2008-06-20,1.32,1.72,0.92,2.08,,
2008-06-23,0.87,1.27,0.65,1.35,,
2008-06-24,0.99,1.26,0.7,1.55,,
2008-06-25,0.86,1.13,0.71,1.04,,
2008-06-26,1.15,1.39,0.79,1.89,,
2008-06-27,1.13,1.39,0.81,1.72,,
2008-06-30,1.09,1.15,0.77,1.69,,
2008-07-01,1.02,1.18,0.8,1.3,,
2008-07-02,1.08,1.56,0.71,1.83,,
2008-07-03,1.2,1.62,0.85,1.87,,
2008-07-07,1.21,1.15,0.9,2.01,,
2008-07-08,1.02,1.15,0.74,1.76,,
2008-07-09,1.01,1.16,0.84,1.29,,
2008-07-10,1.06,1.15,0.93,1.27,,
2008-07-11,1.15,1.23,0.91,1.58,,
2008-07-14,1.16,1.12,0.93,1.71,,
2008-07-15,1.16,1.27,0.94,1.44,,
2008-07-16,0.93,1.23,0.78,1.0,,
2008-07-17,0.86,0.95,0.74,1.05,,
2008-07-18,0.93,1.43,0.72,1.22,,
2008-07-21,0.88,1.56,0.7,1.19,,
2008-07-22,0.91,1.32,0.77,1.07,,
2008-07-23,0.9,1.08,0.65,1.48,,
2008-07-24,1.05,1.59,0.82,1.43,,
2008-07-25,0.85,1.15,0.73,0.98,,
2008-07-28,1.06,1.49,0.8,1.6,,
2008-07-29,0.86,1.42,0.68,1.09,,
2008-07-30,0.87,1.28,0.72,1.11,,
2008-07-31,0.95,1.84,0.73,1.2,,
2008-08-01,0.99,2.07,0.86,1.1,,
2008-08-04,0.97,1.64,0.72,1.21,,
2008-08-05,0.77,1.18,0.63,0.91,,
2008-08-06,0.94,1.51,0.73,1.04,,
2008-08-07,1.05,1.51,0.83,1.31,,
2008-08-08,0.93,1.39,0.59,1.48,,
2008-08-11,0.86,1.05,0.68,1.11,,
2008-08-12,1.06,1.46,0.73,1.59,,
2008-08-13,1.02,1.49,0.72,1.28,,
2008-08-14,0.87,1.22,0.7,0.86,,
2008-08-15,1.0,1.37,0.65,1.6,,
2008-08-18,1.06,1.48,0.76,1.51,,
2008-08-19,1.13,1.61,0.88,1.24,,
2008-08-20,0.96,1.7,0.7,1.21,,
2008-08-21,0.97,1.0,0.65,1.72,,
2008-08-22,0.86,1.28,0.59,1.33,,
2008-08-25,1.12,1.78,0.71,1.61,,
2008-08-26,0.97,1.33,0.8,1.19,,
2008-08-27,0.82,0.93,0.69,1.1,,
2008-08-28,0.82,0.98,0.72,0.93,,
2008-08-29,1.0,1.73,0.71,1.2,,
2008-09-02,0.96,1.42,0.69,1.42,,
2008-09-03,0.86,1.55,0.68,0.9,,
2008-09-04,1.05,1.05,0.79,1.53,,
2008-09-05,1.01,1.01,0.78,1.48,,
2008-09-08,0.9,1.0,0.77,1.09,,
2008-09-09,1.12,1.0,1.0,1.48,,
2008-09-10,1.1,1.33,0.85,1.54,,
2008-09-11,1.0,1.04,0.83,1.33,,
2008-09-12,1.01,1.0,0.9,1.29,,
2008-09-15,1.46,1.41,1.18,1.96,,
2008-09-16,1.29,1.62,0.94,1.63,,
2008-09-17,1.37,1.66,0.98,1.73,,
2008-09-18,1.18,1.67,0.81,1.44,,
2008-09-19,0.83,1.15,0.51,1.24,,
2008-09-22,0.97,1.32,0.73,1.28,,
2008-09-23,1.04,1.05,0.76,1.54,,
2008-09-24,1.06,1.18,0.71,1.65,,
2008-09-25,0.8,1.18,0.63,0.84,,
2008-09-26,1.02,1.23,0.82,1.3,,
2008-09-29,1.36,1.76,0.79,2.18,,
2008-09-30,1.3,1.89,0.73,2.01,,
2008-10-01,0.99,1.3,0.79,1.23,,
2008-10-02,1.36,1.71,0.92,2.17,,
2008-10-03,1.1,1.46,0.73,1.64,,
2008-10-06,1.52,2.09,0.96,2.06,,
2008-10-07,1.11,1.5,0.95,1.07,,
2008-10-08,1.19,1.81,0.9,1.25,,
2008-10-09,1.35,1.66,1.06,1.61,,
2008-10-10,1.23,1.45,1.02,1.37,,
2008-10-13,0.89,0.95,0.69,1.18,,
2008-10-14,0.87,0.93,0.81,0.92,,
2008-10-15,1.13,1.44,0.91,1.2,,
2008-10-16,1.15,1.2,0.94,1.41,,
2008-10-17,0.97,1.08,0.82,1.14,,
2008-10-20,0.82,1.08,0.63,1.03,,
2008-10-21,0.89,0.86,0.77,1.19,,
2008-10-22,1.21,1.72,0.9,1.33,,
2008-10-23,1.23,1.52,0.92,1.54,,
2008-10-24,1.24,1.54,0.98,1.56,,
2008-10-27,1.17,1.38,0.82,1.75,,
2008-10-28,1.01,1.65,0.68,1.32,,
2008-10-29,0.79,1.23,0.59,0.95,,
2008-10-30,0.8,1.24,0.69,0.75,,
2008-10-31,0.96,1.82,0.75,0.97,,
2008-11-03,0.96,1.35,0.75,1.29,,
2008-11-04,0.99,1.44,0.71,1.38,,
2008-11-05,0.94,0.92,0.81,1.35,,
2008-11-06,1.33,1.63,1.02,1.87,,
2008-11-07,0.94,1.32,0.76,1.09,,
2008-11-10,1.11,1.2,0.93,1.49,,
2008-11-11,1.17,1.53,0.96,1.42,,
2008-11-12,1.18,1.21,0.98,1.52,,
2008-11-13,0.99,1.1,0.93,1.04,,
2008-11-14,1.02,1.27,0.83,1.17,,
2008-11-17,0.94,1.19,0.86,0.88,,
2008-11-18,1.08,1.01,0.94,1.44,,
2008-11-19,1.39,1.69,1.16,1.48,,
2008-11-20,1.32,1.52,1.05,1.6,,
2008-11-21,1.13,1.18,1.13,1.09,,
2008-11-24,0.74,1.12,0.57,0.87,,
2008-11-25,0.78,0.82,0.7,1.0,,
2008-11-26,0.75,1.19,0.64,0.7,,
2008-11-28,0.88,1.18,0.72,1.12,,
2008-12-01,1.0,1.19,0.89,1.08,,
2008-12-02,0.94,1.15,0.75,1.33,,
2008-12-03,1.04,1.24,0.74,1.71,,
2008-12-04,0.94,1.01,0.81,1.19,,
2008-12-05,0.92,1.49,0.62,1.35,,
2008-12-08,0.86,1.14,0.73,1.02,,
2008-12-09,0.84,1.3,0.74,0.79,,
2008-12-10,0.94,1.19,0.77,1.16,,
2008-12-11,0.98,1.26,0.84,1.02,,
2008-12-12,1.04,1.19,0.92,1.13,,
2008-12-15,1.05,1.17,0.88,1.26,,
2008-12-16,0.9,1.11,0.72,1.06,,
2008-12-17,0.84,1.11,0.64,1.03,,
2008-12-18,0.9,1.02,0.81,0.96,,
2008-12-19,0.82,0.93,0.69,1.04,,
2008-12-22,0.82,1.07,0.68,0.99,,
2008-12-23,0.71,1.27,0.48,1.0,,
2008-12-24,0.81,1.54,0.65,0.93,,
2008-12-26,0.79,1.34,0.65,1.0,,
2008-12-29,0.94,1.22,0.62,1.75,,
2008-12-30,0.82,1.54,0.62,1.02,,
2008-12-31,0.8,1.42,0.61,0.85,,
2009-01-02,0.94,1.49,0.66,1.24,,
2009-01-05,0.83,1.13,0.67,1.13,,
2009-01-06,0.8,1.03,0.73,0.85,,
2009-01-07,1.13,1.3,1.0,1.38,,
2009-01-08,1.07,1.53,0.89,1.32,,
2009-01-09,1.03,1.32,0.87,1.23,,
2009-01-12,1.16,1.19,0.99,1.64,,
2009-01-13,0.9,0.73,0.92,1.1,,
2009-01-14,1.13,1.05,0.98,1.57,,
2009-01-15,1.18,1.22,1.0,1.59,,
2009-01-16,0.96,1.31,0.82,1.12,,
2009-01-20,0.96,0.87,0.9,1.3,,
2009-01-21,0.93,1.23,0.8,1.06,,
2009-01-22,0.87,1.23,0.76,1.02,,
2009-01-23,0.77,1.01,0.68,0.88,,
2009-01-26,0.78,1.22,0.66,0.9,,
2009-01-27,0.78,1.17,0.68,0.86,,
2009-01-28,0.75,0.72,0.62,1.13,,
2009-01-29,0.96,1.18,0.89,0.95,,
2009-01-30,1.02,1.06,0.87,1.42,,
2009-02-02,0.81,0.73,0.75,1.08,,
2009-02-03,0.81,1.0,0.77,0.79,,
2009-02-04,0.89,0.8,0.78,1.25,,
2009-02-05,0.75,1.13,0.73,0.62,,
2009-02-06,0.71,0.76,0.59,0.96,,
2009-02-09,0.66,1.17,0.63,0.51,,
2009-02-10,0.88,0.77,0.76,1.35,,
2009-02-11,0.92,1.03,0.81,1.16,,
2009-02-12,0.9,0.86,0.89,0.98,,
2009-02-13,0.89,1.26,0.74,0.97,,
2009-02-17,1.03,1.23,0.95,1.04,,
2009-02-18,1.18,1.44,0.89,1.61,,
2009-02-19,1.14,1.35,0.95,1.37,,
2009-02-20,1.07,0.91,0.83,1.73,,
2009-02-23,0.95,1.39,0.8,1.0,,
2009-02-24,0.78,1.21,0.64,0.91,,
2009-02-25,0.85,1.22,0.65,1.06,,
2009-02-26,0.69,1.02,0.66,0.58,,
2009-02-27,0.97,1.17,0.69,1.75,,
2009-03-02,1.07,1.22,0.86,1.37,,
2009-03-03,0.95,1.4,0.79,0.98,,
2009-03-04,0.96,1.58,0.84,0.84,,
2009-03-05,1.02,1.08,0.9,1.19,,
2009-03-06,0.88,1.0,0.83,0.88,,
2009-03-09,0.73,1.07,0.61,0.79,,
2009-03-10,0.72,0.97,0.57,0.88,,
2009-03-11,0.75,1.11,0.66,0.75,,
2009-03-12,0.7,0.88,0.61,0.77,,
2009-03-13,0.71,0.92,0.61,0.85,,
2009-03-16,0.79,1.14,0.69,0.8,,
2009-03-17,0.78,0.61,0.66,1.32,,
2009-03-18,0.64,0.87,0.54,0.7,,
2009-03-19,0.77,1.15,0.57,1.07,,
2009-03-20,0.9,1.65,0.73,0.96,,
2009-03-23,0.7,1.0,0.52,1.07,,
2009-03-24,0.76,0.94,0.62,1.02,,
2009-03-25,0.85,1.31,0.64,1.2,,
2009-03-26,0.91,1.47,0.67,1.31,,
2009-03-27,0.91,1.23,0.74,1.17,,
2009-03-30,1.12,2.23,0.77,1.39,,
2009-03-31,0.82,1.34,0.66,0.95,,
2009-04-01,0.9,1.26,0.71,1.19,,
2009-04-02,0.69,1.08,0.59,0.69,,
2009-04-03,0.82,1.31,0.67,0.98,,
2009-04-06,0.95,1.39,0.68,1.53,,
2009-04-07,0.96,1.28,0.8,1.18,,
2009-04-08,0.85,1.44,0.66,1.24,,
2009-04-09,0.8,1.73,0.56,0.96,,
2009-04-13,0.67,1.61,0.51,0.78,,
2009-04-14,0.77,1.27,0.57,1.29,,
2009-04-15,0.92,1.5,0.61,1.72,,
2009-04-16,0.75,1.11,0.6,0.96,,
2009-04-17,0.72,1.36,0.55,1.05,,
2009-04-20,0.92,1.22,0.79,1.18,,
2009-04-21,0.84,1.45,0.67,1.1,,
2009-04-22,0.78,1.41,0.64,0.93,,
2009-04-23,0.9,1.21,0.73,1.36,,
2009-04-24,0.84,1.21,0.67,1.17,,
2009-04-27,0.81,1.47,0.65,1.06,,
2009-04-28,0.89,1.27,0.73,1.48,,
2009-04-29,0.78,0.96,0.63,1.09,,
2009-04-30,0.94,1.77,0.64,1.64,,
2009-05-01,0.85,1.61,0.61,1.23,,
2009-05-04,0.75,1.44,0.54,1.14,,
2009-05-05,0.71,0.87,0.59,0.94,,
2009-05-06,0.77,1.45,0.59,1.1,,
2009-05-07,0.82,1.29,0.67,1.07,,
2009-05-08,0.87,1.7,0.62,1.37,,
2009-05-11,0.86,1.31,0.63,1.38,,
2009-05-12,0.86,1.35,0.67,1.19,,
2009-05-13,0.87,1.16,0.67,1.23,,
2009-05-14,0.87,1.2,0.62,1.21,,
2009-05-15,0.8,0.97,0.63,1.23,,
2009-05-18,0.77,1.62,0.55,1.08,,
2009-05-19,0.81,0.95,0.62,1.31,,
2009-05-20,0.85,1.12,0.63,1.3,,
2009-05-21,0.97,1.09,0.8,1.34,,
2009-05-22,0.8,1.01,0.63,1.27,,
2009-05-26,0.72,1.03,0.54,1.18,,
2009-05-27,0.86,0.88,0.71,1.3,,
2009-05-28,0.76,1.51,0.61,0.83,,
2009-05-29,0.77,1.11,0.63,1.0,,
2009-06-01,0.77,1.17,0.56,1.18,,
2009-06-02,0.84,1.4,0.63,1.15,,
2009-06-03,0.96,1.55,0.76,1.12,,
2009-06-04,0.88,1.52,0.63,1.44,,
2009-06-05,0.81,1.16,0.6,1.23,,
2009-06-08,0.93,1.17,0.75,1.42,,
2009-06-09,0.87,1.39,0.66,1.22,,
2009-06-10,0.87,1.28,0.72,1.0,,
2009-06-11,0.77,1.2,0.55,1.17,,
2009-06-12,0.87,1.3,0.65,1.3,,
2009-06-15,0.81,1.15,0.6,1.15,,
2009-06-16,1.01,1.24,0.8,1.32,,
2009-06-17,1.14,1.73,0.89,1.47,,
2009-06-18,0.93,1.17,0.77,1.15,,
2009-06-19,0.86,1.0,0.65,1.41,,
2009-06-22,0.94,1.12,0.72,1.49,,
2009-06-23,1.0,1.32,0.77,1.55,,
2009-06-24,0.86,1.17,0.62,1.35,,
2009-06-25,0.9,0.96,0.75,1.28,,
2009-06-26,0.82,0.7,0.71,1.36,,
2009-06-29,0.78,0.81,0.72,0.88,,
2009-06-30,1.07,1.36,0.83,1.36,,
2009-07-01,0.8,0.95,0.73,0.79,,
2009-07-02,1.06,1.3,0.72,1.75,,
2009-07-06,0.87,0.9,0.73,1.24,,
2009-07-07,1.01,0.9,0.86,1.56,,
2009-07-08,1.04,1.06,0.86,1.43,,
2009-07-09,1.07,0.99,0.79,1.87,,
2009-07-10,1.07,1.06,0.77,1.84,,
2009-07-13,0.83,1.01,0.69,1.01,,
2009-07-14,0.84,1.28,0.77,0.69,,
2009-07-15,0.77,0.86,0.61,1.06,,
2009-07-16,0.75,0.96,0.61,0.96,,
2009-07-17,0.73,1.27,0.57,1.1,,
2009-07-20,0.7,0.77,0.6,1.11,,
2009-07-21,0.8,1.32,0.61,1.32,,
2009-07-22,0.98,2.21,0.68,1.23,,
2009-07-23,0.88,1.29,0.66,1.24,,
2009-07-24,0.93,1.12,0.78,1.38,,
2009-07-27,0.79,1.41,0.54,1.38,,
2009-07-28,0.81,1.26,0.64,1.13,,
2009-07-29,0.92,1.24,0.62,1.74,,
2009-07-30,0.67,1.22,0.51,0.94,,
2009-07-31,0.84,1.2,0.65,1.29,,
2009-08-03,0.76,1.19,0.62,1.0,,
2009-08-04,0.81,0.99,0.58,1.49,,
2009-08-05,0.74,1.71,0.52,1.22,,
2009-08-06,0.91,1.12,0.66,1.85,,
2009-08-07,0.73,1.45,0.49,1.29,,
2009-08-10,0.76,1.1,0.56,1.4,,
2009-08-11,0.77,0.91,0.64,1.24,,
2009-08-12,0.92,1.36,0.6,1.84,,
2009-08-13,0.78,1.01,0.51,1.79,,
2009-08-14,0.95,1.31,0.59,1.88,,
2009-08-17,0.99,1.25,0.71,1.51,,
2009-08-18,0.93,1.33,0.63,1.54,,
2009-08-19,0.97,1.65,0.62,1.45,,
2009-08-20,0.71,0.94,0.5,1.2,,
2009-08-21,0.59,1.12,0.39,0.92,,
2009-08-24,0.73,1.43,0.52,1.24,,
2009-08-25,0.81,1.05,0.59,1.39,,
2009-08-26,1.04,1.87,0.64,2.19,,
2009-08-27,0.81,1.27,0.59,1.38,,
2009-08-28,0.76,1.03,0.58,1.37,,
2009-08-31,0.89,1.51,0.63,1.45,,
2009-09-01,0.93,1.03,0.69,1.54,,
2009-09-02,0.92,1.1,0.69,1.43,,
2009-09-03,0.93,1.2,0.6,1.7,,
2009-09-04,0.89,1.17,0.59,1.44,,
2009-09-08,0.79,1.35,0.59,1.09,,
2009-09-09,0.86,1.51,0.54,1.18,,
2009-09-10,0.9,1.62,0.61,1.24,,
2009-09-11,0.88,1.37,0.61,1.16,,
2009-09-14,0.8,1.31,0.55,1.37,,
2009-09-15,0.76,1.15,0.56,1.22,,
2009-09-16,0.66,1.06,0.46,0.91,,
2009-09-17,0.78,1.09,0.53,1.46,,
2009-09-18,0.86,1.79,0.56,1.47,,
2009-09-21,0.74,1.23,0.64,0.75,,
2009-09-22,0.76,1.43,0.55,1.25,,
2009-09-23,0.89,1.6,0.6,1.82,,
2009-09-24,0.99,1.55,0.71,1.42,,
2009-09-25,0.96,1.94,0.58,1.5,,
2009-09-28,1.0,2.34,0.6,1.93,,
2009-09-29,0.86,1.29,0.61,1.36,,
2009-09-30,1.11,1.58,0.73,2.01,,
2009-10-01,0.97,1.12,0.73,1.39,,
2009-10-02,1.11,1.63,0.85,1.51,,
2009-10-05,0.8,1.08,0.56,1.5,,
2009-10-06,0.77,1.37,0.48,1.46,,
2009-10-07,0.78,1.37,0.51,1.39,,
2009-10-08,0.72,0.98,0.53,1.17,,
2009-10-09,0.79,1.64,0.55,1.15,,
2009-10-12,0.82,1.51,0.56,1.2,,
2009-10-13,0.81,1.4,0.56,1.2,,
2009-10-14,0.69,1.17,0.47,0.9,,
2009-10-15,0.69,1.04,0.46,1.25,,
2009-10-16,0.76,1.74,0.54,0.99,,
2009-10-19,0.9,1.84,0.61,1.52,,
2009-10-20,0.91,1.44,0.67,1.49,,
2009-10-21,0.94,1.99,0.55,1.99,,
2009-10-22,0.81,1.11,0.6,1.26,,
2009-10-23,0.85,1.25,0.64,1.29,,
2009-10-26,0.88,1.47,0.65,1.24,,
2009-10-27,1.01,2.2,0.62,1.48,,
2009-10-28,1.1,1.67,0.69,1.94,,
2009-10-29,0.84,1.31,0.53,1.45,,
2009-10-30,1.21,1.68,0.8,1.82,,
2009-11-02,1.03,1.23,0.79,1.44,,
2009-11-03,0.93,1.87,0.69,1.0,,
2009-11-04,0.82,1.3,0.57,1.07,,
2009-11-05,0.88,1.7,0.64,1.0,,
2009-11-06,1.03,1.79,0.64,1.36,,
2009-11-09,0.87,1.35,0.53,1.56,,
2009-11-10,0.83,1.46,0.57,1.09,,
2009-11-11,0.89,2.1,0.51,1.03,,
2009-11-12,0.85,1.33,0.58,0.95,,
2009-11-13,1.01,2.39,0.62,1.07,,
2009-11-16,0.84,1.28,0.56,1.12,,
2009-11-17,0.88,1.49,0.66,1.17,,
2009-11-18,0.83,1.34,0.59,1.04,,
2009-11-19,0.99,1.35,0.73,1.19,,
2009-11-20,0.91,1.69,0.66,1.08,,
2009-11-23,0.67,0.81,0.55,0.88,,
2009-11-24,0.88,1.16,0.64,1.5,,
2009-11-25,0.84,1.08,0.61,1.2,,
2009-11-27,1.05,1.66,0.77,1.09,,
2009-11-30,1.04,1.63,0.77,1.2,,
2009-12-01,0.85,1.53,0.56,1.13,,
2009-12-02,0.87,1.93,0.55,1.11,,
2009-12-03,0.67,0.49,0.61,1.26,,
2009-12-04,0.84,1.37,0.66,0.91,,
2009-12-07,0.89,1.56,0.65,1.22,,
2009-12-08,0.89,1.36,0.63,1.17,,
2009-12-09,0.95,1.53,0.56,1.55,,
2009-12-10,0.88,1.48,0.6,1.2,,
2009-12-11,0.89,1.26,0.6,1.46,,
2009-12-14,0.87,1.29,0.61,1.39,,
2009-12-15,0.75,0.89,0.58,1.28,,
2009-12-16,0.87,1.38,0.65,0.91,,
2009-12-17,0.89,0.96,0.67,1.34,,
2009-12-18,0.95,1.44,0.67,1.38,,
2009-12-21,0.62,1.33,0.5,0.62,,
2009-12-22,0.6,1.57,0.65,0.36,,
2009-12-23,0.81,1.27,0.59,1.21,,
2009-12-24,0.7,1.58,0.49,0.96,,
2009-12-28,0.77,1.48,0.53,1.16,,
2009-12-29,0.9,1.86,0.59,1.13,,
2009-12-30,0.77,0.88,0.59,1.13,,
2009-12-31,0.9,1.72,0.59,1.11,,
2010-01-04,0.68,1.17,0.48,0.98,,
2010-01-05,0.71,1.26,0.55,0.84,,
2010-01-06,0.69,1.31,0.5,0.85,,
2010-01-07,0.7,1.09,0.48,1.4,,
2010-01-08,0.64,0.95,0.46,1.06,,
2010-01-11,0.67,1.06,0.46,1.0,,
2010-01-12,0.8,1.26,0.58,1.09,,
2010-01-13,0.81,0.98,0.55,1.51,,
2010-01-14,0.75,1.2,0.53,1.15,,
2010-01-15,0.82,1.59,0.58,1.16,,
2010-01-19,0.73,0.95,0.56,1.05,,
2010-01-20,0.94,1.51,0.66,1.25,,
2010-01-21,0.93,1.17,0.7,1.46,,
2010-01-22,1.07,1.14,0.75,1.85,,
2010-01-25,0.98,1.62,0.64,1.33,,
2010-01-26,0.84,1.11,0.65,1.23,,
2010-01-27,0.95,1.02,0.67,1.54,,
2010-01-28,0.8,1.06,0.65,0.97,,
2010-01-29,0.99,1.48,0.73,1.39,,
2010-02-01,0.74,0.82,0.58,0.98,,
2010-02-02,0.86,1.39,0.58,1.22,,
2010-02-03,0.84,1.2,0.64,1.19,,
2010-02-04,1.06,1.12,0.78,1.8,,
2010-02-05,1.22,1.47,0.78,1.84,,
2010-02-08,0.99,1.24,0.7,1.53,,
2010-02-09,0.98,0.99,0.71,1.65,,
2010-02-10,0.94,1.25,0.63,1.54,,
2010-02-11,0.88,0.59,0.73,1.89,,
2010-02-12,0.9,1.1,0.61,1.58,,
2010-02-16,0.88,1.23,0.63,1.14,,
2010-02-17,0.92,1.2,0.61,1.3,,
2010-02-18,0.78,0.91,0.67,0.86,,
2010-02-19,0.85,0.95,0.66,1.21,,
2010-02-22,0.82,1.16,0.6,1.22,,
2010-02-23,1.04,1.33,0.78,1.54,,
2010-02-24,0.84,1.07,0.67,1.19,,
2010-02-25,1.03,0.97,0.81,1.68,,
2010-02-26,0.86,1.11,0.68,1.05,,
2010-03-01,0.95,1.2,0.58,1.84,,
2010-03-02,0.78,0.92,0.6,1.23,,
2010-03-03,0.87,1.22,0.65,1.11,,
2010-03-04,1.0,1.53,0.66,1.55,,
2010-03-05,0.82,1.3,0.52,1.1,,
2010-03-08,0.91,1.63,0.51,2.04,,
2010-03-09,0.68,0.85,0.46,1.46,,
2010-03-10,0.82,0.85,0.52,2.14,,
2010-03-11,0.91,1.21,0.53,2.29,,
2010-03-12,0.85,1.72,0.51,1.37,,
2010-03-15,0.79,0.93,0.56,1.48,,
2010-03-16,0.76,1.07,0.52,1.29,,
2010-03-17,0.85,1.27,0.49,1.35,,
2010-03-18,0.77,1.13,0.53,0.95,,
2010-03-19,0.97,2.0,0.6,1.58,,
2010-03-22,0.9,1.74,0.53,1.77,,
2010-03-23,0.65,1.11,0.58,0.59,,
2010-03-24,0.92,1.8,0.64,1.39,,
2010-03-25,0.84,1.6,0.49,1.61,,
2010-03-26,0.92,1.5,0.65,1.58,,
2010-03-29,0.86,1.94,0.64,1.2,,
2010-03-30,0.85,1.26,0.53,1.92,,
2010-03-31,0.84,2.07,0.51,1.25,,
2010-04-01,0.88,1.85,0.51,1.25,,
2010-04-05,0.78,1.58,0.43,1.4,,
2010-04-06,0.73,1.23,0.44,1.29,,
2010-04-07,0.9,1.69,0.57,1.31,,
2010-04-08,0.78,1.43,0.46,1.57,,
2010-04-09,0.71,1.39,0.48,0.83,,
2010-04-12,0.67,1.24,0.4,1.49,,
2010-04-13,0.72,0.99,0.48,1.34,,
2010-04-14,0.55,0.97,0.32,1.22,,
2010-04-15,0.69,1.13,0.36,1.85,,
2010-04-16,0.85,1.58,0.52,1.59,,
2010-04-19,0.89,1.07,0.5,2.21,,
2010-04-20,0.89,2.23,0.51,1.72,,
2010-04-21,0.89,1.83,0.52,1.86,,
2010-04-22,0.74,1.04,0.51,1.26,,
2010-04-23,0.71,0.94,0.48,1.5,,
2010-04-26,0.67,1.46,0.42,1.37,,
2010-04-27,0.88,1.36,0.57,1.51,,
2010-04-28,0.82,1.41,0.53,1.41,,
2010-04-29,0.72,1.34,0.49,1.05,,
2010-04-30,1.04,1.76,0.61,2.13,,
2010-05-03,0.79,1.38,0.53,1.52,,
2010-05-04,0.99,1.18,0.68,1.59,,
2010-05-05,1.13,1.32,0.7,2.17,,
2010-05-06,1.02,1.21,0.72,1.48,,
2010-05-07,1.2,1.45,0.8,1.75,,
2010-05-10,0.99,1.2,0.62,1.59,,
2010-05-11,1.07,1.48,0.69,1.53,,
2010-05-12,0.85,1.29,0.51,1.33,,
2010-05-13,0.85,1.06,0.56,1.43,,
2010-05-14,1.12,1.05,0.73,1.95,,
2010-05-17,1.01,1.28,0.7,1.44,,
2010-05-18,1.0,1.23,0.64,1.6,,
2010-05-19,1.37,1.99,0.82,1.81,,
2010-05-20,1.5,1.68,0.91,2.44,,
2010-05-21,1.28,1.74,0.87,1.82,,
2010-05-24,0.92,1.21,0.62,1.43,,
2010-05-25,1.11,1.51,0.66,1.74,,
2010-05-26,1.03,1.51,0.53,2.1,,
2010-05-27,1.01,1.34,0.5,2.14,,
2010-05-28,1.2,1.21,0.58,2.61,,
2010-06-01,0.9,1.03,0.61,1.61,,
2010-06-02,0.9,0.95,0.63,1.82,,
2010-06-03,1.07,1.59,0.59,1.94,,
2010-06-04,0.99,1.21,0.6,1.72,,
2010-06-07,0.97,1.09,0.6,1.72,,
2010-06-08,1.14,1.35,0.7,1.79,,
2010-06-09,1.05,1.51,0.74,1.45,,
2010-06-10,1.0,1.33,0.66,1.5,,
2010-06-11,1.08,1.14,0.7,1.91,,
2010-06-14,1.07,2.05,0.7,1.05,,
2010-06-15,0.84,1.24,0.56,1.2,,
2010-06-16,0.94,1.27,0.66,1.22,,
2010-06-17,0.9,0.94,0.71,1.25,,
2010-06-18,0.86,1.47,0.62,1.09,,
2010-06-21,0.91,2.12,0.54,1.25,,
2010-06-22,1.04,1.29,0.63,1.93,,
2010-06-23,1.09,1.23,0.71,1.88,,
2010-06-24,1.29,0.91,0.82,3.24,,
2010-06-25,0.89,1.51,0.63,1.17,,
2010-06-28,0.78,0.92,0.66,1.02,,
2010-06-29,1.09,1.19,0.8,1.61,,
2010-06-30,1.08,1.17,0.62,2.3,,
2010-07-01,1.24,1.43,0.75,2.12,,
2010-07-02,0.89,1.2,0.6,1.28,,
2010-07-06,1.2,1.64,0.61,2.25,,
2010-07-07,0.87,0.93,0.52,1.89,,
2010-07-08,0.81,1.12,0.56,1.27,,
2010-07-09,0.84,1.03,0.58,1.37,,
2010-07-12,0.97,1.58,0.61,1.55,,
2010-07-13,0.8,1.23,0.49,1.49,,
2010-07-14,0.91,0.98,0.56,2.06,,
2010-07-15,0.87,0.83,0.61,1.88,,
2010-07-16,1.06,1.51,0.74,1.81,,
2010-07-19,0.7,1.0,0.51,1.23,,
2010-07-20,0.84,1.71,0.51,1.2,,
2010-07-21,0.99,1.77,0.63,1.72,,
2010-07-22,0.81,1.24,0.52,1.43,,
2010-07-23,0.83,1.15,0.55,1.7,,
2010-07-26,0.95,1.34,0.53,2.03,,
2010-07-27,0.81,1.48,0.52,1.51,,
2010-07-28,0.95,1.42,0.7,1.51,,
2010-07-29,0.96,1.4,0.65,1.79,,
2010-07-30,0.8,0.96,0.61,1.21,,
2010-08-02,0.9,1.8,0.56,1.24,,
2010-08-03,0.85,1.1,0.6,1.93,,
2010-08-04,0.81,1.56,0.56,1.26,,
2010-08-05,0.94,1.82,0.61,1.63,,
2010-08-06,0.89,1.13,0.58,1.49,,
2010-08-09,0.8,1.14,0.56,1.28,,
2010-08-10,1.0,1.67,0.63,1.37,,
2010-08-11,1.05,1.26,0.75,1.62,,
2010-08-12,0.98,1.51,0.61,1.54,,
2010-08-13,1.0,1.46,0.66,1.44,,
2010-08-16,0.9,1.08,0.7,1.2,,
2010-08-17,0.97,1.66,0.62,1.23,,
2010-08-18,1.2,1.53,0.67,2.54,,
2010-08-19,0.96,1.07,0.71,1.48,,
2010-08-20,1.03,1.42,0.73,1.48,,
2010-08-23,0.71,1.51,0.4,1.58,,
2010-08-24,0.96,0.92,0.73,1.68,,
2010-08-25,1.0,1.61,0.61,1.55,,
2010-08-26,0.93,1.05,0.62,1.55,,
2010-08-27,0.82,1.01,0.56,1.24,,
2010-08-30,0.95,1.49,0.58,1.43,,
2010-08-31,0.91,1.4,0.74,0.89,,
2010-09-01,0.82,1.29,0.48,1.17,,
2010-09-02,0.87,1.34,0.55,1.52,,
2010-09-03,0.94,1.8,0.56,1.01,,
2010-09-07,1.31,1.62,0.61,3.34,,
2010-09-08,0.93,1.42,0.54,1.57,,
2010-09-09,1.05,1.85,0.6,1.48,,
2010-09-10,1.22,1.36,0.66,2.88,,
2010-09-13,0.81,1.08,0.52,1.38,,
2010-09-14,0.89,1.53,0.59,1.05,,
2010-09-15,0.94,1.2,0.56,1.61,,
2010-09-16,0.83,0.84,0.58,1.36,,
2010-09-17,0.9,1.31,0.59,1.62,,
2010-09-20,0.78,1.57,0.48,1.29,,
2010-09-21,0.94,1.74,0.6,1.31,,
2010-09-22,0.95,1.21,0.73,1.44,,
2010-09-23,0.93,1.28,0.63,1.71,,
2010-09-24,0.84,1.22,0.53,1.6,,
2010-09-27,0.83,1.38,0.57,1.29,,
2010-09-28,1.0,2.31,0.59,1.4,,
2010-09-29,0.77,1.41,0.54,1.06,,
2010-09-30,0.83,1.22,0.52,1.34,,
2010-10-01,0.76,1.13,0.54,0.97,,
2010-10-04,0.81,0.96,0.59,1.47,,
2010-10-05,0.85,1.24,0.54,1.2,,
2010-10-06,0.84,1.46,0.58,1.14,,
2010-10-07,1.05,1.07,0.66,2.11,,
2010-10-08,0.84,1.29,0.55,1.35,,
2010-10-11,0.81,1.12,0.57,1.33,,
2010-10-12,1.1,1.75,0.51,2.43,,
2010-10-13,0.73,0.89,0.45,1.4,,
2010-10-14,0.81,1.22,0.57,1.19,,
2010-10-15,0.72,1.2,0.56,0.86,,
2010-10-18,0.83,1.04,0.56,2.03,,
2010-10-19,0.92,1.1,0.74,1.32,,
2010-10-20,0.98,1.44,0.66,1.6,,
2010-10-21,0.96,1.0,0.72,1.68,,
2010-10-22,0.88,1.07,0.68,1.38,,
2010-10-25,0.9,1.61,0.63,1.23,,
2010-10-26,0.89,2.1,0.6,1.2,,
2010-10-27,0.84,1.39,0.62,1.23,,
2010-10-28,0.85,1.27,0.6,1.55,,
2010-10-29,0.89,1.86,0.54,1.26,,
2010-11-01,0.86,1.39,0.63,1.2,,
2010-11-02,0.78,1.0,0.54,1.3,,
2010-11-03,0.88,1.62,0.52,1.42,,
2010-11-04,0.76,1.44,0.44,1.03,,
2010-11-05,0.67,1.26,0.41,1.25,,
2010-11-08,0.69,1.12,0.5,1.09,,
2010-11-09,0.83,1.46,0.56,1.22,,
2010-11-10,0.71,1.17,0.47,1.09,,
2010-11-11,0.75,0.98,0.55,1.35,,
2010-11-12,1.0,1.24,0.63,1.97,,
2010-11-15,0.77,0.99,0.55,1.5,,
2010-11-16,0.92,1.27,0.66,1.18,,
2010-11-17,0.89,1.44,0.56,1.22,,
2010-11-18,0.81,0.99,0.53,1.53,,
2010-11-19,0.66,0.62,0.56,1.07,,
2010-11-22,0.77,1.07,0.56,1.33,,
2010-11-23,0.92,1.39,0.7,1.18,,
2010-11-24,1.05,1.23,0.53,2.69,,
2010-11-26,0.83,0.72,0.64,1.53,,
2010-11-29,0.96,1.37,0.7,1.42,,
2010-11-30,0.86,1.34,0.57,1.29,,
2010-12-01,0.79,1.27,0.45,1.6,,
2010-12-02,0.69,1.03,0.45,1.19,,
2010-12-03,0.76,1.19,0.5,1.13,,
2010-12-06,0.71,1.03,0.49,1.22,,
2010-12-07,0.73,1.01,0.45,1.63,,
2010-12-08,0.71,1.22,0.47,1.19,,
2010-12-09,0.69,1.19,0.43,1.36,,
2010-12-10,0.73,1.24,0.42,1.44,,
2010-12-13,0.55,0.93,0.35,1.05,,
2010-12-14,0.82,0.71,0.5,2.37,,
2010-12-15,0.66,0.74,0.51,1.12,,
2010-12-16,0.85,0.69,0.5,2.45,,
2010-12-17,0.74,1.06,0.49,1.36,,
2010-12-20,0.73,1.27,0.58,0.87,,
2010-12-21,0.7,1.0,0.5,1.26,,
2010-12-22,0.8,1.52,0.47,1.25,,
2010-12-23,0.85,1.2,0.52,2.02,,
2010-12-27,0.74,1.29,0.53,1.28,,
2010-12-28,0.76,1.3,0.55,1.37,,
2010-12-29,0.74,1.49,0.52,1.02,,
2010-12-30,0.7,1.53,0.51,0.67,,
2010-12-31,0.97,1.26,0.7,1.52,,
2011-01-03,0.64,0.94,0.4,1.36,,
2011-01-04,0.63,0.89,0.43,1.18,,
2011-01-05,0.69,0.98,0.48,1.32,,
2011-01-06,0.71,0.76,0.46,2.23,,
2011-01-07,0.87,1.32,0.5,2.17,,
2011-01-10,0.78,1.04,0.54,1.53,,
2011-01-11,0.83,1.24,0.53,1.81,,
2011-01-12,0.81,1.1,0.45,1.88,,
2011-01-13,0.7,0.88,0.5,1.58,,
2011-01-14,0.58,0.93,0.37,1.3,,
2011-01-18,0.71,0.83,0.44,2.23,,
2011-01-19,0.82,1.37,0.47,1.48,,
2011-01-20,0.91,1.28,0.67,1.4,,
2011-01-21,0.79,1.23,0.55,1.49,,
2011-01-24,0.73,1.28,0.51,1.33,,
2011-01-25,0.92,1.31,0.63,1.96,,
2011-01-26,0.9,1.13,0.58,2.28,,
2011-01-27,1.0,1.79,0.56,2.21,,
2011-01-28,1.05,1.32,0.65,1.88,,
2011-01-31,1.0,1.83,0.61,1.6,,
2011-02-01,0.8,0.88,0.49,1.72,,
2011-02-02,0.75,1.48,0.45,1.78,,
2011-02-03,0.86,1.4,0.58,1.53,,
2011-02-04,0.87,1.06,0.64,1.47,,
2011-02-07,0.79,1.16,0.46,1.71,,
2011-02-08,0.81,1.2,0.52,1.55,,
2011-02-09,0.85,1.25,0.52,1.65,,
2011-02-10,0.78,0.84,0.55,1.94,,
2011-02-11,0.78,1.12,0.51,1.5,,
2011-02-14,0.85,1.57,0.51,1.73,,
2011-02-15,0.82,0.83,0.53,2.07,,
2011-02-16,0.91,1.41,0.58,1.41,,
2011-02-17,0.72,0.95,0.5,1.2,,
2011-02-18,0.9,1.18,0.61,1.59,,
2011-02-22,0.96,1.44,0.68,1.4,,
2011-02-23,0.95,0.99,0.72,1.51,,
2011-02-24,0.98,1.29,0.71,1.35,,
2011-02-25,0.82,1.35,0.49,1.35,,
2011-02-28,0.83,1.79,0.53,1.04,,
2011-03-01,0.93,1.31,0.64,1.43,,
2011-03-02,0.79,0.89,0.55,1.41,,
2011-03-03,0.85,1.17,0.55,1.43,,
2011-03-04,0.79,0.94,0.57,1.22,,
2011-03-07,0.91,0.9,0.64,1.64,,
2011-03-08,0.86,1.29,0.54,1.4,,
2011-03-09,0.86,1.69,0.6,0.92,,
2011-03-10,1.03,0.87,0.73,1.9,,
2011-03-11,1.06,1.46,0.62,1.52,,
2011-03-14,0.94,1.02,0.67,1.58,,
2011-03-15,1.06,0.91,0.71,1.91,,
2011-03-16,1.18,1.31,0.79,1.74,,
2011-03-17,1.04,1.05,0.71,1.78,,
2011-03-18,0.97,1.25,0.67,1.48,,
2011-03-21,0.74,1.11,0.49,1.25,,
2011-03-22,0.76,0.76,0.55,1.55,,
2011-03-23,0.84,0.98,0.59,1.5,,
2011-03-24,0.86,1.3,0.55,1.53,,
2011-03-25,0.82,1.16,0.53,1.12,,
2011-03-28,0.83,1.21,0.56,1.3,,
2011-03-29,0.74,1.37,0.52,0.93,,
2011-03-30,0.76,0.94,0.54,1.15,,
2011-03-31,0.86,1.52,0.56,1.25,,
2011-04-01,0.9,1.45,0.51,1.47,,
2011-04-04,1.04,1.4,0.59,2.61,,
2011-04-05,0.81,1.08,0.56,1.39,,
2011-04-06,0.68,0.8,0.55,1.08,,
2011-04-07,0.88,1.3,0.53,1.59,,
2011-04-08,0.86,0.93,0.58,1.43,,
2011-04-11,0.96,1.23,0.62,1.73,,
2011-04-12,1.1,1.17,0.58,2.48,,
2011-04-13,0.87,0.72,0.65,1.9,,
2011-04-14,0.97,1.05,0.69,1.6,,
2011-04-15,0.93,1.68,0.63,1.17,,
2011-04-18,0.85,0.95,0.6,1.37,,
2011-04-19,0.89,0.96,0.64,1.85,,
2011-04-20,0.92,1.38,0.51,1.66,,
2011-04-21,0.92,1.27,0.62,1.41,,
2011-04-25,0.74,0.84,0.57,1.19,,
2011-04-26,0.86,0.88,0.57,1.56,,
2011-04-27,0.87,1.24,0.59,1.31,,
2011-04-28,0.82,0.91,0.54,1.39,,
2011-04-29,0.92,1.26,0.59,1.36,,
2011-05-02,0.83,1.09,0.5,1.54,,
2011-05-03,0.89,1.11,0.61,1.47,,
2011-05-04,1.01,1.41,0.72,1.43,,
2011-05-05,1.06,1.67,0.65,1.36,,
2011-05-06,0.97,1.09,0.62,1.45,,
2011-05-09,0.79,0.75,0.63,1.23,,
2011-05-10,0.8,0.98,0.58,1.17,,
2011-05-11,0.95,1.29,0.67,1.34,,
2011-05-12,0.86,0.95,0.67,1.19,,
2011-05-13,0.92,0.85,0.73,1.41,,
2011-05-16,0.94,1.1,0.61,1.9,,
2011-05-17,1.14,1.15,0.75,2.12,,
2011-05-18,0.96,0.97,0.68,1.67,,
2011-05-19,0.96,1.14,0.7,1.3,,
2011-05-20,1.05,1.18,0.75,1.57,,
2011-05-23,1.04,1.43,0.69,1.34,,
2011-05-24,0.8,0.99,0.61,1.13,,
2011-05-25,0.73,0.93,0.51,1.31,,
2011-05-26,0.91,1.27,0.6,1.22,,
2011-05-27,0.71,0.68,0.51,1.21,,
2011-05-31,0.76,0.64,0.54,1.48,,
2011-06-01,1.09,1.39,0.76,1.45,,
2011-06-02,1.06,1.11,0.71,1.56,,
2011-06-03,1.23,2.04,0.71,1.5,,
2011-06-06,1.11,1.14,0.8,1.86,,
2011-06-07,1.05,1.17,0.74,1.65,,
2011-06-08,1.16,0.96,0.95,1.92,,
2011-06-09,1.02,0.96,0.77,1.74,,
2011-06-10,1.17,1.03,1.01,1.6,,
2011-06-13,1.07,1.03,0.73,1.96,,
2011-06-14,1.02,1.17,0.65,1.55,,
2011-06-15,1.37,1.36,1.09,1.76,,
2011-06-16,1.12,0.89,1.03,1.62,,
2011-06-17,1.2,1.05,1.09,1.56,,
2011-06-20,0.88,1.16,0.57,1.54,,
2011-06-21,0.95,1.14,0.59,1.57,,
2011-06-22,0.84,1.0,0.53,1.39,,
2011-06-23,1.03,1.32,0.65,1.37,,
2011-06-24,1.07,1.51,0.7,1.31,,
2011-06-27,0.84,0.75,0.62,1.57,,
2011-06-28,0.9,1.02,0.59,1.41,,
2011-06-29,1.02,0.99,0.56,2.04,,
2011-06-30,0.93,1.03,0.54,1.54,,
2011-07-01,0.86,1.13,0.55,1.05,,
2011-07-05,1.11,1.53,0.64,1.86,,
2011-07-06,1.04,1.3,0.71,1.66,,
2011-07-07,0.84,1.05,0.56,1.18,,
2011-07-08,1.01,1.16,0.58,1.89,,
2011-07-11,1.15,1.35,0.74,1.67,,
2011-07-12,1.09,1.25,0.67,1.8,,
2011-07-13,1.0,1.32,0.67,1.34,,
2011-07-14,1.05,1.04,0.78,1.56,,
2011-07-15,1.07,1.43,0.64,1.63,,
2011-07-18,0.95,1.09,0.68,1.45,,
2011-07-19,0.67,0.68,0.51,1.14,,
2011-07-20,0.79,0.76,0.61,1.54,,
2011-07-21,0.75,0.64,0.56,1.55,,
2011-07-22,0.84,0.83,0.6,1.68,,
2011-07-25,0.91,0.92,0.6,1.96,,
2011-07-26,0.8,0.89,0.58,1.55,,
2011-07-27,1.1,1.22,0.66,1.77,,
2011-07-28,0.91,1.08,0.68,1.14,,
2011-07-29,1.17,1.23,0.77,1.66,,
2011-08-01,1.13,1.19,0.76,1.61,,
2011-08-02,1.15,1.12,0.68,1.82,,
2011-08-03,1.28,1.2,0.77,2.12,,
2011-08-04,1.3,1.12,0.96,1.84,,
2011-08-05,1.21,1.22,0.94,1.56,,
2011-08-08,1.35,1.33,1.07,1.68,,
2011-08-09,1.39,1.57,0.85,2.09,,
2011-08-10,1.21,1.4,0.81,1.54,,
2011-08-11,1.01,1.26,0.62,1.37,,
2011-08-12,1.08,1.3,0.75,1.35,,
2011-08-15,1.12,1.61,0.68,1.31,,
2011-08-16,1.05,0.98,0.74,1.87,,
2011-08-17,1.34,1.64,0.8,1.88,,
2011-08-18,1.48,1.41,0.96,2.38,,
2011-08-19,1.33,1.14,1.03,1.98,,
2011-08-22,1.09,1.48,0.73,1.49,,
2011-08-23,1.02,1.17,0.67,1.66,,
2011-08-24,1.18,1.54,0.66,1.86,,
2011-08-25,1.26,1.58,0.77,1.87,,
2011-08-26,1.17,1.49,0.73,1.45,,
2011-08-29,0.99,1.71,0.54,1.25,,
2011-08-30,1.15,1.45,0.72,1.68,,
2011-08-31,1.21,1.16,0.65,2.27,,
2011-09-01,1.08,1.27,0.69,1.53,,
2011-09-02,1.41,1.55,0.84,2.04,,
2011-09-06,1.26,1.57,0.75,1.68,,
2011-09-07,0.89,1.07,0.62,1.07,,
2011-09-08,1.13,1.22,0.71,1.85,,
2011-09-09,1.32,1.39,0.86,1.83,,
2011-09-12,1.24,1.39,0.72,1.87,,
2011-09-13,1.17,1.21,0.71,1.92,,
2011-09-14,1.04,1.25,0.64,1.41,,
2011-09-15,1.01,1.22,0.68,1.26,,
2011-09-16,1.02,1.16,0.67,1.42,,
2011-09-19,0.98,1.09,0.62,1.58,,
2011-09-20,1.11,1.31,0.63,1.9,,
2011-09-21,1.25,1.82,0.79,1.52,,
2011-09-22,1.25,1.49,0.85,1.59,,
2011-09-23,1.11,1.47,0.65,1.49,,
2011-09-26,1.0,1.99,0.59,1.2,,
2011-09-27,1.11,1.53,0.61,1.67,,
2011-09-28,1.43,2.08,0.82,1.9,,
2011-09-29,1.18,1.75,0.8,1.37,,
2011-09-30,1.25,1.23,0.81,1.92,,
2011-10-03,1.28,1.62,0.85,1.64,,
2011-10-04,1.18,1.5,0.77,1.51,,
2011-10-05,1.09,1.58,0.69,1.36,,
2011-10-06,1.24,1.57,0.67,1.93,,
2011-10-07,1.23,1.86,0.71,1.52,,
2011-10-10,1.35,1.7,0.63,2.46,,
2011-10-11,1.39,2.16,0.77,1.86,,
2011-10-12,1.27,1.8,0.64,1.92,,
2011-10-13,1.04,1.18,0.71,1.57,,
2011-10-14,0.97,1.23,0.6,1.46,,
2011-10-17,1.16,1.4,0.71,1.81,,
2011-10-18,1.01,1.22,0.62,1.51,,
2011-10-19,1.11,1.57,0.71,1.47,,
2011-10-20,1.35,1.45,0.74,2.33,,
2011-10-21,0.85,1.41,0.5,1.09,,
2011-10-24,0.94,1.65,0.52,1.26,,
2011-10-25,1.04,1.53,0.79,1.16,,
2011-10-26,0.99,1.48,0.7,1.35,,
2011-10-27,0.9,1.29,0.5,1.28,,
2011-10-28,0.98,1.52,0.55,1.52,,
2011-10-31,1.28,1.9,0.77,1.72,,
2011-11-01,1.34,1.68,0.89,1.74,,
2011-11-02,1.15,1.63,0.68,1.68,,
2011-11-03,1.07,1.3,0.63,1.73,,
2011-11-04,1.13,1.1,0.79,1.99,,
2011-11-07,0.99,1.56,0.65,1.26,,
2011-11-08,1.24,1.44,0.65,2.29,,
2011-11-09,1.32,1.43,0.91,1.89,,
2011-11-10,1.16,1.56,0.75,1.7,,
2011-11-11,0.93,1.01,0.64,1.39,,
2011-11-14,1.14,1.29,0.77,1.95,,
2011-11-15,1.09,1.13,0.71,2.03,,
2011-11-16,1.37,2.08,0.74,1.76,,
2011-11-17,1.28,1.51,0.82,1.71,,
2011-11-18,0.88,0.58,0.9,1.44,,
2011-11-21,1.05,1.45,0.66,1.64,,
2011-11-22,1.03,1.38,0.67,1.49,,
2011-11-23,1.26,1.83,0.71,1.74,,
2011-11-25,1.27,1.55,0.75,1.79,,
2011-11-28,0.89,1.5,0.65,0.94,,
2011-11-29,0.96,1.6,0.61,1.23,,
2011-11-30,0.9,1.33,0.55,1.12,,
2011-12-01,0.92,1.28,0.63,1.07,,
2011-12-02,0.96,1.18,0.58,1.43,,
2011-12-05,0.96,1.18,0.67,1.31,,
2011-12-06,0.88,0.83,0.73,1.24,,
2011-12-07,0.9,1.01,0.73,1.1,,
2011-12-08,0.95,1.07,0.76,1.16,,
2011-12-09,1.18,1.61,0.7,1.47,,
2011-12-12,1.1,1.35,0.6,1.85,,
2011-12-13,1.14,1.47,0.78,1.37,,
2011-12-14,1.1,1.26,0.82,1.31,,
2011-12-15,1.22,1.67,0.9,1.24,,
2011-12-16,1.15,1.21,0.89,1.53,,
2011-12-19,0.86,1.04,0.61,1.38,,
2011-12-20,0.81,1.22,0.53,1.15,,
2011-12-21,1.05,1.52,0.72,1.26,,
2011-12-22,0.99,1.66,0.68,1.07,,
2011-12-23,0.86,1.35,0.63,0.97,,
2011-12-27,0.99,1.07,0.71,1.63,,
2011-12-28,0.92,1.03,0.68,1.34,,
2011-12-29,1.08,2.2,0.69,1.24,,
2011-12-30,0.86,1.38,0.54,1.17,,
2012-01-03,0.76,1.02,0.55,1.15,,
2012-01-04,0.97,1.43,0.74,1.24,,
2012-01-05,0.82,1.0,0.61,1.21,,
2012-01-06,0.96,1.56,0.62,1.22,,
2012-01-09,0.91,1.4,0.66,1.34,,
2012-01-10,0.8,0.99,0.57,1.2,,
2012-01-11,0.79,1.34,0.54,1.29,,
2012-01-12,0.84,1.23,0.57,1.27,,
2012-01-13,0.74,0.57,0.6,1.33,,
2012-01-17,0.83,1.25,0.59,1.14,,
2012-01-18,0.83,1.15,0.55,1.17,,
2012-01-19,0.7,1.07,0.48,0.93,,
2012-01-20,0.79,1.55,0.52,1.06,,
2012-01-23,1.07,1.73,0.64,1.85,,
2012-01-24,1.02,0.96,0.62,2.71,,
2012-01-25,0.77,0.66,0.57,1.48,,
2012-01-26,0.98,1.42,0.65,1.58,,
2012-01-27,0.88,1.2,0.6,1.43,,
2012-01-30,0.91,1.18,0.67,1.4,,
2012-01-31,0.87,1.09,0.61,1.46,,
2012-02-01,0.83,0.93,0.61,1.33,,
2012-02-02,0.87,1.32,0.62,1.28,,
2012-02-03,0.77,0.87,0.51,1.23,,
2012-02-06,0.83,1.17,0.55,1.64,,
2012-02-07,0.74,0.66,0.58,1.32,,
2012-02-08,0.83,1.02,0.54,1.63,,
2012-02-09,0.84,1.23,0.55,1.49,,
2012-02-10,1.1,1.05,0.75,1.9,,
2012-02-13,0.88,1.5,0.53,1.52,,
2012-02-14,0.96,1.33,0.6,1.75,,
2012-02-15,1.08,1.46,0.63,1.85,,
2012-02-16,0.87,1.35,0.62,1.0,,
2012-02-17,0.75,1.25,0.51,1.03,,
2012-02-21,0.86,1.12,0.61,1.54,,
2012-02-22,0.9,1.16,0.63,1.31,,
2012-02-23,0.98,1.24,0.67,1.54,,
2012-02-24,1.06,1.72,0.69,1.52,,
2012-02-27,0.9,1.06,0.64,1.59,,
2012-02-28,0.78,0.98,0.57,1.25,,
2012-02-29,1.04,1.73,0.67,1.39,,
2012-03-01,1.0,1.68,0.64,1.34,,
2012-03-02,0.95,1.28,0.6,1.58,,
2012-03-05,0.93,1.18,0.73,1.24,,
2012-03-06,1.05,1.3,0.78,1.27,,
2012-03-07,0.96,1.47,0.62,1.29,,
2012-03-08,0.94,0.99,0.61,1.67,,
2012-03-09,0.89,1.44,0.63,0.96,,
2012-03-12,1.06,1.13,0.7,1.96,,
2012-03-13,0.85,1.28,0.59,0.98,,
2012-03-14,0.82,0.8,0.54,1.49,,
2012-03-15,0.7,0.95,0.52,0.87,,
2012-03-16,0.77,1.81,0.46,1.05,,
2012-03-19,0.84,1.11,0.5,1.55,,
2012-03-20,0.86,1.21,0.52,1.51,,
2012-03-21,0.97,1.32,0.55,1.52,,
2012-03-22,1.07,1.68,0.68,1.57,,
2012-03-23,1.05,1.59,0.61,1.56,,
2012-03-26,1.04,1.43,0.72,1.35,,
2012-03-27,0.95,1.7,0.55,1.43,,
2012-03-28,1.02,1.54,0.71,1.26,,
2012-03-29,1.04,1.33,0.67,1.69,,
2012-03-30,0.98,1.32,0.59,1.58,,
2012-04-02,0.82,1.19,0.52,1.3,,
2012-04-03,0.93,1.64,0.57,1.4,,
2012-04-04,0.97,1.19,0.66,1.48,,
2012-04-05,0.94,1.3,0.6,1.38,,
2012-04-09,1.01,1.61,0.69,1.27,,
2012-04-10,0.97,1.05,0.67,1.53,,
2012-04-11,1.08,1.22,0.65,2.19,,
2012-04-12,0.86,1.39,0.51,1.25,,
2012-04-13,0.95,1.03,0.72,1.45,,
2012-04-16,1.0,1.29,0.7,1.49,,
2012-04-17,0.86,0.96,0.57,1.6,,
2012-04-18,0.99,1.39,0.59,2.03,,
2012-04-19,1.02,1.35,0.65,1.67,,
2012-04-20,0.88,0.93,0.63,1.52,,
2012-04-23,0.81,0.93,0.59,1.35,,
2012-04-24,0.89,1.29,0.66,1.51,,
2012-04-25,0.76,1.18,0.48,1.52,,
2012-04-26,0.84,0.86,0.62,1.6,,
2012-04-27,0.85,1.13,0.6,1.43,,
2012-04-30,0.87,0.93,0.64,1.63,,
2012-05-01,0.9,1.29,0.53,1.82,,
2012-05-02,1.0,1.0,0.74,1.92,,
2012-05-03,0.94,0.9,0.75,1.44,,
2012-05-04,1.04,1.07,0.71,1.7,,
2012-05-07,0.89,0.88,0.65,1.56,,
2012-05-08,1.13,1.33,0.74,1.72,,
2012-05-09,0.99,1.13,0.67,1.33,,
2012-05-10,1.06,1.29,0.68,1.9,,
2012-05-11,1.24,1.57,0.74,2.09,,
2012-05-14,1.24,1.47,0.84,1.78,,
2012-05-15,1.16,1.12,0.81,2.07,,
2012-05-16,1.24,1.1,0.88,2.21,,
2012-05-17,1.44,1.86,0.88,1.89,,
2012-05-18,1.33,1.5,0.99,1.7,,
2012-05-21,0.92,1.21,0.54,1.5,,
2012-05-22,1.0,1.15,0.63,1.76,,
2012-05-23,0.97,1.04,0.73,1.31,,
2012-05-24,0.97,0.98,0.74,1.35,,
2012-05-25,1.09,1.81,0.66,1.29,,
2012-05-29,0.96,1.11,0.66,1.65,,
2012-05-30,1.24,1.06,0.77,2.33,,
2012-05-31,1.07,1.23,0.79,1.36,,
2012-06-01,1.36,1.45,0.79,2.06,,
2012-06-04,0.97,1.16,0.78,1.12,,
2012-06-05,1.01,1.34,0.69,1.25,,
2012-06-06,1.13,1.38,0.66,1.65,,
2012-06-07,0.98,1.03,0.64,1.48,,
2012-06-08,0.96,0.89,0.78,1.29,,
2012-06-11,0.94,0.75,0.81,1.54,,
2012-06-12,1.14,1.2,0.72,1.91,,
2012-06-13,1.28,1.47,0.92,1.79,,
2012-06-14,1.03,1.1,0.83,1.25,,
2012-06-15,1.02,1.49,0.69,1.2,,
2012-06-18,1.0,1.5,0.57,1.38,,
2012-06-19,1.08,1.15,0.59,2.06,,
2012-06-20,0.94,1.05,0.65,1.24,,
2012-06-21,1.12,1.3,0.8,1.41,,
2012-06-22,0.99,1.19,0.61,1.62,,
2012-06-25,1.15,1.47,0.78,1.52,,
2012-06-26,1.0,1.15,0.73,1.57,,
2012-06-27,0.93,1.18,0.65,1.36,,
2012-06-28,0.98,0.9,0.75,1.5,,
2012-06-29,0.89,1.01,0.69,1.1,,
2012-07-02,1.04,1.31,0.72,1.49,,
2012-07-03,0.91,1.1,0.65,1.22,,
2012-07-05,0.86,0.9,0.64,1.41,,
2012-07-06,1.09,1.14,0.75,1.86,,
2012-07-09,0.99,1.04,0.78,1.63,,
2012-07-10,1.1,1.08,0.72,2.02,,
2012-07-11,0.96,0.8,0.81,1.71,,
2012-07-12,0.98,1.07,0.7,1.51,,
2012-07-13,1.0,1.41,0.64,1.45,,
2012-07-16,0.93,1.1,0.67,1.63,,
2012-07-17,0.84,0.79,0.67,1.41,,
2012-07-18,0.85,0.89,0.66,1.36,,
2012-07-19,0.86,0.86,0.68,1.39,,
2012-07-20,1.0,1.11,0.75,1.54,,
2012-07-23,0.84,0.81,0.7,1.28,,
2012-07-24,0.88,0.86,0.66,1.5,,
2012-07-25,0.94,0.86,0.71,1.86,,
2012-07-26,0.98,1.24,0.71,1.53,,
2012-07-27,0.89,1.01,0.64,1.3,,
2012-07-30,0.78,0.74,0.66,1.23,,
2012-07-31,0.81,0.84,0.68,1.23,,
2012-08-01,0.95,1.19,0.72,1.25,,
2012-08-02,0.93,1.04,0.78,1.15,,
2012-08-03,0.83,1.09,0.6,0.99,,
2012-08-06,0.8,0.85,0.63,1.17,,
2012-08-07,0.81,0.93,0.55,1.74,,
2012-08-08,0.8,0.89,0.58,1.52,,
2012-08-09,0.86,1.05,0.62,1.36,,
2012-08-10,0.99,1.13,0.7,1.73,,
2012-08-13,0.8,0.89,0.56,1.34,,
2012-08-14,0.82,1.1,0.66,0.86,,
2012-08-15,0.75,0.73,0.62,1.18,,
2012-08-16,0.84,0.97,0.69,0.97,,
2012-08-17,0.75,0.98,0.54,1.18,,
2012-08-20,0.99,1.64,0.62,1.52,,
2012-08-21,0.9,0.97,0.67,1.49,,
2012-08-22,0.97,1.09,0.65,1.62,,
2012-08-23,0.93,1.18,0.74,1.09,,
2012-08-24,0.85,0.96,0.68,1.1,,
2012-08-27,0.87,1.1,0.69,1.12,,
2012-08-28,0.83,1.12,0.61,1.22,,
2012-08-29,1.03,1.06,0.79,1.71,,
2012-08-30,1.06,1.24,0.84,1.31,,
2012-08-31,0.91,1.37,0.67,0.97,,
2012-09-04,0.89,1.11,0.75,1.02,,
2012-09-05,0.92,1.01,0.67,1.43,,
2012-09-06,0.86,1.06,0.59,1.21,,
2012-09-07,0.74,0.93,0.54,0.89,,
2012-09-10,0.79,0.77,0.66,1.21,,
2012-09-11,0.79,0.81,0.54,1.48,,
2012-09-12,0.74,0.77,0.57,1.14,,
2012-09-13,0.77,0.9,0.54,1.01,,
2012-09-14,0.69,0.9,0.53,0.78,,
2012-09-17,0.85,1.2,0.64,0.95,,
2012-09-18,0.79,1.12,0.62,0.7,,
2012-09-19,0.68,0.73,0.56,0.88,,
2012-09-20,0.85,0.84,0.75,1.06,,
2012-09-21,0.8,1.01,0.62,1.02,,
2012-09-24,0.79,0.94,0.61,1.15,,
2012-09-25,0.93,1.0,0.73,1.31,,
2012-09-26,0.9,1.0,0.75,1.02,,
2012-09-27,0.82,1.03,0.6,1.07,,
2012-09-28,0.99,0.94,0.76,1.55,,
2012-10-01,0.87,1.06,0.63,1.19,,
2012-10-02,0.74,1.31,0.55,0.75,,
2012-10-03,0.92,1.14,0.71,1.14,,
2012-10-04,0.81,1.12,0.58,0.95,,
2012-10-05,0.94,1.03,0.67,1.49,,
2012-10-08,0.84,1.28,0.55,1.51,,
2012-10-09,1.0,1.07,0.73,1.67,,
2012-10-10,1.0,1.02,0.71,1.58,,
2012-10-11,0.89,1.14,0.65,1.31,,
2012-10-12,1.05,1.27,0.74,1.46,,
2012-10-15,0.77,0.63,0.73,1.31,,
2012-10-16,0.81,0.87,0.61,1.32,,
2012-10-17,0.79,0.84,0.59,1.27,,
2012-10-18,0.88,0.95,0.65,1.39,,
2012-10-19,1.12,1.33,0.8,1.44,,
2012-10-22,0.94,1.1,0.67,1.48,,
2012-10-23,1.06,0.87,0.86,1.83,,
2012-10-24,0.91,0.98,0.71,1.39,,
2012-10-25,0.85,0.62,0.76,1.55,,
2012-10-26,0.99,1.32,0.77,1.18,,
2012-10-31,0.86,0.93,0.68,1.17,,
2012-11-01,0.95,1.26,0.6,1.44,,
2012-11-02,0.92,0.73,0.77,1.57,,
2012-11-05,0.81,0.9,0.61,1.1,,
2012-11-06,0.96,1.03,0.63,1.47,,
2012-11-07,1.21,1.04,0.76,2.22,,
2012-11-08,1.13,1.23,0.8,1.63,,
2012-11-09,1.17,1.51,0.82,1.39,,
2012-11-12,0.99,1.15,0.65,1.61,,
2012-11-13,0.83,0.65,0.72,1.66,,
2012-11-14,1.12,1.22,0.78,1.49,,
2012-11-15,1.24,1.36,0.83,1.71,,
2012-11-16,1.03,1.02,0.81,1.37,,
2012-11-19,0.75,0.78,0.56,1.16,,
2012-11-20,1.1,1.7,0.67,1.26,,
2012-11-21,0.86,1.0,0.61,1.14,,
2012-11-23,0.89,1.09,0.59,1.13,,
2012-11-26,0.63,0.47,0.64,1.16,,
2012-11-27,0.85,1.04,0.58,1.24,,
2012-11-28,0.83,0.81,0.6,1.38,,
2012-11-29,1.01,1.19,0.62,1.46,,
2012-11-30,1.16,1.34,0.73,1.85,,
2012-12-03,0.82,0.82,0.57,1.35,,
2012-12-04,1.04,1.08,0.81,1.75,,
2012-12-05,0.87,0.98,0.6,1.74,,
2012-12-06,0.92,1.33,0.67,1.12,,
2012-12-07,0.8,0.76,0.64,1.38,,
2012-12-10,0.9,0.99,0.62,1.5,,
2012-12-11,0.84,0.75,0.59,1.69,,
2012-12-12,0.89,1.24,0.61,0.94,,
2012-12-13,0.84,0.97,0.61,1.19,,
2012-12-14,0.89,1.01,0.7,1.08,,
2012-12-17,0.71,0.77,0.6,0.83,,
2012-12-18,0.85,0.97,0.51,1.28,,
2012-12-19,0.97,1.04,0.64,1.49,,
2012-12-20,0.86,1.11,0.64,0.8,,
2012-12-21,1.05,1.43,0.71,1.18,,
2012-12-24,0.97,1.45,0.65,1.16,,
2012-12-26,0.96,1.34,0.74,0.99,,
2012-12-27,1.06,1.19,0.68,1.54,,
2012-12-28,1.08,1.3,0.64,1.51,,
2012-12-31,1.02,1.04,0.62,1.6,,
2013-01-02,0.97,1.16,0.55,1.47,,
2013-01-03,0.84,1.01,0.53,1.25,,
2013-01-04,0.82,0.77,0.64,1.46,,
2013-01-07,0.89,1.01,0.68,1.1,,
2013-01-08,0.95,0.88,0.78,1.75,,
2013-01-09,0.85,0.96,0.61,1.6,,
2013-01-10,0.78,0.7,0.66,1.41,,
2013-01-11,0.72,0.55,0.63,1.68,,
2013-01-14,0.81,0.97,0.52,1.63,,
2013-01-15,1.03,1.23,0.67,1.75,,
2013-01-16,0.87,0.87,0.75,1.4,,
2013-01-17,0.79,0.84,0.61,1.08,,
2013-01-18,0.75,0.77,0.54,1.17,,
2013-01-22,0.94,1.1,0.68,1.41,,
2013-01-23,0.89,0.88,0.69,1.43,,
2013-01-24,0.88,0.84,0.65,1.61,,
2013-01-25,0.88,0.95,0.64,1.36,,
2013-01-28,0.97,1.01,0.76,1.63,,
2013-01-29,0.97,1.14,0.68,1.53,,
2013-01-30,0.95,1.15,0.67,1.39,,
2013-01-31,0.91,0.74,0.73,1.93,,
2013-02-01,0.9,1.14,0.57,1.19,,
2013-02-04,1.1,1.42,0.69,1.73,,
2013-02-05,0.95,0.98,0.59,2.54,,
2013-02-06,0.97,1.28,0.6,1.84,,
2013-02-07,1.03,1.26,0.66,1.71,,
2013-02-08,0.9,1.21,0.57,1.34,,
2013-02-11,1.07,1.39,0.56,2.32,,
2013-02-12,0.92,1.05,0.61,1.69,,
2013-02-13,0.91,0.8,0.65,2.36,,
2013-02-14,0.83,0.75,0.62,1.74,,
2013-02-15,0.88,1.17,0.59,1.17,,
2013-02-19,0.99,1.28,0.58,1.79,,
2013-02-20,1.14,1.18,0.72,1.98,,
2013-02-21,1.1,1.22,0.72,1.72,,
2013-02-22,0.9,1.27,0.59,1.14,,
2013-02-25,1.15,1.18,0.73,1.74,,
2013-02-26,1.1,0.87,0.75,2.4,,
2013-02-27,0.99,1.22,0.63,1.35,,
2013-02-28,0.98,1.07,0.67,1.59,,
2013-03-01,1.17,1.23,0.74,1.89,,
2013-03-04,1.12,1.48,0.67,1.81,,
2013-03-05,1.12,1.11,0.65,2.16,,
2013-03-06,0.71,0.7,0.54,1.22,,
2013-03-07,0.83,1.15,0.59,1.02,,
2013-03-08,0.9,0.93,0.62,1.35,,
2013-03-11,0.93,1.07,0.65,1.28,,
2013-03-12,1.08,1.1,0.61,2.12,,
2013-03-13,0.78,0.73,0.62,1.37,,
2013-03-14,0.73,0.73,0.64,0.91,,
2013-03-15,0.85,1.13,0.56,1.15,,
2013-03-18,0.91,0.87,0.65,1.55,,
2013-03-19,0.97,0.81,0.72,1.87,,
2013-03-20,0.74,0.62,0.59,1.62,,
2013-03-21,0.86,0.76,0.64,1.68,,
2013-03-22,0.92,0.83,0.69,1.63,,
2013-03-25,0.89,0.75,0.72,1.52,,
2013-03-26,0.79,0.77,0.62,1.26,,
2013-03-27,0.92,0.71,0.68,1.98,,
2013-03-28,0.9,0.98,0.62,1.37,,
2013-04-01,1.0,0.83,0.7,1.96,,
2013-04-02,0.87,0.74,0.64,1.89,,
2013-04-03,1.06,0.99,0.76,1.7,,
2013-04-04,1.09,1.12,0.73,1.56,,
2013-04-05,1.0,0.85,0.7,1.62,,
2013-04-08,0.9,0.81,0.58,1.68,,
2013-04-09,0.67,0.49,0.6,1.35,,
2013-04-10,0.85,0.81,0.58,1.39,,
2013-04-11,0.87,0.81,0.62,1.51,,
2013-04-12,1.15,1.14,0.7,1.98,,
2013-04-15,1.09,0.91,0.7,2.01,,
2013-04-16,0.88,0.67,0.7,1.88,,
2013-04-17,1.19,1.15,0.79,1.97,,
2013-04-18,1.18,1.22,0.75,1.8,,
2013-04-19,1.1,1.14,0.85,1.45,,
2013-04-22,1.03,1.14,0.66,1.86,,
2013-04-23,0.9,0.95,0.66,1.35,,
2013-04-24,0.79,0.81,0.58,1.52,,
2013-04-25,0.97,1.13,0.61,0.93,,
2013-04-26,0.89,1.02,0.65,1.15,,
2013-04-29,0.9,1.06,0.58,1.51,,
2013-04-30,0.89,0.8,0.62,1.73,,
2013-05-01,1.03,1.12,0.68,1.64,,
2013-05-02,0.91,1.0,0.55,1.72,,
2013-05-03,0.9,0.93,0.61,1.34,,
2013-05-06,0.78,0.86,0.53,1.31,,
2013-05-07,0.89,1.07,0.63,1.22,,
2013-05-08,0.88,0.88,0.66,1.36,,
2013-05-09,1.0,1.02,0.58,2.11,,
2013-05-10,0.75,0.64,0.59,1.17,,
2013-05-13,0.87,0.96,0.6,1.43,,
2013-05-14,0.81,0.96,0.52,1.09,,
2013-05-15,0.78,0.69,0.52,1.48,,
2013-05-16,0.99,1.35,0.54,1.45,,
2013-05-17,0.81,0.96,0.5,1.12,,
2013-05-20,0.79,0.92,0.52,1.23,,
2013-05-21,0.92,0.98,0.54,1.94,,
2013-05-22,1.03,0.99,0.67,1.63,,
2013-05-23,1.01,0.98,0.67,1.59,,
2013-05-24,1.26,1.74,0.73,1.6,,
2013-05-28,0.98,1.11,0.58,1.57,,
2013-05-29,0.86,0.71,0.64,1.76,,
2013-05-30,0.86,1.05,0.48,1.67,,
2013-05-31,1.19,1.47,0.66,1.86,,
2013-06-03,0.92,0.93,0.63,1.35,,
2013-06-04,1.16,1.39,0.67,1.98,,
2013-06-05,1.18,1.23,0.73,1.73,,
2013-06-06,1.22,1.48,0.63,1.61,,
2013-06-07,1.13,1.22,0.67,1.76,,
2013-06-10,1.08,1.17,0.59,2.18,,
2013-06-11,1.04,0.83,0.81,1.92,,
2013-06-12,1.2,1.16,0.75,1.8,,
2013-06-13,0.98,1.15,0.63,1.24,,
2013-06-14,1.19,1.31,0.73,1.76,,
2013-06-17,0.96,1.04,0.65,1.54,,
2013-06-18,0.86,0.84,0.54,1.56,,
2013-06-19,1.11,1.15,0.66,1.65,,
2013-06-20,1.39,1.4,0.79,2.04,,
2013-06-21,1.17,1.31,0.82,1.58,,
2013-06-24,1.01,1.3,0.65,1.26,,
2013-06-25,1.08,1.55,0.59,1.58,,
2013-06-26,0.85,0.83,0.67,1.23,,
2013-06-27,1.02,1.2,0.71,1.27,,
2013-06-28,0.96,1.23,0.66,1.17,,
2013-07-01,0.91,1.06,0.6,1.33,,
2013-07-02,1.04,1.21,0.65,1.62,,
2013-07-03,1.14,1.41,0.76,1.48,,
2013-07-05,0.97,1.22,0.6,1.15,,
2013-07-08,1.04,1.03,0.69,1.92,,
2013-07-09,1.01,0.96,0.54,2.34,,
2013-07-10,1.04,1.02,0.57,1.97,,
2013-07-11,1.01,1.3,0.57,1.38,,
2013-07-12,0.9,0.74,0.67,1.72,,
2013-07-15,0.83,0.94,0.53,1.46,,
2013-07-16,0.97,1.11,0.64,1.65,,
2013-07-17,0.92,1.07,0.62,1.55,,
2013-07-18,0.74,0.88,0.5,1.12,,
2013-07-19,0.79,0.98,0.54,1.4,,
2013-07-22,0.93,1.33,0.67,1.28,,
2013-07-23,0.93,1.0,0.66,1.69,,
2013-07-24,0.96,1.24,0.65,1.6,,
2013-07-25,0.96,1.2,0.59,2.03,,
2013-07-26,0.98,1.33,0.64,1.35,,
2013-07-29,0.84,1.23,0.6,1.21,,
2013-07-30,0.78,0.9,0.56,1.44,,
2013-07-31,0.88,1.01,0.6,1.32,,
2013-08-01,0.85,1.04,0.55,1.21,,
2013-08-02,0.88,1.15,0.58,1.14,,
2013-08-05,0.85,1.0,0.59,1.46,,
2013-08-06,0.9,0.55,0.63,3.22,,
2013-08-07,0.96,1.07,0.63,1.79,,
2013-08-08,0.76,0.85,0.58,1.14,,
2013-08-09,0.9,1.24,0.58,1.46,,
2013-08-12,0.77,0.78,0.55,1.46,,
2013-08-13,0.77,0.94,0.49,1.5,,
2013-08-14,0.79,0.95,0.53,1.51,,
2013-08-15,0.96,0.93,0.66,1.49,,
2013-08-16,0.93,1.03,0.6,1.47,,
2013-08-19,0.93,1.35,0.54,1.39,,
2013-08-20,0.9,0.75,0.61,2.02,,
2013-08-21,0.97,0.97,0.64,1.64,,
2013-08-22,0.82,1.03,0.55,1.17,,
2013-08-23,0.81,1.23,0.6,0.94,,
2013-08-26,0.9,1.09,0.61,1.45,,
2013-08-27,1.02,1.25,0.68,1.24,,
2013-08-28,0.81,1.02,0.55,1.01,,
2013-08-29,0.96,1.05,0.6,1.56,,
2013-08-30,1.12,1.14,0.67,1.76,,
2013-09-03,0.75,0.83,0.54,1.16,,
2013-09-04,0.77,0.76,0.54,1.61,,
2013-09-05,0.82,1.05,0.52,1.28,,
2013-09-06,0.86,1.11,0.5,1.35,,
2013-09-09,0.65,0.61,0.45,1.27,,
2013-09-10,0.76,0.69,0.48,1.67,,
2013-09-11,0.92,1.12,0.61,1.44,,
2013-09-12,0.86,0.82,0.63,1.47,,
2013-09-13,0.77,0.77,0.6,1.09,,
2013-09-16,0.91,1.02,0.57,1.54,,
2013-09-17,0.8,0.88,0.57,1.21,,
2013-09-18,0.84,0.91,0.53,1.12,,
2013-09-19,0.76,0.78,0.57,1.09,,
2013-09-20,1.05,1.26,0.6,2.1,,
2013-09-23,0.99,1.35,0.7,1.43,,
2013-09-24,0.87,1.17,0.56,1.74,,
2013-09-25,0.96,1.19,0.62,1.76,,
2013-09-26,0.7,0.92,0.49,1.26,,
2013-09-27,0.94,0.98,0.7,1.38,,
2013-09-30,1.11,1.07,0.76,1.87,,
2013-10-01,0.85,0.98,0.53,1.66,,
2013-10-02,0.77,0.79,0.61,1.17,,
2013-10-03,0.99,0.93,0.69,1.51,,
2013-10-04,0.87,1.08,0.59,1.15,,
2013-10-07,0.92,0.97,0.6,1.48,,
2013-10-08,0.97,0.86,0.72,1.67,,
2013-10-09,1.3,1.11,0.69,2.87,,
2013-10-10,0.93,0.93,0.63,1.47,,
2013-10-11,0.95,1.12,0.6,1.51,,
2013-10-14,0.9,1.01,0.59,1.36,,
2013-10-15,0.99,0.87,0.66,2.35,,
2013-10-16,0.93,1.05,0.54,1.53,,
2013-10-17,0.87,0.99,0.54,1.3,,
2013-10-18,0.69,0.87,0.46,1.03,,
2013-10-21,0.81,1.15,0.53,1.5,,
2013-10-22,0.84,1.02,0.54,1.46,,
2013-10-23,0.86,1.29,0.58,1.5,,
2013-10-24,0.81,1.11,0.6,1.29,,
2013-10-25,0.93,1.32,0.64,1.52,,
2013-10-28,0.78,1.18,0.53,1.15,,
2013-10-29,0.74,1.07,0.52,1.18,,
2013-10-30,0.98,1.08,0.6,2.06,,
2013-10-31,0.9,1.38,0.57,1.55,,
2013-11-01,0.92,1.04,0.61,1.67,,
2013-11-04,0.76,0.84,0.54,1.55,,
2013-11-05,0.78,0.74,0.57,1.94,,
2013-11-06,0.91,1.1,0.58,1.94,,
2013-11-07,0.92,0.79,0.57,1.99,,
2013-11-08,0.86,1.2,0.51,1.35,,
2013-11-11,0.82,0.96,0.52,2.2,,
2013-11-12,0.84,0.95,0.55,1.48,,
2013-11-13,0.83,0.85,0.56,1.58,,
2013-11-14,0.83,0.99,0.59,1.07,,
2013-11-15,0.75,1.05,0.55,0.92,,
2013-11-18,0.79,0.97,0.58,1.12,,
2013-11-19,0.82,0.7,0.69,1.46,,
2013-11-20,0.96,1.09,0.63,1.55,,
2013-11-21,0.79,1.01,0.48,1.42,,
2013-11-22,0.94,1.4,0.6,1.23,,
2013-11-25,0.77,1.15,0.54,1.0,,
2013-11-26,0.74,0.84,0.54,1.3,,
2013-11-27,0.81,0.9,0.6,1.36,,
2013-11-29,0.81,1.27,0.48,1.07,,
2013-12-02,0.75,0.87,0.51,1.22,,
2013-12-03,0.87,0.98,0.61,1.39,,
2013-12-04,0.89,1.18,0.56,1.33,,
2013-12-05,0.77,1.04,0.52,1.08,,
2013-12-06,0.87,1.26,0.53,1.21,,
2013-12-09,0.94,1.35,0.62,1.45,,
2013-12-10,0.76,1.02,0.58,0.85,,
2013-12-11,0.95,1.1,0.62,1.37,,
2013-12-12,0.7,0.74,0.53,0.99,,
2013-12-13,0.85,1.11,0.67,0.83,,
2013-12-16,0.8,0.92,0.5,1.57,,
2013-12-17,0.88,1.03,0.53,1.45,,
2013-12-18,0.85,1.0,0.62,1.03,,
2013-12-19,0.75,0.82,0.52,1.02,,
2013-12-20,0.75,1.22,0.5,0.77,,
2013-12-23,0.61,0.74,0.49,0.74,,
2013-12-24,0.6,0.64,0.46,0.83,,
2013-12-26,0.65,0.73,0.59,0.64,,
2013-12-27,0.73,0.76,0.54,1.29,,
2013-12-30,0.73,0.77,0.49,1.42,,
2013-12-31,0.66,0.75,0.46,0.93,,
2014-01-02,0.82,1.25,0.56,0.79,,
2014-01-03,0.9,1.44,0.54,1.29,,
2014-01-06,0.69,0.74,0.52,1.26,,
2014-01-07,0.7,0.89,0.47,1.35,,
2014-01-08,0.71,0.96,0.5,1.02,,
2014-01-09,0.72,0.75,0.55,1.33,,
2014-01-10,0.76,0.93,0.53,1.31,,
2014-01-13,0.72,0.69,0.61,1.17,,
2014-01-14,0.68,0.7,0.52,1.25,,
2014-01-15,0.75,0.79,0.48,1.47,,
2014-01-16,0.78,0.88,0.57,1.42,,
2014-01-17,0.71,0.77,0.53,1.27,,
2014-01-21,0.76,0.83,0.57,1.51,,
2014-01-22,0.82,1.15,0.52,1.42,,
2014-01-23,0.88,0.9,0.65,1.45,,
2014-01-24,0.92,0.94,0.69,1.34,,
2014-01-27,0.87,0.93,0.53,1.52,,
2014-01-28,0.8,0.91,0.53,1.4,,
2014-01-29,0.97,1.23,0.62,1.31,,
2014-01-30,0.83,1.13,0.54,1.1,,
2014-01-31,0.86,0.7,0.66,1.69,,
2014-02-03,0.8,0.69,0.61,1.34,,
2014-02-04,0.99,1.14,0.6,1.48,,
2014-02-05,0.97,1.01,0.62,1.65,,
2014-02-06,0.92,0.98,0.61,1.53,,
2014-02-07,0.82,0.75,0.68,1.24,,
2014-02-10,0.94,1.05,0.71,1.44,,
2014-02-11,0.84,1.01,0.55,1.02,,
2014-02-12,0.85,0.98,0.64,1.12,,
2014-02-13,0.79,0.96,0.57,1.1,,
2014-02-14,0.83,1.01,0.57,1.02,,
2014-02-18,0.76,0.79,0.61,1.12,,
2014-02-19,0.9,0.91,0.55,1.56,,
2014-02-20,0.86,0.89,0.58,1.66,,
2014-02-21,0.69,0.8,0.55,0.87,,
2014-02-24,0.78,0.89,0.55,1.18,,
2014-02-25,0.83,0.85,0.57,1.73,,
2014-02-26,0.85,0.94,0.57,1.64,,
2014-02-27,0.89,1.1,0.58,1.59,,
2014-02-28,0.82,0.89,0.63,1.12,,
2014-03-03,0.9,0.82,0.62,1.78,,
2014-03-04,0.8,1.0,0.48,1.32,,
2014-03-05,0.77,1.31,0.46,1.41,,
2014-03-06,0.83,1.23,0.53,1.06,,
2014-03-07,0.82,0.94,0.55,1.31,,
2014-03-10,0.83,0.7,0.67,1.77,,
2014-03-11,0.81,0.82,0.58,1.63,,
2014-03-12,0.96,1.0,0.71,1.45,,
2014-03-13,1.04,0.9,0.69,2.1,,
2014-03-14,0.79,0.59,0.69,1.59,,
2014-03-17,0.84,0.83,0.57,1.52,,
2014-03-18,0.74,0.67,0.55,1.5,,
2014-03-19,0.82,0.85,0.53,1.47,,
2014-03-20,0.76,1.15,0.55,0.78,,
2014-03-21,0.9,1.17,0.62,1.36,,
2014-03-24,1.0,1.45,0.66,1.49,,
2014-03-25,0.75,0.86,0.53,1.36,,
2014-03-26,1.02,1.14,0.64,1.9,,
2014-03-27,0.84,1.15,0.57,1.16,,
2014-03-28,0.96,0.98,0.64,1.76,,
2014-03-31,0.96,0.97,0.57,2.17,,
2014-04-01,0.99,1.61,0.47,1.53,,
2014-04-02,0.66,0.62,0.51,1.19,,
2014-04-03,0.88,1.01,0.59,1.49,,
2014-04-04,0.94,0.81,0.65,1.63,,
2014-04-07,0.97,0.9,0.62,2.09,,
2014-04-08,0.91,0.99,0.56,1.68,,
2014-04-09,0.61,0.94,0.45,0.61,,
2014-04-10,1.03,0.88,0.7,1.82,,
2014-04-11,1.15,0.99,0.75,2.09,,
2014-04-14,0.75,0.61,0.61,1.52,,
2014-04-15,0.93,0.79,0.59,1.96,,
2014-04-16,0.91,0.99,0.53,1.62,,
2014-04-17,0.85,0.96,0.57,1.27,,
2014-04-21,0.76,1.01,0.47,1.51,,
2014-04-22,0.73,0.71,0.48,1.6,,
2014-04-23,1.01,1.16,0.69,2.25,,
2014-04-24,0.79,1.12,0.61,1.0,,
2014-04-25,1.14,1.3,0.71,2.11,,
2014-04-28,0.9,0.9,0.69,1.66,,
2014-04-29,0.9,1.11,0.61,1.75,,
2014-04-30,0.77,0.71,0.54,1.71,,
2014-05-01,0.81,0.81,0.56,1.79,,
2014-05-02,0.95,0.95,0.65,1.51,,
2014-05-05,0.87,0.96,0.65,1.34,,
2014-05-06,0.89,0.71,0.68,2.08,,
2014-05-07,0.86,0.76,0.67,1.45,,
2014-05-08,0.94,0.92,0.66,1.79,,
2014-05-09,0.94,0.77,0.72,1.83,,
2014-05-12,0.64,0.43,0.53,1.89,,
2014-05-13,0.88,0.89,0.61,1.54,,
2014-05-14,1.08,1.25,0.72,1.64,,
2014-05-15,1.01,1.03,0.69,1.46,,
2014-05-16,0.89,0.89,0.68,1.33,,
2014-05-19,0.81,1.15,0.54,1.26,,
2014-05-20,0.92,1.0,0.66,1.56,,
2014-05-21,0.87,0.71,0.68,2.04,,
2014-05-22,0.87,0.85,0.71,1.26,,
2014-05-23,0.76,0.65,0.58,1.36,,
2014-05-27,0.74,0.99,0.53,0.84,,
2014-05-28,0.9,0.93,0.56,1.82,,
2014-05-29,0.72,0.75,0.52,1.16,,
2014-05-30,0.89,0.99,0.56,1.54,,
2014-06-02,0.73,1.17,0.62,0.52,,
2014-06-03,0.95,1.38,0.58,1.33,,
2014-06-04,0.75,0.74,0.43,1.51,,
2014-06-05,0.75,0.73,0.5,1.25,,
2014-06-06,0.92,1.04,0.47,1.66,,
2014-06-09,0.83,0.97,0.48,1.53,,
2014-06-10,0.7,0.78,0.52,1.19,,
2014-06-11,0.74,0.81,0.5,1.43,,
2014-06-12,0.8,0.79,0.51,1.71,,
2014-06-13,0.77,0.67,0.56,1.79,,
2014-06-16,0.71,0.78,0.48,1.26,,
2014-06-17,0.81,0.93,0.49,1.28,,
2014-06-18,0.77,0.9,0.38,1.54,,
2014-06-19,0.68,0.89,0.47,0.72,,
2014-06-20,0.78,0.84,0.52,1.46,,
2014-06-23,0.81,0.86,0.54,2.02,,
2014-06-24,0.85,0.92,0.52,1.78,,
2014-06-25,0.87,1.14,0.49,2.0,,
2014-06-26,0.93,1.05,0.58,1.92,,
2014-06-27,0.84,1.29,0.52,1.24,,
2014-06-30,0.85,1.31,0.5,1.3,,
2014-07-01,0.92,1.05,0.51,1.92,,
2014-07-02,0.88,1.04,0.57,1.5,,
2014-07-03,1.02,1.39,0.49,1.81,,
2014-07-07,1.0,1.35,0.61,2.14,,
2014-07-08,0.9,0.75,0.63,2.19,,
2014-07-09,0.84,1.08,0.54,1.35,,
2014-07-10,1.06,1.06,0.67,2.07,,
2014-07-11,0.89,1.27,0.54,1.27,,
2014-07-14,0.88,0.98,0.58,1.77,,
2014-07-15,0.81,0.8,0.58,1.43,,
2014-07-16,0.8,1.09,0.5,1.57,,
2014-07-17,1.0,0.78,0.67,2.37,,
2014-07-18,0.91,1.11,0.56,1.61,,
2014-07-21,0.9,1.06,0.62,1.64,,
2014-07-22,0.92,1.11,0.59,1.71,,
2014-07-23,0.76,0.98,0.59,1.28,,
2014-07-24,0.91,1.58,0.58,1.33,,
2014-07-25,0.95,1.49,0.62,1.27,,
2014-07-28,0.91,1.12,0.59,1.69,,
2014-07-29,0.86,1.07,0.6,1.48,,
2014-07-30,0.96,0.81,0.57,2.28,,
2014-07-31,0.99,0.74,0.64,2.41,,
2014-08-01,1.24,1.12,1.04,1.83,,
2014-08-04,1.16,1.54,0.63,1.89,,
2014-08-05,1.18,1.11,0.74,2.26,,
2014-08-06,1.13,1.2,0.8,1.69,,
2014-08-07,1.0,1.18,0.65,1.43,,
2014-08-08,1.09,1.31,0.65,1.59,,
2014-08-11,0.74,0.63,0.57,1.51,,
2014-08-12,1.08,1.29,0.67,1.93,,
2014-08-13,0.94,0.89,0.65,1.79,,
2014-08-14,0.92,1.05,0.6,1.68,,
2014-08-15,1.01,1.19,0.63,1.43,,
2014-08-18,0.88,1.04,0.5,1.69,,
2014-08-19,0.9,0.88,0.58,2.03,,
2014-08-20,0.86,0.76,0.56,2.16,,
2014-08-21,0.72,0.8,0.51,1.11,,
2014-08-22,0.93,0.91,0.56,2.15,,
2014-08-25,0.89,0.84,0.64,1.69,,
2014-08-26,0.8,0.87,0.53,1.58,,
2014-08-27,0.88,0.91,0.62,1.53,,
2014-08-28,1.3,1.21,0.62,3.9,,
2014-08-29,0.96,1.54,0.56,1.25,,
2014-09-02,0.82,0.71,0.63,1.77,,
2014-09-03,1.0,1.13,0.65,2.4,,
2014-09-04,0.97,0.91,0.65,1.94,,
2014-09-05,1.03,1.24,0.62,1.8,,
2014-09-08,0.88,1.11,0.61,1.35,,
2014-09-09,0.89,1.12,0.59,1.57,,
2014-09-10,0.94,1.11,0.58,1.85,,
2014-09-11,1.01,1.04,0.64,1.98,,
2014-09-12,0.89,0.92,0.58,1.61,,
2014-09-15,0.86,0.89,0.61,1.69,,
2014-09-16,0.89,0.86,0.64,1.57,,
2014-09-17,0.96,0.95,0.58,1.66,,
2014-09-18,0.91,1.01,0.62,1.41,,
2014-09-19,0.83,0.8,0.55,1.71,,
2014-09-22,1.05,1.14,0.69,1.91,,
2014-09-23,1.01,1.11,0.66,1.72,,
2014-09-24,0.88,0.79,0.63,1.61,,
2014-09-25,1.15,1.0,0.77,2.32,,
2014-09-26,1.13,0.94,0.71,2.5,,
2014-09-29,0.89,0.66,0.7,1.89,,
2014-09-30,1.13,1.38,0.65,1.91,,
2014-10-01,1.29,1.28,0.78,2.16,,
2014-10-02,1.02,1.0,0.62,1.8,,
2014-10-03,0.92,1.04,0.54,1.64,,
2014-10-06,0.99,1.28,0.63,1.47,,
2014-10-07,0.99,1.09,0.63,1.55,,
2014-10-08,0.99,1.15,0.66,1.32,,
2014-10-09,0.97,0.86,0.75,1.36,,
2014-10-10,1.2,1.06,0.87,2.01,,
2014-10-13,1.53,1.43,0.91,2.54,,
2014-10-14,1.05,0.88,0.78,2.0,,
2014-10-15,1.3,1.29,0.76,2.18,,
2014-10-16,1.01,0.96,0.64,1.83,,
2014-10-17,1.2,1.7,0.71,1.63,,
2014-10-20,0.88,1.11,0.59,1.11,,
2014-10-21,1.03,1.38,0.6,1.21,,
2014-10-22,1.14,1.35,0.74,1.45,,
2014-10-23,0.82,0.77,0.61,1.24,,
2014-10-24,0.9,0.96,0.63,1.34,,
2014-10-27,0.97,1.41,0.66,1.18,,
2014-10-28,1.0,1.11,0.67,1.62,,
2014-10-29,1.03,1.13,0.72,1.55,,
2014-10-30,0.96,1.13,0.58,1.75,,
2014-10-31,0.77,0.98,0.5,1.0,,
2014-11-03,0.84,1.08,0.61,1.06,,
2014-11-04,0.89,1.04,0.67,1.27,,
2014-11-05,0.89,1.06,0.63,1.4,,
2014-11-06,0.91,1.1,0.69,1.12,,
2014-11-07,0.95,1.31,0.57,1.57,,
2014-11-10,1.05,1.19,0.67,1.86,,
2014-11-11,0.99,0.98,0.64,2.11,,
2014-11-12,0.81,0.92,0.61,1.37,,
2014-11-13,0.95,1.29,0.57,1.71,,
2014-11-14,0.92,1.35,0.53,1.61,,
2014-11-17,0.84,1.2,0.56,1.42,,
2014-11-18,0.88,1.5,0.47,1.07,,
2014-11-19,0.93,1.05,0.6,1.62,,
2014-11-20,0.96,1.52,0.55,1.43,,
2014-11-21,0.75,1.06,0.49,0.93,,
2014-11-24,0.79,1.22,0.54,1.0,,
2014-11-25,0.98,1.33,0.62,1.84,,
2014-11-26,0.84,1.19,0.63,0.93,,
2014-11-28,1.09,1.7,0.65,1.44,,
2014-12-01,0.99,1.36,0.62,1.58,,
2014-12-02,1.13,1.8,0.65,1.87,,
2014-12-03,0.78,0.8,0.65,1.18,,
2014-12-04,1.06,1.38,0.66,1.65,,
2014-12-05,1.03,1.75,0.5,1.62,,
2014-12-08,1.04,1.52,0.62,1.66,,
2014-12-09,1.05,1.2,0.78,1.44,,
2014-12-10,0.96,0.95,0.74,1.28,,
2014-12-11,0.99,0.92,0.72,1.62,,
2014-12-12,1.13,1.07,0.79,1.84,,
2014-12-15,1.05,1.21,0.75,1.26,,
2014-12-16,0.98,0.86,0.74,1.61,,
2014-12-17,1.24,1.51,0.71,1.63,,
2014-12-18,0.78,0.86,0.58,0.93,,
2014-12-19,0.88,1.25,0.59,1.01,,
2014-12-22,0.75,1.03,0.49,1.15,,
2014-12-23,0.86,1.31,0.52,1.36,,
2014-12-24,0.89,1.27,0.6,1.07,,
2014-12-26,0.73,0.89,0.55,0.82,,
2014-12-29,0.85,1.0,0.64,1.1,,
2014-12-30,0.99,1.33,0.66,1.13,,
2014-12-31,0.94,1.25,0.56,1.26,,
2015-01-02,1.22,1.67,0.8,1.37,,
2015-01-05,1.23,1.4,0.79,1.67,,
2015-01-06,1.11,1.71,0.59,1.56,,
2015-01-07,0.97,1.3,0.73,0.99,,
2015-01-08,0.85,1.13,0.54,1.11,,
2015-01-09,0.99,1.51,0.64,1.11,,
2015-01-12,1.06,1.56,0.68,1.52,,
2015-01-13,0.9,1.06,0.66,1.2,,
2015-01-14,1.16,1.26,0.75,1.82,,
2015-01-15,1.03,1.12,0.72,1.48,,
2015-01-16,0.91,1.23,0.68,1.0,,
2015-01-20,0.8,0.83,0.61,1.21,,
2015-01-21,1.07,1.25,0.6,1.74,,
2015-01-22,0.98,1.3,0.58,1.37,,
2015-01-23,1.28,1.96,0.7,1.53,,
2015-01-26,0.9,1.08,0.66,1.31,,
2015-01-27,1.09,1.25,0.76,1.68,,
2015-01-28,0.97,1.19,0.67,1.56,,
2015-01-29,1.15,1.49,0.79,1.54,,
2015-01-30,1.14,1.63,0.68,1.54,,
2015-02-02,1.06,1.26,0.76,1.33,,
2015-02-03,0.95,1.43,0.54,1.34,,
2015-02-04,0.95,1.23,0.59,1.47,,
2015-02-05,0.96,1.31,0.66,1.26,,
2015-02-06,1.02,1.14,0.69,1.47,,
2015-02-09,1.07,1.37,0.75,1.5,,
2015-02-10,0.97,1.36,0.66,1.19,,
2015-02-11,0.96,1.22,0.63,1.69,,
2015-02-12,0.87,1.31,0.55,1.01,,
2015-02-13,0.97,1.52,0.56,1.27,,
2015-02-17,0.95,1.29,0.58,1.33,,
2015-02-18,0.96,1.18,0.58,1.44,,
2015-02-19,0.89,1.14,0.55,1.5,,
2015-02-20,0.79,1.12,0.53,0.98,,
2015-02-23,0.87,1.2,0.62,1.2,,
2015-02-24,1.0,1.4,0.57,1.69,,
2015-02-25,1.0,1.45,0.64,1.41,,
2015-02-26,1.02,1.7,0.65,1.57,,
2015-02-27,1.02,1.56,0.64,1.34,,
2015-03-02,1.02,1.39,0.57,1.8,,
2015-03-03,0.98,1.33,0.66,1.32,,
2015-03-04,0.91,1.31,0.61,1.09,,
2015-03-05,0.95,1.35,0.64,1.59,,
2015-03-06,1.28,1.76,0.67,1.97,,
2015-03-09,1.11,1.59,0.65,1.98,,
2015-03-10,1.09,1.23,0.67,1.65,,
2015-03-11,1.11,1.47,0.67,1.7,,
2015-03-12,1.05,1.4,0.65,1.72,,
2015-03-13,1.21,1.52,0.8,1.57,,
2015-03-16,1.02,1.2,0.69,1.44,,
2015-03-17,0.95,1.04,0.74,1.27,,
2015-03-18,0.98,1.19,0.65,1.17,,
2015-03-19,0.89,1.06,0.59,1.23,,
2015-03-20,0.81,1.12,0.57,0.9,,
2015-03-23,0.88,1.25,0.56,1.31,,
2015-03-24,1.04,1.09,0.7,1.97,,
2015-03-25,1.08,1.42,0.69,1.5,,
2015-03-26,0.97,1.04,0.58,1.65,,
2015-03-27,1.07,1.24,0.79,1.44,,
2015-03-30,0.93,1.47,0.53,1.14,,
2015-03-31,1.08,1.22,0.65,1.62,,
2015-04-01,1.14,1.51,0.76,1.37,,
2015-04-02,1.12,1.49,0.81,1.36,,
2015-04-06,0.87,1.14,0.5,1.31,,
2015-04-07,1.0,1.18,0.59,1.63,,
2015-04-08,0.95,1.14,0.6,1.45,,
2015-04-09,1.04,1.5,0.6,1.29,,
2015-04-10,0.85,0.86,0.54,1.59,,
2015-04-13,0.89,1.11,0.59,1.15,,
2015-04-14,1.08,1.44,0.66,1.49,,
2015-04-15,0.78,0.97,0.59,0.87,,
2015-04-16,0.86,1.18,0.67,0.93,,
2015-04-17,1.12,1.45,0.74,1.46,,
2015-04-20,0.79,0.95,0.56,1.21,,
2015-04-21,0.9,1.07,0.64,1.51,,
2015-04-22,0.94,1.53,0.57,1.38,,
2015-04-23,1.03,1.54,0.66,1.41,,
2015-04-24,0.76,0.98,0.6,0.81,,
2015-04-27,0.88,1.02,0.65,1.27,,
2015-04-28,0.91,1.15,0.64,1.59,,
2015-04-29,0.94,1.16,0.69,1.31,,
2015-04-30,1.05,1.5,0.72,1.16,,
2015-05-01,0.97,1.39,0.61,1.27,,
2015-05-04,0.95,1.61,0.55,1.36,,
2015-05-05,1.24,1.5,0.74,1.88,,
2015-05-06,1.02,0.93,0.73,1.71,,
2015-05-07,0.94,0.86,0.69,1.7,,
2015-05-08,0.86,0.86,0.55,1.44,,
2015-05-11,0.56,0.35,0.61,1.91,,
2015-05-12,1.06,1.46,0.64,1.18,,
2015-05-13,0.86,1.09,0.56,1.2,,
2015-05-14,0.79,0.75,0.6,1.29,,
2015-05-15,0.83,1.29,0.56,0.89,,
2015-05-18,0.97,0.86,0.66,2.2,,
2015-05-19,1.03,1.4,0.59,1.47,,
2015-05-20,0.85,0.98,0.58,1.29,,
2015-05-21,0.93,0.98,0.71,1.4,,
2015-05-22,0.89,0.92,0.64,1.4,,
2015-05-26,1.14,1.25,0.74,1.71,,
2015-05-27,1.07,1.09,0.58,2.52,,
2015-05-28,1.08,1.42,0.71,1.58,,
2015-05-29,1.16,1.64,0.57,1.95,,
2015-06-01,0.85,0.86,0.66,1.32,,
2015-06-02,0.94,1.11,0.54,1.62,,
2015-06-03,0.91,1.13,0.51,1.6,,
2015-06-04,1.16,1.35,0.61,1.93,,
2015-06-05,1.04,1.33,0.61,1.3,,
2015-06-08,1.01,0.95,0.61,2.21,,
2015-06-09,0.9,1.06,0.63,1.16,,
2015-06-10,0.62,0.44,0.46,1.64,,
2015-06-11,0.84,0.85,0.59,1.27,,
2015-06-12,1.06,1.2,0.67,1.44,,
2015-06-15,0.89,0.83,0.66,1.46,,
2015-06-16,0.75,0.63,0.64,1.26,,
2015-06-17,0.85,0.95,0.55,1.2,,
2015-06-18,0.89,0.78,0.64,1.49,,
2015-06-19,0.93,1.11,0.63,1.26,,
2015-06-22,0.89,1.13,0.56,1.2,,
2015-06-23,0.97,1.09,0.61,1.66,,
2015-06-24,0.9,1.12,0.52,1.53,,
2015-06-25,1.08,1.18,0.65,2.11,,
2015-06-26,1.06,1.21,0.74,1.32,,
2015-06-29,1.38,1.4,0.94,1.85,,
2015-06-30,1.1,1.11,0.84,1.42,,
2015-07-01,1.15,1.45,0.62,1.5,,
2015-07-02,1.0,0.94,0.7,1.49,,
2015-07-06,1.15,1.0,0.65,2.44,,
2015-07-07,1.24,1.21,0.78,2.05,,
2015-07-08,1.45,1.81,0.87,1.78,,
2015-07-09,1.16,1.24,0.69,1.98,,
2015-07-10,1.02,1.11,0.67,1.37,,
2015-07-13,0.57,0.47,0.55,1.11,,
2015-07-14,0.97,0.95,0.63,1.87,,
2015-07-15,0.97,1.05,0.68,1.54,,
2015-07-16,0.88,0.91,0.71,1.17,,
2015-07-17,0.85,1.1,0.55,1.15,,
2015-07-20,0.91,1.2,0.56,1.31,,
2015-07-21,0.91,1.09,0.69,1.04,,
2015-07-22,0.85,0.8,0.61,2.23,,
2015-07-23,1.03,0.96,0.78,1.54,,
2015-07-24,1.41,1.61,0.86,2.21,,
2015-07-27,1.22,1.19,0.74,2.25,,
2015-07-28,0.93,1.19,0.62,1.12,,
2015-07-29,0.9,0.98,0.62,1.42,,
2015-07-30,0.76,1.06,0.5,1.06,,
2015-07-31,1.11,1.51,0.68,1.47,,
2015-08-03,0.97,0.96,0.73,1.59,,
2015-08-04,0.93,1.1,0.75,1.21,,
2015-08-05,0.98,0.98,0.77,1.63,,
2015-08-06,1.3,1.16,0.82,2.57,,
2015-08-07,1.23,1.3,0.83,1.75,,
2015-08-10,0.56,0.37,0.66,1.56,,
2015-08-11,1.1,1.07,0.79,1.72,,
2015-08-12,1.04,1.01,0.83,1.43,,
2015-08-13,0.96,0.93,0.74,1.42,,
2015-08-14,1.01,1.03,0.67,1.6,,
2015-08-17,0.89,0.71,0.69,1.82,,
2015-08-18,0.94,0.87,0.66,1.87,,
2015-08-19,1.11,1.06,0.81,1.69,,
2015-08-20,1.33,1.36,0.82,2.0,,
2015-08-21,1.69,1.65,1.04,2.64,,
2015-08-24,1.28,1.34,0.87,1.63,,
2015-08-25,1.25,1.37,0.7,1.75,,
2015-08-26,1.04,0.96,0.85,1.54,,
2015-08-27,1.2,1.42,0.76,1.44,,
2015-08-28,1.28,1.54,0.72,1.68,,
2015-08-31,1.19,1.41,0.66,1.6,,
2015-09-01,1.24,1.34,0.74,1.68,,
2015-09-02,1.31,1.87,0.73,1.35,,
2015-09-03,1.12,1.29,0.68,1.35,,
2015-09-04,1.48,1.85,0.89,1.58,,
2015-09-08,0.93,1.01,0.66,1.14,,
2015-09-09,1.03,1.2,0.71,1.3,,
2015-09-10,1.19,1.31,0.77,1.7,,
2015-09-11,1.21,1.33,0.81,1.54,,
2015-09-14,1.03,0.93,0.91,1.89,,
2015-09-15,1.17,1.2,0.87,1.65,,
2015-09-16,1.2,1.39,0.73,1.55,,
2015-09-17,0.92,0.88,0.74,1.16,,
2015-09-18,1.14,1.24,0.83,1.47,,
2015-09-21,1.0,1.21,0.55,1.59,,
2015-09-22,1.16,1.05,0.8,2.0,,
2015-09-23,1.05,1.15,0.69,1.38,,
2015-09-24,1.03,0.95,0.86,1.3,,
2015-09-25,1.3,1.39,0.74,1.97,,
2015-09-28,1.44,1.33,0.94,2.35,,
2015-09-29,1.37,1.46,0.95,1.95,,
2015-09-30,0.84,0.67,0.7,1.69,,
2015-10-01,0.97,0.93,0.73,1.55,,
2015-10-02,1.09,1.2,0.67,1.51,,
2015-10-05,1.01,1.18,0.62,1.31,,
2015-10-06,0.93,1.09,0.68,1.03,,
2015-10-07,1.09,1.15,0.83,1.44,,
2015-10-08,0.93,0.89,0.7,1.33,,
2015-10-09,0.87,0.99,0.64,0.99,,
2015-10-12,0.94,1.06,0.67,1.09,,
2015-10-13,0.9,0.74,0.8,1.78,,
2015-10-14,0.96,1.03,0.75,1.15,,
2015-10-15,1.11,1.24,0.87,1.42,,
2015-10-16,0.87,1.07,0.61,1.18,,
2015-10-19,0.89,1.0,0.67,1.02,,
2015-10-20,0.99,1.12,0.7,1.57,,
2015-10-21,0.96,1.08,0.83,0.92,,
2015-10-22,0.91,0.99,0.66,1.19,,
2015-10-23,0.77,0.71,0.63,1.17,,
2015-10-26,0.95,1.22,0.72,1.34,,
2015-10-27,0.99,1.26,0.74,1.26,,
2015-10-28,0.77,0.88,0.54,1.2,,
2015-10-29,0.86,1.02,0.56,1.17,,
2015-10-30,0.95,1.69,0.59,0.92,,
2015-11-02,0.88,1.03,0.58,1.29,,
2015-11-03,0.95,1.12,0.71,1.21,,
2015-11-04,1.0,0.89,0.73,2.14,,
2015-11-05,1.06,1.5,0.63,1.95,,
2015-11-06,1.04,1.35,0.66,1.39,,
2015-11-09,1.1,1.24,0.76,1.59,,
2015-11-10,1.0,0.99,0.8,2.02,,
2015-11-11,0.88,1.15,0.59,1.58,,
2015-11-12,1.22,1.52,0.83,1.73,,
2015-11-13,1.16,1.06,0.98,1.65,,
2015-11-16,0.88,0.82,0.71,1.48,,
2015-11-17,0.88,0.87,0.83,1.04,,
2015-11-18,1.02,1.27,0.72,1.35,,
2015-11-19,0.95,1.04,0.79,1.27,,
2015-11-20,0.94,1.43,0.67,0.87,,
2015-11-23,1.03,1.47,0.6,1.34,,
2015-11-24,1.06,1.25,0.67,1.63,,
2015-11-25,1.04,1.53,0.65,1.06,,
2015-11-27,1.12,1.4,0.76,1.05,,
2015-11-30,1.17,1.26,0.65,2.36,,
2015-12-01,1.07,1.27,0.61,1.54,,
2015-12-02,1.04,1.24,0.67,1.37,,
2015-12-03,1.12,1.12,0.9,1.42,,
2015-12-04,0.9,1.05,0.61,1.04,,
2015-12-07,1.01,1.09,0.83,1.2,,
2015-12-08,1.08,0.95,0.96,1.61,,
2015-12-09,0.93,1.0,0.66,1.13,,
2015-12-10,1.25,1.47,0.72,1.72,,
2015-12-11,1.08,0.92,0.92,1.67,,
2015-12-14,0.91,1.07,0.57,1.38,,
2015-12-15,0.88,1.03,0.66,0.95,,
2015-12-16,0.75,0.77,0.54,1.06,,
2015-12-17,0.98,1.19,0.77,0.98,,
2015-12-18,1.03,1.56,0.77,1.01,,
2015-12-21,0.84,1.51,0.64,0.62,,
2015-12-22,0.92,1.32,0.56,0.9,,
2015-12-23,0.84,1.32,0.56,0.67,,
2015-12-24,0.92,1.65,0.57,0.75,,
2015-12-28,1.31,1.55,1.21,1.14,,
2015-12-29,0.82,1.09,0.54,0.83,,
2015-12-30,1.0,1.63,0.59,1.07,,
2015-12-31,1.04,1.59,0.69,0.88,,
2016-01-04,1.08,1.19,0.8,1.32,,
2016-01-05,1.0,1.14,0.65,1.61,,
2016-01-06,1.03,1.13,0.7,1.44,,
2016-01-07,1.38,1.54,0.89,1.86,,
2016-01-08,1.34,1.56,0.93,1.62,,
2016-01-11,1.13,0.99,0.94,1.86,,
2016-01-12,1.02,1.23,0.86,0.95,,
2016-01-13,1.2,1.3,0.91,1.41,,
2016-01-14,1.02,1.03,0.82,1.63,,
2016-01-15,1.52,1.1,1.14,3.06,,
2016-01-19,0.9,0.93,0.62,1.48,,
2016-01-20,1.18,1.33,0.59,1.76,,
2016-01-21,1.1,1.32,0.69,1.34,,
2016-01-22,1.11,1.41,0.64,1.43,,
2016-01-25,1.03,1.37,0.69,1.22,,
2016-01-26,0.88,1.02,0.62,1.23,,
2016-01-27,0.95,1.17,0.71,1.1,,
2016-01-28,0.87,1.0,0.62,1.19,,
2016-01-29,0.91,1.11,0.58,1.13,,
2016-02-01,1.02,1.35,0.63,1.21,,
2016-02-02,1.03,0.81,0.76,2.19,,
2016-02-03,0.85,0.74,0.82,1.12,,
2016-02-04,0.94,1.05,0.75,1.09,,
2016-02-05,0.97,0.81,0.92,1.44,,
2016-02-08,1.16,1.04,0.93,1.76,,
2016-02-09,0.92,0.91,0.76,1.18,,
2016-02-10,1.09,1.17,0.78,1.55,,
2016-02-11,0.96,0.94,0.96,1.0,,
2016-02-12,0.92,1.05,0.71,0.99,,
2016-02-16,0.95,1.01,0.8,1.07,,
2016-02-17,1.12,1.31,0.68,1.49,,
2016-02-18,1.07,1.32,0.75,1.09,,
2016-02-19,1.06,1.29,0.87,1.14,,
2016-02-22,0.94,1.01,0.58,1.55,,
2016-02-23,1.12,1.29,0.71,1.62,,
2016-02-24,1.05,1.14,0.71,1.44,,
2016-02-25,0.93,1.06,0.62,1.23,,
2016-02-26,1.0,1.34,0.64,1.07,,
2016-02-29,1.21,1.35,0.6,2.07,,
2016-03-01,0.89,0.92,0.68,1.15,,
2016-03-02,0.8,0.75,0.64,1.37,,
2016-03-03,0.77,0.79,0.55,1.13,,
2016-03-04,0.84,0.88,0.59,1.12,,
2016-03-07,0.85,0.98,0.67,0.96,,
2016-03-08,0.98,0.86,0.9,1.57,,
2016-03-09,0.92,0.98,0.68,1.31,,
2016-03-10,0.99,1.09,0.74,1.16,,
2016-03-11,1.01,1.06,0.6,1.62,,
2016-03-14,0.91,0.94,0.69,1.27,,
2016-03-15,0.9,0.82,0.85,1.22,,
2016-03-16,0.9,0.91,0.71,1.17,,
2016-03-17,0.68,0.7,0.63,0.69,,
2016-03-18,0.78,1.0,0.55,0.88,,
2016-03-21,0.89,1.01,0.71,0.92,,
2016-03-22,1.07,1.12,0.88,1.33,,
2016-03-23,1.04,1.01,0.84,1.47,,
2016-03-24,1.06,1.1,0.82,1.5,,
2016-03-28,0.78,0.75,0.66,1.28,,
2016-03-29,0.97,1.03,0.61,1.5,,
2016-03-30,1.13,0.83,0.62,3.41,,
2016-03-31,1.15,1.05,0.68,2.14,,
2016-04-01,0.96,1.08,0.63,1.32,,
2016-04-04,0.97,1.04,0.65,1.68,,
2016-04-05,1.13,1.32,0.69,1.66,,
2016-04-06,0.99,1.02,0.61,1.8,,
2016-04-07,1.02,0.98,0.68,1.83,,
2016-04-08,1.0,1.29,0.75,0.98,,
2016-04-11,0.87,1.1,0.65,0.87,,
2016-04-12,0.93,0.89,0.72,1.42,,
2016-04-13,0.61,0.59,0.61,0.68,,
2016-04-14,0.86,0.97,0.68,0.94,,
2016-04-15,0.8,0.96,0.63,0.94,,
2016-04-18,0.98,1.37,0.69,1.02,,
2016-04-19,0.62,0.51,0.67,0.88,,
2016-04-20,0.88,0.98,0.68,0.98,,
2016-04-21,1.17,1.34,0.85,1.53,,
2016-04-22,0.98,1.39,0.61,1.32,,
2016-04-25,0.76,0.64,0.7,1.36,,
2016-04-26,0.8,1.16,0.53,1.08,,
2016-04-27,1.02,1.72,0.55,1.63,,
2016-04-28,1.0,1.16,0.77,1.35,,
2016-04-29,1.16,1.4,0.86,1.27,,
2016-05-02,1.08,1.15,0.74,1.76,,
2016-05-03,1.1,1.3,0.77,1.45,,
2016-05-04,1.09,1.13,0.8,1.58,,
2016-05-05,1.2,1.6,0.8,1.52,,
2016-05-06,1.19,1.23,0.92,1.61,,
2016-05-09,1.14,1.37,0.86,1.39,,
2016-05-10,1.07,1.03,0.91,1.42,,
2016-05-11,0.93,0.83,0.8,1.53,,
2016-05-12,1.28,1.43,0.8,1.82,,
2016-05-13,1.15,1.22,0.84,1.56,,
2016-05-16,0.77,0.81,0.6,1.05,,
2016-05-17,1.21,1.15,0.81,2.18,,
2016-05-18,1.02,0.96,0.75,1.65,,
2016-05-19,1.37,1.48,0.8,2.18,,
2016-05-20,1.04,1.22,0.78,1.31,,
2016-05-23,1.01,1.57,0.65,1.04,,
2016-05-24,1.01,1.26,0.6,1.18,,
2016-05-25,0.97,0.93,0.62,1.71,,
2016-05-26,0.93,1.28,0.55,1.17,,
2016-05-27,0.9,1.22,0.51,1.04,,
2016-05-31,0.93,0.98,0.58,1.51,,
2016-06-01,1.04,1.36,0.55,1.42,,
2016-06-02,0.91,1.02,0.69,1.12,,
2016-06-03,0.88,1.03,0.59,1.04,,
2016-06-06,0.74,0.78,0.59,0.83,,
2016-06-07,0.85,0.87,0.61,1.32,,
2016-06-08,0.86,0.91,0.59,1.17,,
2016-06-09,0.94,0.95,0.72,1.3,,
2016-06-10,1.09,1.12,0.81,1.4,,
2016-06-13,0.92,0.8,0.75,1.64,,
2016-06-14,1.03,0.94,0.79,1.64,,
2016-06-15,1.17,1.62,0.68,1.14,,
2016-06-16,1.39,1.74,0.77,1.6,,
2016-06-17,1.11,1.73,0.63,1.07,,
2016-06-20,0.99,1.11,0.6,1.51,,
2016-06-21,1.01,1.55,0.64,0.77,,
2016-06-22,1.04,1.28,0.77,0.95,,
2016-06-23,1.28,1.62,0.61,1.55,,
2016-06-24,1.24,1.31,1.01,1.34,,
2016-06-27,1.29,1.24,0.81,2.1,,
2016-06-28,1.14,1.31,0.59,1.61,,
2016-06-29,1.17,1.39,0.58,1.46,,
2016-06-30,1.23,1.27,0.65,1.98,,
2016-07-01,0.92,1.05,0.57,1.15,,
2016-07-05,1.24,1.55,0.73,1.49,,
2016-07-06,1.01,1.28,0.76,0.95,,
2016-07-07,0.86,1.12,0.6,0.82,,
2016-07-08,0.73,1.01,0.52,0.59,,
2016-07-11,0.76,0.94,0.58,0.71,,
2016-07-12,0.79,1.05,0.59,0.69,,
2016-07-13,0.89,1.0,0.56,1.23,,
2016-07-14,0.62,0.72,0.53,0.54,,
2016-07-15,0.85,1.09,0.52,1.0,,
2016-07-18,0.92,1.06,0.69,1.17,,
2016-07-19,0.92,1.0,0.67,1.48,,
2016-07-20,0.79,1.02,0.57,0.73,,
2016-07-21,0.95,1.04,0.61,1.61,,
2016-07-22,0.82,1.2,0.59,0.72,,
2016-07-25,0.91,0.89,0.71,1.55,,
2016-07-26,0.92,0.92,0.76,1.29,,
2016-07-27,0.92,1.08,0.66,1.27,,
2016-07-28,0.9,1.23,0.62,0.92,,
2016-07-29,1.2,1.62,0.62,1.61,,
2016-08-01,1.35,1.84,0.72,2.09,,
2016-08-02,1.15,1.04,0.72,2.25,,
2016-08-03,0.94,1.34,0.59,1.2,,
2016-08-04,0.93,1.07,0.65,1.37,,
2016-08-05,0.92,1.23,0.52,1.04,,
2016-08-08,0.98,1.41,0.58,0.97,,
2016-08-09,0.91,1.08,0.61,1.19,,
2016-08-10,0.87,0.87,0.62,1.61,,
2016-08-11,0.95,1.07,0.61,1.45,,
2016-08-12,0.76,0.81,0.55,1.12,,
2016-08-15,0.78,0.88,0.51,1.29,,
2016-08-16,1.03,1.09,0.7,1.66,,
2016-08-17,0.9,1.01,0.59,1.33,,
2016-08-18,0.86,1.16,0.54,1.08,,
2016-08-19,0.84,1.32,0.6,0.71,,
2016-08-22,0.9,1.0,0.63,1.4,,
2016-08-23,0.86,0.95,0.56,1.36,,
2016-08-24,0.93,0.92,0.68,1.45,,
2016-08-25,1.15,1.6,0.75,1.2,,
2016-08-26,1.04,1.09,0.73,1.42,,
2016-08-29,0.93,1.19,0.6,1.22,,
2016-08-30,0.97,1.24,0.63,1.19,,
2016-08-31,1.2,1.76,0.7,1.26,,
2016-09-01,1.01,1.31,0.7,1.13,,
2016-09-02,0.96,1.28,0.61,1.01,,
2016-09-06,0.87,1.2,0.5,1.09,,
2016-09-07,0.89,1.1,0.57,1.15,,
2016-09-08,0.97,1.34,0.61,1.23,,
2016-09-09,1.18,1.28,0.78,1.55,,
2016-09-12,1.0,0.97,0.64,1.57,,
2016-09-13,0.98,0.77,0.75,1.92,,
2016-09-14,1.09,0.98,0.55,2.71,,
2016-09-15,0.84,0.83,0.7,1.17,,
2016-09-16,1.0,1.24,0.65,1.28,,
2016-09-19,0.79,0.92,0.56,1.11,,
2016-09-20,0.98,0.85,0.66,1.73,,
2016-09-21,1.0,1.08,0.63,1.35,,
2016-09-22,0.97,1.07,0.57,1.38,,
2016-09-23,1.05,1.26,0.65,1.52,,
2016-09-26,1.15,1.32,0.73,1.96,,
2016-09-27,0.99,1.17,0.62,1.56,,
2016-09-28,0.9,1.05,0.65,1.12,,
2016-09-29,1.04,1.11,0.74,1.42,,
2016-09-30,1.01,1.37,0.61,1.38,,
2016-10-03,1.06,1.28,0.64,1.34,,
2016-10-04,0.9,1.11,0.51,1.3,,
2016-10-05,0.77,1.01,0.58,0.78,,
2016-10-06,1.0,1.01,0.71,1.7,,
2016-10-07,1.18,1.32,0.68,1.69,,
2016-10-10,0.93,1.15,0.61,1.15,,
2016-10-11,1.12,1.0,0.75,1.95,,
2016-10-12,1.06,1.12,0.64,1.85,,
2016-10-13,0.97,0.78,0.71,2.08,,
2016-10-14,0.94,0.91,0.68,1.44,,
2016-10-17,0.97,1.12,0.62,1.62,,
2016-10-18,0.97,0.91,0.69,1.89,,
2016-10-19,0.95,1.1,0.59,1.58,,
2016-10-20,0.99,1.19,0.53,2.01,,
2016-10-21,0.97,1.22,0.56,1.84,,
2016-10-24,0.93,1.31,0.59,1.35,,
2016-10-25,0.97,1.13,0.69,1.42,,
2016-10-26,0.9,0.93,0.73,1.3,,
2016-10-27,0.84,0.96,0.55,1.42,,
2016-10-28,1.11,1.18,0.78,1.5,,
2016-10-31,1.06,1.17,0.75,1.35,,
2016-11-01,1.43,1.42,0.86,2.23,,
2016-11-02,1.31,1.32,0.99,1.85,,
2016-11-03,1.19,1.17,0.74,1.97,,
2016-11-04,1.37,1.63,0.7,1.99,,
2016-11-07,1.22,1.06,0.68,2.32,,
2016-11-08,1.48,1.41,0.69,2.7,,
2016-11-09,1.07,1.15,0.61,1.53,,
2016-11-10,0.89,0.97,0.6,1.29,,
2016-11-11,1.07,1.42,0.53,1.66,,
2016-11-14,0.91,1.07,0.57,1.34,,
2016-11-15,0.91,1.26,0.51,1.01,,
2016-11-16,1.02,0.97,0.63,1.84,,
2016-11-17,0.87,0.98,0.65,1.07,,
2016-11-18,0.94,1.09,0.68,1.24,,
2016-11-21,0.84,0.99,0.57,1.04,,
2016-11-22,1.0,1.21,0.63,1.34,,
2016-11-23,0.96,1.14,0.6,1.28,,
2016-11-25,0.8,0.86,0.61,0.89,,
2016-11-28,0.92,1.13,0.57,1.28,,
2016-11-29,0.96,1.23,0.62,1.26,,
2016-11-30,0.9,0.99,0.54,1.5,,
2016-12-01,0.95,0.99,0.66,1.37,,
2016-12-02,0.92,1.0,0.67,1.26,,
2016-12-05,0.86,0.93,0.63,1.16,,
2016-12-06,0.83,0.9,0.58,1.26,,
2016-12-07,0.84,1.03,0.46,1.1,,
2016-12-08,0.75,0.85,0.5,0.89,,
2016-12-09,0.82,0.96,0.53,1.03,,
2016-12-12,0.8,1.02,0.57,0.82,,
2016-12-13,0.6,0.64,0.54,0.6,,
2016-12-14,0.9,0.96,0.58,1.3,,
2016-12-15,0.85,1.18,0.59,0.79,,
2016-12-16,0.91,1.01,0.62,1.47,,
2016-12-19,1.17,1.36,0.71,1.9,,
2016-12-20,0.94,1.08,0.63,1.28,,
2016-12-21,0.92,1.09,0.77,0.77,,
2016-12-22,0.89,0.82,0.67,1.68,,
2016-12-23,0.86,0.94,0.66,1.17,,
2016-12-27,1.02,1.12,0.62,1.99,,
2016-12-28,0.91,0.87,0.61,1.62,,
2016-12-29,0.94,1.27,0.62,1.05,,
2016-12-30,1.09,1.15,0.76,1.51,,
2017-01-03,0.98,1.1,0.69,1.25,,
2017-01-04,0.87,0.94,0.64,1.13,,
2017-01-05,1.16,1.16,0.69,1.98,,
2017-01-06,0.97,1.02,0.68,1.43,,
2017-01-09,1.0,1.22,0.62,1.52,,
2017-01-10,0.89,0.8,0.64,1.89,,
2017-01-11,0.84,0.83,0.63,1.25,,
2017-01-12,1.07,1.19,0.68,1.5,,
2017-01-13,0.92,0.86,0.63,1.72,,
2017-01-17,0.95,1.01,0.65,1.5,,
2017-01-18,1.07,1.04,0.67,2.17,,
2017-01-19,0.94,1.05,0.56,1.93,,
2017-01-20,1.0,1.43,0.7,1.07,,
2017-01-23,0.95,0.95,0.72,1.64,,
2017-01-24,0.76,0.68,0.65,1.23,,
2017-01-25,0.72,0.88,0.61,0.62,,
2017-01-26,0.87,0.83,0.65,1.53,,
2017-01-27,1.0,1.01,0.73,1.72,,
2017-01-30,1.1,1.0,0.82,1.96,,
2017-01-31,1.03,1.08,0.7,1.78,,
2017-02-01,0.91,0.86,0.71,1.71,,
2017-02-02,0.86,0.95,0.64,1.31,,
2017-02-03,0.76,1.32,0.68,0.44,,
2017-02-06,1.05,1.17,0.75,1.43,,
2017-02-07,1.1,0.88,0.7,2.91,,
2017-02-08,0.97,0.94,0.69,1.92,,
2017-02-09,0.93,0.96,0.58,1.84,,
2017-02-10,0.98,0.97,0.7,1.57,,
2017-02-13,0.66,0.82,0.61,0.5,,
2017-02-14,0.7,0.72,0.53,1.01,,
2017-02-15,0.84,0.91,0.58,1.04,,
2017-02-16,0.89,0.86,0.54,1.71,,
2017-02-17,0.93,1.05,0.59,1.44,,
2017-02-21,0.82,0.83,0.61,1.17,,
2017-02-22,0.89,0.97,0.6,1.42,,
2017-02-23,0.83,0.77,0.62,1.52,,
2017-02-24,0.83,0.75,0.72,1.24,,
2017-02-27,0.83,1.06,0.63,0.78,,
2017-02-28,1.19,1.25,0.7,2.13,,
2017-03-01,0.87,1.0,0.53,1.23,,
2017-03-02,1.02,1.52,0.56,1.35,,
2017-03-03,0.94,1.28,0.7,0.87,,
2017-03-06,0.9,0.98,0.67,1.33,,
2017-03-07,0.84,0.95,0.54,1.33,,
2017-03-08,0.98,1.18,0.62,1.32,,
2017-03-09,1.12,1.25,0.72,1.64,,
2017-03-10,0.88,1.05,0.57,1.12,,
2017-03-13,0.94,1.11,0.7,1.08,,
2017-03-14,0.93,1.07,0.73,0.98,,
2017-03-15,0.71,0.74,0.61,0.77,,
2017-03-16,0.91,1.3,0.57,0.86,,
2017-03-17,0.96,1.21,0.61,1.21,,
2017-03-20,1.06,1.35,0.64,1.59,,
2017-03-21,1.01,0.9,0.79,1.69,,
2017-03-22,0.99,1.01,0.73,1.24,,
2017-03-23,1.13,1.25,0.67,1.67,,
2017-03-24,1.21,1.31,0.69,1.99,,
2017-03-27,1.09,1.19,0.58,1.75,,
2017-03-28,0.87,0.92,0.6,1.26,,
2017-03-29,0.83,1.05,0.54,1.01,,
2017-03-30,0.94,1.11,0.58,1.28,,
2017-03-31,1.19,1.59,0.56,1.89,,
2017-04-03,0.98,1.23,0.67,1.08,,
2017-04-04,1.12,0.91,0.62,2.65,,
2017-04-05,0.92,0.93,0.61,1.41,,
2017-04-06,0.9,0.98,0.66,1.12,,
2017-04-07,0.95,1.1,0.67,1.01,,
2017-04-10,1.05,0.91,0.62,1.81,,
2017-04-11,0.91,0.84,0.79,1.2,,
2017-04-12,0.95,1.09,0.69,1.02,,
2017-04-13,0.98,0.88,0.96,1.3,,
2017-04-17,0.85,0.82,0.63,1.33,,
2017-04-18,0.65,0.55,0.62,1.01,,
2017-04-19,0.74,0.51,0.7,2.0,,
2017-04-20,0.9,0.87,0.68,1.38,,
2017-04-21,1.04,1.05,0.67,1.67,,
2017-04-24,1.05,1.13,0.61,1.77,,
2017-04-25,0.83,0.98,0.61,0.89,,
2017-04-26,0.79,0.97,0.63,0.76,,
2017-04-27,0.92,0.95,0.72,1.2,,
2017-04-28,0.96,1.13,0.68,1.31,,
2017-05-01,0.85,0.97,0.62,1.1,,
2017-05-02,0.75,0.73,0.61,1.29,,
2017-05-03,1.09,1.4,0.69,1.48,,
2017-05-04,0.91,0.87,0.77,1.2,,
2017-05-05,1.0,1.11,0.64,1.49,,
2017-05-08,0.85,1.06,0.6,0.97,,
2017-05-09,0.74,0.63,0.63,1.43,,
2017-05-10,0.94,1.12,0.62,1.56,,
2017-05-11,0.91,1.1,0.65,1.08,,
2017-05-12,0.85,0.97,0.57,1.25,,
2017-05-15,0.75,0.95,0.55,0.79,,
2017-05-16,0.79,0.87,0.54,1.32,,
2017-05-17,1.09,1.01,0.73,1.84,,
2017-05-18,1.13,1.14,0.7,1.81,,
2017-05-19,0.99,1.16,0.62,1.47,,
2017-05-22,0.86,1.19,0.54,1.06,,
2017-05-23,0.9,0.92,0.6,1.7,,
2017-05-24,0.93,0.98,0.62,1.73,,
2017-05-25,0.86,0.93,0.59,1.22,,
2017-05-26,0.91,1.12,0.64,1.12,,
2017-05-30,0.94,1.38,0.68,0.87,,
2017-05-31,1.01,1.08,0.63,1.68,,
2017-06-01,1.0,1.29,0.66,1.14,,
2017-06-02,0.82,0.94,0.6,0.93,,
2017-06-05,0.74,0.92,0.51,1.08,,
2017-06-06,0.77,1.03,0.59,0.76,,
2017-06-07,0.9,1.26,0.58,1.0,,
2017-06-08,0.7,0.76,0.55,0.97,,
2017-06-09,1.06,1.17,0.72,1.59,,
2017-06-12,0.96,1.08,0.68,1.37,,
2017-06-13,0.97,1.19,0.64,1.22,,
2017-06-14,0.84,0.94,0.67,0.9,,
2017-06-15,0.98,1.24,0.8,0.92,,
2017-06-16,1.09,1.25,0.67,1.79,,
2017-06-19,0.8,0.8,0.58,1.27,,
2017-06-20,0.83,0.71,0.72,1.32,,
2017-06-21,0.89,0.98,0.59,1.42,,
2017-06-22,0.8,1.13,0.5,1.16,,
2017-06-23,0.96,1.27,0.58,1.52,,
2017-06-26,0.81,0.86,0.64,1.07,,
2017-06-27,0.77,0.73,0.6,1.22,,
2017-06-28,0.95,1.16,0.68,1.09,,
2017-06-29,0.98,1.15,0.69,1.15,,
2017-06-30,1.13,1.63,0.67,1.36,,
2017-07-03,0.96,1.36,0.55,1.29,,
2017-07-05,0.92,0.97,0.61,1.39,,
2017-07-06,1.12,1.34,0.65,1.51,,
2017-07-07,0.93,1.03,0.66,1.24,,
2017-07-10,0.91,1.02,0.64,1.3,,
2017-07-11,1.06,1.32,0.69,1.28,,
2017-07-12,0.71,0.53,0.6,1.54,,
2017-07-13,0.87,1.02,0.62,1.2,,
2017-07-14,0.84,0.99,0.53,1.1,,
2017-07-17,0.99,1.2,0.63,1.35,,
2017-07-18,0.87,0.84,0.62,1.61,,
2017-07-19,0.77,0.77,0.56,1.23,,
2017-07-20,0.74,0.75,0.53,1.15,,
2017-07-21,0.74,0.67,0.56,1.42,,
2017-07-24,0.82,0.88,0.68,1.05,,
2017-07-25,0.8,0.82,0.61,1.27,,
2017-07-26,0.74,0.74,0.65,0.9,,
2017-07-27,0.94,0.89,0.71,1.53,,
2017-07-28,0.83,0.84,0.63,1.29,,
2017-07-31,0.92,1.14,0.62,1.26,,
2017-08-01,0.88,0.9,0.64,1.44,,
2017-08-02,0.97,0.88,0.75,1.72,,
2017-08-03,1.01,1.07,0.71,1.64,,
2017-08-04,1.0,1.28,0.66,1.2,,
2017-08-07,0.93,0.87,0.77,1.53,,
2017-08-08,0.93,0.96,0.67,1.26,,
2017-08-09,1.06,1.05,0.83,1.35,,
2017-08-10,0.93,0.69,0.88,1.71,,
2017-08-11,0.97,0.8,0.94,1.35,,
2017-08-14,0.85,0.86,0.59,1.17,,
2017-08-15,0.95,0.92,0.68,1.66,,
2017-08-16,0.96,0.93,0.62,1.85,,
2017-08-17,1.07,0.96,0.78,1.62,,
2017-08-18,1.11,1.04,0.82,1.57,,
2017-08-21,0.99,1.35,0.57,1.12,,
2017-08-22,1.02,1.18,0.55,1.56,,
2017-08-23,0.94,0.93,0.58,1.98,,
2017-08-24,1.09,1.22,0.69,1.71,,
2017-08-25,1.0,1.2,0.69,1.18,,
2017-08-28,0.93,1.14,0.55,1.33,,
2017-08-29,0.77,0.67,0.61,1.5,,
2017-08-30,0.83,0.88,0.57,1.11,,
2017-08-31,1.06,1.24,0.57,1.42,,
2017-09-01,0.83,1.0,0.56,0.97,,
2017-09-05,1.17,1.2,0.67,1.83,,
2017-09-06,0.95,0.98,0.56,1.55,,
2017-09-07,1.13,2.08,0.55,1.05,,
2017-09-08,1.09,1.1,0.73,1.84,,
2017-09-11,0.93,1.15,0.65,0.93,,
2017-09-12,0.84,0.98,0.58,1.01,,
2017-09-13,0.81,1.06,0.55,0.85,,
2017-09-14,0.79,0.9,0.56,0.94,,
2017-09-15,1.08,1.39,0.63,1.57,,
2017-09-18,0.92,0.93,0.61,1.58,,
2017-09-19,0.76,0.72,0.67,1.25,,
2017-09-20,0.88,0.97,0.61,1.15,,
2017-09-21,0.84,0.87,0.66,1.2,,
2017-09-22,0.98,0.96,0.77,1.53,,
2017-09-25,0.7,0.59,0.64,1.58,,
2017-09-26,0.94,1.09,0.69,1.2,,
2017-09-27,0.83,1.04,0.61,0.82,,
2017-09-28,0.73,0.95,0.52,0.75,,
2017-09-29,1.05,1.36,0.59,1.29,,
2017-10-02,0.93,1.04,0.61,1.19,,
2017-10-03,0.72,0.72,0.66,0.78,,
2017-10-04,0.83,0.9,0.58,1.11,,
2017-10-05,0.84,0.87,0.69,0.96,,
2017-10-06,0.87,0.85,0.7,1.2,,
2017-10-09,0.98,1.11,0.73,1.31,,
2017-10-10,0.73,0.65,0.54,1.52,,
2017-10-11,0.9,0.91,0.62,1.57,,
2017-10-12,1.05,1.24,0.7,1.39,,
2017-10-13,0.85,0.86,0.65,1.32,,
2017-10-16,1.17,1.01,0.7,3.1,,
2017-10-17,0.82,0.81,0.66,1.43,,
2017-10-18,0.95,0.99,0.72,1.35,,
2017-10-19,0.97,1.08,0.7,1.41,,
2017-10-20,0.81,1.05,0.6,0.83,,
2017-10-23,0.98,1.13,0.65,1.33,,
2017-10-24,0.78,0.91,0.63,0.98,,
2017-10-25,1.16,1.24,0.71,1.92,,
2017-10-26,0.87,1.28,0.61,1.09,,
2017-10-27,0.88,1.21,0.55,1.31,,
2017-10-30,0.94,1.21,0.69,1.06,,
2017-10-31,0.87,1.09,0.57,1.41,,
2017-11-01,0.95,1.14,0.71,1.1,,
2017-11-02,0.87,0.94,0.63,1.59,,
2017-11-03,0.94,1.23,0.6,1.14,,
2017-11-06,0.92,1.14,0.61,1.35,,
2017-11-07,1.02,1.07,0.64,1.78,,
2017-11-08,0.97,1.19,0.68,1.24,,
2017-11-09,1.1,1.04,0.64,2.24,,
2017-11-10,1.18,1.41,0.66,2.0,,
2017-11-13,0.9,1.04,0.69,1.07,,
2017-11-14,0.9,0.98,0.62,1.24,,
2017-11-15,1.04,1.13,0.74,1.28,,
2017-11-16,0.95,1.13,0.64,1.29,,
2017-11-17,0.8,0.92,0.56,1.04,,
2017-11-20,0.92,1.26,0.59,1.01,,
2017-11-21,0.85,0.96,0.58,1.08,,
2017-11-22,0.93,1.29,0.57,0.99,,
2017-11-24,0.87,1.25,0.62,0.74,,
2017-11-27,0.72,1.18,0.61,0.41,,
2017-11-28,0.68,0.89,0.5,0.59,,
2017-11-29,0.71,0.86,0.52,0.85,,
2017-11-30,0.85,1.05,0.55,0.93,,
2017-12-01,0.78,0.71,0.63,1.22,,
2017-12-04,0.84,0.86,0.56,1.39,,
2017-12-05,0.83,0.94,0.57,1.04,,
2017-12-06,0.81,0.75,0.67,1.27,,
2017-12-07,0.84,0.9,0.58,1.28,,
2017-12-08,0.94,1.17,0.6,1.11,,
2017-12-11,0.82,0.98,0.63,0.79,,
2017-12-12,0.85,1.24,0.51,0.76,,
2017-12-13,0.75,1.0,0.57,0.65,,
2017-12-14,0.8,0.94,0.6,0.82,,
2017-12-15,0.97,1.14,0.57,1.39,,
2017-12-18,0.69,0.82,0.5,0.72,,
2017-12-19,0.87,1.04,0.53,1.16,,
2017-12-20,0.8,1.14,0.56,0.67,,
2017-12-21,0.84,1.12,0.56,1.02,,
2017-12-22,0.95,1.26,0.64,1.06,,
2017-12-26,0.99,1.4,0.58,1.4,,
2017-12-27,0.95,1.38,0.55,1.08,,
2017-12-28,1.13,1.29,0.57,2.0,,
2017-12-29,1.11,1.65,0.59,1.21,,
2018-01-02,0.88,1.11,0.47,1.36,,
2018-01-03,0.85,1.0,0.54,1.18,,
2018-01-04,0.82,0.95,0.5,1.26,,
2018-01-05,0.92,1.1,0.58,1.2,,
2018-01-08,0.65,0.54,0.63,1.05,,
2018-01-09,0.81,0.89,0.6,1.0,,
2018-01-10,0.72,0.57,0.65,1.59,,
2018-01-11,0.72,0.62,0.5,1.63,,
2018-01-12,0.74,0.76,0.5,1.12,,
2018-01-16,0.69,0.73,0.49,0.89,,
2018-01-17,0.79,0.97,0.48,0.98,,
2018-01-18,0.83,0.95,0.56,1.15,,
2018-01-19,0.86,1.34,0.56,0.96,,
2018-01-22,0.89,1.0,0.56,1.42,,
2018-01-23,0.64,0.71,0.52,0.7,,
2018-01-24,0.84,1.0,0.53,1.09,,
2018-01-25,0.8,1.02,0.56,1.02,,
2018-01-26,0.79,1.03,0.49,1.04,,
2018-01-29,0.74,0.75,0.57,1.06,,
2018-01-30,0.95,0.98,0.61,1.44,,
2018-01-31,0.9,0.82,0.59,1.68,,
2018-02-01,0.91,1.03,0.59,1.36,,
2018-02-02,0.9,0.68,0.77,1.92,,
2018-02-05,0.92,0.74,0.73,1.67,,
2018-02-06,0.99,0.88,0.75,1.62,,
2018-02-07,0.91,0.75,0.68,1.82,,
2018-02-08,1.14,0.97,0.75,2.2,,
2018-02-09,1.31,1.4,0.88,1.67,,
2018-02-12,0.94,1.07,0.67,0.93,,
2018-02-13,0.96,0.88,0.73,1.67,,
2018-02-14,1.17,1.42,0.59,1.58,,
2018-02-15,0.92,1.12,0.61,1.09,,
2018-02-16,0.93,1.17,0.52,1.24,,
2018-02-20,0.86,0.99,0.66,0.98,,
2018-02-21,1.06,1.32,0.58,1.55,,
2018-02-22,1.12,1.44,0.63,1.77,,
2018-02-23,1.01,1.26,0.62,1.27,,
2018-02-26,0.93,1.08,0.59,1.26,,
2018-02-27,1.04,1.32,0.63,1.23,,
2018-02-28,1.08,1.41,0.67,1.27,,
2018-03-01,1.29,1.44,0.72,1.93,,
2018-03-02,1.16,1.12,0.71,1.96,,
2018-03-05,1.0,1.24,0.55,1.36,,
2018-03-06,0.93,1.11,0.52,1.61,,
2018-03-07,1.05,1.36,0.58,1.47,,
2018-03-08,0.9,0.96,0.61,1.34,,
2018-03-09,0.81,0.89,0.53,1.06,,
2018-03-12,0.87,1.06,0.57,1.12,,
2018-03-13,0.87,1.01,0.57,1.18,,
2018-03-14,1.05,1.11,0.69,1.55,,
2018-03-15,0.89,1.0,0.63,1.18,,
2018-03-16,0.96,1.08,0.63,1.33,,
2018-03-19,1.02,1.01,0.67,1.64,,
2018-03-20,0.84,0.85,0.68,1.14,,
2018-03-21,1.16,1.61,0.62,1.48,,
2018-03-22,1.22,1.4,0.74,1.62,,
2018-03-23,1.54,1.77,0.76,2.47,,
2018-03-26,1.18,1.54,0.63,1.57,,
2018-03-27,1.07,1.32,0.71,1.34,,
2018-03-28,1.34,1.61,0.68,1.97,,
2018-03-29,0.95,1.03,0.63,1.32,,
2018-04-02,1.28,1.28,0.77,1.84,,
2018-04-03,1.04,1.06,0.65,1.65,,
2018-04-04,0.98,1.11,0.63,1.19,,
2018-04-05,0.85,1.04,0.61,0.95,,
2018-04-06,1.03,1.1,0.76,1.2,,
2018-04-09,0.98,1.14,0.61,1.31,,
2018-04-10,0.85,0.84,0.57,1.31,,
2018-04-11,1.02,1.3,0.65,1.08,,
2018-04-12,0.99,1.29,0.66,1.15,,
2018-04-13,0.98,1.12,0.66,1.38,,
2018-04-16,0.94,1.07,0.64,1.2,,
2018-04-17,0.96,1.08,0.68,1.09,,
2018-04-18,0.96,1.32,0.56,1.15,,
2018-04-19,0.97,1.17,0.64,1.35,,
2018-04-20,0.98,1.32,0.65,1.45,,
2018-04-23,0.93,1.21,0.61,1.32,,
2018-04-24,1.04,1.15,0.68,1.52,,
2018-04-25,0.96,1.01,0.7,1.55,,
2018-04-26,0.82,0.85,0.61,1.33,,
2018-04-27,0.88,0.95,0.64,1.49,,
2018-04-30,0.92,0.94,0.61,1.6,,
2018-05-01,1.11,1.3,0.68,1.74,,
2018-05-02,0.93,1.06,0.65,1.43,,
2018-05-03,1.02,1.02,0.76,1.61,,
2018-05-04,0.96,1.22,0.55,1.41,,
2018-05-07,0.93,1.05,0.54,1.78,,
2018-05-08,0.83,0.83,0.61,1.53,,
2018-05-09,0.84,1.06,0.58,0.97,,
2018-05-10,0.81,0.94,0.51,1.06,,
2018-05-11,0.98,1.11,0.6,1.39,,
2018-05-14,0.88,1.01,0.62,1.16,,
2018-05-15,1.11,1.46,0.62,1.4,,
2018-05-16,0.89,1.18,0.5,1.38,,
2018-05-17,0.83,1.08,0.57,1.08,,
2018-05-18,1.03,1.5,0.66,1.47,,
2018-05-21,0.82,0.96,0.54,1.25,,
2018-05-22,0.83,1.03,0.58,1.11,,
2018-05-23,0.99,1.14,0.65,1.44,,
2018-05-24,0.87,1.05,0.64,1.14,,
2018-05-25,0.92,1.3,0.61,1.18,,
2018-05-29,1.09,1.45,0.65,1.31,,
2018-05-30,0.98,1.59,0.56,1.02,,
2018-05-31,1.13,1.36,0.63,1.96,,
2018-06-01,0.86,1.28,0.56,1.0,,
2018-06-04,0.81,1.16,0.55,1.0,,
2018-06-05,0.77,0.95,0.48,1.53,,
2018-06-06,0.83,1.04,0.53,1.07,,
2018-06-07,0.92,1.11,0.56,1.41,,
2018-06-08,0.95,1.25,0.6,1.43,,
2018-06-11,0.74,0.91,0.54,0.83,,
2018-06-12,0.72,0.85,0.5,0.99,,
2018-06-13,0.74,0.85,0.54,0.97,,
2018-06-14,0.93,1.49,0.5,1.13,,
2018-06-15,0.93,1.29,0.61,1.18,,
2018-06-18,1.03,1.58,0.54,1.15,,
2018-06-19,0.84,0.85,0.59,1.43,,
2018-06-20,0.89,1.38,0.56,0.82,,
2018-06-21,1.03,1.3,0.56,1.85,,
2018-06-22,0.86,1.25,0.56,0.99,,
2018-06-25,1.1,1.17,0.61,2.06,,
2018-06-26,0.91,1.19,0.52,1.47,,
2018-06-27,1.08,1.25,0.67,1.73,,
2018-06-28,1.32,1.31,0.65,2.73,,
2018-06-29,1.24,1.64,0.69,1.82,,
2018-07-02,1.06,1.16,0.58,1.91,,
2018-07-03,1.07,1.52,0.67,1.25,,
2018-07-05,0.91,1.29,0.6,1.04,,
2018-07-06,1.0,1.37,0.57,1.31,,
2018-07-09,0.92,1.07,0.53,1.48,,
2018-07-10,0.98,1.02,0.74,1.36,,
2018-07-11,1.02,1.19,0.59,1.54,,
2018-07-12,0.92,1.0,0.56,1.66,,
2018-07-13,0.98,1.24,0.62,1.52,,
2018-07-16,0.99,1.16,0.7,1.48,,
2018-07-17,0.95,1.07,0.65,1.36,,
2018-07-18,0.85,1.09,0.56,0.99,,
2018-07-19,0.9,1.25,0.62,1.01,,
2018-07-20,0.98,1.59,0.66,1.18,,
2018-07-23,0.85,1.09,0.55,1.31,,
2018-07-24,0.91,1.15,0.63,1.07,,
2018-07-25,0.82,0.98,0.61,0.99,,
2018-07-26,0.74,0.7,0.63,1.31,,
2018-07-27,1.05,1.59,0.67,1.22,,
2018-07-30,1.12,1.38,0.72,1.71,,
2018-07-31,1.0,1.21,0.69,1.38,,
2018-08-01,1.02,1.49,0.67,1.36,,
2018-08-02,0.97,1.28,0.58,1.7,,
2018-08-03,0.9,1.29,0.56,1.15,,
2018-08-06,0.9,0.98,0.62,1.38,,
2018-08-07,0.92,0.94,0.64,1.56,,
2018-08-08,0.95,1.09,0.62,1.54,,
2018-08-09,0.85,0.8,0.62,1.91,,
2018-08-10,1.2,1.37,0.7,1.88,,
2018-08-13,1.08,1.4,0.64,1.46,,
2018-08-14,0.91,1.18,0.66,1.11,,
2018-08-15,1.16,1.27,0.66,1.89,,
2018-08-16,0.94,1.12,0.6,1.45,,
2018-08-17,1.04,1.33,0.7,1.44,,
2018-08-20,0.79,1.15,0.55,0.79,,
2018-08-21,0.81,0.87,0.58,1.14,,
2018-08-22,0.96,1.27,0.6,1.17,,
2018-08-23,1.03,1.07,0.61,2.44,,
2018-08-24,0.92,1.27,0.57,1.17,,
2018-08-27,0.74,0.86,0.53,1.0,,
2018-08-28,0.81,0.94,0.53,1.2,,
2018-08-29,0.85,0.98,0.55,1.4,,
2018-08-30,0.82,0.89,0.58,1.38,,
2018-08-31,1.03,1.35,0.63,1.49,,
2018-09-04,0.85,1.01,0.59,1.24,,
2018-09-05,0.99,1.14,0.62,1.81,,
2018-09-06,1.05,1.54,0.74,0.97,,
2018-09-07,1.17,1.73,0.69,1.44,,
2018-09-10,1.15,1.78,0.62,1.83,,
2018-09-11,0.88,1.13,0.61,1.04,,
2018-09-12,0.82,1.01,0.55,1.18,,
2018-09-13,0.84,1.18,0.5,1.03,,
2018-09-14,0.83,0.97,0.58,1.08,,
2018-09-17,0.92,1.15,0.64,1.1,,
2018-09-18,0.83,1.03,0.55,1.03,,
2018-09-19,0.95,1.31,0.57,1.18,,
2018-09-20,0.89,1.37,0.56,0.69,,
2018-09-21,0.98,1.2,0.57,1.66,,
2018-09-24,0.98,1.43,0.63,0.98,,
2018-09-25,0.88,1.53,0.52,1.09,,
2018-09-26,0.87,1.1,0.59,1.05,,
2018-09-27,0.94,1.42,0.61,0.84,,
2018-09-28,1.06,1.61,0.64,1.3,,
2018-10-01,1.01,1.39,0.57,1.6,,
2018-10-02,0.8,1.43,0.54,0.71,,
2018-10-03,0.86,1.11,0.56,1.08,,
2018-10-04,1.07,1.08,0.72,1.65,,
2018-10-05,1.18,1.2,0.84,1.78,,
2018-10-08,1.17,1.37,0.66,1.72,,
2018-10-09,0.94,0.97,0.62,1.86,,
2018-10-10,1.22,1.05,0.74,2.51,,
2018-10-11,1.18,1.13,0.68,1.9,,
2018-10-12,1.16,1.22,0.67,1.74,,
2018-10-15,0.96,0.92,0.61,1.8,,
2018-10-16,1.03,1.09,0.63,1.52,,
2018-10-17,1.17,1.46,0.68,1.5,,
2018-10-18,1.3,1.37,0.73,2.29,,
2018-10-19,1.14,1.24,0.82,1.52,,
2018-10-22,1.07,1.37,0.57,1.73,,
2018-10-23,1.04,1.18,0.61,1.42,,
2018-10-24,1.29,1.48,0.71,1.98,,
2018-10-25,1.03,0.98,0.66,1.96,,
2018-10-26,1.32,1.39,0.8,1.8,,
2018-10-29,1.27,1.59,0.74,1.72,,
2018-10-30,1.18,1.53,0.69,1.63,,
2018-10-31,1.12,1.13,0.65,2.06,,
2018-11-01,0.85,1.23,0.51,1.07,,
2018-11-02,0.93,1.12,0.68,1.07,,
2018-11-05,1.02,1.36,0.61,1.3,,
2018-11-06,1.12,1.42,0.67,1.25,,
2018-11-07,0.96,1.24,0.59,1.01,,
2018-11-08,0.97,1.02,0.64,1.66,,
2018-11-09,1.11,1.12,0.8,1.66,,
2018-11-12,1.19,1.2,0.73,2.13,,
2018-11-13,0.98,1.08,0.7,1.27,,
2018-11-14,1.22,1.33,0.81,1.78,,
2018-11-15,0.85,1.11,0.73,0.71,,
2018-11-16,0.94,1.2,0.74,0.88,,
2018-11-19,0.97,0.99,0.72,1.32,,
2018-11-20,0.92,0.82,0.82,1.29,,
2018-11-21,1.08,1.25,0.73,1.26,,
2018-11-23,1.12,1.53,0.85,0.9,,
2018-11-26,0.96,1.25,0.64,0.91,,
2018-11-27,0.92,1.17,0.7,0.84,,
2018-11-28,0.84,0.95,0.62,0.94,,
2018-11-29,0.89,1.05,0.57,1.09,,
2018-11-30,0.76,0.95,0.53,0.77,,
2018-12-03,0.76,1.18,0.57,0.61,,
2018-12-04,0.95,1.22,0.69,0.84,,
2018-12-06,1.08,1.09,0.85,1.28,,
2018-12-07,1.17,1.39,0.77,1.32,,
2018-12-10,1.07,1.14,0.7,1.42,,
2018-12-11,0.97,1.03,0.65,1.27,,
2018-12-12,1.0,1.24,0.62,1.09,,
2018-12-13,1.16,1.25,0.75,1.79,,
2018-12-14,1.14,1.25,0.79,1.41,,
2018-12-17,1.37,1.19,0.97,2.11,,
2018-12-18,1.09,1.11,0.69,1.46,,
2018-12-19,1.28,1.52,0.85,1.29,,
2018-12-20,1.82,1.67,0.91,3.26,,
2018-12-21,1.43,1.1,1.13,2.55,,
2018-12-24,1.32,1.28,0.79,1.96,,
2018-12-26,1.06,1.29,0.62,1.15,,
2018-12-27,0.96,1.03,0.73,1.12,,
2018-12-28,0.78,0.99,0.44,0.97,,
2018-12-31,0.98,1.09,0.6,1.26,,
2019-01-02,1.03,1.13,0.67,1.32,,
2019-01-03,1.31,1.55,0.73,1.9,,
2019-01-04,0.91,1.3,0.59,0.89,,
2019-01-07,0.87,1.04,0.6,1.06,,
2019-01-08,0.97,1.09,0.63,1.39,,
2019-01-09,0.93,1.1,0.59,1.26,,
2019-01-10,1.13,1.35,0.65,1.77,,
2019-01-11,1.08,1.31,0.77,1.35,,
2019-01-14,1.04,1.25,0.65,1.68,,
2019-01-15,1.03,1.17,0.7,1.38,,
2019-01-16,1.08,1.33,0.6,1.48,,
2019-01-17,0.8,0.93,0.52,1.3,,
2019-01-18,0.84,0.99,0.54,1.23,,
2019-01-22,0.93,1.04,0.64,1.4,,
2019-01-23,1.16,1.55,0.64,1.8,,
2019-01-24,0.98,1.09,0.72,1.66,,
2019-01-25,0.75,1.11,0.51,0.81,,
2019-01-28,0.99,1.09,0.76,1.29,,
2019-01-29,0.89,1.33,0.68,0.95,,
2019-01-30,0.89,1.26,0.63,0.98,,
2019-01-31,0.84,1.15,0.53,1.08,,
2019-02-01,1.13,1.73,0.6,1.45,,
2019-02-04,0.84,0.94,0.6,1.24,,
2019-02-05,0.83,1.2,0.56,0.8,,
2019-02-06,0.97,1.11,0.64,1.61,,
2019-02-07,0.99,1.21,0.7,1.17,,
2019-02-08,1.04,1.57,0.61,1.31,,
2019-02-11,0.87,1.08,0.6,1.08,,
2019-02-12,0.78,0.92,0.57,0.9,,
2019-02-13,1.01,1.63,0.57,0.99,,
2019-02-14,0.92,1.09,0.6,1.35,,
2019-02-15,0.8,0.95,0.52,1.17,,
2019-02-19,0.86,0.99,0.61,1.2,,
2019-02-20,0.79,1.05,0.54,0.96,,
2019-02-21,0.93,1.14,0.66,1.12,,
2019-02-22,0.79,0.96,0.63,0.84,,
2019-02-25,0.78,0.82,0.55,1.25,,
2019-02-26,0.85,0.96,0.6,1.43,,
2019-02-27,0.93,1.29,0.54,1.46,,
2019-02-28,0.96,1.4,0.63,1.23,,
2019-03-01,0.91,1.24,0.6,1.22,,
2019-03-04,1.0,1.06,0.67,1.53,,
2019-03-05,0.89,1.18,0.67,1.1,,
2019-03-06,1.06,1.33,0.7,1.53,,
2019-03-07,1.12,1.26,0.76,1.58,,
2019-03-08,0.97,0.96,0.75,1.36,,
2019-03-11,0.82,0.94,0.57,1.15,,
2019-03-12,1.01,1.38,0.66,1.21,,
2019-03-13,0.85,1.07,0.52,0.95,,
2019-03-14,0.91,1.08,0.65,1.16,,
2019-03-15,0.85,1.17,0.57,0.9,,
2019-03-18,0.81,0.96,0.52,1.2,,
2019-03-19,0.96,1.16,0.58,1.54,,
2019-03-20,0.89,0.97,0.58,1.33,,
2019-03-21,0.77,1.18,0.51,0.9,,
2019-03-22,0.89,0.85,0.68,1.36,,
2019-03-25,0.86,0.81,0.62,1.44,,
2019-03-26,0.88,1.11,0.65,0.94,,
2019-03-27,1.03,1.2,0.69,1.52,,
2019-03-28,0.87,0.99,0.71,0.99,,
2019-03-29,0.88,1.11,0.65,0.97,,
2019-04-01,0.84,1.03,0.61,0.89,,
2019-04-02,0.83,1.0,0.57,1.19,,
2019-04-03,0.86,0.99,0.52,1.39,,
2019-04-04,0.81,1.04,0.59,1.01,,
2019-04-05,0.82,0.96,0.59,1.07,,
2019-04-08,0.76,0.8,0.68,0.81,,
2019-04-09,0.86,0.92,0.58,1.5,,
2019-04-10,0.89,1.14,0.62,1.15,,
2019-04-11,0.99,1.21,0.67,1.36,,
2019-04-12,0.74,0.95,0.54,0.75,,
2019-04-15,0.91,1.26,0.57,0.95,,
2019-04-16,0.92,1.73,0.58,0.59,,
2019-04-17,0.81,0.92,0.55,1.26,,
2019-04-18,0.88,1.12,0.62,1.17,,
2019-04-22,0.86,1.06,0.6,1.32,,
2019-04-23,0.81,0.91,0.59,1.11,,
2019-04-24,0.87,1.2,0.6,1.02,,
2019-04-25,0.85,1.06,0.57,1.41,,
2019-04-26,0.86,1.21,0.63,1.01,,
2019-04-29,0.86,1.14,0.61,1.08,,
2019-04-30,1.04,1.34,0.65,1.52,,
2019-05-01,0.93,1.17,0.63,1.23,,
2019-05-02,0.93,1.04,0.64,1.5,,
2019-05-03,0.77,0.99,0.52,1.03,,
2019-05-06,1.05,1.24,0.63,1.51,,
2019-05-07,0.87,0.81,0.68,1.3,,
2019-05-08,1.2,1.63,0.66,1.47,,
2019-05-09,1.28,1.39,0.7,2.11,,
2019-05-10,1.24,1.51,0.8,1.49,,
2019-05-13,1.09,1.04,0.79,1.7,,
2019-05-14,1.02,1.33,0.7,1.05,,
2019-05-15,1.15,1.21,0.77,1.76,,
2019-05-16,1.02,1.08,0.66,1.75,,
2019-05-17,1.09,1.12,0.81,1.71,,
2019-05-20,0.85,0.9,0.65,1.29,,
2019-05-21,1.0,1.46,0.57,1.08,,
2019-05-22,0.94,1.03,0.72,1.27,,
2019-05-23,1.21,1.45,0.8,1.57,,
2019-05-24,0.96,0.99,0.76,1.38,,
2019-05-28,1.07,1.33,0.68,1.57,,
2019-05-29,1.41,1.55,0.63,2.62,,
2019-05-30,1.1,1.33,0.64,1.85,,
2019-05-31,1.19,1.3,0.83,1.59,,
2019-06-03,1.13,1.39,0.67,1.62,,
2019-06-04,0.96,1.13,0.67,1.29,,
2019-06-05,0.99,1.26,0.64,1.25,,
2019-06-06,0.85,0.9,0.66,1.18,,
2019-06-07,0.79,0.86,0.51,1.28,,
2019-06-10,0.78,0.82,0.57,1.23,,
2019-06-11,0.98,1.22,0.65,1.32,,
2019-06-12,1.0,1.11,0.77,1.33,,
2019-06-13,0.9,1.14,0.63,1.16,,
2019-06-14,0.97,1.24,0.63,1.28,,
2019-06-17,1.0,1.3,0.72,1.16,,
2019-06-18,0.91,1.17,0.55,1.13,,
2019-06-19,0.85,0.99,0.61,0.99,,
2019-06-20,0.76,0.98,0.52,0.7,,
2019-06-21,0.76,0.91,0.53,0.97,,
2019-06-24,0.77,0.8,0.59,1.1,,
2019-06-25,0.98,1.31,0.63,1.11,,
2019-06-26,0.91,1.26,0.67,0.9,,
2019-06-27,0.89,1.26,0.58,1.06,,
2019-06-28,0.86,1.19,0.55,0.98,,
2019-07-01,0.88,0.92,0.65,1.26,,
2019-07-02,0.89,0.92,0.66,1.23,,
2019-07-03,0.77,0.84,0.64,0.86,,
2019-07-05,0.9,1.14,0.61,0.99,,
2019-07-08,0.94,1.15,0.63,1.2,,
2019-07-09,0.94,1.6,0.58,0.99,,
2019-07-10,0.87,1.34,0.51,0.88,,
2019-07-11,0.88,1.16,0.61,1.02,,
2019-07-12,0.9,1.15,0.55,1.32,,
2019-07-15,0.96,1.37,0.59,1.02,,
2019-07-16,0.9,1.04,0.62,1.09,,
2019-07-17,0.99,1.21,0.67,1.25,,
2019-07-18,0.94,1.31,0.6,1.01,,
2019-07-19,1.09,1.42,0.6,1.53,,
2019-07-22,0.99,1.31,0.71,1.22,,
2019-07-23,0.75,0.83,0.61,0.91,,
2019-07-24,0.73,0.69,0.66,1.08,,
2019-07-25,0.77,0.77,0.68,1.04,,
2019-07-26,0.81,0.85,0.6,1.4,,
2019-07-29,0.81,0.81,0.71,1.13,,
2019-07-30,1.03,1.34,0.73,1.29,,
2019-07-31,0.99,1.11,0.62,1.51,,
2019-08-01,1.06,0.97,0.75,1.9,,
2019-08-02,1.13,1.09,0.87,1.71,,
2019-08-05,1.24,1.1,0.84,2.18,,
2019-08-06,1.1,1.17,0.78,1.51,,
2019-08-07,1.26,1.3,0.78,1.87,,
2019-08-08,1.05,1.48,0.62,1.22,,
2019-08-09,0.99,1.2,0.68,1.2,,
2019-08-12,1.16,1.29,0.78,1.56,,
2019-08-13,0.93,1.03,0.66,1.22,,
2019-08-14,1.27,1.43,0.84,1.63,,
2019-08-15,1.17,1.19,0.98,1.52,,
2019-08-16,1.1,1.39,0.67,1.53,,
2019-08-19,0.94,1.36,0.55,1.1,,
2019-08-20,0.84,0.89,0.69,1.12,,
2019-08-21,1.28,1.51,0.6,2.54,,
2019-08-22,0.93,0.94,0.74,1.35,,
2019-08-23,1.19,1.44,0.88,1.25,,
2019-08-26,1.09,1.54,0.58,1.28,,
2019-08-27,0.95,1.25,0.64,1.07,,
2019-08-28,1.18,1.43,0.64,1.86,,
2019-08-29,1.01,1.22,0.66,1.29,,
2019-08-30,1.25,1.83,0.68,1.47,,
2019-09-03,1.11,1.4,0.73,1.26,,
2019-09-04,1.0,1.43,0.68,0.95,,
2019-09-05,0.82,1.05,0.53,1.01,,
2019-09-06,0.92,1.21,0.56,1.22,,
2019-09-09,0.98,1.35,0.59,1.47,,
2019-09-10,0.84,1.07,0.65,0.96,,
2019-09-11,0.78,1.0,0.54,0.95,,
2019-09-12,0.84,1.13,0.55,0.86,,
2019-09-13,0.92,1.22,0.62,0.87,,
2019-09-16,1.19,1.56,0.68,1.8,,
2019-09-17,0.83,0.89,0.56,1.24,,
2019-09-18,1.03,1.09,0.7,1.39,,
2019-09-19,1.12,1.22,0.67,1.88,,
2019-09-20,1.05,1.38,0.65,1.66,,
2019-09-23,1.03,1.57,0.65,1.28,,
2019-09-24,1.15,1.41,0.7,1.64,,
2019-09-25,1.05,1.5,0.67,1.1,,
2019-09-26,1.04,1.57,0.74,1.02,,
2019-09-27,1.06,1.49,0.72,1.03,,
2019-09-30,1.17,1.69,0.67,1.19,,
2019-10-01,1.09,1.7,0.73,0.97,,
2019-10-02,1.27,1.3,0.84,1.73,,
2019-10-03,1.37,1.64,0.77,2.01,,
2019-10-04,1.05,1.51,0.65,1.08,,
2024-01-02,0.94,1.07,0.65,1.1,0.27,1.36
2024-01-03,1.05,1.2,0.69,1.22,0.38,1.37
2024-01-04,0.95,1.1,0.69,1.03,0.53,1.22
2024-01-05,1.18,1.3,0.7,1.78,0.83,1.38
2024-01-08,0.84,0.9,0.59,1.08,0.29,1.23
2024-01-09,0.93,1.09,0.61,1.04,0.46,1.29
2024-01-10,1.28,0.98,1.55,1.73,0.45,1.19
2024-01-11,1.04,1.14,0.8,1.13,0.51,1.25
2024-01-12,0.88,0.81,0.83,1.22,0.19,1.34
2024-01-16,1.01,1.05,0.84,1.17,0.4,1.4
2024-01-17,1.01,1.11,0.69,1.19,0.45,1.42
2024-01-18,0.91,1.17,0.69,0.81,0.5,1.28
2024-01-19,0.88,1.14,0.59,0.9,0.37,1.27
2024-01-22,0.82,1.01,0.49,0.99,0.2,1.34
2024-01-23,0.91,0.9,0.57,1.45,0.42,1.23
2024-01-25,0.94,1.19,0.67,1.02,0.5,1.3
2024-01-26,0.91,1.08,0.66,0.99,0.21,1.34
2024-01-29,0.94,1.23,0.57,1.08,0.57,1.34
2024-01-30,0.91,1.18,0.66,0.84,0.41,1.44
2024-01-31,0.92,1.11,0.64,0.94,0.62,1.27
2024-02-01,1.0,1.17,0.64,1.23,0.55,1.31
2024-02-02,1.04,1.26,0.62,1.39,0.9,1.3
2024-02-05,0.93,1.09,0.65,0.98,0.37,1.3
2024-02-06,0.82,0.88,0.73,0.82,0.29,1.26
2024-02-07,0.98,1.06,0.7,1.34,0.39,1.35
2024-02-08,0.84,1.01,0.62,0.97,0.49,1.23
2024-02-09,0.82,1.07,0.48,0.99,0.37,1.45
2024-02-12,1.0,1.09,0.55,1.65,0.38,1.35
2024-02-13,0.89,0.89,0.65,1.21,0.28,1.51
2024-02-14,0.96,1.13,0.57,1.23,0.41,1.57
2024-02-15,0.85,0.95,0.54,1.14,0.18,1.29
2024-02-16,0.93,1.34,0.53,1.07,0.36,1.49
2024-02-20,0.93,1.15,0.55,1.08,0.44,1.35
2024-02-21,1.09,1.37,0.72,1.1,0.99,1.45
2024-02-22,0.94,1.08,0.66,1.08,0.38,1.26
2024-02-23,0.96,1.25,0.66,0.98,0.66,1.34
2024-02-26,1.0,1.18,0.7,1.26,0.5,1.38
2024-02-27,0.97,1.24,0.61,1.11,0.68,1.39
2024-02-28,0.87,1.2,0.48,1.07,0.52,1.37
2024-02-29,0.93,1.19,0.64,0.92,0.47,1.28
2024-03-01,0.97,1.13,0.6,1.32,0.38,1.32
2024-03-04,0.86,1.14,0.64,0.81,0.34,1.48
2024-03-05,1.04,1.21,0.7,1.11,0.8,1.32
2024-03-06,1.06,1.18,0.83,1.22,0.36,1.29
2024-03-07,0.95,1.22,0.56,1.12,0.73,1.33
2024-03-08,0.92,1.18,0.56,0.95,0.48,1.4
2024-03-11,1.03,1.34,0.68,1.08,0.61,1.53
2024-03-12,1.07,1.19,0.68,1.29,0.45,1.44
2024-03-13,0.87,1.04,0.59,0.94,0.35,1.46
2024-03-14,0.9,1.09,0.63,0.83,0.41,1.4
2024-03-15,0.8,0.87,0.61,0.97,0.19,1.42
2024-03-18,0.86,1.0,0.5,1.18,0.3,1.51
2024-03-19,1.02,1.13,0.66,1.26,0.61,1.38
2024-03-20,0.98,1.07,0.72,1.17,0.27,1.51
2024-03-21,0.99,1.13,0.67,1.22,0.52,1.35
2024-03-22,1.29,1.38,0.65,2.38,0.69,1.54
2024-03-25,1.02,1.28,0.7,1.2,0.32,1.59
2024-03-26,1.0,1.31,0.64,1.04,0.65,1.52
2024-03-27,1.02,1.29,0.67,1.07,0.68,1.43
2024-03-28,1.19,1.13,0.56,2.2,0.27,1.39
2024-04-01,0.94,1.15,0.65,0.97,0.2,1.41
2024-04-02,0.95,1.19,0.66,0.85,0.68,1.4
2024-04-03,1.06,1.35,0.69,1.13,0.96,1.41
2024-04-04,1.03,1.18,0.68,1.15,0.78,1.35
2024-04-05,1.19,1.51,0.71,1.24,1.13,1.66
2024-04-08,1.02,1.26,0.64,1.11,0.67,1.54
2024-04-09,1.05,1.27,0.72,1.08,0.98,1.38
2024-04-10,1.01,1.11,0.63,1.21,0.49,1.37
2024-04-11,0.98,1.2,0.63,1.05,0.7,1.37
2024-04-12,0.85,0.9,0.68,0.89,0.42,1.44
2024-04-15,0.92,0.98,0.64,1.06,0.44,1.37
2024-04-16,0.83,0.94,0.73,0.71,0.4,1.37
2024-04-17,1.27,1.14,1.13,1.72,0.51,1.39
2024-04-18,0.99,1.27,0.68,0.91,0.73,1.42
2024-04-19,1.03,1.28,0.65,1.18,0.66,1.44
2024-04-22,0.91,1.1,0.57,1.05,0.43,1.36
2024-04-23,1.03,1.24,0.65,1.14,0.86,1.37
2024-04-24,0.94,1.06,0.71,1.07,0.55,1.25
2024-04-25,0.93,1.02,0.68,1.12,0.42,1.23
2024-04-26,1.0,1.41,0.55,1.21,1.37,1.42
2024-04-29,0.93,1.2,0.61,1.0,0.43,1.38
2024-04-30,0.94,1.14,0.6,1.09,0.53,1.27
2024-05-01,1.06,1.19,0.84,1.2,0.57,1.39
2024-05-02,0.99,1.19,0.73,1.04,0.37,1.33
2024-05-03,0.94,1.21,0.6,0.98,0.79,1.37
2024-05-06,1.29,1.24,0.63,2.86,0.73,1.45
2024-05-07,0.99,1.15,0.72,1.1,0.73,1.39
2024-05-08,0.97,1.13,0.69,1.11,0.54,1.36
2024-05-09,0.85,1.04,0.55,1.03,0.43,1.24
2024-05-10,0.9,1.14,0.6,0.98,0.51,1.38
2024-05-13,0.89,1.11,0.57,1.13,0.46,1.46
2024-05-14,0.9,1.17,0.53,1.17,0.73,1.33
2024-05-15,0.88,0.91,0.57,1.26,0.39,1.32
2024-05-16,0.82,1.02,0.59,0.77,0.46,1.34
2024-05-17,0.81,1.1,0.54,0.86,0.49,1.47
2024-05-20,1.0,1.17,0.53,1.48,0.67,1.43
2024-05-21,0.83,0.94,0.59,1.02,0.3,1.4
2024-05-22,0.82,0.93,0.57,1.04,0.17,1.45
2024-05-23,0.9,0.94,0.65,1.19,0.25,1.33
2024-05-24,1.0,1.16,0.67,1.28,0.28,1.45
2024-05-28,0.88,1.08,0.56,1.08,0.3,1.44
2024-05-29,1.0,1.16,0.68,1.15,0.42,1.45
2024-05-30,1.01,1.09,0.87,1.1,0.56,1.26
2024-05-31,0.94,1.08,0.73,0.94,0.56,1.24
2024-06-03,0.89,1.0,0.58,1.1,0.38,1.26
2024-06-04,0.95,1.23,0.61,0.88,0.85,1.29
2024-06-05,0.98,1.07,0.75,1.1,0.41,1.31
2024-06-06,0.99,0.91,0.59,2.07,0.34,1.31
2024-06-07,0.85,1.01,0.58,0.95,0.4,1.27
2024-06-10,0.9,1.12,0.58,1.21,0.51,1.26
2024-06-11,0.88,1.07,0.59,0.97,0.49,1.3
2024-06-12,0.66,1.0,0.53,0.45,0.41,1.23
2024-06-13,0.79,1.06,0.87,0.48,0.31,1.41
2024-06-14,0.93,1.04,0.58,1.5,0.24,1.58
2024-06-17,0.87,1.0,0.62,0.98,0.39,1.32
2024-06-18,0.87,1.07,0.58,0.97,0.32,1.47
2024-06-20,0.87,1.09,0.62,0.85,0.44,1.44
2024-06-21,0.83,1.12,0.63,0.81,0.52,1.34
2024-06-24,0.92,1.22,0.58,1.07,0.3,1.43
2024-06-25,0.9,1.14,0.59,1.11,0.23,1.33
2024-06-26,0.75,0.95,0.54,0.91,0.2,1.28
2024-06-27,0.85,0.89,0.76,0.94,0.14,1.23
2024-06-28,0.89,1.03,0.64,1.02,0.3,1.2
2024-07-01,0.93,1.19,0.56,1.15,0.43,1.47
2024-07-02,0.94,1.1,0.7,1.07,0.49,1.32
2024-07-03,0.84,1.11,0.51,0.96,0.47,1.4
2024-07-05,0.89,1.3,0.56,0.87,0.58,1.43
2024-07-08,0.79,0.93,0.51,1.1,0.25,1.35
2024-07-09,0.9,1.26,0.57,0.95,0.49,1.48
2024-07-10,0.85,1.11,0.55,0.84,0.69,1.23
2024-07-11,0.8,0.95,0.61,0.82,0.39,1.18
2024-07-12,0.82,1.05,0.57,0.84,0.46,1.26
2024-07-15,0.84,0.96,0.52,1.15,0.35,1.27
2024-07-16,0.79,0.96,0.49,0.87,0.44,1.4
2024-07-17,0.8,1.02,0.53,0.9,0.49,1.34
2024-07-18,0.87,1.18,0.6,0.74,0.62,1.35
2024-07-19,0.8,1.01,0.6,0.79,0.33,1.32
2024-07-22,0.87,1.14,0.55,0.9,0.41,1.31
2024-07-23,0.96,1.2,0.63,0.97,0.88,1.31
2024-07-24,1.02,1.23,0.7,1.01,0.89,1.38
2024-07-25,0.98,1.16,0.8,0.92,0.66,1.34
2024-07-26,1.04,1.31,0.73,1.06,0.63,1.43
2024-07-29,0.92,0.99,0.65,1.16,0.28,1.37
2024-07-30,1.04,1.4,0.68,0.96,1.78,1.38
2024-07-31,0.97,1.22,0.59,1.21,0.47,1.53
2024-08-01,0.92,1.08,0.64,1.05,0.6,1.33
2024-08-02,1.16,1.3,0.81,1.39,0.76,1.96
2024-08-05,1.28,1.55,0.77,1.32,0.42,2.71
2024-08-06,1.11,1.31,0.72,1.11,0.89,1.54
2024-08-07,1.06,1.17,0.69,1.33,0.71,1.52
2024-08-08,1.19,1.34,0.97,1.25,1.13,1.4
2024-08-09,0.93,1.21,0.6,1.03,0.86,1.38
2024-08-12,1.02,1.16,0.68,1.2,0.67,1.53
2024-08-13,0.98,1.03,0.67,1.36,0.71,1.2
2024-08-14,0.9,1.02,0.67,1.01,0.66,1.19
2024-08-15,0.92,1.04,0.58,1.19,0.71,1.18
2024-08-16,0.88,1.06,0.51,1.31,0.54,1.41
2024-08-19,0.72,0.88,0.47,0.83,0.4,1.14
2024-08-20,0.84,0.95,0.59,0.95,0.51,1.26
2024-08-21,0.86,1.03,0.59,0.87,0.5,1.29
2024-08-22,0.92,1.08,0.74,0.88,0.63,1.16
2024-08-23,1.07,1.29,0.55,1.46,1.3,1.29
2024-08-26,0.91,1.03,0.57,1.17,0.37,1.18
2024-08-27,1.0,1.19,0.7,1.06,0.57,1.4
2024-08-28,0.9,1.08,0.64,0.93,0.53,1.26
2024-08-29,0.93,1.19,0.62,1.0,0.53,1.37
2024-08-30,0.73,0.76,0.6,0.89,0.15,1.25
2024-09-03,0.81,0.85,0.73,0.78,0.42,1.31
2024-09-04,0.99,1.03,0.73,1.22,0.53,1.38
2024-09-05,0.86,0.71,0.98,1.32,0.17,1.32
2024-09-06,1.12,1.36,0.75,1.15,1.04,1.43
2024-09-09,1.09,1.33,0.64,1.35,0.96,1.43
2024-09-10,0.94,1.07,0.69,1.03,0.45,1.32
2024-09-11,0.86,0.93,0.6,0.99,0.43,1.12
2024-09-12,0.94,1.05,0.57,1.4,0.66,1.22
2024-09-13,0.92,1.21,0.54,1.1,0.75,1.39
2024-09-16,0.82,1.02,0.52,0.92,0.38,1.32
2024-09-17,0.8,1.02,0.51,0.82,0.44,1.3
2024-09-18,0.96,1.21,0.61,1.07,0.41,1.57
2024-09-19,0.95,1.12,0.77,0.96,0.32,1.37
2024-09-20,0.85,1.28,0.52,0.86,0.86,1.38
2024-09-23,0.83,1.15,0.49,0.9,0.58,1.43
2024-09-24,0.9,1.31,0.54,0.86,0.98,1.39
2024-09-25,0.76,0.92,0.52,0.86,0.22,1.37
2024-09-26,0.79,1.16,0.5,0.71,1.05,1.18
2024-09-27,0.76,0.92,0.53,0.89,0.24,1.43
2024-09-30,0.92,1.2,0.55,0.98,0.45,1.35
2024-10-01,0.88,1.03,0.55,1.0,0.42,1.4
2024-10-02,1.02,1.41,0.56,1.07,0.89,1.55
2024-10-03,0.88,0.93,0.71,1.02,0.26,1.52
2024-10-04,1.02,1.27,0.48,1.55,0.34,1.5
2024-10-07,0.79,0.87,0.55,0.96,0.26,1.39
2024-10-08,0.92,1.2,0.54,1.08,0.54,1.44
2024-10-09,0.97,1.08,0.59,1.36,0.5,1.3
2024-10-10,0.87,1.13,0.49,0.97,0.74,1.32
2024-10-11,0.88,1.15,0.44,1.37,0.36,1.46
2024-10-14,0.82,1.11,0.5,0.89,0.49,1.31
2024-10-15,0.88,1.11,0.57,0.96,0.35,1.44
2024-10-16,0.89,1.11,0.57,0.93,0.62,1.42
2024-10-17,0.92,1.2,0.77,0.74,0.73,1.34
2024-10-18,0.81,1.37,0.42,0.93,1.03,1.43
2024-10-21,0.9,1.21,0.49,1.06,0.43,1.43
2024-10-22,0.98,1.26,0.59,1.07,1.09,1.28
2024-10-23,0.92,1.27,0.58,0.74,0.97,1.3
2024-10-24,0.86,1.12,0.55,0.95,0.69,1.24
2024-10-25,0.9,1.28,0.51,1.0,0.67,1.38
2024-10-28,1.0,1.41,0.58,1.15,1.2,1.46
2024-10-29,0.9,1.15,0.62,1.01,0.81,1.22
2024-10-30,0.92,1.3,0.63,0.92,1.17,1.33
2024-10-31,0.99,1.35,0.63,0.95,1.28,1.39
2024-11-01,1.12,1.7,0.71,1.11,2.32,1.59
2024-11-04,1.33,1.91,0.61,1.3,3.04,1.57
2024-11-05,0.99,1.13,0.62,1.3,0.92,1.23
2024-11-06,0.88,1.13,0.54,0.94,0.69,1.38
2024-11-07,0.82,1.21,0.47,0.96,0.98,1.29
2024-11-08,0.81,1.22,0.55,0.79,0.66,1.38
2024-11-11,0.74,1.0,0.48,0.89,0.41,1.31
2024-11-12,0.79,1.09,0.5,0.76,0.69,1.22
2024-11-13,0.84,1.08,0.54,1.05,0.61,1.26
2024-11-14,0.85,1.13,0.63,0.82,0.61,1.29
2024-11-15,0.9,1.19,0.6,0.92,0.88,1.34
2024-11-18,0.82,1.07,0.51,0.97,0.57,1.25
2024-11-19,0.87,1.03,0.62,0.9,0.44,1.35
2024-11-20,0.8,0.95,0.58,0.93,0.43,1.17
2024-11-21,0.8,1.11,0.53,0.88,0.47,1.21
2024-11-22,0.85,1.29,0.51,0.94,0.85,1.37
2024-11-25,0.77,1.17,0.48,0.78,0.75,1.27
2024-11-26,0.81,1.14,0.48,0.98,0.46,1.28
2024-11-27,0.86,1.13,0.56,0.98,0.27,1.28
2024-11-29,0.86,1.17,0.56,0.94,0.66,1.27
2024-12-02,0.87,1.16,0.62,0.92,0.32,1.48
2024-12-03,0.83,0.98,0.55,1.04,0.3,1.33
2024-12-04,0.8,1.05,0.49,1.04,0.31,1.4
2024-12-05,0.8,1.07,0.5,1.04,0.33,1.2
2024-12-06,0.84,1.27,0.54,0.9,0.53,1.58
2024-12-09,0.79,0.99,0.56,0.99,0.24,1.37
2024-12-10,0.84,1.22,0.48,0.93,0.29,1.52
2024-12-11,0.79,1.01,0.53,0.99,0.45,1.24
2024-12-12,0.87,0.93,0.68,1.14,0.28,1.32
2024-12-13,0.84,1.04,0.58,0.98,0.29,1.38
2024-12-16,0.85,1.2,0.51,0.96,0.66,1.36
2024-12-17,0.81,1.07,0.49,0.99,0.66,1.28
2024-12-18,0.85,1.1,0.45,1.1,0.46,1.42
2024-12-19,0.98,1.35,0.62,0.93,0.73,1.66
2024-12-20,0.93,1.3,0.54,1.03,1.21,1.31
2024-12-23,0.89,1.09,0.48,1.49,0.48,1.19
2024-12-24,0.96,1.06,0.51,1.51,1.06,1.06
2024-12-26,0.78,1.06,0.49,0.8,0.65,1.12
2024-12-27,0.89,1.19,0.67,0.79,0.66,1.26
2024-12-30,0.92,1.13,0.63,1.05,0.56,1.2
2024-12-31,0.81,1.06,0.46,0.86,0.42,1.18
2025-01-02,1.04,1.21,0.8,1.12,0.7,1.29
2025-01-03,0.81,1.04,0.45,1.47,0.32,1.24
2025-01-06,0.8,1.12,0.42,1.18,0.66,1.21
2025-01-07,0.78,0.93,0.45,1.1,0.26,1.36
2025-01-08,0.95,1.17,0.6,1.23,0.56,1.37
2025-01-09,1.73,1.73,0.0,0.0,0.09,1.95
2025-01-10,0.97,1.21,0.7,1.1,0.5,1.46
2025-01-13,0.95,1.18,0.6,1.11,0.78,1.33
2025-01-14,0.77,1.12,0.41,0.79,0.94,1.16
2025-01-15,0.86,1.07,0.58,1.03,0.72,1.22
2025-01-16,0.85,0.88,0.94,0.69,0.27,1.25
2025-01-17,0.69,0.91,0.43,0.86,0.32,1.28
2025-01-21,0.72,0.94,0.46,0.81,0.46,1.29
2025-01-22,0.76,0.92,0.49,0.85,0.19,1.42
2025-01-23,0.78,0.97,0.53,0.92,0.32,1.15
2025-01-24,0.76,1.0,0.52,0.82,0.27,1.22
2025-01-27,0.89,1.13,0.57,1.1,0.57,1.37
2025-01-28,0.75,0.98,0.53,0.74,0.43,1.11
2025-01-29,0.72,0.76,0.59,0.92,0.19,1.1
2025-01-30,0.69,0.77,0.52,0.87,0.18,1.2
2025-01-31,0.85,1.21,0.49,0.97,0.78,1.28
2025-02-03,0.93,1.14,0.54,1.12,0.77,1.25
2025-02-04,0.84,1.11,0.51,0.98,0.43,1.28
2025-02-05,0.79,1.02,0.54,0.86,0.53,1.17
2025-02-06,0.8,0.99,0.57,0.94,0.43,1.15
2025-02-07,0.79,1.05,0.52,0.86,0.34,1.25
2025-02-10,0.77,1.03,0.47,0.99,0.25,1.34
2025-02-11,0.83,1.12,0.53,0.95,0.35,1.36
2025-02-12,0.85,1.09,0.56,0.95,0.45,1.27
2025-02-13,0.95,1.06,0.77,1.13,0.4,1.24
2025-02-14,0.7,1.04,0.46,0.66,0.26,1.47
2025-02-18,0.76,0.88,0.5,1.18,0.31,1.35
2025-02-19,0.89,1.16,0.6,0.98,0.29,1.47
2025-02-20,0.75,1.0,0.59,0.63,0.43,1.19
2025-02-21,0.87,1.11,0.63,0.93,0.42,1.41
2025-02-24,0.97,1.3,0.58,1.13,0.57,1.47
2025-02-25,0.92,1.17,0.64,0.94,0.76,1.29
2025-02-26,0.92,1.12,0.6,1.15,0.47,1.22
2025-02-27,0.84,0.85,0.68,1.12,0.2,1.22
2025-02-28,0.92,1.19,0.61,1.03,0.64,1.34
2025-03-03,0.94,1.05,0.64,1.19,0.44,1.32
2025-03-04,0.91,0.99,0.61,1.25,0.61,1.28
2025-03-05,0.76,0.82,0.54,0.93,0.26,1.24
2025-03-06,0.95,1.13,0.65,0.96,1.2,1.11
2025-03-07,0.9,1.23,0.57,0.94,0.98,1.27
2025-03-10,0.92,1.14,0.6,0.95,0.63,1.37
2025-03-11,0.91,0.95,0.57,1.29,0.6,1.18
2025-03-12,0.91,0.97,0.62,1.21,0.41,1.27
2025-03-13,1.03,1.02,0.94,1.23,0.44,1.26
2025-03-14,0.96,1.22,0.57,1.27,0.68,1.42
2025-03-17,0.91,1.04,0.59,1.17,0.75,1.17
2025-03-18,0.78,0.89,0.58,0.85,0.22,1.18
2025-03-19,0.88,1.16,0.54,0.95,0.51,1.34
2025-03-20,0.83,1.09,0.61,0.74,0.45,1.22
2025-03-21,0.82,1.08,0.55,0.89,0.45,1.18
2025-03-24,0.76,0.96,0.48,0.88,0.42,1.17
2025-03-25,0.79,0.8,0.65,1.04,0.33,1.11
2025-03-26,0.95,1.11,0.71,0.96,0.32,1.33
2025-03-27,0.97,1.13,0.72,1.15,0.57,1.27
2025-03-28,1.02,1.15,0.68,1.33,0.64,1.27
2025-03-31,0.97,1.14,0.58,1.18,0.46,1.29
2025-04-01,0.91,1.09,0.53,1.0,0.49,1.23
2025-04-02,0.95,1.02,0.59,1.2,0.65,1.17
2025-04-03,1.15,1.05,1.02,1.67,0.46,1.54
2025-04-04,1.18,1.31,0.64,1.93,0.6,1.78
2025-04-07,1.2,1.58,0.63,1.28,0.78,1.95
2025-04-08,1.23,1.35,0.77,1.49,0.62,1.77
2025-04-09,1.04,1.38,0.58,1.11,1.04,1.5
2025-04-10,1.11,1.17,0.76,1.45,0.6,1.46
2025-04-11,0.78,0.99,0.43,0.99,0.57,1.27
2025-04-14,1.01,1.11,0.68,1.25,0.8,1.25
2025-04-15,1.02,1.09,0.72,1.41,0.67,1.36
2025-04-16,0.95,1.19,0.72,0.88,0.51,1.47
2025-04-17,0.89,1.23,0.54,1.11,0.53,1.36
2025-04-21,1.0,1.19,0.67,1.1,0.62,1.32
2025-04-22,0.87,1.13,0.54,0.89,0.84,1.18
2025-04-23,0.9,1.11,0.54,1.06,0.63,1.2
2025-04-24,0.99,1.21,0.64,1.16,0.52,1.33
2025-04-25,0.81,1.23,0.46,0.86,0.63,1.36
2025-04-28,0.84,0.99,0.57,0.95,0.24,1.16
2025-04-29,0.88,1.04,0.55,1.07,0.52,1.21
2025-04-30,0.83,0.87,0.67,0.97,0.31,1.05
2025-05-01,0.83,1.09,0.52,0.9,0.52,1.19
2025-05-02,0.84,1.2,0.49,0.97,0.78,1.28
2025-05-05,0.92,1.17,0.6,0.99,0.52,1.29
2025-05-06,0.91,1.13,0.64,0.89,0.5,1.23
2025-05-07,0.8,1.09,0.54,0.75,0.53,1.28
2025-05-08,0.81,0.84,0.54,1.23,0.22,1.14
2025-05-09,0.77,1.03,0.53,0.88,0.35,1.24
2025-05-12,0.85,1.17,0.5,0.95,0.92,1.3
2025-05-13,0.79,1.05,0.55,0.93,0.7,1.13
2025-05-14,0.7,0.9,0.41,0.96,0.4,1.08
2025-05-15,0.68,0.82,0.52,0.7,0.25,1.07
2025-05-16,0.69,0.96,0.43,0.88,0.28,1.12
2025-05-19,0.87,1.16,0.48,1.02,0.54,1.21
2025-05-20,0.78,0.92,0.56,0.88,0.28,1.15
2025-05-21,0.89,1.1,0.55,1.05,0.49,1.25
2025-05-22,0.94,1.06,0.75,1.09,0.58,1.18
2025-05-23,0.95,1.25,0.6,1.14,0.65,1.38
2025-05-27,0.88,1.16,0.52,1.06,0.39,1.41
2025-05-28,0.81,1.03,0.58,0.9,0.39,1.15
2025-05-29,0.77,0.91,0.53,0.97,0.15,1.15
2025-05-30,0.88,1.07,0.57,1.11,0.39,1.19
2025-06-02,0.85,1.04,0.58,1.01,0.59,1.13
2025-06-03,0.93,1.06,0.51,1.42,0.43,1.19
2025-06-04,0.85,1.03,0.52,1.11,0.4,1.19
2025-06-05,0.86,1.08,0.63,0.91,0.44,1.23
2025-06-06,0.87,1.18,0.55,1.07,0.39,1.36
2025-06-09,0.79,1.11,0.52,0.79,0.8,1.17
2025-06-10,0.87,1.12,0.57,0.96,0.63,1.28
2025-06-11,0.79,0.98,0.52,0.82,0.36,1.26
2025-06-12,0.87,1.12,0.58,0.89,0.39,1.4
2025-06-13,0.89,1.03,0.61,1.06,0.36,1.4
2025-06-16,0.9,1.06,0.51,1.32,0.37,1.32
2025-06-17,0.94,1.1,0.61,1.05,0.33,1.48
2025-06-18,0.97,1.18,0.98,0.66,0.38,1.45
2025-06-20,0.88,1.21,0.54,0.91,0.53,1.38
2025-06-23,0.95,1.23,0.54,1.08,0.86,1.3
2025-06-24,0.9,1.03,0.56,1.26,0.33,1.24
2025-06-25,0.81,1.02,0.53,0.92,0.54,1.14
2025-06-26,0.77,0.97,0.53,0.8,0.54,1.09
2025-06-27,0.75,0.9,0.52,0.87,0.33,1.13
2025-06-30,0.83,0.99,0.51,0.95,0.83,1.04
2025-07-01,0.86,1.08,0.51,1.06,0.51,1.26
2025-07-02,0.83,0.98,0.55,1.15,0.14,1.26
2025-07-03,0.79,1.01,0.48,0.96,0.41,1.18
2025-07-07,0.92,1.14,0.58,1.03,0.58,1.24
2025-07-08,0.87,1.07,0.56,1.02,0.47,1.25
2025-07-09,0.89,1.1,0.56,1.27,0.93,1.13
2025-07-10,0.77,0.98,0.52,0.89,0.43,1.1
2025-07-11,0.84,1.16,0.53,0.94,0.72,1.27
2025-07-14,0.85,1.15,0.51,0.91,0.66,1.29
2025-07-15,0.83,1.1,0.57,0.76,0.79,1.2
2025-07-16,0.86,1.05,0.53,1.03,0.32,1.27
2025-07-17,0.8,1.03,0.65,0.74,0.52,1.16
2025-07-18,0.74,1.02,0.48,0.93,0.56,1.18
2025-07-21,0.88,1.04,0.51,1.5,0.22,1.25
2025-07-22,0.87,1.18,0.55,1.05,0.69,1.23
2025-07-23,0.81,1.01,0.55,0.94,0.63,1.1
2025-07-24,0.9,1.15,0.57,1.23,0.66,1.27
2025-07-25,0.91,1.16,0.72,0.93,0.56,1.25
2025-07-28,0.85,1.13,0.58,0.85,0.54,1.19
2025-07-29,0.94,1.26,0.57,0.96,1.1,1.3
2025-07-30,0.9,1.14,0.59,1.07,0.77,1.26
2025-07-31,1.03,1.08,0.84,1.31,0.33,1.26
2025-08-01,0.94,1.0,0.75,1.17,0.43,1.36
2025-08-04,0.9,1.06,0.61,1.15,0.37,1.23
2025-08-05,0.87,1.24,0.58,0.78,0.64,1.3
2025-08-06,0.86,1.04,0.62,1.05,0.55,1.17
2025-08-07,0.79,0.97,0.57,0.88,0.37,1.1
2025-08-08,0.86,1.03,0.64,1.2,0.43,1.17
2025-08-11,0.83,0.98,0.64,0.91,0.28,1.16
2025-08-12,0.95,1.04,0.6,1.51,0.52,1.25
2025-08-13,0.77,0.91,0.63,0.82,0.34,1.06
2025-08-14,0.85,1.03,0.75,0.8,0.26,1.26
2025-08-15,0.79,1.05,0.48,1.18,0.53,1.22
2025-08-18,0.79,1.04,0.5,1.02,0.71,1.15
2025-08-19,0.91,1.19,0.59,0.92,0.89,1.31
2025-08-20,0.88,0.98,0.66,1.11,0.44,1.22
2025-08-21,0.92,1.13,0.62,0.99,1.11,1.14
2025-08-22,0.88,0.99,0.5,1.43,0.44,1.18
2025-08-25,0.86,1.16,0.55,0.9,0.89,1.2
2025-08-26,0.89,1.2,0.55,0.88,0.72,1.29
2025-08-27,0.75,0.85,0.53,0.97,0.29,1.13
2025-08-28,0.89,1.05,0.75,0.86,0.48,1.19
2025-08-29,0.83,0.92,0.56,1.14,0.35,1.18
2025-09-02,0.93,1.04,0.68,1.04,0.53,1.19
2025-09-03,0.87,1.03,0.61,0.98,0.35,1.15
2025-09-04,0.96,1.23,0.62,1.03,1.28,1.24
2025-09-05,0.75,0.8,0.58,0.95,0.2,1.15
2025-09-08,0.8,1.01,0.63,0.67,0.31,1.14
2025-09-09,0.87,1.12,0.54,0.98,0.55,1.27
2025-09-10,0.82,0.99,0.54,1.02,0.35,1.26
2025-09-11,0.86,1.02,0.68,0.93,0.53,1.12
2025-09-12,0.83,1.13,0.58,0.92,0.64,1.29
2025-09-15,0.89,1.27,0.54,0.89,1.11,1.32
2025-09-16,0.78,0.93,0.54,0.81,0.51,1.24
2025-09-17,1.06,1.11,0.6,1.95,0.58,1.33
2025-09-18,0.75,1.05,0.54,0.75,0.76,1.12
2025-09-19,0.77,1.2,0.45,0.92,0.55,1.25
2025-09-22,0.81,1.02,0.48,1.39,0.35,1.12
2025-09-23,0.9,1.21,0.47,1.23,0.54,1.34
2025-09-24,0.86,1.16,0.51,1.11,0.35,1.3
2025-09-25,0.9,1.19,0.56,0.99,0.5,1.28
2025-09-26,0.82,1.12,0.51,1.09,0.36,1.17
2025-09-29,0.78,0.92,0.52,0.99,0.35,1.1
2025-09-30,0.89,1.14,0.58,0.93,0.91,1.16
2025-10-01,0.77,1.04,0.48,0.85,0.45,1.11
2025-10-02,0.81,1.11,0.47,1.16,0.82,1.15
2025-10-03,0.84,1.1,0.6,0.97,0.3,1.3
2025-10-06,0.73,1.03,0.45,0.93,0.35,1.18
2025-10-07,0.91,1.1,0.5,1.26,0.54,1.22
2025-10-08,0.76,1.0,0.5,0.98,0.37,1.15
2025-10-09,0.8,1.05,0.54,1.03,0.34,1.22
2025-10-10,0.98,1.19,0.69,1.23,0.72,1.36
2025-10-13,0.81,0.98,0.55,1.02,0.36,1.31
2025-10-14,0.87,1.14,0.49,1.1,0.63,1.31
2025-10-15,0.78,1.0,0.48,0.92,0.49,1.13
2025-10-16,0.86,1.18,0.56,0.73,1.05,1.25
2025-10-17,0.93,1.07,0.72,1.09,0.62,1.28
2025-10-20,0.86,1.14,0.5,1.1,0.81,1.28
2025-10-21,0.88,1.24,0.48,0.98,0.89,1.37
2025-10-22,0.83,1.07,0.53,0.92,0.33,1.29
2025-10-23,0.85,1.12,0.6,0.93,0.91,1.16
2025-10-24,0.86,1.07,0.52,1.35,0.42,1.17
2025-10-27,0.79,0.99,0.46,1.06,0.43,1.14
2025-10-28,0.74,0.92,0.47,0.97,0.41,1.02
2025-10-29,0.78,1.05,0.44,1.21,0.95,1.04
2025-10-30,0.81,1.14,0.57,0.81,0.78,1.24
2025-10-31,0.86,1.02,0.55,1.37,0.52,1.1
2025-11-03,0.93,1.09,0.58,1.35,0.59,1.18
2025-11-04,0.85,0.99,0.66,0.89,0.36,1.28
2025-11-05,0.85,1.05,0.57,1.1,0.68,1.12
2025-11-06,0.88,1.14,0.56,0.98,0.83,1.2
2025-11-07,1.08,1.19,0.63,1.73,1.04,1.21
2025-11-10,0.83,1.08,0.49,0.99,1.08,1.07
2025-11-11,0.85,0.94,0.7,0.96,0.35,1.15
2025-11-12,0.78,0.95,0.56,0.78,0.64,1.04
2025-11-13,0.83,1.0,0.65,0.91,0.61,1.11
2025-11-14,1.04,1.14,0.63,1.53,0.76,1.26
2025-11-17,0.97,1.04,0.76,1.12,0.53,1.29
2025-11-18,0.91,0.94,0.7,1.19,0.6,1.13
2025-11-19,0.98,1.12,0.63,1.2,0.76,1.25
2025-11-20,0.95,1.1,0.59,1.17,0.73,1.21
2025-11-21,0.87,1.03,0.56,1.28,0.44,1.23
2025-11-24,0.91,1.13,0.58,1.1,0.79,1.16
2025-11-25,0.94,1.06,0.76,1.04,0.7,1.12
2025-11-26,0.88,0.92,0.69,1.13,0.44,1.02
2025-11-28,0.7,1.06,0.44,0.81,1.47,1.01
2025-12-01,0.95,1.13,0.59,1.13,0.68,1.21
2025-12-02,0.79,0.95,0.54,0.85,0.4,1.12
2025-12-03,0.91,1.18,0.58,1.05,0.94,1.22
2025-12-04,0.78,1.04,0.5,0.89,0.7,1.11
2025-12-05,0.75,1.07,0.43,0.83,0.77,1.13
2025-12-08,0.91,0.99,0.65,1.16,0.69,1.06
2025-12-09,0.82,1.06,0.52,0.85,0.54,1.26
2025-12-10,0.91,1.02,0.59,1.27,0.65,1.21
2025-12-11,0.83,1.06,0.59,0.77,0.59,1.19
2025-12-12,0.91,1.14,0.57,1.0,0.84,1.25
2025-12-15,0.92,1.1,0.58,1.05,0.68,1.21
2025-12-16,0.94,1.01,0.74,1.08,0.56,1.16
2025-12-17,0.99,1.09,0.75,1.18,0.83,1.14
2025-12-18,0.79,0.98,0.59,0.72,0.19,1.18
2025-12-19,0.85,1.05,0.59,1.01,0.3,1.27
2025-12-22,0.89,1.03,0.61,1.06,0.44,1.2
2025-12-23,0.8,1.01,0.46,1.01,0.33,1.11
2025-12-24,0.91,0.96,0.57,1.31,0.61,1.0
2025-12-26,0.85,1.08,0.64,0.8,0.24,1.22
2025-12-29,0.93,0.96,0.67,1.27,0.3,1.15
2025-12-30,0.83,1.08,0.51,0.78,0.37,1.26
2025-12-31,1.13,1.12,0.92,1.39,0.38,1.3
2026-01-02,0.83,1.08,0.56,0.85,0.47,1.16
2026-01-05,0.89,1.1,0.54,1.18,0.45,1.26
2026-01-06,0.9,1.02,0.58,1.28,0.51,1.11
2026-01-07,0.96,1.02,0.63,1.48,0.37,1.14
2026-01-08,0.83,1.04,0.49,1.1,0.53,1.15
2026-01-09,0.75,1.0,0.47,0.87,0.5,1.09
2026-01-12,0.97,1.19,0.66,1.13,0.91,1.23
2026-01-13,0.88,1.0,0.7,0.85,0.39,1.27
2026-01-14,0.93,0.92,0.77,1.22,0.41,1.15
2026-01-15,0.83,1.07,0.52,0.88,0.56,1.23
2026-01-16,0.73,1.02,0.46,0.87,0.29,1.21
2026-01-20,0.9,0.95,0.52,1.34,0.46,1.28
2026-01-21,0.85,0.91,0.46,1.31,0.41,1.09
2026-01-22,0.76,1.02,0.41,0.96,0.38,1.23
2026-01-23,0.88,1.1,0.58,1.04,0.34,1.27
2026-01-26,0.96,1.15,0.56,1.22,0.52,1.27
2026-01-27,0.76,0.99,0.54,0.69,0.29,1.15
2026-01-28,0.81,0.93,0.57,0.94,0.26,1.15
2026-01-29,0.84,1.0,0.52,1.1,0.4,1.17
2026-01-30,0.82,1.04,0.58,0.89,0.33,1.22
2026-02-02,0.93,0.92,0.65,1.47,0.24,1.26
2026-02-03,0.84,1.03,0.53,0.96,0.51,1.2
2026-02-04,1.0,1.02,0.63,1.7,0.52,1.12
2026-02-05,0.92,1.09,0.65,1.06,0.7,1.2
2026-02-06,0.86,1.13,0.58,0.91,0.75,1.18
2026-02-09,0.88,1.02,0.6,1.04,0.65,1.11
2026-02-10,0.97,1.09,0.78,1.0,0.57,1.2
2026-02-11,1.01,1.05,0.67,1.69,0.38,1.22
2026-02-12,0.94,1.13,0.67,0.9,0.68,1.28
2026-02-13,0.88,1.14,0.6,0.82,0.48,1.38
2026-02-17,0.98,0.93,0.83,1.44,0.36,1.23
2026-02-18,1.01,1.06,0.69,1.36,0.26,1.42
2026-02-19,0.87,1.05,0.64,0.87,0.36,1.22
2026-02-20,0.9,1.15,0.65,0.94,0.41,1.28
2026-02-23,0.93,1.04,0.63,1.17,0.44,1.14
2026-02-24,0.87,1.03,0.62,0.89,0.38,1.17
2026-02-25,0.85,0.92,0.61,1.11,0.3,1.09
2026-02-26,0.85,0.9,0.59,1.23,0.28,1.12
2026-02-27,0.84,1.0,0.66,0.85,0.43,1.12
2026-03-02,0.94,1.1,0.67,1.03,0.48,1.24
2026-03-03,0.96,0.98,0.72,1.25,0.61,1.11
2026-03-04,0.94,1.04,0.65,1.18,0.51,1.25
2026-03-05,0.9,1.06,0.6,0.94,0.79,1.15
2026-03-06,0.96,1.12,0.67,1.05,0.78,1.25
2026-03-09,1.0,1.02,0.64,1.43,0.57,1.17
2026-03-10,0.94,1.07,0.57,1.19,0.63,1.22
2026-03-11,1.05,1.01,0.8,1.5,0.45,1.15
2026-03-12,0.91,1.0,0.68,1.05,0.55,1.16
2026-03-13,0.9,1.02,0.58,1.07,0.39,1.23
2026-03-16,1.05,1.03,0.76,1.53,0.32,1.26
2026-03-17,1.0,0.99,0.86,1.32,0.46,1.27
2026-03-18,1.12,1.02,0.9,1.81,0.4,1.26
2026-03-19,0.84,1.04,0.58,0.81,0.44,1.19
2026-03-20,1.01,1.15,0.81,1.02,0.51,1.26
2026-03-23,0.99,1.06,0.57,1.4,0.72,1.14
2026-03-24,0.89,0.95,0.58,1.2,0.37,1.1
2026-03-25,0.99,1.06,0.56,1.6,0.59,1.16
2026-03-26,1.0,1.21,0.63,1.1,1.15,1.23
2026-03-27,0.96,1.15,0.56,1.33,0.81,1.21
2026-03-30,1.07,1.16,0.66,1.51,0.7,1.21
2026-03-31,0.96,1.1,0.56,1.07,1.11,1.11
2026-04-01,1.03,1.07,0.63,1.54,0.48,1.32
2026-04-02,1.05,1.16,0.59,1.48,0.52,1.28
2026-04-06,1.02,1.08,0.68,1.43,0.4,1.26
2026-04-07,0.96,0.98,0.72,1.2,0.55,1.07
2026-04-08,1.03,1.08,0.56,1.69,0.5,1.31
2026-04-09,0.89,0.98,0.48,1.49,0.7,1.06
2026-04-10,0.82,0.93,0.51,1.13,0.35,1.18
2026-04-13,0.87,0.96,0.52,1.25,0.58,1.06
2026-04-14,0.68,0.7,0.5,0.91,0.29,0.92
2026-04-15,0.78,0.93,0.47,1.03,0.58,0.99
2026-04-16,0.67,0.82,0.45,0.69,0.26,1.09
2026-04-17,0.66,0.85,0.41,0.79,0.35,0.94
2026-04-20,0.91,1.16,0.54,1.13,0.84,1.17
2026-04-21,0.94,1.11,0.56,1.17,0.42,1.22
2026-04-22,0.86,1.09,0.48,1.25,0.66,1.15
2026-04-23,0.91,1.19,0.51,1.1,0.54,1.25
2026-04-24,0.79,0.95,0.53,1.06,0.42,1.06
2026-04-27,0.86,1.12,0.5,1.25,0.61,1.19
2026-04-28,0.83,1.07,0.52,0.91,0.6,1.14
2026-04-29,0.93,1.0,0.52,1.87,0.18,1.26
2026-04-30,0.78,0.97,0.46,0.98,0.44,1.03
2026-05-01,0.76,0.98,0.46,0.99,0.28,1.07
2026-05-04,0.87,1.12,0.54,0.98,0.16,1.29
2026-05-05,0.84,1.06,0.57,1.02,0.47,1.16
2026-05-06,0.67,0.71,0.51,0.9,0.37,0.77
2026-05-07,0.8,1.11,0.46,0.87,0.48,1.21
2026-05-08,0.74,1.03,0.53,0.78,0.36,1.14
2026-05-11,0.74,1.18,0.43,0.79,0.65,1.28
2026-05-12,0.84,1.13,0.49,0.98,0.68,1.21
2026-05-13,0.73,0.89,0.5,0.93,0.3,0.99
2026-05-14,0.67,0.93,0.51,0.51,0.7,0.96
2026-05-15,0.93,1.03,0.59,1.35,0.37,1.15
2026-05-18,0.82,0.91,0.51,1.2,0.49,1.07
2026-05-19,0.84,0.91,0.56,1.07,0.18,1.23
2026-05-20,0.75,0.77,0.49,1.18,0.19,1.0
2026-05-21,0.83,0.97,0.49,1.13,0.5,1.03
2026-05-22,0.85,1.18,0.55,0.94,0.75,1.2
2026-05-26,0.82,1.11,0.47,1.01,0.51,1.2
2026-05-27,0.83,1.08,0.43,1.28,0.28,1.18
2026-05-28,0.74,1.07,0.39,1.03,0.61,1.15
2026-05-29,0.64,0.84,0.42,0.73,0.34,0.88
2026-06-01,0.77,0.99,0.44,1.17,0.51,1.05
2026-06-02,0.73,1.0,0.43,0.91,0.34,1.17
2026-06-03,0.83,1.02,0.49,1.28,0.29,1.22
2026-06-04,0.77,1.07,0.44,0.86,0.82,1.09
2026-06-05,0.97,1.13,0.67,1.08,0.43,1.32
2026-06-08,0.96,1.24,0.52,1.13,0.73,1.34
2026-06-09,0.96,1.11,0.62,1.11,0.37,1.26
2026-06-10,0.97,1.06,0.66,1.23,0.4,1.23
2026-06-11,0.86,0.98,0.56,1.05,0.43,1.06
2026-06-12,0.76,1.06,0.54,0.68,0.67,1.14
2026-06-15,0.89,1.16,0.54,0.96,1.28,1.15
2026-06-16,0.84,0.93,0.59,1.0,0.24,1.29
2026-06-17,0.86,1.11,0.59,0.91,0.32,1.28
2026-06-18,0.91,1.17,0.58,1.1,0.2,1.32
2026-06-22,0.92,1.08,0.6,1.15,0.23,1.22
2026-06-23,0.92,1.06,0.56,1.13,0.41,1.18
2026-06-24,1.02,1.16,0.61,1.38,0.82,1.2
2026-06-25,0.99,1.18,0.67,1.14,0.57,1.23
2026-06-26,1.12,1.19,0.85,1.4,0.73,1.22
2026-06-29,0.95,1.19,0.59,1.18,1.4,1.16
2026-06-30,0.88,1.01,0.64,0.98,0.61,1.09
2026-07-01,0.9,0.95,0.69,1.18,0.33,1.02
2026-07-02,0.79,0.97,0.53,0.95,0.38,1.07
2026-07-06,0.9,1.02,0.62,1.19,0.43,1.13
2026-07-07,0.9,1.01,0.69,0.98,0.21,1.24
2026-07-08,1.03,1.01,0.86,1.3,0.51,1.12
2026-07-09,0.86,1.01,0.57,1.04,0.51,1.08
2026-07-10,0.81,1.01,0.55,0.93,0.44,1.12
2026-07-13,0.96,1.1,0.67,1.21,0.49,1.23
2026-07-14,0.93,1.01,0.62,1.17,0.32,1.18
2026-07-15,0.93,1.02,0.69,1.16,0.35,1.15
2026-07-16,0.87,0.98,0.67,0.95,0.25,1.17
2026-07-17,0.97,0.98,0.73,1.26,0.36,1.18
2026-07-20,1.0,1.07,0.66,1.29,0.63,1.14
2026-07-21,0.92,1.0,0.65,1.11,0.51,1.23
2026-07-22,1.01,1.06,0.67,1.37,0.71,1.14
2026-07-23,0.88,0.86,0.61,1.28,0.29,1.09
2026-07-24,0.99,1.08,0.79,1.13,0.42,1.17
2026-07-27,0.94,1.02,0.66,1.14,0.5,1.07
2026-07-28,0.96,1.11,0.71,1.02,0.86,1.13
2026-07-29,1.05,1.13,0.61,1.46,0.67,1.23
2026-07-30,0.91,1.0,0.61,1.13,0.35,1.18
2026-07-31,0.91,1.01,0.63,1.05,0.35,1.1
2026-08-03,0.8,0.88,0.55,1.04,0.67,0.9
2026-08-04,0.69,0.78,0.46,0.77,0.33,0.84
2026-08-05,0.88,0.94,0.6,1.18,0.39,1.05
2026-08-06,0.86,1.03,0.57,0.94,0.44,1.15
2026-08-07,0.76,0.98,0.54,0.79,0.29,1.13
2026-08-10,0.86,1.0,0.61,1.04,0.34,1.13
2026-08-11,0.81,0.9,0.63,0.87,0.2,1.15
2026-08-12,0.84,1.03,0.61,0.86,0.53,1.14
2026-08-13,0.79,0.93,0.59,0.83,0.61,0.97
2026-08-17,0.92,1.03,0.65,1.13,0.42,1.28
2026-08-18,0.95,1.12,0.64,1.19,0.44,1.31
2026-08-19,0.8,0.97,0.52,1.03,0.3,1.14
2026-08-20,0.78,0.92,0.58,0.84,0.2,1.06
2026-08-21,0.72,0.85,0.51,0.89,0.21,1.13
2026-08-24,0.91,1.0,0.68,1.12,0.27,1.14
2026-08-25,0.83,0.97,0.57,0.91,0.43,1.1
2026-08-26,0.87,0.94,0.64,1.13,0.34,1.05
2026-08-27,0.73,0.92,0.39,1.04,0.42,1.1
2026-08-28,0.84,0.99,0.62,0.91,0.25,1.15
2026-08-31,0.84,0.92,0.7,0.85,0.25,1.05
2026-09-01,0.95,1.03,0.67,1.21,0.34,1.21
2026-09-02,0.84,0.91,0.56,1.31,0.33,1.05
2026-09-03,0.76,0.94,0.47,0.96,0.48,0.99
2026-09-04,0.76,0.89,0.58,0.85,0.21,1.15
2026-09-08,0.8,0.99,0.48,0.97,0.3,1.2
2026-09-09,0.88,0.95,0.67,1.14,0.35,1.14
2026-09-10,0.83,0.85,0.6,1.17,0.26,1.14
2026-09-14,0.91,0.96,0.67,1.22,0.39,1.11
2026-09-15,0.86,1.01,0.56,0.99,0.33,1.2
2026-09-16,0.98,1.02,0.69,1.39,0.4,1.28
2026-09-17,0.79,1.07,0.52,0.76,0.5,1.15
2026-09-18,0.81,0.98,0.58,0.94,0.21,1.13
2026-09-21,0.74,0.8,0.53,0.97,0.59,0.81
2026-09-22,0.78,0.93,0.47,0.93,0.47,1.04
2026-09-23,0.86,1.04,0.46,1.17,0.36,1.18
2026-09-24,0.8,0.87,0.55,0.98,0.38,0.96
2026-09-25,0.75,0.95,0.52,0.77,0.29,1.06
2026-09-28,0.88,0.97,0.58,1.15,0.48,1.02
2026-09-29,0.76,1.01,0.38,0.91,0.41,1.09
2026-09-30,0.88,1.03,0.53,1.04,0.56,1.09
2026-10-01,0.9,1.01,0.57,1.09,0.57,1.11
2026-10-02,0.78,0.86,0.58,0.88,0.14,1.15
2026-10-05,0.83,0.91,0.59,1.05,0.31,1.03
2026-10-06,0.82,0.88,0.57,1.04,0.22,1.03
2026-10-07,0.87,0.93,0.63,1.09,0.39,1.1
