date,vix,vix_chg,funding_btc,funding_eth,putcall_total,putcall_equity,putcall_vix
1990-01-02,17.24,,,,,,
1990-01-03,18.19,5.510440835266839,,,,,
1990-01-04,19.22,5.662451896646492,,,,,
1990-01-05,20.11,4.630593132154015,,,,,
1990-01-08,20.26,0.7458975634013099,,,,,
1990-01-09,22.2,9.575518262586357,,,,,
1990-01-10,22.44,1.0810810810810922,,,,,
1990-01-11,20.05,-10.650623885918009,,,,,
1990-01-12,24.64,22.892768079800497,,,,,
1990-01-15,26.34,6.899350649350655,,,,,
1990-01-16,24.18,-8.200455580865606,,,,,
1990-01-17,24.16,-0.08271298593879317,,,,,
1990-01-18,24.34,0.7450331125827825,,,,,
1990-01-19,22.5,-7.559572719802798,,,,,
1990-01-22,26.7,18.666666666666654,,,,,
1990-01-23,24.72,-7.415730337078652,,,,,
1990-01-24,25.39,2.7103559870550242,,,,,
1990-01-25,25.63,0.945254037022436,,,,,
1990-01-26,26.28,2.5360905189231397,,,,,
1990-01-29,26.44,0.60882800608828,,,,,
1990-01-30,27.25,3.0635400907715438,,,,,
1990-01-31,25.36,-6.935779816513765,,,,,
1990-02-01,24.87,-1.9321766561514186,,,,,
1990-02-02,24.32,-2.2114997989545637,,,,,
1990-02-05,24.54,0.9046052631578982,,,,,
1990-02-06,24.69,0.6112469437652868,,,,,
1990-02-07,24.29,-1.6200891049007793,,,,,
1990-02-08,23.77,-2.140798682585421,,,,,
1990-02-09,23.69,-0.33655868742110684,,,,,
1990-02-12,24.38,2.9126213592232997,,,,,
1990-02-13,23.76,-2.5430680885972,,,,,
1990-02-14,22.05,-7.196969696969702,,,,,
1990-02-15,19.71,-10.612244897959178,,,,,
1990-02-16,20.78,5.4287163876205025,,,,,
1990-02-20,22.78,9.624639076034658,,,,,
1990-02-21,23.89,4.8726953467954415,,,,,
1990-02-22,22.54,-5.650899958141487,,,,,
1990-02-23,23.69,5.102040816326547,,,,,
1990-02-26,23.56,-0.5487547488391864,,,,,
1990-02-27,22.69,-3.6926994906621324,,,,,
1990-02-28,21.99,-3.085059497576037,,,,,
1990-03-01,21.9,-0.4092769440654842,,,,,
1990-03-02,21.34,-2.5570776255707695,,,,,
1990-03-05,22.03,3.233364573570774,,,,,
1990-03-06,20.55,-6.71811166591012,,,,,
1990-03-07,19.1,-7.0559610705596025,,,,,
1990-03-08,19.74,3.350785340314122,,,,,
1990-03-09,20.3,2.8368794326241176,,,,,
1990-03-12,20.07,-1.133004926108372,,,,,
1990-03-13,21.05,4.882909815645253,,,,,
1990-03-14,19.65,-6.650831353919251,,,,,
1990-03-15,18.81,-4.274809160305349,,,,,
1990-03-16,17.62,-6.326422115895792,,,,,
1990-03-19,18.29,3.8024971623155324,,,,,
1990-03-20,19.06,4.209950792782946,,,,,
1990-03-21,20.1,5.4564533053515385,,,,,
1990-03-22,22.74,13.134328358208936,,,,,
1990-03-23,20.46,-10.026385224274392,,,,,
1990-03-26,19.59,-4.252199413489743,,,,,
1990-03-27,21.01,7.248596222562531,,,,,
1990-03-28,19.77,-5.90195145168968,,,,,
1990-03-29,18.46,-6.6262013151239145,,,,,
1990-03-30,19.73,6.879739978331534,,,,,
1990-04-02,22.84,15.762797769893556,,,,,
1990-04-03,20.44,-10.50788091068301,,,,,
1990-04-04,22.03,7.7788649706457935,,,,,
1990-04-05,21.21,-3.722197004085337,,,,,
1990-04-06,21.76,2.5931164545025975,,,,,
1990-04-09,22.3,2.481617647058809,,,,,
1990-04-10,21.69,-2.735426008968611,,,,,
1990-04-11,17.73,-18.257261410788384,,,,,
1990-04-12,19.8,11.675126903553302,,,,,
1990-04-16,20.75,4.797979797979801,,,,,
1990-04-17,20.38,-1.7831325301204903,,,,,
1990-04-18,22.67,11.236506378802758,,,,,
1990-04-19,22.46,-0.9263343625937392,,,,,
1990-04-20,23.33,3.87355298308103,,,,,
1990-04-23,24.16,3.557651093013292,,,,,
1990-04-24,21.7,-10.182119205298012,,,,,
1990-04-25,20.86,-3.8709677419354827,,,,,
1990-04-26,20.25,-2.9242569511025884,,,,,
1990-04-27,22.19,9.58024691358026,,,,,
1990-04-30,19.52,-12.032447048219929,,,,,
1990-05-01,18.43,-5.584016393442626,,,,,
1990-05-02,19.32,4.829083016820412,,,,,
1990-05-03,17.81,-7.815734989648037,,,,,
1990-05-04,17.28,-2.975856260527776,,,,,
1990-05-07,17.65,2.141203703703698,,,,,
1990-05-08,18.49,4.759206798866855,,,,,
1990-05-09,18.64,0.8112493239589069,,,,,
1990-05-10,18.59,-0.2682403433476477,,,,,
1990-05-11,19.81,6.562668101129643,,,,,
1990-05-14,20.14,1.6658253407370038,,,,,
1990-05-15,19.49,-3.227408142999022,,,,,
1990-05-16,17.71,-9.132888660851712,,,,,
1990-05-17,17.27,-2.4844720496894457,,,,,
1990-05-18,17.2,-0.4053271569195105,,,,,
1990-05-21,16.72,-2.7906976744186074,,,,,
1990-05-22,17.84,6.698564593301448,,,,,
1990-05-23,17.18,-3.6995515695067316,,,,,
1990-05-24,17.7,3.026775320139685,,,,,
1990-05-25,17.32,-2.1468926553672274,,,,,
1990-05-29,18.75,8.256351039260966,,,,,
1990-05-30,17.44,-6.986666666666663,,,,,
1990-05-31,17.37,-0.4013761467889898,,,,,
1990-06-01,17.09,-1.6119746689694958,,,,,
1990-06-04,18.39,7.606787595084841,,,,,
1990-06-05,18.97,3.153887982599235,,,,,
1990-06-06,17.42,-8.170795993674208,,,,,
1990-06-07,16.88,-3.0998851894374457,,,,,
1990-06-08,17.58,4.146919431279628,,,,,
1990-06-11,16.34,-7.053469852104655,,,,,
1990-06-12,16.6,1.5911872705018482,,,,,
1990-06-13,17.38,4.69879518072287,,,,,
1990-06-14,17.4,0.11507479861909697,,,,,
1990-06-15,15.9,-8.62068965517241,,,,,
1990-06-18,17.71,11.383647798742146,,,,,
1990-06-19,15.23,-14.003387916431398,,,,,
1990-06-20,15.27,0.26263952724885353,,,,,
1990-06-21,14.72,-3.6018336607727464,,,,,
1990-06-22,19.36,31.521739130434767,,,,,
1990-06-25,17.06,-11.880165289256206,,,,,
1990-06-26,16.29,-4.513481828839383,,,,,
1990-06-27,16.0,-1.7802332719459746,,,,,
1990-06-28,16.18,1.1249999999999982,,,,,
1990-06-29,15.5,-4.202719406674904,,,,,
1990-07-02,16.26,4.9032258064516165,,,,,
1990-07-03,16.11,-0.9225092250922606,,,,,
1990-07-05,17.25,7.076350093109873,,,,,
1990-07-06,16.41,-4.869565217391303,,,,,
1990-07-09,16.66,1.5234613040828737,,,,,
1990-07-10,16.92,1.5606242496998934,,,,,
1990-07-11,16.68,-1.4184397163120699,,,,,
1990-07-12,17.06,2.278177458033559,,,,,
1990-07-13,17.09,0.17584994138335475,,,,,
1990-07-16,16.75,-1.989467524868338,,,,,
1990-07-17,16.66,-0.5373134328358176,,,,,
1990-07-18,18.9,13.4453781512605,,,,,
1990-07-19,18.56,-1.7989417989418,,,,,
1990-07-20,15.63,-15.786637931034475,,,,,
1990-07-23,23.68,51.50351887396032,,,,,
1990-07-24,21.79,-7.9814189189189255,,,,,
1990-07-25,20.19,-7.342817806333168,,,,,
1990-07-26,20.26,0.34670629024269317,,,,,
1990-07-27,21.12,4.244817374136223,,,,,
1990-07-30,21.16,0.18939393939394478,,,,,
1990-07-31,21.11,-0.23629489603025355,,,,,
1990-08-01,21.64,2.5106584557081923,,,,,
1990-08-02,20.43,-5.591497227356745,,,,,
1990-08-03,28.74,40.675477239353896,,,,,
1990-08-06,35.91,24.947807933194156,,,,,
1990-08-07,32.75,-8.79977722082984,,,,,
1990-08-08,28.27,-13.679389312977097,,,,,
1990-08-09,24.39,-13.724796604174028,,,,,
1990-08-10,25.75,5.576055760557597,,,,,
1990-08-13,25.74,-0.03883495145631244,,,,,
1990-08-14,24.18,-6.060606060606055,,,,,
1990-08-15,23.31,-3.598014888337475,,,,,
1990-08-16,27.16,16.516516516516532,,,,,
1990-08-17,27.53,1.36229749631811,,,,,
1990-08-20,26.46,-3.886669088267347,,,,,
1990-08-21,28.9,9.221466364323504,,,,,
1990-08-22,30.55,5.709342560553643,,,,,
1990-08-23,36.47,19.37806873977086,,,,,
1990-08-24,33.93,-6.964628461749378,,,,,
1990-08-27,29.63,-12.673150604185091,,,,,
1990-08-28,29.12,-1.721228484643933,,,,,
1990-08-29,27.38,-5.975274725274737,,,,,
1990-08-30,29.89,9.167275383491603,,,,,
1990-08-31,29.9,0.033456005352960894,,,,,
1990-09-04,29.58,-1.070234113712376,,,,,
1990-09-05,28.52,-3.58350236646382,,,,,
1990-09-06,30.19,5.855539971949519,,,,,
1990-09-07,28.73,-4.836038423318978,,,,,
1990-09-10,29.34,2.123216150365459,,,,,
1990-09-11,28.38,-3.271983640081799,,,,,
1990-09-12,28.12,-0.9161381254404466,,,,,
1990-09-13,29.33,4.30298719772404,,,,,
1990-09-14,30.56,4.193658370269349,,,,,
1990-09-17,29.55,-3.304973821989521,,,,,
1990-09-18,28.82,-2.4703891708967918,,,,,
1990-09-19,27.88,-3.2616238723109037,,,,,
1990-09-20,28.66,2.7977044476327206,,,,,
1990-09-21,30.04,4.815073272854153,,,,,
1990-09-24,30.56,1.7310252996005415,,,,,
1990-09-25,28.81,-5.726439790575921,,,,,
1990-09-26,28.19,-2.152030544949657,,,,,
1990-09-27,28.67,1.7027314650585268,,,,,
1990-09-28,29.11,1.5347052668294392,,,,,
1990-10-01,28.06,-3.607007901064929,,,,,
1990-10-02,27.28,-2.7797576621525266,,,,,
1990-10-03,27.9,2.2727272727272707,,,,,
1990-10-04,27.51,-1.3978494623655857,,,,,
1990-10-05,27.85,1.235914213013456,,,,,
1990-10-08,28.04,0.6822262118491906,,,,,
1990-10-09,30.71,9.522111269614841,,,,,
1990-10-10,31.19,1.5630087919244584,,,,,
1990-10-11,33.98,8.945174735492124,,,,,
1990-10-12,31.94,-6.003531489111225,,,,,
1990-10-15,31.64,-0.9392611145898622,,,,,
1990-10-16,31.45,-0.6005056890012628,,,,,
1990-10-17,31.37,-0.2543720190778975,,,,,
1990-10-18,29.6,-5.642333439591962,,,,,
1990-10-19,27.86,-5.878378378378379,,,,,
1990-10-22,27.27,-2.1177315147164366,,,,,
1990-10-23,27.57,1.1001100110010986,,,,,
1990-10-24,28.28,2.575262966993108,,,,,
1990-10-25,29.04,2.6874115983026803,,,,,
1990-10-26,30.75,5.8884297520661155,,,,,
1990-10-29,31.54,2.5691056910569054,,,,,
1990-10-30,30.52,-3.2339885859226314,,,,,
1990-10-31,30.04,-1.572739187418093,,,,,
1990-11-01,30.25,0.6990679094540653,,,,,
1990-11-02,30.03,-0.7272727272727209,,,,,
1990-11-05,29.85,-0.5994005994006013,,,,,
1990-11-06,29.11,-2.4790619765494237,,,,,
1990-11-07,30.87,6.046032291308845,,,,,
1990-11-08,30.79,-0.25915127955944417,,,,,
1990-11-09,26.96,-12.43910360506657,,,,,
1990-11-12,25.6,-5.0445103857566735,,,,,
1990-11-13,24.58,-3.9843750000000067,,,,,
1990-11-14,22.89,-6.875508543531317,,,,,
1990-11-15,22.57,-1.3979903888160727,,,,,
1990-11-16,21.34,-5.449712007089058,,,,,
1990-11-19,20.95,-1.827553889409561,,,,,
1990-11-20,20.09,-4.105011933174218,,,,,
1990-11-21,21.09,4.977600796416137,,,,,
1990-11-23,20.98,-0.521574205784725,,,,,
1990-11-26,22.76,8.484270734032417,,,,,
1990-11-27,22.86,0.4393673110720364,,,,,
1990-11-28,22.96,0.4374453193350947,,,,,
1990-11-29,23.91,4.137630662020908,,,,,
1990-11-30,22.16,-7.319113341698036,,,,,
1990-12-03,22.29,0.5866425992779645,,,,,
1990-12-04,22.03,-1.1664423508299548,,,,,
1990-12-05,20.94,-4.9477984566500215,,,,,
1990-12-06,22.62,8.022922636103157,,,,,
1990-12-07,22.59,-0.13262599469496816,,,,,
1990-12-10,23.58,4.3824701195219085,,,,,
1990-12-11,23.75,0.7209499575911771,,,,,
1990-12-12,21.28,-10.399999999999999,,,,,
1990-12-13,23.05,8.31766917293233,,,,,
1990-12-14,23.85,3.470715835141003,,,,,
1990-12-17,24.85,4.192872117400426,,,,,
1990-12-18,23.11,-7.002012072434615,,,,,
1990-12-19,23.08,-0.12981393336218838,,,,,
1990-12-20,23.13,0.2166377816291254,,,,,
1990-12-21,22.66,-2.031993082576733,,,,,
1990-12-24,24.03,6.045895851721106,,,,,
1990-12-26,24.18,0.6242197253433224,,,,,
1990-12-27,24.81,2.605459057071946,,,,,
1990-12-28,25.05,0.96735187424426,,,,,
1990-12-31,26.38,5.309381237524935,,,,,
1991-01-02,26.62,0.909780136467031,,,,,
1991-01-03,27.93,4.921111945905321,,,,,
1991-01-04,27.19,-2.649480844969565,,,,,
1991-01-07,28.95,6.472968002942259,,,,,
1991-01-08,30.38,4.939550949913651,,,,,
1991-01-09,33.3,9.611586570111918,,,,,
1991-01-10,31.33,-5.915915915915915,,,,,
1991-01-11,32.63,4.149377593361003,,,,,
1991-01-14,36.2,10.940851976708554,,,,,
1991-01-15,36.16,-0.11049723756907381,,,,,
1991-01-16,33.2,-8.185840707964587,,,,,
1991-01-17,27.45,-17.319277108433738,,,,,
1991-01-18,25.39,-7.5045537340619255,,,,,
1991-01-21,24.33,-4.174871996849161,,,,,
1991-01-22,24.9,2.3427866831072786,,,,,
1991-01-23,23.92,-3.9357429718875347,,,,,
1991-01-24,22.86,-4.431438127090315,,,,,
1991-01-25,22.2,-2.887139107611547,,,,,
1991-01-28,23.05,3.8288288288288452,,,,,
1991-01-29,23.17,0.5206073752711537,,,,,
1991-01-30,21.37,-7.768666378938283,,,,,
1991-01-31,20.91,-2.1525503041647243,,,,,
1991-02-01,21.04,0.6217120994739256,,,,,
1991-02-04,21.86,3.897338403041828,,,,,
1991-02-05,21.46,-1.8298261665141702,,,,,
1991-02-06,22.68,5.684995340167753,,,,,
1991-02-07,23.6,4.056437389770728,,,,,
1991-02-08,23.38,-0.9322033898305215,,,,,
1991-02-11,22.56,-3.507271171941828,,,,,
1991-02-12,22.26,-1.3297872340425454,,,,,
1991-02-13,20.86,-6.289308176100638,,,,,
1991-02-14,21.48,2.9721955896452545,,,,,
1991-02-15,19.57,-8.891992551210425,,,,,
1991-02-19,19.84,1.37966274910577,,,,,
1991-02-20,22.26,12.197580645161299,,,,,
1991-02-21,20.78,-6.6486972147349555,,,,,
1991-02-22,21.01,1.106833493743986,,,,,
1991-02-25,22.86,8.80533079485959,,,,,
1991-02-26,20.38,-10.84864391951006,,,,,
1991-02-27,21.26,4.317958783120712,,,,,
1991-02-28,21.23,-0.14111006585136865,,,,,
1991-03-04,20.86,-1.7428167687235097,,,,,
1991-03-05,20.45,-1.9654841802492773,,,,,
1991-03-06,20.55,0.4889975550122383,,,,,
1991-03-07,21.05,2.4330900243308973,,,,,
1991-03-08,20.81,-1.140142517814735,,,,,
1991-03-11,20.88,0.33637674195099443,,,,,
1991-03-12,18.82,-9.865900383141756,,,,,
1991-03-13,16.09,-14.50584484590861,,,,,
1991-03-14,14.94,-7.147296457426977,,,,,
1991-03-15,14.9,-0.2677376171351997,,,,,
1991-03-18,15.79,5.9731543624161,,,,,
1991-03-19,16.11,2.0265991133628924,,,,,
1991-03-20,16.04,-0.4345127250155234,,,,,
1991-03-21,16.86,5.112219451371569,,,,,
1991-03-22,16.49,-2.1945432977461543,,,,,
1991-03-25,16.76,1.6373559733171783,,,,,
1991-03-26,16.31,-2.6849642004773466,,,,,
1991-03-27,16.55,1.471489883507071,,,,,
1991-03-28,16.88,1.9939577039274736,,,,,
1991-04-01,17.42,3.199052132701441,,,,,
1991-04-02,17.4,-0.11481056257177658,,,,,
1991-04-03,17.61,1.206896551724146,,,,,
1991-04-04,18.01,2.2714366837024436,,,,,
1991-04-05,17.63,-2.1099389228206644,,,,,
1991-04-08,17.41,-1.247872943845707,,,,,
1991-04-09,20.12,15.565766800689262,,,,,
1991-04-10,19.73,-1.9383697813121326,,,,,
1991-04-11,17.24,-12.620375063355304,,,,,
1991-04-12,18.45,7.018561484918795,,,,,
1991-04-15,16.5,-10.569105691056912,,,,,
1991-04-16,15.82,-4.121212121212114,,,,,
1991-04-17,15.47,-2.212389380530966,,,,,
1991-04-18,16.26,5.1066580478345225,,,,,
1991-04-19,15.68,-3.5670356703567108,,,,,
1991-04-22,16.78,7.015306122448983,,,,,
1991-04-23,17.02,1.4302741358760418,,,,,
1991-04-24,16.72,-1.7626321974148151,,,,,
1991-04-25,17.15,2.571770334928236,,,,,
1991-04-26,17.27,0.6997084548105104,,,,,
1991-04-29,18.27,5.790387955993048,,,,,
1991-04-30,18.24,-0.16420361247948545,,,,,
1991-05-01,17.77,-2.576754385964908,,,,,
1991-05-02,17.52,-1.4068655036578503,,,,,
1991-05-03,17.24,-1.5981735159817378,,,,,
1991-05-06,17.92,3.9443155452436374,,,,,
1991-05-07,17.46,-2.5669642857142905,,,,,
1991-05-08,17.78,1.832760595647187,,,,,
1991-05-09,17.17,-3.4308211473565775,,,,,
1991-05-10,17.54,2.1549213744903817,,,,,
1991-05-13,17.66,0.68415051311288,,,,,
1991-05-14,18.0,1.925254813137034,,,,,
1991-05-15,18.38,2.111111111111108,,,,,
1991-05-16,17.24,-6.202393906420022,,,,,
1991-05-17,16.64,-3.480278422273775,,,,,
1991-05-20,17.1,2.7644230769230838,,,,,
1991-05-21,16.07,-6.023391812865508,,,,,
1991-05-22,16.16,0.5600497822028538,,,,,
1991-05-23,16.11,-0.30940594059406523,,,,,
1991-05-24,15.23,-5.462445685909367,,,,,
1991-05-28,15.67,2.8890347997373667,,,,,
1991-05-29,15.9,1.4677728142948432,,,,,
1991-05-30,16.02,0.7547169811320753,,,,,
1991-05-31,15.93,-0.5617977528089901,,,,,
1991-06-03,16.87,5.900816070307613,,,,,
1991-06-04,16.17,-4.149377593360992,,,,,
1991-06-05,16.4,1.4223871366728424,,,,,
1991-06-06,16.93,3.2317073170731847,,,,,
1991-06-07,16.98,0.2953337271116352,,,,,
1991-06-10,17.47,2.8857479387514706,,,,,
1991-06-11,17.32,-0.8586147681740042,,,,,
1991-06-12,17.72,2.3094688221708903,,,,,
1991-06-13,16.99,-4.119638826185101,,,,,
1991-06-14,15.98,-5.9446733372572,,,,,
1991-06-17,15.5,-3.0037546933667114,,,,,
1991-06-18,16.14,4.129032258064513,,,,,
1991-06-19,17.44,8.054522924411401,,,,,
1991-06-20,16.75,-3.9564220183486265,,,,,
1991-06-21,16.51,-1.4328358208955172,,,,,
1991-06-24,18.28,10.72077528770441,,,,,
1991-06-25,17.85,-2.3522975929978096,,,,,
1991-06-26,17.98,0.7282913165266081,,,,,
1991-06-27,17.87,-0.6117908787541704,,,,,
1991-06-28,19.55,9.401231113598207,,,,,
1991-07-01,18.64,-4.6547314578005095,,,,,
1991-07-02,17.63,-5.41845493562233,,,,,
1991-07-03,19.47,10.436755530345998,,,,,
1991-07-05,18.35,-5.752439650744723,,,,,
1991-07-08,20.29,10.572207084468644,,,,,
1991-07-09,19.76,-2.612124199112853,,,,,
1991-07-10,19.19,-2.8846153846153855,,,,,
1991-07-11,17.39,-9.379885356956752,,,,,
1991-07-12,18.29,5.17538815411156,,,,,
1991-07-15,17.78,-2.7884089666484257,,,,,
1991-07-16,17.49,-1.6310461192351133,,,,,
1991-07-17,17.52,0.17152658662094034,,,,,
1991-07-18,15.77,-9.988584474885842,,,,,
1991-07-19,15.5,-1.7121116043119833,,,,,
1991-07-22,16.9,9.03225806451613,,,,,
1991-07-23,16.58,-1.8934911242603603,,,,,
1991-07-24,16.41,-1.0253317249698357,,,,,
1991-07-25,15.74,-4.082876294942106,,,,,
1991-07-26,15.45,-1.842439644218552,,,,,
1991-07-29,15.67,1.4239482200647302,,,,,
1991-07-30,15.47,-1.276324186343325,,,,,
1991-07-31,15.18,-1.8745959922430555,,,,,
1991-08-01,15.47,1.910408432147559,,,,,
1991-08-02,15.26,-1.3574660633484226,,,,,
1991-08-05,15.92,4.325032765399728,,,,,
1991-08-06,15.54,-2.386934673366836,,,,,
1991-08-07,15.56,0.12870012870014325,,,,,
1991-08-08,15.98,2.699228791773778,,,,,
1991-08-09,15.45,-3.3166458072590776,,,,,
1991-08-12,15.26,-1.229773462783168,,,,,
1991-08-13,14.73,-3.4731323722149376,,,,,
1991-08-14,15.09,2.443991853360483,,,,,
1991-08-15,15.19,0.662690523525522,,,,,
1991-08-16,16.01,5.398288347597124,,,,,
1991-08-19,21.19,32.35477826358526,,,,,
1991-08-20,18.86,-10.995752713544139,,,,,
1991-08-21,15.62,-17.17921527041357,,,,,
1991-08-22,14.59,-6.594110115236873,,,,,
1991-08-23,14.41,-1.2337217272104128,,,,,
1991-08-26,14.81,2.7758501040943795,,,,,
1991-08-27,15.46,4.388926401080351,,,,,
1991-08-28,15.31,-0.9702457956015542,,,,,
1991-08-29,14.82,-3.200522534291317,,,,,
1991-08-30,14.46,-2.429149797570851,,,,,
1991-09-03,16.57,14.591977869986161,,,,,
1991-09-04,17.18,3.681351840675906,,,,,
1991-09-05,17.31,0.7566938300349157,,,,,
1991-09-06,16.76,-3.1773541305603503,,,,,
1991-09-09,17.73,5.787589498806667,,,,,
1991-09-10,18.22,2.7636773829667227,,,,,
1991-09-11,17.96,-1.4270032930845167,,,,,
1991-09-12,16.21,-9.743875278396441,,,,,
1991-09-13,17.88,10.302282541640961,,,,,
1991-09-16,17.82,-0.3355704697986517,,,,,
1991-09-17,17.68,-0.7856341189674598,,,,,
1991-09-18,17.56,-0.6787330316742168,,,,,
1991-09-19,17.56,0.0,,,,,
1991-09-20,17.08,-2.733485193621865,,,,,
1991-09-23,16.38,-4.098360655737698,,,,,
1991-09-24,16.04,-2.0757020757020794,,,,,
1991-09-25,15.68,-2.244389027431415,,,,,
1991-09-26,15.35,-2.1045918367346927,,,,,
1991-09-27,16.31,6.25407166123777,,,,,
1991-09-30,15.85,-2.8203556100551808,,,,,
1991-10-01,14.81,-6.561514195583595,,,,,
1991-10-02,15.81,6.752194463200545,,,,,
1991-10-03,17.04,7.779886148007575,,,,,
1991-10-04,15.63,-8.274647887323939,,,,,
1991-10-07,18.58,18.873960332693528,,,,,
1991-10-08,17.81,-4.144241119483317,,,,,
1991-10-09,18.54,4.098820887142063,,,,,
1991-10-10,17.8,-3.991370010787476,,,,,
1991-10-11,17.6,-1.1235955056179692,,,,,
1991-10-14,16.71,-5.0568181818181905,,,,,
1991-10-15,16.22,-2.932375822860578,,,,,
1991-10-16,14.85,-8.446362515413064,,,,,
1991-10-17,16.32,9.898989898989896,,,,,
1991-10-18,15.87,-2.757352941176472,,,,,
1991-10-21,16.66,4.977945809703854,,,,,
1991-10-22,16.55,-0.6602641056422498,,,,,
1991-10-23,16.26,-1.7522658610271802,,,,,
1991-10-24,15.62,-3.9360393603936172,,,,,
1991-10-25,15.75,0.8322663252240847,,,,,
1991-10-28,15.45,-1.904761904761909,,,,,
1991-10-29,15.55,0.6472491909385258,,,,,
1991-10-30,15.46,-0.5787781350482302,,,,,
1991-10-31,15.48,0.1293661060802087,,,,,
1991-11-01,15.6,0.7751937984496138,,,,,
1991-11-04,16.35,4.807692307692313,,,,,
1991-11-05,16.48,0.7951070336391419,,,,,
1991-11-06,16.47,-0.06067961165049374,,,,,
1991-11-07,15.97,-3.0358227079538502,,,,,
1991-11-08,15.43,-3.3813400125234927,,,,,
1991-11-11,14.89,-3.499675955930004,,,,,
1991-11-12,14.04,-5.708529214237757,,,,,
1991-11-13,13.95,-0.6410256410256387,,,,,
1991-11-14,13.96,0.07168458781363629,,,,,
1991-11-15,21.18,51.719197707736384,,,,,
1991-11-18,18.28,-13.692162417374876,,,,,
1991-11-19,20.34,11.269146608315083,,,,,
1991-11-20,20.4,0.2949852507374562,,,,,
1991-11-21,19.11,-6.323529411764706,,,,,
1991-11-22,21.2,10.936682365253802,,,,,
1991-11-25,21.92,3.396226415094361,,,,,
1991-11-26,19.8,-9.671532846715337,,,,,
1991-11-27,19.84,0.20202020202020332,,,,,
1991-11-29,20.26,2.116935483870974,,,,,
1991-12-02,20.18,-0.39486673247779436,,,,,
1991-12-03,19.7,-2.378592666005952,,,,,
1991-12-04,19.54,-0.8121827411167515,,,,,
1991-12-05,20.19,3.3265097236438113,,,,,
1991-12-06,19.04,-5.695889053987136,,,,,
1991-12-09,19.74,3.676470588235281,,,,,
1991-12-10,19.89,0.7598784194529085,,,,,
1991-12-11,20.57,3.4188034188034067,,,,,
1991-12-12,19.08,-7.2435585804569875,,,,,
1991-12-13,17.88,-6.2893081761006275,,,,,
1991-12-16,17.62,-1.4541387024608388,,,,,
1991-12-17,18.12,2.8376844494892195,,,,,
1991-12-18,17.78,-1.8763796909492259,,,,,
1991-12-19,17.96,1.012373453318327,,,,,
1991-12-20,17.65,-1.726057906458811,,,,,
1991-12-23,16.61,-5.892351274787533,,,,,
1991-12-24,15.67,-5.659241420830819,,,,,
1991-12-26,15.44,-1.467772814294832,,,,,
1991-12-27,15.7,1.6839378238342029,,,,,
1991-12-30,17.63,12.292993630573257,,,,,
1991-12-31,19.31,9.52921157118547,,,,,
1992-01-02,18.95,-1.8643190056965242,,,,,
1992-01-03,18.75,-1.055408970976246,,,,,
1992-01-06,18.96,1.1200000000000099,,,,,
1992-01-07,19.23,1.4240506329114,,,,,
1992-01-08,18.72,-2.6521060842433775,,,,,
1992-01-09,18.96,1.2820512820512997,,,,,
1992-01-10,18.45,-2.689873417721522,,,,,
1992-01-13,18.01,-2.384823848238471,,,,,
1992-01-14,17.01,-5.552470849528035,,,,,
1992-01-15,17.39,2.2339800117577857,,,,,
1992-01-16,17.64,1.4376078205865506,,,,,
1992-01-17,16.32,-7.482993197278908,,,,,
1992-01-20,16.42,0.6127450980392135,,,,,
1992-01-21,17.92,9.135200974421442,,,,,
1992-01-22,16.75,-6.529017857142872,,,,,
1992-01-23,16.46,-1.7313432835820874,,,,,
1992-01-24,16.24,-1.3365735115431487,,,,,
1992-01-27,16.67,2.647783251231539,,,,,
1992-01-28,17.67,5.998800239952007,,,,,
1992-01-29,17.62,-0.28296547821166085,,,,,
1992-01-30,17.49,-0.7377979568672144,,,,,
1992-01-31,17.4,-0.5145797598627766,,,,,
1992-02-03,18.2,4.597701149425282,,,,,
1992-02-04,17.96,-1.318681318681314,,,,,
1992-02-05,18.22,1.4476614699331813,,,,,
1992-02-06,18.79,3.1284302963776156,,,,,
1992-02-07,18.51,-1.4901543374135073,,,,,
1992-02-10,18.56,0.27012425715828847,,,,,
1992-02-11,17.7,-4.633620689655171,,,,,
1992-02-12,17.37,-1.8644067796610098,,,,,
1992-02-13,17.45,0.4605641911341385,,,,,
1992-02-14,17.03,-2.4068767908309363,,,,,
1992-02-18,18.22,6.987668819729875,,,,,
1992-02-19,17.16,-5.81778265642151,,,,,
1992-02-20,16.72,-2.564102564102566,,,,,
1992-02-21,16.87,0.8971291866028741,,,,,
1992-02-24,17.13,1.541197391819793,,,,,
1992-02-25,16.35,-4.553415061295962,,,,,
1992-02-26,16.64,1.7737003058103884,,,,,
1992-02-27,16.51,-0.7812499999999889,,,,,
1992-02-28,16.68,1.0296789824348673,,,,,
1992-03-02,16.88,1.1990407673860837,,,,,
1992-03-03,17.26,2.251184834123232,,,,,
1992-03-04,17.89,3.6500579374275643,,,,,
1992-03-05,18.47,3.2420346562325175,,,,,
1992-03-06,19.75,6.930157011369786,,,,,
1992-03-09,19.68,-0.35443037974683955,,,,,
1992-03-10,18.68,-5.081300813008127,,,,,
1992-03-11,19.79,5.942184154175578,,,,,
1992-03-12,19.72,-0.3537139969681635,,,,,
1992-03-13,18.35,-6.947261663285986,,,,,
1992-03-16,18.46,0.5994550408719324,,,,,
1992-03-17,16.79,-9.04658721560131,,,,,
1992-03-18,16.69,-0.5955926146515633,,,,,
1992-03-19,16.52,-1.0185739964050478,,,,,
1992-03-20,16.82,1.8159806295399594,,,,,
1992-03-23,16.73,-0.5350772889417321,,,,,
1992-03-24,16.32,-2.4506873879258873,,,,,
1992-03-25,16.19,-0.7965686274509776,,,,,
1992-03-26,16.29,0.6176652254477943,,,,,
1992-03-27,16.02,-1.6574585635359074,,,,,
1992-03-30,15.97,-0.3121098626716501,,,,,
1992-03-31,16.18,1.3149655604257848,,,,,
1992-04-01,16.48,1.8541409147095234,,,,,
1992-04-02,17.06,3.5194174757281482,,,,,
1992-04-03,16.72,-1.992966002344665,,,,,
1992-04-06,16.72,0.0,,,,,
1992-04-07,18.81,12.5,,,,,
1992-04-08,20.15,7.123870281765021,,,,,
1992-04-09,17.89,-11.215880893300234,,,,,
1992-04-10,16.85,-5.813303521520396,,,,,
1992-04-13,16.99,0.8308605341246222,,,,,
1992-04-14,15.98,-5.9446733372572,,,,,
1992-04-15,15.15,-5.1939924906132635,,,,,
1992-04-16,14.85,-1.980198019801982,,,,,
1992-04-20,15.93,7.272727272727275,,,,,
1992-04-21,16.53,3.7664783427495463,,,,,
1992-04-22,15.96,-3.4482758620689724,,,,,
1992-04-23,15.83,-0.8145363408521344,,,,,
1992-04-24,15.71,-0.7580543272267759,,,,,
1992-04-27,16.49,4.964990451941431,,,,,
1992-04-28,16.24,-1.5160703456640334,,,,,
1992-04-29,15.95,-1.7857142857142794,,,,,
1992-04-30,15.53,-2.63322884012539,,,,,
1992-05-01,16.61,6.95428203477142,,,,,
1992-05-04,16.92,1.866345574954864,,,,,
1992-05-05,16.66,-1.536643026004736,,,,,
1992-05-06,16.81,0.9003601440576103,,,,,
1992-05-07,16.54,-1.6061867935752483,,,,,
1992-05-08,15.65,-5.380894800483671,,,,,
1992-05-11,15.17,-3.067092651757186,,,,,
1992-05-12,15.68,3.3618984838497123,,,,,
1992-05-13,15.19,-3.125,,,,,
1992-05-14,15.49,1.974983541803832,,,,,
1992-05-15,14.82,-4.325371207230466,,,,,
1992-05-18,14.62,-1.3495276653171406,,,,,
1992-05-19,13.57,-7.181942544459641,,,,,
1992-05-20,13.62,0.3684598378776549,,,,,
1992-05-21,13.92,2.2026431718061623,,,,,
1992-05-22,13.73,-1.3649425287356243,,,,,
1992-05-26,14.92,8.667152221412966,,,,,
1992-05-27,13.99,-6.233243967828416,,,,,
1992-05-28,13.77,-1.572551822730528,,,,,
1992-05-29,13.86,0.6535947712418277,,,,,
1992-06-01,14.43,4.112554112554112,,,,,
1992-06-02,14.57,0.970200970200974,,,,,
1992-06-03,14.35,-1.5099519560741292,,,,,
1992-06-04,13.66,-4.808362369337971,,,,,
1992-06-05,14.65,7.247437774524168,,,,,
1992-06-08,15.19,3.686006825938559,,,,,
1992-06-09,15.97,5.1349572086899276,,,,,
1992-06-10,16.62,4.07013149655604,,,,,
1992-06-11,16.29,-1.9855595667870096,,,,,
1992-06-12,14.95,-8.225905463474525,,,,,
1992-06-15,14.76,-1.2709030100334417,,,,,
1992-06-16,15.22,3.1165311653116534,,,,,
1992-06-17,18.08,18.791064388961875,,,,,
1992-06-18,18.2,0.6637168141592875,,,,,
1992-06-19,16.31,-10.384615384615392,,,,,
1992-06-22,16.66,2.145922746781115,,,,,
1992-06-23,14.53,-12.78511404561825,,,,,
1992-06-24,14.4,-0.8947006194081175,,,,,
1992-06-25,14.4,0.0,,,,,
1992-06-26,14.67,1.8750000000000044,,,,,
1992-06-29,13.21,-9.952283571915466,,,,,
1992-06-30,13.35,1.0598031794095242,,,,,
1992-07-01,13.34,-0.07490636704119424,,,,,
1992-07-02,13.88,4.047976011994003,,,,,
1992-07-06,14.87,7.1325648414985565,,,,,
1992-07-07,15.83,6.455951580363162,,,,,
1992-07-08,15.53,-1.895135818066962,,,,,
1992-07-09,14.6,-5.988409529942052,,,,,
1992-07-10,13.7,-6.164383561643838,,,,,
1992-07-13,14.01,2.262773722627731,,,,,
1992-07-14,13.5,-3.6402569593147693,,,,,
1992-07-15,12.52,-7.259259259259265,,,,,
1992-07-16,12.27,-1.9968051118210872,,,,,
1992-07-17,12.6,2.689486552567244,,,,,
1992-07-20,12.66,0.4761904761904745,,,,,
1992-07-21,12.6,-0.4739336492891044,,,,,
1992-07-22,13.57,7.698412698412693,,,,,
1992-07-23,13.33,-1.7686072218128235,,,,,
1992-07-24,13.37,0.30007501875468634,,,,,
1992-07-27,13.9,3.9640987284966345,,,,,
1992-07-28,13.05,-6.1151079136690605,,,,,
1992-07-29,13.44,2.9885057471264354,,,,,
1992-07-30,13.5,0.44642857142858094,,,,,
1992-07-31,13.17,-2.444444444444449,,,,,
1992-08-03,13.83,5.011389521640086,,,,,
1992-08-04,13.58,-1.8076644974692746,,,,,
1992-08-05,13.82,1.767304860088359,,,,,
1992-08-06,14.23,2.966714905933432,,,,,
1992-08-07,13.94,-2.037947997189049,,,,,
1992-08-10,14.51,4.088952654232436,,,,,
1992-08-11,15.09,3.997243280496221,,,,,
1992-08-12,14.88,-1.391650099403574,,,,,
1992-08-13,15.34,3.0913978494623517,,,,,
1992-08-14,14.66,-4.432855280312909,,,,,
1992-08-17,14.61,-0.3410641200545794,,,,,
1992-08-18,13.84,-5.270362765229297,,,,,
1992-08-19,14.35,3.684971098265888,,,,,
1992-08-20,14.48,0.9059233449477455,,,,,
1992-08-21,15.01,3.6602209944751385,,,,,
1992-08-24,16.19,7.861425716189219,,,,,
1992-08-25,15.62,-3.52069178505251,,,,,
1992-08-26,14.5,-7.170294494238149,,,,,
1992-08-27,13.66,-5.79310344827586,,,,,
1992-08-28,13.14,-3.8067349926793503,,,,,
1992-08-31,13.58,3.348554033485529,,,,,
1992-09-01,13.4,-1.3254786450662692,,,,,
1992-09-02,12.73,-5.000000000000004,,,,,
1992-09-03,12.88,1.178318931657496,,,,,
1992-09-04,12.98,0.7763975155279379,,,,,
1992-09-08,13.65,5.161787365177184,,,,,
1992-09-09,13.36,-2.124542124542128,,,,,
1992-09-10,12.92,-3.293413173652693,,,,,
1992-09-11,12.47,-3.482972136222906,,,,,
1992-09-14,13.0,4.2502004811547645,,,,,
1992-09-15,13.63,4.846153846153856,,,,,
1992-09-16,14.72,7.997065297138661,,,,,
1992-09-17,14.31,-2.785326086956519,,,,,
1992-09-18,13.74,-3.983228511530401,,,,,
1992-09-21,13.45,-2.1106259097525504,,,,,
1992-09-22,13.88,3.1970260223048497,,,,,
1992-09-23,13.83,-0.36023054755043304,,,,,
1992-09-24,13.44,-2.819956616052066,,,,,
1992-09-25,14.8,10.119047619047628,,,,,
1992-09-28,15.19,2.635135135135136,,,,,
1992-09-29,14.97,-1.4483212639894605,,,,,
1992-09-30,14.28,-4.609218436873752,,,,,
1992-10-01,16.31,14.215686274509798,,,,,
1992-10-02,17.79,9.074187614960149,,,,,
1992-10-05,20.01,12.478920741989885,,,,,
1992-10-06,19.95,-0.2998500749625266,,,,,
1992-10-07,21.02,5.363408521303259,,,,,
1992-10-08,19.26,-8.37297811607991,,,,,
1992-10-09,20.51,6.4901349948078835,,,,,
1992-10-12,19.49,-4.973183812774273,,,,,
1992-10-13,17.9,-8.158029758850693,,,,,
1992-10-14,18.42,2.905027932960902,,,,,
1992-10-15,17.11,-7.111834961997843,,,,,
1992-10-16,17.01,-0.5844535359438852,,,,,
1992-10-19,17.31,1.7636684303350858,,,,,
1992-10-20,16.87,-2.541883304448278,,,,,
1992-10-21,16.62,-1.4819205690574933,,,,,
1992-10-22,15.84,-4.693140794223838,,,,,
1992-10-23,16.46,3.9141414141414144,,,,,
1992-10-26,16.32,-0.8505467800729027,,,,,
1992-10-27,16.24,-0.4901960784313819,,,,,
1992-10-28,15.95,-1.7857142857142794,,,,,
1992-10-29,15.47,-3.0094043887147204,,,,,
1992-10-30,16.15,4.39560439560438,,,,,
1992-11-02,16.67,3.2198142414860964,,,,,
1992-11-03,17.33,3.959208158368299,,,,,
1992-11-04,16.28,-6.058857472590862,,,,,
1992-11-05,15.38,-5.528255528255532,,,,,
1992-11-06,14.69,-4.486345903771138,,,,,
1992-11-09,14.23,-3.1313818924438297,,,,,
1992-11-10,14.37,0.9838369641602229,,,,,
1992-11-11,13.99,-2.6443980514961662,,,,,
1992-11-12,14.37,2.716225875625433,,,,,
1992-11-13,14.61,1.6701461377870652,,,,,
1992-11-16,14.86,1.7111567419575646,,,,,
1992-11-17,15.01,1.0094212651413192,,,,,
1992-11-18,14.55,-3.0646235842771374,,,,,
1992-11-19,14.33,-1.5120274914089404,,,,,
1992-11-20,13.67,-4.60572226099093,,,,,
1992-11-23,13.4,-1.9751280175566932,,,,,
1992-11-24,12.66,-5.5223880597014885,,,,,
1992-11-25,12.5,-1.2638230647709303,,,,,
1992-11-27,12.58,0.6399999999999961,,,,,
1992-11-30,13.01,3.418124006359302,,,,,
1992-12-01,12.8,-1.6141429669484952,,,,,
1992-12-02,12.56,-1.8750000000000044,,,,,
1992-12-03,12.03,-4.21974522292995,,,,,
1992-12-04,11.81,-1.8287614297589294,,,,,
1992-12-07,12.0,1.608806096528359,,,,,
1992-12-08,11.73,-2.2499999999999964,,,,,
1992-12-09,12.58,7.246376811594191,,,,,
1992-12-10,12.75,1.3513513513513598,,,,,
1992-12-11,12.34,-3.2156862745098103,,,,,
1992-12-14,12.66,2.593192868719618,,,,,
1992-12-15,12.41,-1.9747235387045814,,,,,
1992-12-16,12.58,1.3698630136986356,,,,,
1992-12-17,12.14,-3.497615262321141,,,,,
1992-12-18,11.66,-3.953871499176276,,,,,
1992-12-21,11.65,-0.08576329331045907,,,,,
1992-12-22,11.75,0.8583690987124415,,,,,
1992-12-23,11.51,-2.04255319148936,,,,,
1992-12-24,11.57,0.5212858384013863,,,,,
1992-12-28,12.22,5.617977528089901,,,,,
1992-12-29,12.29,0.572831423895237,,,,,
1992-12-30,12.6,2.522375915378361,,,,,
1992-12-31,12.57,-0.23809523809523725,,,,,
1993-01-04,13.36,6.284805091487655,,,,,
1993-01-05,13.35,-0.07485029940119681,,,,,
1993-01-06,13.37,0.1498127340823885,,,,,
1993-01-07,14.72,10.097232610321626,,,,,
1993-01-08,13.77,-6.453804347826098,,,,,
1993-01-11,12.86,-6.608569353667393,,,,,
1993-01-12,12.78,-0.6220839813374845,,,,,
1993-01-13,12.42,-2.8169014084507005,,,,,
1993-01-14,11.99,-3.46215780998389,,,,,
1993-01-15,11.57,-3.5029190992493686,,,,,
1993-01-18,11.49,-0.691443388072599,,,,,
1993-01-19,12.06,4.960835509138373,,,,,
1993-01-20,12.15,0.746268656716409,,,,,
1993-01-21,11.69,-3.7860082304526865,,,,,
1993-01-22,11.3,-3.336184773310513,,,,,
1993-01-25,11.38,0.707964601769917,,,,,
1993-01-26,11.45,0.6151142355008687,,,,,
1993-01-27,12.01,4.890829694323151,,,,,
1993-01-28,12.04,0.24979184013320666,,,,,
1993-01-29,12.42,3.1561461794020085,,,,,
1993-02-01,12.33,-0.7246376811594235,,,,,
1993-02-02,12.25,-0.6488240064882356,,,,,
1993-02-03,12.12,-1.06122448979592,,,,,
1993-02-04,12.29,1.4026402640264113,,,,,
1993-02-05,12.9,4.9633848657445245,,,,,
1993-02-08,13.22,2.4806201550387597,,,,,
1993-02-09,13.48,1.9667170953101332,,,,,
1993-02-10,13.43,-0.37091988130564246,,,,,
1993-02-11,12.69,-5.510052122114672,,,,,
1993-02-12,12.38,-2.4428684003152012,,,,,
1993-02-16,15.76,27.30210016155088,,,,,
1993-02-17,15.9,0.8883248730964466,,,,,
1993-02-18,15.56,-2.1383647798742134,,,,,
1993-02-19,15.02,-3.470437017994865,,,,,
1993-02-22,14.7,-2.130492676431428,,,,,
1993-02-23,15.04,2.3129251700680253,,,,,
1993-02-24,14.72,-2.127659574468077,,,,,
1993-02-25,13.76,-6.521739130434789,,,,,
1993-02-26,13.16,-4.360465116279066,,,,,
1993-03-01,13.6,3.3434650455927084,,,,,
1993-03-02,12.49,-8.161764705882346,,,,,
1993-03-03,13.13,5.124099279423544,,,,,
1993-03-04,13.44,2.361005331302346,,,,,
1993-03-05,14.08,4.761904761904767,,,,,
1993-03-08,16.22,15.198863636363624,,,,,
1993-03-09,14.17,-12.6387176325524,,,,,
1993-03-10,13.91,-1.834862385321101,,,,,
1993-03-11,14.26,2.5161754133716796,,,,,
1993-03-12,15.66,9.817671809256655,,,,,
1993-03-15,14.74,-5.874840357598976,,,,,
1993-03-16,14.51,-1.5603799185888723,,,,,
1993-03-17,14.53,0.1378359751895264,,,,,
1993-03-18,14.17,-2.4776324845147912,,,,,
1993-03-19,13.23,-6.633733239237827,,,,,
1993-03-22,13.66,3.2501889644746873,,,,,
1993-03-23,13.02,-4.685212298682284,,,,,
1993-03-24,12.44,-4.454685099846389,,,,,
1993-03-25,12.08,-2.893890675241151,,,,,
1993-03-26,12.21,1.0761589403973648,,,,,
1993-03-29,12.63,3.439803439803435,,,,,
1993-03-30,12.23,-3.1670625494853555,,,,,
1993-03-31,12.53,2.452984464431718,,,,,
1993-04-01,13.02,3.9106145251396773,,,,,
1993-04-02,14.5,11.367127496159757,,,,,
1993-04-05,14.12,-2.6206896551724146,,,,,
1993-04-06,14.24,0.8498583569405138,,,,,
1993-04-07,13.64,-4.213483146067409,,,,,
1993-04-08,12.83,-5.938416422287396,,,,,
1993-04-12,11.93,-7.014809041309434,,,,,
1993-04-13,11.7,-1.9279128248114064,,,,,
1993-04-14,11.76,0.512820512820511,,,,,
1993-04-15,10.96,-6.802721088435371,,,,,
1993-04-16,11.29,3.0109489051094673,,,,,
1993-04-19,12.06,6.8201948627103715,,,,,
1993-04-20,11.94,-0.9950248756218971,,,,,
1993-04-21,12.11,1.4237855946398703,,,,,
1993-04-22,12.68,4.706853839801828,,,,,
1993-04-23,13.36,5.362776025236582,,,,,
1993-04-26,15.25,14.146706586826351,,,,,
1993-04-27,13.93,-8.655737704918032,,,,,
1993-04-28,13.12,-5.814788226848533,,,,,
1993-04-29,12.8,-2.4390243902438935,,,,,
1993-04-30,12.42,-2.968750000000009,,,,,
1993-05-03,12.9,3.864734299516903,,,,,
1993-05-04,12.14,-5.891472868217051,,,,,
1993-05-05,12.38,1.976935749588149,,,,,
1993-05-06,13.22,6.785137318255252,,,,,
1993-05-07,13.01,-1.5885022692889605,,,,,
1993-05-10,13.72,5.457340507302089,,,,,
1993-05-11,13.35,-2.696793002915454,,,,,
1993-05-12,13.56,1.573033707865168,,,,,
1993-05-13,14.76,8.849557522123884,,,,,
1993-05-14,14.39,-2.5067750677506773,,,,,
1993-05-17,14.13,-1.8068102849200796,,,,,
1993-05-18,14.19,0.424628450106157,,,,,
1993-05-19,14.29,0.7047216349541863,,,,,
1993-05-20,13.98,-2.1693491952414212,,,,,
1993-05-21,14.51,3.791130185979963,,,,,
1993-05-24,14.1,-2.8256374913852578,,,,,
1993-05-25,14.04,-0.42553191489361764,,,,,
1993-05-26,12.88,-8.262108262108248,,,,,
1993-05-27,13.1,1.7080745341614856,,,,,
1993-05-28,13.47,2.8244274809160475,,,,,
1993-06-01,13.67,1.4847809948032697,,,,,
1993-06-02,13.48,-1.3899049012435993,,,,,
1993-06-03,13.54,0.4451038575667532,,,,,
1993-06-04,12.86,-5.022156573116687,,,,,
1993-06-07,14.07,9.409020217729402,,,,,
1993-06-08,14.74,4.761904761904767,,,,,
1993-06-09,13.96,-5.291723202170962,,,,,
1993-06-10,13.31,-4.65616045845273,,,,,
1993-06-11,12.71,-4.507888805409466,,,,,
1993-06-14,12.33,-2.989771833202204,,,,,
1993-06-15,11.99,-2.7575020275750206,,,,,
1993-06-16,11.87,-1.0008340283569672,,,,,
1993-06-17,11.66,-1.7691659646166702,,,,,
1993-06-18,12.24,4.97427101200687,,,,,
1993-06-21,12.25,0.08169934640522847,,,,,
1993-06-22,11.65,-4.8979591836734615,,,,,
1993-06-23,12.04,3.3476394849785374,,,,,
1993-06-24,12.25,1.744186046511631,,,,,
1993-06-25,11.25,-8.163265306122447,,,,,
1993-06-28,11.11,-1.244444444444448,,,,,
1993-06-29,11.29,1.6201620162016095,,,,,
1993-06-30,11.26,-0.26572187776793266,,,,,
1993-07-01,11.51,2.2202486678507993,,,,,
1993-07-02,11.33,-1.56385751520417,,,,,
1993-07-06,13.87,22.41835834068844,,,,,
1993-07-07,13.05,-5.912040374909866,,,,,
1993-07-08,12.24,-6.206896551724139,,,,,
1993-07-09,10.8,-11.764705882352933,,,,,
1993-07-12,10.85,0.4629629629629539,,,,,
1993-07-13,11.02,1.5668202764977046,,,,,
1993-07-14,10.78,-2.177858439201452,,,,,
1993-07-15,10.6,-1.6697588126159513,,,,,
1993-07-16,10.96,3.396226415094361,,,,,
1993-07-19,11.46,4.562043795620441,,,,,
1993-07-20,11.05,-3.5776614310645716,,,,,
1993-07-21,11.97,8.325791855203612,,,,,
1993-07-22,11.69,-2.3391812865497186,,,,,
1993-07-23,11.32,-3.1650983746792094,,,,,
1993-07-26,11.32,0.0,,,,,
1993-07-27,11.34,0.17667844522968323,,,,,
1993-07-28,11.37,0.2645502645502562,,,,,
1993-07-29,11.25,-1.055408970976246,,,,,
1993-07-30,11.73,4.266666666666663,,,,,
1993-08-02,11.47,-2.2165387894288124,,,,,
1993-08-03,11.49,0.17436791630338622,,,,,
1993-08-04,11.71,1.9147084421235805,,,,,
1993-08-05,12.03,2.7327070879589854,,,,,
1993-08-06,12.33,2.493765586034913,,,,,
1993-08-09,12.39,0.48661800486617945,,,,,
1993-08-10,12.31,-0.6456820016142006,,,,,
1993-08-11,12.07,-1.9496344435418367,,,,,
1993-08-12,12.38,2.5683512841756517,,,,,
1993-08-13,12.19,-1.5347334410339308,,,,,
1993-08-16,12.01,-1.4766201804757961,,,,,
1993-08-17,11.59,-3.497085761865115,,,,,
1993-08-18,11.52,-0.6039689387402958,,,,,
1993-08-19,11.63,0.954861111111116,,,,,
1993-08-20,11.62,-0.08598452278590907,,,,,
1993-08-23,12.15,4.561101549053359,,,,,
1993-08-24,11.8,-2.8806584362139898,,,,,
1993-08-25,12.1,2.5423728813559254,,,,,
1993-08-26,12.14,0.33057851239670644,,,,,
1993-08-27,11.91,-1.8945634266886335,,,,,
1993-08-30,11.74,-1.4273719563392073,,,,,
1993-08-31,11.85,0.9369676320272413,,,,,
1993-09-01,11.48,-3.122362869198303,,,,,
1993-09-02,11.87,3.397212543554007,,,,,
1993-09-03,11.16,-5.981465880370673,,,,,
1993-09-07,12.9,15.591397849462375,,,,,
1993-09-08,13.24,2.635658914728678,,,,,
1993-09-09,12.67,-4.305135951661631,,,,,
1993-09-10,11.7,-7.65588003157065,,,,,
1993-09-13,12.16,3.93162393162394,,,,,
1993-09-14,13.15,8.141447368421062,,,,,
1993-09-15,12.7,-3.4220532319391705,,,,,
1993-09-16,13.36,5.1968503937007915,,,,,
1993-09-17,13.39,0.22455089820359042,,,,,
1993-09-20,14.6,9.03659447348768,,,,,
1993-09-21,17.3,18.493150684931514,,,,,
1993-09-22,13.75,-20.52023121387283,,,,,
1993-09-23,13.36,-2.836363636363637,,,,,
1993-09-24,12.47,-6.661676646706582,,,,,
1993-09-27,12.49,0.1603849238171584,,,,,
1993-09-28,12.19,-2.4019215372297897,,,,,
1993-09-29,12.63,3.6095159967186374,,,,,
1993-09-30,12.99,2.8503562945368044,,,,,
1993-10-01,11.83,-8.929946112394148,,,,,
1993-10-04,12.85,8.622147083685539,,,,,
1993-10-05,12.97,0.9338521400778177,,,,,
1993-10-06,12.68,-2.2359290670778798,,,,,
1993-10-07,13.14,3.6277602523659302,,,,,
1993-10-08,12.04,-8.371385083713855,,,,,
1993-10-11,12.26,1.82724252491695,,,,,
1993-10-12,12.41,1.2234910277324706,,,,,
1993-10-13,11.38,-8.29975825946817,,,,,
1993-10-14,11.0,-3.3391915641476366,,,,,
1993-10-15,10.87,-1.1818181818181839,,,,,
1993-10-18,11.33,4.231830726770935,,,,,
1993-10-19,11.61,2.471315092674309,,,,,
1993-10-20,11.32,-2.49784668389319,,,,,
1993-10-21,11.2,-1.0600706713780994,,,,,
1993-10-22,11.48,2.5000000000000133,,,,,
1993-10-25,11.83,3.0487804878048808,,,,,
1993-10-26,11.83,0.0,,,,,
1993-10-27,12.01,1.5215553677092153,,,,,
1993-10-28,11.88,-1.0824313072439584,,,,,
1993-10-29,11.46,-3.535353535353536,,,,,
1993-11-01,11.78,2.7923211169284423,,,,,
1993-11-02,11.74,-0.3395585738539819,,,,,
1993-11-03,13.26,12.947189097103905,,,,,
1993-11-04,14.68,10.708898944193068,,,,,
1993-11-05,14.97,1.975476839237067,,,,,
1993-11-08,14.31,-4.4088176352705455,,,,,
1993-11-09,13.94,-2.5856044723969296,,,,,
1993-11-10,13.72,-1.5781922525107572,,,,,
1993-11-11,13.88,1.1661807580174877,,,,,
1993-11-12,13.33,-3.9625360230547635,,,,,
1993-11-15,14.46,8.477119279819956,,,,,
1993-11-16,15.11,4.495159059474396,,,,,
1993-11-17,15.57,3.0443414956982107,,,,,
1993-11-18,14.65,-5.908798972382789,,,,,
1993-11-19,15.03,2.5938566552901055,,,,,
1993-11-22,15.9,5.788423153692612,,,,,
1993-11-23,14.27,-10.251572327044034,,,,,
1993-11-24,13.51,-5.325858444288711,,,,,
1993-11-26,13.77,1.924500370096216,,,,,
1993-11-29,14.12,2.541757443718229,,,,,
1993-11-30,13.76,-2.5495750708215303,,,,,
1993-12-01,13.83,0.5087209302325535,,,,,
1993-12-02,13.51,-2.313810556760665,,,,,
1993-12-03,12.69,-6.069578090303485,,,,,
1993-12-06,12.84,1.1820330969267268,,,,,
1993-12-07,12.41,-3.3489096573208754,,,,,
1993-12-08,12.46,0.40290088638195165,,,,,
1993-12-09,12.43,-0.24077046548957037,,,,,
1993-12-10,12.6,1.3676588897827857,,,,,
1993-12-13,10.98,-12.857142857142856,,,,,
1993-12-14,11.13,1.3661202185792476,,,,,
1993-12-15,11.03,-0.8984725965858198,,,,,
1993-12-16,10.9,-1.1786038077969074,,,,,
1993-12-17,11.08,1.6513761467889854,,,,,
1993-12-20,10.75,-2.9783393501805033,,,,,
1993-12-21,10.08,-6.232558139534882,,,,,
1993-12-22,9.31,-7.638888888888884,,,,,
1993-12-23,9.48,1.8259935553168738,,,,,
1993-12-27,9.7,2.320675105485215,,,,,
1993-12-28,9.82,1.2371134020618735,,,,,
1993-12-29,10.46,6.517311608961318,,,,,
1993-12-30,10.69,2.1988527724665197,,,,,
1993-12-31,11.66,9.073900841908333,,,,,
1994-01-03,12.57,7.804459691252141,,,,,
1994-01-04,11.91,-5.250596658711215,,,,,
1994-01-05,10.94,-8.144416456759028,,,,,
1994-01-06,11.27,3.0164533820840944,,,,,
1994-01-07,10.96,-2.7506654835847244,,,,,
1994-01-10,10.74,-2.007299270072993,,,,,
1994-01-11,11.29,5.1210428305400235,,,,,
1994-01-12,11.65,3.1886625332152363,,,,,
1994-01-13,12.08,3.6909871244635184,,,,,
1994-01-14,11.15,-7.698675496688734,,,,,
1994-01-17,11.88,6.547085201793723,,,,,
1994-01-18,11.63,-2.1043771043771087,,,,,
1994-01-19,11.76,1.1177987962166736,,,,,
1994-01-20,11.16,-5.102040816326525,,,,,
1994-01-21,11.09,-0.6272401433691788,,,,,
1994-01-24,11.6,4.598737601442737,,,,,
1994-01-25,11.38,-1.8965517241379182,,,,,
1994-01-26,11.17,-1.8453427065026395,,,,,
1994-01-27,10.3,-7.7887197851387535,,,,,
1994-01-28,9.94,-3.495145631067975,,,,,
1994-01-31,10.63,6.941649899396385,,,,,
1994-02-01,10.65,0.18814675446847673,,,,,
1994-02-02,10.61,-0.3755868544600971,,,,,
1994-02-03,10.75,1.3195098963242335,,,,,
1994-02-04,15.25,41.86046511627908,,,,,
1994-02-07,13.96,-8.45901639344262,,,,,
1994-02-08,13.66,-2.148997134670494,,,,,
1994-02-09,13.3,-2.6354319180087793,,,,,
1994-02-10,14.24,7.067669172932334,,,,,
1994-02-11,14.46,1.54494382022472,,,,,
1994-02-14,14.28,-1.2448132780083054,,,,,
1994-02-15,13.4,-6.1624649859943865,,,,,
1994-02-16,13.13,-2.014925373134324,,,,,
1994-02-17,13.79,5.0266565118050055,,,,,
1994-02-18,14.7,6.598984771573613,,,,,
1994-02-22,13.52,-8.027210884353742,,,,,
1994-02-23,13.91,2.8846153846153966,,,,,
1994-02-24,15.96,14.737598849748391,,,,,
1994-02-25,14.8,-7.2681704260651685,,,,,
1994-02-28,14.87,0.4729729729729737,,,,,
1994-03-01,15.83,6.455951580363162,,,,,
1994-03-02,16.08,1.5792798483891257,,,,,
1994-03-03,16.36,1.7412935323383172,,,,,
1994-03-04,16.0,-2.2004889975550057,,,,,
1994-03-07,14.26,-10.875000000000002,,,,,
1994-03-08,16.23,13.814866760168298,,,,,
1994-03-09,14.41,-11.213801601971662,,,,,
1994-03-10,16.55,14.850798056904924,,,,,
1994-03-11,14.87,-10.151057401812702,,,,,
1994-03-14,16.61,11.701412239408215,,,,,
1994-03-15,14.78,-11.017459361830229,,,,,
1994-03-16,14.51,-1.826792963464141,,,,,
1994-03-17,12.76,-12.060647829083393,,,,,
1994-03-18,13.32,4.3887147335423204,,,,,
1994-03-21,14.34,7.657657657657646,,,,,
1994-03-22,13.39,-6.624825662482559,,,,,
1994-03-23,12.31,-8.065720687079914,,,,,
1994-03-24,13.43,9.09829406986189,,,,,
1994-03-25,13.67,1.7870439314966458,,,,,
1994-03-28,14.9,8.99780541331383,,,,,
1994-03-29,16.49,10.671140939597311,,,,,
1994-03-30,18.59,12.734990903577925,,,,,
1994-03-31,20.45,10.00537923614846,,,,,
1994-04-04,23.87,16.723716381418097,,,,,
1994-04-05,18.13,-24.04692082111438,,,,,
1994-04-06,17.38,-4.136789851075562,,,,,
1994-04-07,16.98,-2.3014959723820394,,,,,
1994-04-08,16.92,-0.35335689045935537,,,,,
1994-04-11,16.61,-1.8321513002364176,,,,,
1994-04-12,16.42,-1.1438892233594067,,,,,
1994-04-13,17.02,3.6540803897685548,,,,,
1994-04-14,16.27,-4.406580493537016,,,,,
1994-04-15,15.98,-1.782421634910869,,,,,
1994-04-18,17.22,7.759699624530647,,,,,
1994-04-19,16.93,-1.6840882694541204,,,,,
1994-04-20,17.01,0.47253396337862963,,,,,
1994-04-21,14.93,-12.22810111699002,,,,,
1994-04-22,14.94,0.06697923643670389,,,,,
1994-04-25,14.26,-4.551539491298529,,,,,
1994-04-26,13.8,-3.2258064516129004,,,,,
1994-04-28,14.51,5.14492753623188,,,,,
1994-04-29,13.77,-5.09993108201241,,,,,
1994-05-02,14.11,2.4691358024691246,,,,,
1994-05-03,13.81,-2.126151665485465,,,,,
1994-05-04,14.29,3.47574221578566,,,,,
1994-05-05,14.56,1.889433170048993,,,,,
1994-05-06,15.08,3.5714285714285587,,,,,
1994-05-09,16.16,7.161803713527859,,,,,
1994-05-10,15.19,-6.002475247524752,,,,,
1994-05-11,15.55,2.369980250164594,,,,,
1994-05-12,15.46,-0.5787781350482302,,,,,
1994-05-13,14.54,-5.950840879689534,,,,,
1994-05-16,14.67,0.8940852819807388,,,,,
1994-05-17,14.08,-4.021813224267213,,,,,
1994-05-18,12.55,-10.86647727272727,,,,,
1994-05-19,12.33,-1.7529880478087678,,,,,
1994-05-20,12.79,3.7307380373073684,,,,,
1994-05-23,13.49,5.473025801407361,,,,,
1994-05-24,12.73,-5.633802816901412,,,,,
1994-05-25,12.43,-2.3566378633150142,,,,,
1994-05-26,12.5,0.5631536604987941,,,,,
1994-05-27,12.49,-0.08000000000000229,,,,,
1994-05-31,13.03,4.32345876701361,,,,,
1994-06-01,12.72,-2.379125095932455,,,,,
1994-06-02,12.73,0.07861635220125507,,,,,
1994-06-03,12.19,-4.241948153967012,,,,,
1994-06-06,13.03,6.89089417555373,,,,,
1994-06-07,13.05,0.15349194167306734,,,,,
1994-06-08,13.32,2.0689655172413834,,,,,
1994-06-09,13.21,-0.8258258258258211,,,,,
1994-06-10,12.69,-3.9364118092354405,,,,,
1994-06-13,11.92,-6.067769897557129,,,,,
1994-06-14,11.6,-2.684563758389269,,,,,
1994-06-15,11.52,-0.6896551724137945,,,,,
1994-06-16,11.22,-2.604166666666663,,,,,
1994-06-17,12.31,9.714795008912658,,,,,
1994-06-20,13.96,13.403736799350119,,,,,
1994-06-21,14.7,5.3008595988538465,,,,,
1994-06-22,14.02,-4.625850340136051,,,,,
1994-06-23,14.12,0.7132667617689048,,,,,
1994-06-24,16.72,18.41359773371105,,,,,
1994-06-27,15.53,-7.117224880382778,,,,,
1994-06-28,15.04,-3.1551835157759167,,,,,
1994-06-29,14.42,-4.122340425531911,,,,,
1994-06-30,14.97,3.8141470180305115,,,,,
1994-07-01,14.36,-4.074816299265205,,,,,
1994-07-05,14.92,3.8997214484679743,,,,,
1994-07-06,14.7,-1.4745308310991967,,,,,
1994-07-07,14.01,-4.6938775510204085,,,,,
1994-07-08,13.26,-5.353319057815842,,,,,
1994-07-11,13.83,4.2986425339366585,,,,,
1994-07-12,13.4,-3.1091829356471368,,,,,
1994-07-13,12.42,-7.313432835820899,,,,,
1994-07-14,11.64,-6.28019323671497,,,,,
1994-07-15,11.28,-3.0927835051546504,,,,,
1994-07-18,11.44,1.4184397163120588,,,,,
1994-07-19,11.65,1.8356643356643332,,,,,
1994-07-20,11.7,0.42918454935620964,,,,,
1994-07-21,11.65,-0.42735042735041473,,,,,
1994-07-22,11.22,-3.6909871244635184,,,,,
1994-07-25,11.46,2.1390374331550888,,,,,
1994-07-26,11.66,1.7452006980802626,,,,,
1994-07-27,11.93,2.3156089193824947,,,,,
1994-07-28,12.03,0.83822296730931,,,,,
1994-07-29,11.13,-7.481296758104728,,,,,
1994-08-01,11.17,0.3593890386343057,,,,,
1994-08-02,11.27,0.8952551477170889,,,,,
1994-08-03,11.35,0.709849157054121,,,,,
1994-08-04,12.18,7.31277533039647,,,,,
1994-08-05,12.34,1.3136288998357948,,,,,
1994-08-08,12.41,0.5672609400324102,,,,,
1994-08-09,12.54,1.047542304593052,,,,,
1994-08-10,11.91,-5.023923444976064,,,,,
1994-08-11,12.13,1.8471872376154552,,,,,
1994-08-12,11.09,-8.57378400659523,,,,,
1994-08-15,12.06,8.746618575293063,,,,,
1994-08-16,11.39,-5.555555555555558,,,,,
1994-08-17,11.54,1.316944688323085,,,,,
1994-08-18,12.07,4.592720970537267,,,,,
1994-08-19,12.83,6.296603148301583,,,,,
1994-08-22,12.62,-1.6367887763055422,,,,,
1994-08-23,11.75,-6.89381933438985,,,,,
1994-08-24,11.57,-1.5319148936170146,,,,,
1994-08-25,12.02,3.889369057908376,,,,,
1994-08-26,12.19,1.4143094841930104,,,,,
1994-08-29,11.82,-3.035274815422473,,,,,
1994-08-30,11.23,-4.991539763113362,,,,,
1994-08-31,11.97,6.589492430988431,,,,,
1994-09-01,11.86,-0.9189640768588192,,,,,
1994-09-02,11.4,-3.8785834738617075,,,,,
1994-09-06,11.69,2.543859649122804,,,,,
1994-09-07,11.81,1.0265183917878673,,,,,
1994-09-08,11.86,0.42337002540220325,,,,,
1994-09-09,13.12,10.623946037099486,,,,,
1994-09-12,14.01,6.783536585365857,,,,,
1994-09-13,13.77,-1.7130620985010725,,,,,
1994-09-14,13.09,-4.938271604938271,,,,,
1994-09-15,11.88,-9.243697478991585,,,,,
1994-09-16,12.8,7.744107744107742,,,,,
1994-09-19,13.06,2.0312499999999956,,,,,
1994-09-20,14.45,10.643185298621738,,,,,
1994-09-21,14.49,0.27681660899654403,,,,,
1994-09-22,13.89,-4.140786749482395,,,,,
1994-09-23,14.53,4.607631389488831,,,,,
1994-09-26,14.56,0.20646937370958351,,,,,
1994-09-27,14.13,-2.953296703296704,,,,,
1994-09-28,13.25,-6.22788393489031,,,,,
1994-09-29,13.97,5.433962264150938,,,,,
1994-09-30,14.28,2.219040801717953,,,,,
1994-10-03,15.44,8.12324929971988,,,,,
1994-10-04,16.66,7.901554404145084,,,,,
1994-10-05,15.92,-4.441776710684275,,,,,
1994-10-06,16.24,2.010050251256268,,,,,
1994-10-07,14.92,-8.128078817733986,,,,,
1994-10-10,14.72,-1.3404825737265313,,,,,
1994-10-11,13.55,-7.948369565217394,,,,,
1994-10-12,14.51,7.08487084870848,,,,,
1994-10-13,14.9,2.6878015161957203,,,,,
1994-10-14,13.32,-10.604026845637582,,,,,
1994-10-17,14.76,10.81081081081081,,,,,
1994-10-18,14.59,-1.1517615176151796,,,,,
1994-10-19,15.13,3.7011651816312607,,,,,
1994-10-20,15.99,5.684071381361533,,,,,
1994-10-21,15.91,-0.500312695434646,,,,,
1994-10-24,16.97,6.662476429918285,,,,,
1994-10-25,16.13,-4.949911608721269,,,,,
1994-10-26,15.7,-2.6658400495970236,,,,,
1994-10-27,15.67,-0.19108280254777066,,,,,
1994-10-28,14.56,-7.083599234205485,,,,,
1994-10-31,14.56,0.0,,,,,
1994-11-01,14.84,1.9230769230769162,,,,,
1994-11-02,15.34,3.369272237196763,,,,,
1994-11-03,15.58,1.5645371577575062,,,,,
1994-11-04,16.75,7.509627727856216,,,,,
1994-11-07,17.37,3.7014925373134444,,,,,
1994-11-08,16.3,-6.160046056419111,,,,,
1994-11-09,16.42,0.7361963190184007,,,,,
1994-11-10,16.0,-2.5578562728380105,,,,,
1994-11-11,16.5,3.125,,,,,
1994-11-14,16.68,1.090909090909098,,,,,
1994-11-15,16.66,-0.11990407673860837,,,,,
1994-11-16,15.56,-6.602641056422565,,,,,
1994-11-17,15.91,2.249357326478152,,,,,
1994-11-18,16.0,0.565681961030795,,,,,
1994-11-21,16.13,0.8124999999999938,,,,,
1994-11-22,17.24,6.881587104773712,,,,,
1994-11-23,18.41,6.78654292343388,,,,,
1994-11-25,17.44,-5.268875611080926,,,,,
1994-11-28,16.83,-3.497706422018365,,,,,
1994-11-29,16.15,-4.040404040404044,,,,,
1994-11-30,15.95,-1.238390092879249,,,,,
1994-12-01,16.69,4.639498432601896,,,,,
1994-12-02,16.55,-0.8388256440982622,,,,,
1994-12-05,16.1,-2.7190332326283984,,,,,
1994-12-06,16.05,-0.31055900621118626,,,,,
1994-12-07,16.28,1.433021806853585,,,,,
1994-12-08,18.15,11.48648648648647,,,,,
1994-12-09,16.04,-11.625344352617073,,,,,
1994-12-12,15.46,-3.6159600997506147,,,,,
1994-12-13,14.48,-6.338939197930149,,,,,
1994-12-14,13.03,-10.013812154696144,,,,,
1994-12-15,12.87,-1.2279355333844943,,,,,
1994-12-16,12.79,-0.6216006216006265,,,,,
1994-12-19,13.02,1.798279906176714,,,,,
1994-12-20,12.98,-0.3072196620583667,,,,,
1994-12-21,12.05,-7.1648690292758115,,,,,
1994-12-22,12.42,3.070539419087126,,,,,
1994-12-23,11.82,-4.8309178743961345,,,,,
1994-12-27,12.07,2.1150592216582,,,,,
1994-12-28,12.81,6.130903065451543,,,,,
1994-12-29,12.86,0.3903200624512104,,,,,
1994-12-30,13.2,2.6438569206842955,,,,,
1995-01-03,14.25,7.954545454545459,,,,,
1995-01-04,13.53,-5.052631578947375,,,,,
1995-01-05,13.5,-0.22172949002217113,,,,,
1995-01-06,13.13,-2.7407407407407325,,,,,
1995-01-09,13.33,1.5232292460015229,,,,,
1995-01-10,12.52,-6.076519129782454,,,,,
1995-01-11,12.15,-2.955271565495199,,,,,
1995-01-12,12.83,5.596707818930047,,,,,
1995-01-13,11.1,-13.484021823850355,,,,,
1995-01-16,11.14,0.3603603603603789,,,,,
1995-01-17,11.79,5.8348294434470205,,,,,
1995-01-18,11.57,-1.8659881255301047,,,,,
1995-01-19,11.86,2.506482281763178,,,,,
1995-01-20,12.15,2.4451939291737057,,,,,
1995-01-23,12.79,5.267489711934137,,,,,
1995-01-24,11.94,-6.64581704456606,,,,,
1995-01-25,11.46,-4.0201005025125465,,,,,
1995-01-26,11.25,-1.832460732984298,,,,,
1995-01-27,11.25,0.0,,,,,
1995-01-30,12.26,8.977777777777774,,,,,
1995-01-31,11.96,-2.446982055464919,,,,,
1995-02-01,11.73,-1.9230769230769273,,,,,
1995-02-02,11.13,-5.115089514066495,,,,,
1995-02-03,10.98,-1.3477088948787075,,,,,
1995-02-06,11.22,2.1857923497267784,,,,,
1995-02-07,11.17,-0.4456327985739805,,,,,
1995-02-08,11.42,2.2381378692927445,,,,,
1995-02-09,11.63,1.838879159369533,,,,,
1995-02-10,11.28,-3.009458297506462,,,,,
1995-02-13,11.41,1.152482269503552,,,,,
1995-02-14,11.43,0.17528483786151128,,,,,
1995-02-15,11.52,0.7874015748031482,,,,,
1995-02-16,11.61,0.78125,,,,,
1995-02-17,11.71,0.8613264427218104,,,,,
1995-02-21,12.05,2.903501280956444,,,,,
1995-02-22,11.39,-5.477178423236517,,,,,
1995-02-23,11.15,-2.1071115013169495,,,,,
1995-02-24,10.84,-2.78026905829597,,,,,
1995-02-27,12.51,15.405904059040587,,,,,
1995-02-28,11.75,-6.075139888089531,,,,,
1995-03-01,11.65,-0.8510638297872353,,,,,
1995-03-02,12.02,3.1759656652360357,,,,,
1995-03-03,11.45,-4.742096505823634,,,,,
1995-03-06,12.17,6.288209606986905,,,,,
1995-03-07,14.22,16.844700082169272,,,,,
1995-03-08,13.72,-3.5161744022503494,,,,,
1995-03-09,13.36,-2.6239067055393694,,,,,
1995-03-10,12.38,-7.335329341317354,,,,,
1995-03-13,12.15,-1.8578352180937063,,,,,
1995-03-14,12.1,-0.4115226337448652,,,,,
1995-03-15,12.42,2.6446280991735627,,,,,
1995-03-16,11.95,-3.7842190016103117,,,,,
1995-03-17,11.8,-1.2552301255229992,,,,,
1995-03-20,11.34,-3.898305084745768,,,,,
1995-03-21,11.53,1.6754850088183337,,,,,
1995-03-22,11.29,-2.0815264527320076,,,,,
1995-03-23,11.43,1.240035429583708,,,,,
1995-03-24,11.19,-2.099737532808399,,,,,
1995-03-27,11.83,5.719392314566574,,,,,
1995-03-28,11.33,-4.226542688081148,,,,,
1995-03-29,12.51,10.414827890556033,,,,,
1995-03-30,12.62,0.8792965627497873,,,,,
1995-03-31,13.37,5.942947702060231,,,,,
1995-04-03,13.5,0.972326103216159,,,,,
1995-04-04,12.62,-6.5185185185185235,,,,,
1995-04-05,12.96,2.694136291600646,,,,,
1995-04-06,12.81,-1.157407407407407,,,,,
1995-04-07,12.85,0.31225604996096834,,,,,
1995-04-10,12.79,-0.46692607003890885,,,,,
1995-04-11,12.73,-0.4691164972634776,,,,,
1995-04-12,12.04,-5.42026708562452,,,,,
1995-04-13,11.48,-4.6511627906976605,,,,,
1995-04-17,12.33,7.40418118466899,,,,,
1995-04-18,12.96,5.109489051094895,,,,,
1995-04-19,13.09,1.0030864197530853,,,,,
1995-04-20,12.1,-7.5630252100840405,,,,,
1995-04-21,11.86,-1.983471074380172,,,,,
1995-04-24,11.92,0.5059021922428464,,,,,
1995-04-25,12.41,4.110738255033564,,,,,
1995-04-26,12.28,-1.0475423045930743,,,,,
1995-04-27,11.93,-2.8501628664495127,,,,,
1995-04-28,11.75,-1.5088013411567402,,,,,
1995-05-01,12.14,3.319148936170224,,,,,
1995-05-02,11.88,-2.1416803953871466,,,,,
1995-05-03,11.69,-1.5993265993266115,,,,,
1995-05-04,12.64,8.126603934987187,,,,,
1995-05-05,12.06,-4.588607594936711,,,,,
1995-05-08,12.22,1.3266998341625147,,,,,
1995-05-09,12.75,4.337152209492623,,,,,
1995-05-10,13.08,2.5882352941176467,,,,,
1995-05-11,12.98,-0.7645259938837912,,,,,
1995-05-12,11.84,-8.782742681047772,,,,,
1995-05-15,12.38,4.560810810810811,,,,,
1995-05-16,12.2,-1.4539579967689953,,,,,
1995-05-17,12.36,1.3114754098360715,,,,,
1995-05-18,13.13,6.2297734627831725,,,,,
1995-05-19,12.81,-2.437166793602441,,,,,
1995-05-22,11.68,-8.821233411397355,,,,,
1995-05-23,11.55,-1.1130136986301276,,,,,
1995-05-24,11.26,-2.510822510822519,,,,,
1995-05-25,11.63,3.285968028419184,,,,,
1995-05-26,12.2,4.901117798796206,,,,,
1995-05-30,12.52,2.622950819672143,,,,,
1995-05-31,12.85,2.635782747603832,,,,,
1995-06-01,12.21,-4.980544747081705,,,,,
1995-06-02,12.98,6.3063063063063085,,,,,
1995-06-05,13.45,3.6209553158705665,,,,,
1995-06-06,13.0,-3.3457249070631967,,,,,
1995-06-07,12.84,-1.2307692307692353,,,,,
1995-06-08,12.89,0.3894080996884819,,,,,
1995-06-09,12.76,-1.0085337470907785,,,,,
1995-06-12,11.91,-6.661442006269591,,,,,
1995-06-13,11.29,-5.205709487825361,,,,,
1995-06-14,11.29,0.0,,,,,
1995-06-15,11.23,-0.5314437555358653,,,,,
1995-06-16,10.75,-4.274265360641138,,,,,
1995-06-19,11.21,4.279069767441879,,,,,
1995-06-20,11.16,-0.4460303300624524,,,,,
1995-06-21,11.32,1.4336917562723928,,,,,
1995-06-22,11.44,1.0600706713780772,,,,,
1995-06-23,11.12,-2.7972027972028024,,,,,
1995-06-26,11.8,6.115107913669071,,,,,
1995-06-27,12.37,4.830508474576267,,,,,
1995-06-28,11.74,-5.092966855295056,,,,,
1995-06-29,11.59,-1.27768313458263,,,,,
1995-06-30,11.38,-1.8119068162208762,,,,,
1995-07-03,11.57,1.6695957820738183,,,,,
1995-07-05,12.1,4.580812445980986,,,,,
1995-07-06,11.52,-4.793388429752065,,,,,
1995-07-07,11.77,2.170138888888884,,,,,
1995-07-10,12.19,3.5683942225998244,,,,,
1995-07-11,12.25,0.4922067268252617,,,,,
1995-07-12,12.31,0.4897959183673528,,,,,
1995-07-13,12.56,2.0308692120227567,,,,,
1995-07-14,12.08,-3.821656050955413,,,,,
1995-07-17,12.26,1.490066225165565,,,,,
1995-07-18,12.68,3.4257748776509,,,,,
1995-07-19,13.49,6.388012618296535,,,,,
1995-07-20,12.78,-5.263157894736848,,,,,
1995-07-21,12.37,-3.2081377151799706,,,,,
1995-07-24,12.55,1.455133387227181,,,,,
1995-07-25,12.77,1.7529880478087456,,,,,
1995-07-26,13.18,3.210649960845724,,,,,
1995-07-27,13.18,0.0,,,,,
1995-07-28,13.18,0.0,,,,,
1995-07-31,13.49,2.35204855842186,,,,,
1995-08-01,13.56,0.5189028910304039,,,,,
1995-08-02,13.66,0.7374631268436627,,,,,
1995-08-03,13.78,0.8784773060029227,,,,,
1995-08-04,13.21,-4.136429608127711,,,,,
1995-08-07,13.1,-0.8327024981075071,,,,,
1995-08-08,13.06,-0.3053435114503733,,,,,
1995-08-09,12.75,-2.3736600306278777,,,,,
1995-08-10,13.0,1.9607843137254832,,,,,
1995-08-11,12.9,-0.7692307692307665,,,,,
1995-08-14,13.24,2.635658914728678,,,,,
1995-08-15,12.35,-6.722054380664655,,,,,
1995-08-16,12.45,0.809716599190291,,,,,
1995-08-17,12.13,-2.570281124497975,,,,,
1995-08-18,12.03,-0.8244023083264773,,,,,
1995-08-21,13.42,11.554447215295106,,,,,
1995-08-22,12.6,-6.110283159463492,,,,,
1995-08-23,13.17,4.52380952380953,,,,,
1995-08-24,12.94,-1.7463933181473101,,,,,
1995-08-25,12.33,-4.714064914992266,,,,,
1995-08-28,12.48,1.2165450121654597,,,,,
1995-08-29,12.65,1.3621794871794934,,,,,
1995-08-30,12.03,-4.901185770750994,,,,,
1995-08-31,11.52,-4.2394014962593545,,,,,
1995-09-01,11.29,-1.996527777777779,,,,,
1995-09-05,11.65,3.1886625332152363,,,,,
1995-09-06,11.65,0.0,,,,,
1995-09-07,11.85,1.716738197424883,,,,,
1995-09-08,11.16,-5.82278481012658,,,,,
1995-09-11,11.51,3.1362007168458828,,,,,
1995-09-12,11.46,-0.4344048653344812,,,,,
1995-09-13,11.35,-0.9598603839441666,,,,,
1995-09-14,11.1,-2.2026431718061623,,,,,
1995-09-15,11.58,4.324324324324325,,,,,
1995-09-18,12.34,6.563039723661479,,,,,
1995-09-19,12.67,2.674230145867096,,,,,
1995-09-20,12.35,-2.525651144435681,,,,,
1995-09-21,12.5,1.2145748987854255,,,,,
1995-09-22,12.46,-0.31999999999999806,,,,,
1995-09-25,13.22,6.09951845906902,,,,,
1995-09-26,12.9,-2.4205748865355536,,,,,
1995-09-27,12.9,0.0,,,,,
1995-09-28,12.46,-3.4108527131782918,,,,,
1995-09-29,12.74,2.2471910112359605,,,,,
1995-10-02,13.95,9.497645211930926,,,,,
1995-10-03,14.5,3.942652329749108,,,,,
1995-10-04,14.86,2.4827586206896513,,,,,
1995-10-05,15.74,5.921938088829082,,,,,
1995-10-06,13.98,-11.18170266836086,,,,,
1995-10-09,14.85,6.22317596566524,,,,,
1995-10-10,14.97,0.8080808080808133,,,,,
1995-10-11,14.57,-2.6720106880427585,,,,,
1995-10-12,14.24,-2.2649279341111828,,,,,
1995-10-13,13.67,-4.00280898876405,,,,,
1995-10-16,14.62,6.949524506217997,,,,,
1995-10-17,14.03,-4.035567715458277,,,,,
1995-10-18,14.05,0.14255167498218313,,,,,
1995-10-19,13.55,-3.558718861209964,,,,,
1995-10-20,13.46,-0.6642066420664228,,,,,
1995-10-23,14.17,5.2748885586924255,,,,,
1995-10-24,13.85,-2.2582921665490474,,,,,
1995-10-25,14.49,4.620938628158844,,,,,
1995-10-26,15.59,7.591442374051072,,,,,
1995-10-27,14.63,-6.15779345734444,,,,,
1995-10-30,14.26,-2.5290498974709585,,,,,
1995-10-31,13.83,-3.0154277699859677,,,,,
1995-11-01,13.41,-3.0368763557483747,,,,,
1995-11-02,13.19,-1.6405667412378921,,,,,
1995-11-03,12.26,-7.050796057619402,,,,,
1995-11-06,12.74,3.9151712887438794,,,,,
1995-11-07,13.05,2.4332810047095865,,,,,
1995-11-08,12.16,-6.819923371647518,,,,,
1995-11-09,12.46,2.4671052631578982,,,,,
1995-11-10,12.97,4.093097913322641,,,,,
1995-11-13,13.2,1.7733230531996824,,,,,
1995-11-14,13.38,1.3636363636363669,,,,,
1995-11-15,12.95,-3.2137518684604016,,,,,
1995-11-16,12.57,-2.934362934362922,,,,,
1995-11-17,12.49,-0.6364359586316648,,,,,
1995-11-20,12.37,-0.960768614891927,,,,,
1995-11-21,11.74,-5.092966855295056,,,,,
1995-11-22,11.81,0.596252129471897,,,,,
1995-11-24,11.87,0.508044030482635,,,,,
1995-11-27,12.43,4.7177759056444835,,,,,
1995-11-28,11.57,-6.918744971842317,,,,,
1995-11-29,11.65,0.6914433880726101,,,,,
1995-11-30,11.58,-0.6008583690987113,,,,,
1995-12-01,11.11,-4.058721934369613,,,,,
1995-12-04,10.66,-4.050405040504046,,,,,
1995-12-05,11.65,9.287054409005634,,,,,
1995-12-06,12.7,9.012875536480669,,,,,
1995-12-07,12.74,0.31496062992126816,,,,,
1995-12-08,11.12,-12.715855572998436,,,,,
1995-12-11,11.06,-0.5395683453237266,,,,,
1995-12-12,10.63,-3.887884267631103,,,,,
1995-12-13,10.36,-2.539981185324569,,,,,
1995-12-14,11.07,6.853281853281867,,,,,
1995-12-15,11.44,3.342366757000903,,,,,
1995-12-18,14.55,27.185314685314687,,,,,
1995-12-19,13.16,-9.553264604810996,,,,,
1995-12-20,12.2,-7.294832826747721,,,,,
1995-12-21,10.77,-11.721311475409834,,,,,
1995-12-22,11.51,6.870937790157838,,,,,
1995-12-26,11.49,-0.17376194613378804,,,,,
1995-12-27,11.98,4.264577893820709,,,,,
1995-12-28,12.25,2.2537562604340478,,,,,
1995-12-29,12.52,2.2040816326530654,,,,,
1996-01-02,12.19,-2.635782747603832,,,,,
1996-01-03,12.1,-0.7383100902379036,,,,,
1996-01-04,13.78,13.88429752066116,,,,,
1996-01-05,13.58,-1.4513788098693747,,,,,
1996-01-08,13.11,-3.4609720176730585,,,,,
1996-01-09,15.21,16.01830663615562,,,,,
1996-01-10,16.4,7.82380013149242,,,,,
1996-01-11,14.69,-10.426829268292682,,,,,
1996-01-12,14.23,-3.1313818924438297,,,,,
1996-01-15,14.99,5.340829234012645,,,,,
1996-01-16,14.09,-6.004002668445629,,,,,
1996-01-17,14.25,1.1355571327182457,,,,,
1996-01-18,13.58,-4.701754385964907,,,,,
1996-01-19,12.7,-6.480117820324017,,,,,
1996-01-22,13.34,5.039370078740157,,,,,
1996-01-23,13.56,1.6491754122938573,,,,,
1996-01-24,12.54,-7.522123893805322,,,,,
1996-01-25,12.94,3.189792663476876,,,,,
1996-01-26,12.0,-7.264296754250388,,,,,
1996-01-29,12.19,1.5833333333333366,,,,,
1996-01-30,12.42,1.8867924528301883,,,,,
1996-01-31,12.53,0.8856682769726287,,,,,
1996-02-01,12.65,0.9577015163607427,,,,,
1996-02-02,13.23,4.584980237154146,,,,,
1996-02-05,13.46,1.7384731670446074,,,,,
1996-02-06,14.59,8.395245170876663,,,,,
1996-02-07,14.11,-3.2899246058944565,,,,,
1996-02-08,13.89,-1.559177888022667,,,,,
1996-02-09,14.63,5.327573794096474,,,,,
1996-02-12,14.69,0.41011619958988277,,,,,
1996-02-13,14.94,1.7018379850238352,,,,,
1996-02-14,15.59,4.3507362784471315,,,,,
1996-02-15,16.13,3.4637588197562463,,,,,
1996-02-16,15.37,-4.711717296962181,,,,,
1996-02-20,16.8,9.303838646714379,,,,,
1996-02-21,14.47,-13.869047619047613,,,,,
1996-02-22,14.56,0.621976503109889,,,,,
1996-02-23,14.78,1.5109890109890056,,,,,
1996-02-26,16.38,10.825439783491198,,,,,
1996-02-27,16.63,1.5262515262515208,,,,,
1996-02-28,16.72,0.541190619362597,,,,,
1996-02-29,17.04,1.9138755980861344,,,,,
1996-03-01,16.72,-1.8779342723004744,,,,,
1996-03-04,16.67,-0.29904306220094323,,,,,
1996-03-05,16.1,-3.4193161367726432,,,,,
1996-03-06,16.56,2.857142857142847,,,,,
1996-03-07,16.49,-0.4227053140096637,,,,,
1996-03-08,20.7,25.53062462098241,,,,,
1996-03-11,19.4,-6.2801932367149815,,,,,
1996-03-12,19.09,-1.5979381443298912,,,,,
1996-03-13,18.13,-5.028810895756941,,,,,
1996-03-14,16.93,-6.618863761720906,,,,,
1996-03-15,16.54,-2.303603071470761,,,,,
1996-03-18,17.31,4.655380894800487,,,,,
1996-03-19,18.35,6.008087810514162,,,,,
1996-03-20,18.66,1.6893732970027164,,,,,
1996-03-21,17.74,-4.930332261521986,,,,,
1996-03-22,17.05,-3.8895152198421545,,,,,
1996-03-25,17.84,4.633431085043993,,,,,
1996-03-26,17.8,-0.22421524663677195,,,,,
1996-03-27,17.89,0.5056179775280834,,,,,
1996-03-28,18.16,1.5092230296254838,,,,,
1996-03-29,18.88,3.9647577092510877,,,,,
1996-04-01,17.9,-5.190677966101697,,,,,
1996-04-02,16.45,-8.10055865921787,,,,,
1996-04-03,16.33,-0.729483282674781,,,,,
1996-04-04,16.18,-0.9185548071034777,,,,,
1996-04-08,18.72,15.698393077873906,,,,,
1996-04-09,17.32,-7.478632478632474,,,,,
1996-04-10,20.22,16.743648960739034,,,,,
1996-04-11,19.65,-2.8189910979228516,,,,,
1996-04-12,17.38,-11.552162849872772,,,,,
1996-04-15,16.83,-3.164556962025322,,,,,
1996-04-16,16.45,-2.257872846108133,,,,,
1996-04-17,17.07,3.768996960486337,,,,,
1996-04-18,16.41,-3.8664323374341003,,,,,
1996-04-19,15.12,-7.861060329067648,,,,,
1996-04-22,15.38,1.7195767195767209,,,,,
1996-04-23,15.01,-2.4057217165149636,,,,,
1996-04-24,14.91,-0.6662225183211135,,,,,
1996-04-25,14.72,-1.2743125419181767,,,,,
1996-04-26,14.75,0.20380434782607537,,,,,
1996-04-29,15.45,4.745762711864399,,,,,
1996-04-30,15.83,2.4595469255663582,,,,,
1996-05-01,16.07,1.516108654453574,,,,,
1996-05-02,18.62,15.868077162414451,,,,,
1996-05-03,16.7,-10.311493018259943,,,,,
1996-05-06,16.92,1.3173652694610904,,,,,
1996-05-07,16.87,-0.2955082742316817,,,,,
1996-05-08,15.78,-6.461173681090704,,,,,
1996-05-09,16.99,7.667934093789608,,,,,
1996-05-10,15.61,-8.122424955856378,,,,,
1996-05-13,15.16,-2.882767456758484,,,,,
1996-05-14,14.9,-1.715039577836408,,,,,
1996-05-15,15.59,4.630872483221471,,,,,
1996-05-16,15.71,0.7697241821680523,,,,,
1996-05-17,15.13,-3.691915977084659,,,,,
1996-05-20,15.8,4.428288169200267,,,,,
1996-05-21,16.0,1.2658227848101111,,,,,
1996-05-22,15.5,-3.125,,,,,
1996-05-23,16.17,4.322580645161311,,,,,
1996-05-24,15.54,-3.8961038961039085,,,,,
1996-05-28,16.92,8.880308880308906,,,,,
1996-05-29,17.15,1.3593380614657091,,,,,
1996-05-30,16.02,-6.588921282798832,,,,,
1996-05-31,16.07,0.3121098626716723,,,,,
1996-06-03,16.86,4.915992532669566,,,,,
1996-06-04,16.18,-4.033214709371292,,,,,
1996-06-05,16.04,-0.8652657601977753,,,,,
1996-06-06,16.84,4.987531172069826,,,,,
1996-06-07,16.1,-4.394299287410918,,,,,
1996-06-10,16.78,4.223602484472044,,,,,
1996-06-11,16.68,-0.5959475566150285,,,,,
1996-06-12,17.0,1.918465227817756,,,,,
1996-06-13,17.12,0.7058823529411784,,,,,
1996-06-14,18.64,8.878504672897192,,,,,
1996-06-17,17.46,-6.330472103004292,,,,,
1996-06-18,17.45,-0.0572737686139857,,,,,
1996-06-19,17.54,0.515759312320907,,,,,
1996-06-20,16.97,-3.2497149372862077,,,,,
1996-06-21,15.8,-6.894519740718907,,,,,
1996-06-24,15.91,0.6962025316455733,,,,,
1996-06-25,15.43,-3.0169704588309254,,,,,
1996-06-26,15.23,-1.2961762799740706,,,,,
1996-06-27,14.19,-6.828627708470125,,,,,
1996-06-28,13.68,-3.594080338266381,,,,,
1996-07-01,13.78,0.7309941520467822,,,,,
1996-07-02,14.19,2.9753265602322276,,,,,
1996-07-03,14.21,0.14094432699085502,,,,,
1996-07-05,16.09,13.230119634060511,,,,,
1996-07-08,16.42,2.050963331261668,,,,,
1996-07-09,15.49,-5.663824604141299,,,,,
1996-07-10,15.51,0.12911555842478606,,,,,
1996-07-11,17.81,14.82914248871694,,,,,
1996-07-12,17.09,-4.042672655811341,,,,,
1996-07-15,20.11,17.671152720889417,,,,,
1996-07-16,20.1,-0.04972650422674363,,,,,
1996-07-17,19.22,-4.378109452736334,,,,,
1996-07-18,17.93,-6.711758584807493,,,,,
1996-07-19,17.26,-3.7367540435024993,,,,,
1996-07-22,20.41,18.250289687137887,,,,,
1996-07-23,21.55,5.585497305242537,,,,,
1996-07-24,21.44,-0.5104408352668233,,,,,
1996-07-25,19.39,-9.561567164179108,,,,,
1996-07-26,17.45,-10.005157297576073,,,,,
1996-07-29,20.09,15.128939828080235,,,,,
1996-07-30,20.53,2.1901443504231066,,,,,
1996-07-31,19.46,-5.211885046273745,,,,,
1996-08-01,18.76,-3.597122302158273,,,,,
1996-08-02,16.19,-13.69936034115139,,,,,
1996-08-05,17.36,7.2266831377393315,,,,,
1996-08-06,16.93,-2.4769585253456183,,,,,
1996-08-07,16.24,-4.075605434140583,,,,,
1996-08-08,16.04,-1.231527093596052,,,,,
1996-08-09,15.77,-1.6832917705735584,,,,,
1996-08-12,15.57,-1.2682308180088753,,,,,
1996-08-13,16.41,5.394990366088637,,,,,
1996-08-14,15.96,-2.7422303473491727,,,,,
1996-08-15,15.46,-3.1328320802004983,,,,,
1996-08-16,14.81,-4.204398447606728,,,,,
1996-08-19,15.27,3.106009453072245,,,,,
1996-08-20,14.73,-3.5363457760314243,,,,,
1996-08-21,14.52,-1.4256619144602856,,,,,
1996-08-22,13.71,-5.578512396694202,,,,,
1996-08-23,14.18,3.428154631655711,,,,,
1996-08-26,15.38,8.462623413258118,,,,,
1996-08-27,15.11,-1.7555266579974083,,,,,
1996-08-28,15.1,-0.06618133686300265,,,,,
1996-08-29,16.22,7.4172185430463555,,,,,
1996-08-30,17.01,4.870530209617763,,,,,
1996-09-03,18.47,8.583186360964113,,,,,
1996-09-04,18.64,0.9204114780725581,,,,,
1996-09-05,20.51,10.032188841201716,,,,,
1996-09-06,17.1,-16.626036079960993,,,,,
1996-09-09,16.36,-4.327485380116968,,,,,
1996-09-10,16.25,-0.672371638141811,,,,,
1996-09-11,16.06,-1.169230769230778,,,,,
1996-09-12,15.97,-0.5603985056039762,,,,,
1996-09-13,15.2,-4.821540388227941,,,,,
1996-09-16,15.43,1.5131578947368496,,,,,
1996-09-17,15.74,2.009073233959824,,,,,
1996-09-18,15.86,0.7623888182973326,,,,,
1996-09-19,16.03,1.0718789407314189,,,,,
1996-09-20,15.65,-2.3705552089831605,,,,,
1996-09-23,16.46,5.1757188498402495,,,,,
1996-09-24,16.45,-0.060753341433783525,,,,,
1996-09-25,16.22,-1.3981762917933183,,,,,
1996-09-26,16.11,-0.6781750924784169,,,,,
1996-09-27,16.1,-0.06207324643077161,,,,,
1996-09-30,16.95,5.279503105590044,,,,,
1996-10-01,17.05,0.5899705014749346,,,,,
1996-10-02,16.78,-1.5835777126099626,,,,,
1996-10-03,16.77,-0.05959475566150729,,,,,
1996-10-04,14.8,-11.747167561121042,,,,,
1996-10-07,15.11,2.0945945945945788,,,,,
1996-10-08,15.58,3.1105228325612133,,,,,
1996-10-09,16.09,3.2734274711168077,,,,,
1996-10-10,16.26,1.0565568676196513,,,,,
1996-10-11,15.07,-7.31857318573187,,,,,
1996-10-14,15.13,0.39814200398142763,,,,,
1996-10-15,15.83,4.626569729015206,,,,,
1996-10-16,15.6,-1.4529374605180112,,,,,
1996-10-17,15.41,-1.2179487179487136,,,,,
1996-10-18,15.08,-2.14146658014277,,,,,
1996-10-21,15.98,5.968169761273212,,,,,
1996-10-22,16.4,2.6282853566958586,,,,,
1996-10-23,16.45,0.3048780487804992,,,,,
1996-10-24,16.89,2.674772036474171,,,,,
1996-10-25,17.29,2.3682652457075015,,,,,
1996-10-28,18.34,6.072874493927127,,,,,
1996-10-29,18.28,-0.32715376226826187,,,,,
1996-10-30,18.48,1.0940919037199182,,,,,
1996-10-31,18.11,-2.002164502164505,,,,,
1996-11-01,17.89,-1.2147984538928736,,,,,
1996-11-04,18.04,0.838457238680812,,,,,
1996-11-05,17.65,-2.161862527716185,,,,,
1996-11-06,16.97,-3.852691218130311,,,,,
1996-11-07,17.21,1.4142604596346642,,,,,
1996-11-08,15.78,-8.30912260313772,,,,,
1996-11-11,14.04,-11.026615969581755,,,,,
1996-11-12,15.36,9.401709401709413,,,,,
1996-11-13,14.89,-3.059895833333326,,,,,
1996-11-14,13.79,-7.387508394895914,,,,,
1996-11-15,14.36,4.1334300217549025,,,,,
1996-11-18,15.12,5.292479108635106,,,,,
1996-11-19,15.23,0.7275132275132323,,,,,
1996-11-20,15.94,4.6618516086671,,,,,
1996-11-21,15.77,-1.0664993726474226,,,,,
1996-11-22,14.92,-5.389980976537723,,,,,
1996-11-25,15.91,6.63538873994638,,,,,
1996-11-26,16.97,6.662476429918285,,,,,
1996-11-27,16.96,-0.05892751915143046,,,,,
1996-11-29,17.14,1.0613207547169878,,,,,
1996-12-02,17.93,4.609101516919489,,,,,
1996-12-03,18.68,4.18293363078639,,,,,
1996-12-04,17.93,-4.014989293361881,,,,,
1996-12-05,18.14,1.171221416620205,,,,,
1996-12-06,18.82,3.7486218302094754,,,,,
1996-12-09,17.75,-5.685441020191284,,,,,
1996-12-10,17.88,0.7323943661971866,,,,,
1996-12-11,19.68,10.067114093959727,,,,,
1996-12-12,20.45,3.9126016260162544,,,,,
1996-12-13,21.09,3.1295843520782407,,,,,
1996-12-16,21.99,4.2674253200568835,,,,,
1996-12-17,20.77,-5.547976352887673,,,,,
1996-12-18,19.42,-6.499759268175243,,,,,
1996-12-19,18.77,-3.347064881565409,,,,,
1996-12-20,18.85,0.42621204049015926,,,,,
1996-12-23,19.5,3.44827586206895,,,,,
1996-12-24,18.68,-4.205128205128206,,,,,
1996-12-26,18.59,-0.48179871520342976,,,,,
1996-12-27,19.13,2.9047875201721363,,,,,
1996-12-30,19.51,1.98640878201779,,,,,
1996-12-31,20.92,7.227063044592508,,,,,
1997-01-02,21.14,1.0516252390057268,,,,,
1997-01-03,19.13,-9.508041627246932,,,,,
1997-01-06,19.89,3.972817564035558,,,,,
1997-01-07,19.35,-2.714932126696823,,,,,
1997-01-08,20.24,4.599483204134347,,,,,
1997-01-09,20.91,3.310276679841917,,,,,
1997-01-10,19.63,-6.121472979435683,,,,,
1997-01-13,19.84,1.069791136016307,,,,,
1997-01-14,19.27,-2.872983870967738,,,,,
1997-01-15,19.4,0.6746237675142597,,,,,
1997-01-16,19.61,1.0824742268041199,,,,,
1997-01-17,18.63,-4.997450280469151,,,,,
1997-01-20,18.6,-0.16103059581319412,,,,,
1997-01-21,17.81,-4.247311827957001,,,,,
1997-01-22,17.09,-4.042672655811341,,,,,
1997-01-23,18.47,8.074897600936204,,,,,
1997-01-24,19.33,4.656199242014081,,,,,
1997-01-27,20.16,4.293843766166594,,,,,
1997-01-28,20.74,2.8769841269841168,,,,,
1997-01-29,20.23,-2.4590163934426146,,,,,
1997-01-30,19.47,-3.756796836381615,,,,,
1997-02-03,19.58,0.5649717514124353,,,,,
1997-02-04,19.43,-0.766087844739527,,,,,
1997-02-05,21.06,8.389089037570763,,,,,
1997-02-06,20.16,-4.273504273504269,,,,,
1997-02-07,18.9,-6.250000000000011,,,,,
1997-02-10,20.65,9.259259259259256,,,,,
1997-02-11,19.97,-3.2929782082324444,,,,,
1997-02-12,19.48,-2.453680520781165,,,,,
1997-02-13,19.23,-1.2833675564681735,,,,,
1997-02-14,19.18,-0.26001040041602197,,,,,
1997-02-18,19.7,2.711157455683,,,,,
1997-02-19,20.61,4.619289340101518,,,,,
1997-02-20,21.41,3.8816108685104433,,,,,
1997-02-21,20.55,-4.016814572629612,,,,,
1997-02-24,19.84,-3.454987834549883,,,,,
1997-02-25,19.98,0.7056451612903247,,,,,
1997-02-26,20.74,3.8038038038037847,,,,,
1997-02-27,21.08,1.6393442622950838,,,,,
1997-02-28,21.1,0.09487666034158071,,,,,
1997-03-03,20.89,-0.9952606635071137,,,,,
1997-03-04,20.62,-1.292484442316899,,,,,
1997-03-05,19.49,-5.480116391852585,,,,,
1997-03-06,20.48,5.079527963057995,,,,,
1997-03-07,19.32,-5.6640625,,,,,
1997-03-10,19.0,-1.65631469979296,,,,,
1997-03-11,19.25,1.3157894736842035,,,,,
1997-03-12,19.61,1.8701298701298663,,,,,
1997-03-13,19.79,0.9178990311065727,,,,,
1997-03-14,19.81,0.10106114199091021,,,,,
1997-03-17,20.95,5.754669358909648,,,,,
1997-03-18,21.26,1.479713603818622,,,,,
1997-03-19,21.74,2.2577610536218096,,,,,
1997-03-20,21.22,-2.391904323827043,,,,,
1997-03-21,19.69,-7.21017907634306,,,,,
1997-03-24,20.06,1.8791264601320412,,,,,
1997-03-25,19.26,-3.9880358923230164,,,,,
1997-03-26,18.32,-4.880581516095539,,,,,
1997-03-27,20.5,11.899563318777284,,,,,
1997-03-31,22.14,8.000000000000007,,,,,
1997-04-01,20.84,-5.871725383920512,,,,,
1997-04-02,21.3,2.207293666026877,,,,,
1997-04-03,21.19,-0.516431924882621,,,,,
1997-04-04,19.23,-9.249646059462012,,,,,
1997-04-07,18.51,-3.744149765990634,,,,,
1997-04-08,18.44,-0.3781739600216105,,,,,
1997-04-09,18.56,0.6507592190889255,,,,,
1997-04-10,19.01,2.4245689655172598,,,,,
1997-04-11,19.76,3.945291951604424,,,,,
1997-04-14,19.09,-3.39068825910932,,,,,
1997-04-15,18.25,-4.400209533787325,,,,,
1997-04-16,17.64,-3.3424657534246505,,,,,
1997-04-17,18.71,6.065759637188206,,,,,
1997-04-18,18.75,0.2137894174238264,,,,,
1997-04-21,20.1,7.200000000000006,,,,,
1997-04-22,19.52,-2.885572139303494,,,,,
1997-04-23,20.48,4.918032786885251,,,,,
1997-04-24,20.83,1.708984375,,,,,
1997-04-25,21.15,1.5362457993278955,,,,,
1997-04-28,21.34,0.898345153664315,,,,,
1997-04-29,19.81,-7.169634489222121,,,,,
1997-04-30,20.06,1.2619888944977342,,,,,
1997-05-01,19.87,-0.9471585244267056,,,,,
1997-05-02,17.51,-11.877201811776539,,,,,
1997-05-05,20.13,14.962878355225563,,,,,
1997-05-06,20.85,3.5767511177347444,,,,,
1997-05-07,21.34,2.3501199040767418,,,,,
1997-05-08,21.26,-0.37488284910964786,,,,,
1997-05-09,20.11,-5.409219190968962,,,,,
1997-05-12,20.25,0.696171059174544,,,,,
1997-05-13,20.81,2.76543209876543,,,,,
1997-05-14,21.09,1.3455069678039555,,,,,
1997-05-15,19.91,-5.595068752963483,,,,,
1997-05-16,21.57,8.337518834756397,,,,,
1997-05-19,21.48,-0.4172461752433909,,,,,
1997-05-20,19.26,-10.33519553072625,,,,,
1997-05-21,19.28,0.10384215991692258,,,,,
1997-05-22,18.77,-2.6452282157676477,,,,,
1997-05-23,18.08,-3.676078849227493,,,,,
1997-05-27,19.36,7.079646017699126,,,,,
1997-05-28,19.28,-0.4132231404958553,,,,,
1997-05-29,19.02,-1.34854771784233,,,,,
1997-05-30,19.19,0.8937960042061155,,,,,
1997-06-02,20.85,8.65033871808234,,,,,
1997-06-03,20.01,-4.02877697841727,,,,,
1997-06-04,20.1,0.4497751124437732,,,,,
1997-06-05,20.36,1.2935323383084452,,,,,
1997-06-06,18.94,-6.974459724950877,,,,,
1997-06-09,19.46,2.745512143611406,,,,,
1997-06-10,19.04,-2.158273381294973,,,,,
1997-06-11,18.85,-0.9978991596638509,,,,,
1997-06-12,18.51,-1.8037135278514582,,,,,
1997-06-13,19.27,4.105888708806038,,,,,
1997-06-16,19.77,2.5947067981318073,,,,,
1997-06-17,20.17,2.023267577137089,,,,,
1997-06-18,20.45,1.3882002974714869,,,,,
1997-06-19,20.1,-1.7114914425427785,,,,,
1997-06-20,20.2,0.4975124378109319,,,,,
1997-06-23,21.19,4.900990099009905,,,,,
1997-06-24,20.74,-2.1236432279377215,,,,,
1997-06-25,21.5,3.6644165863066513,,,,,
1997-06-26,21.82,1.4883720930232602,,,,,
1997-06-27,21.22,-2.7497708524289677,,,,,
1997-06-30,21.53,1.4608859566446863,,,,,
1997-07-01,21.0,-2.4616813748258304,,,,,
1997-07-02,19.7,-6.190476190476191,,,,,
1997-07-03,17.82,-9.543147208121827,,,,,
1997-07-07,19.13,7.351290684624012,,,,,
1997-07-08,18.76,-1.934134866701498,,,,,
1997-07-09,20.4,8.74200426439231,,,,,
1997-07-10,19.92,-2.3529411764705688,,,,,
1997-07-11,19.06,-4.31726907630523,,,,,
1997-07-14,19.58,2.728226652675758,,,,,
1997-07-15,19.0,-2.962206332992845,,,,,
1997-07-16,19.36,1.8947368421052602,,,,,
1997-07-17,20.54,6.095041322314043,,,,,
1997-07-18,22.28,8.471275559883162,,,,,
1997-07-21,23.51,5.520646319569122,,,,,
1997-07-22,21.77,-7.401105912377714,,,,,
1997-07-23,21.3,-2.1589343132751404,,,,,
1997-07-24,20.96,-1.5962441314553932,,,,,
1997-07-25,20.82,-0.667938931297718,,,,,
1997-07-28,21.84,4.899135446685876,,,,,
1997-07-29,22.02,0.8241758241758212,,,,,
1997-07-30,21.39,-2.8610354223433165,,,,,
1997-07-31,21.48,0.42075736325386526,,,,,
1997-08-01,22.29,3.77094972067038,,,,,
1997-08-04,21.94,-1.5702108568864892,,,,,
1997-08-05,20.64,-5.92525068368277,,,,,
1997-08-06,20.05,-2.8585271317829397,,,,,
1997-08-07,19.77,-1.3965087281795574,,,,,
1997-08-08,22.46,13.606474456246854,,,,,
1997-08-11,22.77,1.3802315227070316,,,,,
1997-08-12,23.75,4.303908651734734,,,,,
1997-08-13,24.52,3.2421052631578906,,,,,
1997-08-14,23.11,-5.750407830342574,,,,,
1997-08-15,24.45,5.798355690177415,,,,,
1997-08-18,24.37,-0.32719836400817437,,,,,
1997-08-19,22.64,-7.098892080426755,,,,,
1997-08-20,21.09,-6.846289752650181,,,,,
1997-08-21,23.83,12.991939307728773,,,,,
1997-08-22,24.74,3.8187159043222785,,,,,
1997-08-25,24.1,-2.586903799514939,,,,,
1997-08-26,24.73,2.614107883817418,,,,,
1997-08-27,24.26,-1.9005256773150014,,,,,
1997-08-28,24.51,1.030502885408069,,,,,
1997-08-29,24.76,1.0199918400652708,,,,,
1997-09-02,24.53,-0.9289176090468532,,,,,
1997-09-03,24.95,1.7121891561353353,,,,,
1997-09-04,25.27,1.2825651302605268,,,,,
1997-09-05,24.31,-3.798971111990501,,,,,
1997-09-08,24.4,0.37021801727683545,,,,,
1997-09-09,23.89,-2.0901639344262257,,,,,
1997-09-10,24.64,3.139388865634163,,,,,
1997-09-11,25.99,5.4788961038960915,,,,,
1997-09-12,25.17,-3.1550596383224216,,,,,
1997-09-15,25.74,2.264600715137055,,,,,
1997-09-16,23.77,-7.653457653457652,,,,,
1997-09-17,24.1,1.3883045856121212,,,,,
1997-09-18,23.48,-2.5726141078838194,,,,,
1997-09-19,22.74,-3.151618398637146,,,,,
1997-09-22,22.08,-2.902374670184693,,,,,
1997-09-23,22.0,-0.36231884057970065,,,,,
1997-09-24,22.64,2.9090909090909056,,,,,
1997-09-25,22.96,1.4134275618374659,,,,,
1997-09-26,22.26,-3.0487804878048697,,,,,
1997-09-29,22.23,-0.13477088948787852,,,,,
1997-09-30,22.91,3.058929374718855,,,,,
1997-10-01,22.32,-2.5752946311654257,,,,,
1997-10-02,22.27,-0.22401433691756623,,,,,
1997-10-03,21.54,-3.2779524023349826,,,,,
1997-10-06,21.61,0.32497678737233304,,,,,
1997-10-07,20.29,-6.108283202221198,,,,,
1997-10-08,20.77,2.365697387875798,,,,,
1997-10-09,22.31,7.4145402022147255,,,,,
1997-10-10,19.75,-11.47467503361721,,,,,
1997-10-13,20.26,2.5822784810126675,,,,,
1997-10-14,19.99,-1.332675222112556,,,,,
1997-10-15,20.05,0.30015007503751967,,,,,
1997-10-16,20.53,2.394014962593527,,,,,
1997-10-17,21.69,5.65026790063321,,,,,
1997-10-20,20.72,-4.472106961733524,,,,,
1997-10-21,19.53,-5.743243243243235,,,,,
1997-10-22,19.86,1.6897081413210335,,,,,
1997-10-23,22.99,15.760322255790538,,,,,
1997-10-24,23.17,0.7829491083079843,,,,,
1997-10-27,31.12,34.311609840310744,,,,,
1997-10-28,31.22,0.32133676092545027,,,,,
1997-10-29,33.75,8.10377962844331,,,,,
1997-10-30,38.2,13.185185185185189,,,,,
1997-10-31,35.09,-8.1413612565445,,,,,
1997-11-03,32.09,-8.5494442861214,,,,,
1997-11-04,32.24,0.4674353381115548,,,,,
1997-11-05,32.18,-0.18610421836229296,,,,,
1997-11-06,32.57,1.211932877563715,,,,,
1997-11-07,36.27,11.360147374884866,,,,,
1997-11-10,36.63,0.992555831265518,,,,,
1997-11-11,36.38,-0.6825006825006863,,,,,
1997-11-12,37.84,4.013194062671799,,,,,
1997-11-13,36.64,-3.1712473572938715,,,,,
1997-11-14,33.66,-8.133187772925776,,,,,
1997-11-17,31.58,-6.179441473559111,,,,,
1997-11-18,31.55,-0.09499683343887622,,,,,
1997-11-19,29.93,-5.134706814580037,,,,,
1997-11-20,27.32,-8.720347477447376,,,,,
1997-11-21,26.65,-2.452415812591513,,,,,
1997-11-24,29.8,11.819887429643527,,,,,
1997-11-25,28.95,-2.8523489932886004,,,,,
1997-11-28,27.43,-5.250431778929188,,,,,
1997-12-01,26.01,-5.176813707619388,,,,,
1997-12-02,25.66,-1.3456362937331878,,,,,
1997-12-03,23.92,-6.780982073265774,,,,,
1997-12-04,23.84,-0.33444816053512794,,,,,
1997-12-05,22.65,-4.991610738255037,,,,,
1997-12-08,23.22,2.516556291390737,,,,,
1997-12-09,23.36,0.602928509905265,,,,,
1997-12-10,24.55,5.0941780821917915,,,,,
1997-12-11,27.63,12.545824847250508,,,,,
1997-12-12,27.92,1.049583785740138,,,,,
1997-12-15,27.37,-1.9699140401146176,,,,,
1997-12-16,26.11,-4.6035805626598485,,,,,
1997-12-17,26.33,0.8425890463424013,,,,,
1997-12-18,27.19,3.266236232434494,,,,,
1997-12-19,29.18,7.318867230599468,,,,,
1997-12-22,28.56,-2.1247429746401703,,,,,
1997-12-23,29.86,4.551820728291323,,,,,
1997-12-24,30.27,1.373074346952441,,,,,
1997-12-26,29.27,-3.3036009250082543,,,,,
1997-12-29,26.79,-8.472839084386742,,,,,
1997-12-30,24.38,-8.99589399029489,,,,,
1997-12-31,24.01,-1.5176374077112254,,,,,
1998-01-02,23.42,-2.4573094543939966,,,,,
1998-01-05,24.36,4.013663535439793,,,,,
1998-01-06,25.66,5.336617405582933,,,,,
1998-01-07,25.07,-2.2992985190958715,,,,,
1998-01-08,26.01,3.7495013960909596,,,,,
1998-01-09,28.69,10.303729334871203,,,,,
1998-01-12,28.02,-2.335308469850128,,,,,
1998-01-13,25.17,-10.171306209850094,,,,,
1998-01-14,23.75,-5.641636869288846,,,,,
1998-01-15,23.45,-1.2631578947368438,,,,,
1998-01-16,21.65,-7.675906183368875,,,,,
1998-01-20,21.65,0.0,,,,,
1998-01-21,22.53,4.0646651270207945,,,,,
1998-01-22,23.16,2.796271637816239,,,,,
1998-01-23,23.32,0.6908462867012188,,,,,
1998-01-26,23.97,2.7873070325900473,,,,,
1998-01-27,22.27,-7.092198581560282,,,,,
1998-01-28,22.06,-0.9429726088908907,,,,,
1998-01-29,21.65,-1.858567543064371,,,,,
1998-01-30,21.47,-0.8314087759815236,,,,,
1998-02-02,21.36,-0.5123428039124356,,,,,
1998-02-03,20.67,-3.2303370786516794,,,,,
1998-02-04,20.55,-0.5805515239477588,,,,,
1998-02-05,21.29,3.600973236009719,,,,,
1998-02-06,20.51,-3.6636918741192903,,,,,
1998-02-09,21.55,5.070697220867859,,,,,
1998-02-10,20.66,-4.1299303944315575,,,,,
1998-02-11,20.38,-1.3552758954501476,,,,,
1998-02-12,19.73,-3.1894013738959726,,,,,
1998-02-13,19.84,0.5575266092245235,,,,,
1998-02-17,20.76,4.63709677419355,,,,,
1998-02-18,19.66,-5.298651252408481,,,,,
1998-02-19,19.88,1.1190233977619535,,,,,
1998-02-20,19.0,-4.426559356136817,,,,,
1998-02-23,18.99,-0.05263157894738191,,,,,
1998-02-24,19.35,1.8957345971564177,,,,,
1998-02-25,18.62,-3.772609819121453,,,,,
1998-02-26,18.63,0.05370569280342963,,,,,
1998-02-27,18.55,-0.42941492216853616,,,,,
1998-03-02,19.19,3.4501347708894903,,,,,
1998-03-03,19.04,-0.7816571130797367,,,,,
1998-03-04,19.58,2.8361344537815025,,,,,
1998-03-05,20.93,6.894790602655787,,,,,
1998-03-06,19.14,-8.552317247969421,,,,,
1998-03-09,20.23,5.694879832810873,,,,,
1998-03-10,19.43,-3.9545229856648545,,,,,
1998-03-11,18.89,-2.779207411219764,,,,,
1998-03-12,18.25,-3.388035997882477,,,,,
1998-03-13,18.71,2.520547945205487,,,,,
1998-03-16,18.51,-1.0689470871191875,,,,,
1998-03-17,18.66,0.8103727714748654,,,,,
1998-03-18,18.29,-1.9828510182207992,,,,,
1998-03-19,17.76,-2.8977583378895444,,,,,
1998-03-20,18.69,5.236486486486491,,,,,
1998-03-23,19.98,6.90208667736758,,,,,
1998-03-24,20.51,2.652652652652665,,,,,
1998-03-25,22.54,9.897610921501698,,,,,
1998-03-26,22.81,1.1978704525288375,,,,,
1998-03-27,23.47,2.8934677772906703,,,,,
1998-03-30,24.66,5.07030251384748,,,,,
1998-03-31,24.22,-1.7842660178426617,,,,,
1998-04-01,23.37,-3.509496284062752,,,,,
1998-04-02,21.98,-5.947796320068466,,,,,
1998-04-03,21.82,-0.7279344858962755,,,,,
1998-04-06,22.47,2.9789184234646937,,,,,
1998-04-07,23.66,5.295950155763252,,,,,
1998-04-08,23.17,-2.0710059171597517,,,,,
1998-04-09,21.51,-7.164436771687532,,,,,
1998-04-13,22.77,5.8577405857740406,,,,,
1998-04-14,21.61,-5.0944224857268345,,,,,
1998-04-15,20.89,-3.331790837575188,,,,,
1998-04-16,22.06,5.6007659167065516,,,,,
1998-04-17,20.76,-5.893019038984571,,,,,
1998-04-20,20.39,-1.7822736030828512,,,,,
1998-04-21,19.91,-2.3540951446787695,,,,,
1998-04-22,19.44,-2.360622802611745,,,,,
1998-04-23,20.6,5.967078189300401,,,,,
1998-04-24,21.97,6.650485436893194,,,,,
1998-04-27,26.09,18.752844788347755,,,,,
1998-04-28,24.17,-7.359141433499417,,,,,
1998-04-29,22.78,-5.750930906081919,,,,,
1998-04-30,21.18,-7.023705004389824,,,,,
1998-05-01,19.34,-8.687440982058547,,,,,
1998-05-04,20.32,5.0672182006204824,,,,,
1998-05-05,21.46,5.610236220472453,,,,,
1998-05-06,22.79,6.197576887232059,,,,,
1998-05-07,23.39,2.6327336551118963,,,,,
1998-05-08,20.57,-12.05643437366396,,,,,
1998-05-11,21.05,2.333495381623729,,,,,
1998-05-12,20.98,-0.3325415676959653,,,,,
1998-05-13,20.44,-2.5738798856053346,,,,,
1998-05-14,19.64,-3.9138943248532287,,,,,
1998-05-15,20.44,4.073319755600813,,,,,
1998-05-18,21.69,6.115459882583174,,,,,
1998-05-19,20.39,-5.9935454126325505,,,,,
1998-05-20,19.89,-2.452182442373707,,,,,
1998-05-21,19.38,-2.564102564102577,,,,,
1998-05-22,18.99,-2.0123839009287936,,,,,
1998-05-26,22.07,16.2190626645603,,,,,
1998-05-27,22.59,2.356139555958303,,,,,
1998-05-28,20.74,-8.189464364763177,,,,,
1998-05-29,21.32,2.7965284474445573,,,,,
1998-06-01,22.83,7.082551594746711,,,,,
1998-06-02,22.0,-3.6355672360928515,,,,,
1998-06-03,22.85,3.86363636363638,,,,,
1998-06-04,21.22,-7.133479212253835,,,,,
1998-06-05,19.78,-6.786050895381701,,,,,
1998-06-08,20.58,4.044489383215355,,,,,
1998-06-09,20.52,-0.2915451895043719,,,,,
1998-06-10,21.48,4.678362573099415,,,,,
1998-06-11,23.57,9.729981378026075,,,,,
1998-06-12,22.78,-3.3517182859567174,,,,,
1998-06-15,25.94,13.871817383669892,,,,,
1998-06-16,24.8,-4.394757131842719,,,,,
1998-06-17,22.89,-7.701612903225808,,,,,
1998-06-18,22.4,-2.140672782874631,,,,,
1998-06-19,21.92,-2.142857142857124,,,,,
1998-06-22,21.94,0.09124087591241281,,,,,
1998-06-23,20.17,-8.067456700091158,,,,,
1998-06-24,20.02,-0.7436787307883108,,,,,
1998-06-25,20.25,1.1488511488511488,,,,,
1998-06-26,19.36,-4.395061728395067,,,,,
1998-06-29,19.57,1.0847107438016534,,,,,
1998-06-30,19.71,0.7153806847215227,,,,,
1998-07-01,18.0,-8.675799086757996,,,,,
1998-07-02,17.67,-1.8333333333333202,,,,,
1998-07-06,18.63,5.432937181663822,,,,,
1998-07-07,18.62,-0.053676865271057306,,,,,
1998-07-08,17.82,-4.296455424274981,,,,,
1998-07-09,18.16,1.9079685746352437,,,,,
1998-07-10,17.92,-1.3215859030836885,,,,,
1998-07-13,18.26,1.897321428571419,,,,,
1998-07-14,17.88,-2.081051478641849,,,,,
1998-07-15,17.89,0.055928411633110464,,,,,
1998-07-16,16.97,-5.1425377305757465,,,,,
1998-07-17,16.23,-4.360636417206831,,,,,
1998-07-20,17.34,6.839186691312382,,,,,
1998-07-21,20.1,15.916955017301039,,,,,
1998-07-22,20.32,1.0945273631840724,,,,,
1998-07-23,23.01,13.238188976377963,,,,,
1998-07-24,23.01,0.0,,,,,
1998-07-27,23.13,0.5215123859191539,,,,,
1998-07-28,25.25,9.16558581928233,,,,,
1998-07-29,24.79,-1.8217821782178234,,,,,
1998-07-30,22.66,-8.592174263816055,,,,,
1998-07-31,24.8,9.44395410414829,,,,,
1998-08-03,25.98,4.758064516129035,,,,,
1998-08-04,31.06,19.553502694380278,,,,,
1998-08-05,29.83,-3.9600772698003883,,,,,
1998-08-06,28.2,-5.464297686892383,,,,,
1998-08-07,27.02,-4.184397163120568,,,,,
1998-08-10,28.75,6.402664692820137,,,,,
1998-08-11,31.91,10.991304347826091,,,,,
1998-08-12,28.55,-10.52961454089627,,,,,
1998-08-13,29.92,4.798598949211907,,,,,
1998-08-14,34.34,14.77272727272727,,,,,
1998-08-17,31.86,-7.221898660454295,,,,,
1998-08-18,28.4,-10.860012554927811,,,,,
1998-08-19,28.69,1.0211267605633845,,,,,
1998-08-20,30.0,4.566050888811435,,,,,
1998-08-21,33.14,10.466666666666669,,,,,
1998-08-24,31.8,-4.043452021726013,,,,,
1998-08-25,30.33,-4.622641509433967,,,,,
1998-08-26,31.14,2.670623145400608,,,,,
1998-08-27,38.55,23.795761078998055,,,,,
1998-08-28,39.6,2.723735408560324,,,,,
1998-08-31,44.28,11.818181818181817,,,,,
1998-09-01,36.48,-17.615176151761524,,,,,
1998-09-02,36.76,0.7675438596491224,,,,,
1998-09-03,41.43,12.70402611534276,,,,,
1998-09-04,43.31,4.5377745594979535,,,,,
1998-09-08,37.9,-12.491341491572394,,,,,
1998-09-09,39.66,4.643799472295518,,,,,
1998-09-10,45.29,14.19566313666163,,,,,
1998-09-11,43.74,-3.4223890483550345,,,,,
1998-09-14,38.57,-11.81984453589392,,,,,
1998-09-15,36.58,-5.159450350012973,,,,,
1998-09-16,35.94,-1.749589939857843,,,,,
1998-09-17,39.23,9.154145798553138,,,,,
1998-09-18,38.63,-1.5294417537598637,,,,,
1998-09-21,38.58,-0.12943308309605328,,,,,
1998-09-22,36.62,-5.080352514256092,,,,,
1998-09-23,32.47,-11.332605133806661,,,,,
1998-09-24,34.66,6.74468740375731,,,,,
1998-09-25,34.55,-0.31736872475476297,,,,,
1998-09-28,34.87,0.9261939218523807,,,,,
1998-09-29,36.08,3.4700315457413256,,,,,
1998-09-30,40.95,13.49778270509978,,,,,
1998-10-01,43.48,6.178266178266156,,,,,
1998-10-02,40.47,-6.922723091076355,,,,,
1998-10-05,42.81,5.78206078576724,,,,,
1998-10-06,41.2,-3.760803550572289,,,,,
1998-10-07,43.51,5.606796116504853,,,,,
1998-10-08,45.74,5.125258561250301,,,,,
1998-10-09,42.2,-7.739396589418446,,,,,
1998-10-12,40.07,-5.04739336492892,,,,,
1998-10-13,40.23,0.3993012228599824,,,,,
1998-10-14,38.96,-3.1568481232910672,,,,,
1998-10-15,33.34,-14.425051334702255,,,,,
1998-10-16,34.82,4.439112177564475,,,,,
1998-10-19,33.13,-4.853532452613429,,,,,
1998-10-20,33.11,-0.06036824630245574,,,,,
1998-10-21,33.21,0.30202355783750523,,,,,
1998-10-22,31.53,-5.058717253839207,,,,,
1998-10-23,32.27,2.346971138598164,,,,,
1998-10-26,32.38,0.3408738766656372,,,,,
1998-10-27,32.95,1.7603458925262494,,,,,
1998-10-28,32.42,-1.6084977238239762,,,,,
1998-10-29,29.5,-9.006785934608274,,,,,
1998-10-30,28.05,-4.915254237288136,,,,,
1998-11-02,27.26,-2.8163992869875143,,,,,
1998-11-03,27.76,1.8341892883345645,,,,,
1998-11-04,27.37,-1.404899135446691,,,,,
1998-11-05,26.01,-4.968944099378881,,,,,
1998-11-06,25.7,-1.191849288735114,,,,,
1998-11-09,28.09,9.299610894941646,,,,,
1998-11-10,28.17,0.2847988608045693,,,,,
1998-11-11,28.47,1.0649627263045636,,,,,
1998-11-12,29.28,2.8451001053740876,,,,,
1998-11-13,29.03,-0.8538251366120186,,,,,
1998-11-16,28.9,-0.4478126076472688,,,,,
1998-11-17,27.95,-3.287197231833905,,,,,
1998-11-18,27.13,-2.9338103756708422,,,,,
1998-11-19,25.5,-6.008109104312565,,,,,
1998-11-20,22.47,-11.882352941176478,,,,,
1998-11-23,21.84,-2.8037383177570097,,,,,
1998-11-24,23.28,6.593406593406592,,,,,
1998-11-25,22.15,-4.853951890034381,,,,,
1998-11-27,22.09,-0.27088036117380865,,,,,
1998-11-30,26.01,17.745586238116793,,,,,
1998-12-01,24.97,-3.998462129950031,,,,,
1998-12-02,25.43,1.8422106527833382,,,,,
1998-12-03,28.7,12.858828155721591,,,,,
1998-12-04,25.31,-11.811846689895479,,,,,
1998-12-07,24.9,-1.6199130778348447,,,,,
1998-12-08,25.58,2.7309236947791193,,,,,
1998-12-09,25.66,0.31274433150900727,,,,,
1998-12-10,26.81,4.481683554169913,,,,,
1998-12-11,27.72,3.394255874673635,,,,,
1998-12-14,31.31,12.950937950937957,,,,,
1998-12-15,29.42,-6.036410092622157,,,,,
1998-12-16,29.96,1.8354860639021142,,,,,
1998-12-17,27.96,-6.6755674232309765,,,,,
1998-12-18,25.04,-10.443490701001434,,,,,
1998-12-21,23.86,-4.712460063897761,,,,,
1998-12-22,22.78,-4.526404023470231,,,,,
1998-12-23,20.21,-11.281826163301146,,,,,
1998-12-24,21.48,6.284017812963882,,,,,
1998-12-28,23.5,9.404096834264418,,,,,
1998-12-29,22.18,-5.617021276595747,,,,,
1998-12-30,23.34,5.229936880072139,,,,,
1998-12-31,24.42,4.6272493573264795,,,,,
1999-01-04,26.17,7.166257166257162,,,,,
1999-01-05,24.46,-6.5341994650363056,,,,,
1999-01-06,23.34,-4.578904333605893,,,,,
1999-01-07,24.37,4.413024850042846,,,,,
1999-01-08,23.28,-4.472712351251539,,,,,
1999-01-11,25.46,9.364261168384868,,,,,
1999-01-12,28.1,10.369206598586022,,,,,
1999-01-13,30.11,7.153024911032024,,,,,
1999-01-14,32.98,9.531717037529042,,,,,
1999-01-15,29.24,-11.340206185567004,,,,,
1999-01-19,29.24,0.0,,,,,
1999-01-20,28.6,-2.188782489740071,,,,,
1999-01-21,30.92,8.11188811188812,,,,,
1999-01-22,31.95,3.33117723156533,,,,,
1999-01-25,31.13,-2.5665101721439765,,,,,
1999-01-26,29.23,-6.103437198843553,,,,,
1999-01-27,29.73,1.7105713308245063,,,,,
1999-01-28,28.11,-5.44904137235116,,,,,
1999-01-29,26.25,-6.616862326574169,,,,,
1999-02-01,27.67,5.40952380952382,,,,,
1999-02-02,28.16,1.7708709794000743,,,,,
1999-02-03,27.88,-0.9943181818181879,,,,,
1999-02-04,29.48,5.7388809182209455,,,,,
1999-02-05,29.67,0.6445047489823663,,,,,
1999-02-08,30.27,2.0222446916076775,,,,,
1999-02-09,31.36,3.6009250082589928,,,,,
1999-02-10,30.45,-2.9017857142857095,,,,,
1999-02-11,27.42,-9.950738916256153,,,,,
1999-02-12,29.76,8.533916849015322,,,,,
1999-02-16,29.65,-0.3696236559139865,,,,,
1999-02-17,30.65,3.3726812816188945,,,,,
1999-02-18,30.45,-0.6525285481239762,,,,,
1999-02-19,29.3,-3.77668308702791,,,,,
1999-02-22,25.87,-11.706484641638227,,,,,
1999-02-23,26.49,2.3965983764978604,,,,,
1999-02-24,27.21,2.7180067950169917,,,,,
1999-02-25,28.01,2.9400955531054818,,,,,
1999-02-26,27.88,-0.4641199571581711,,,,,
1999-03-01,28.37,1.7575322812051652,,,,,
1999-03-02,29.22,2.996122664786749,,,,,
1999-03-03,29.04,-0.6160164271047264,,,,,
1999-03-04,26.67,-8.161157024793376,,,,,
1999-03-05,24.08,-9.711286089238857,,,,,
1999-03-08,24.54,1.9102990033222689,,,,,
1999-03-09,25.02,1.9559902200489088,,,,,
1999-03-10,24.79,-0.9192645883293382,,,,,
1999-03-11,24.37,-1.694231544977809,,,,,
1999-03-12,24.84,1.928600738613051,,,,,
1999-03-15,25.24,1.61030595813203,,,,,
1999-03-16,25.15,-0.3565768621236143,,,,,
1999-03-17,25.57,1.6699801192842978,,,,,
1999-03-18,24.13,-5.631599530700049,,,,,
1999-03-19,24.32,0.7874015748031482,,,,,
1999-03-22,25.0,2.796052631578938,,,,,
1999-03-23,27.27,9.079999999999998,,,,,
1999-03-24,26.6,-2.456912357902452,,,,,
1999-03-25,24.33,-8.53383458646617,,,,,
1999-03-26,24.04,-1.1919441019317634,,,,,
1999-03-29,23.54,-2.079866888519133,,,,,
1999-03-30,22.73,-3.440951571792683,,,,,
1999-03-31,23.26,2.3317201935767695,,,,,
1999-04-01,22.06,-5.159071367153922,,,,,
1999-04-05,22.19,0.5893019038984759,,,,,
1999-04-06,22.65,2.073005858494814,,,,,
1999-04-07,22.81,0.7064017660044053,,,,,
1999-04-08,22.59,-0.964489259096879,,,,,
1999-04-09,21.77,-3.6299247454625982,,,,,
1999-04-12,21.93,0.7349563619660104,,,,,
1999-04-13,22.73,3.64797081623347,,,,,
1999-04-14,24.94,9.722833260008802,,,,,
1999-04-15,23.93,-4.049719326383327,,,,,
1999-04-16,23.9,-0.1253656498119593,,,,,
1999-04-19,26.42,10.543933054393317,,,,,
1999-04-20,25.02,-5.299015897047699,,,,,
1999-04-21,23.31,-6.834532374100721,,,,,
1999-04-22,22.62,-2.9601029601029505,,,,,
1999-04-23,22.76,0.6189213085764811,,,,,
1999-04-26,23.53,3.3831282952548225,,,,,
1999-04-27,23.36,-0.7224819379515579,,,,,
1999-04-28,24.4,4.452054794520555,,,,,
1999-04-29,25.06,2.704918032786896,,,,,
1999-04-30,25.07,0.03990422984836428,,,,,
1999-05-03,24.15,-3.669724770642213,,,,,
1999-05-04,25.62,6.08695652173914,,,,,
1999-05-05,25.19,-1.6783762685402048,,,,,
1999-05-06,27.44,8.932115919015482,,,,,
1999-05-07,25.36,-7.580174927113714,,,,,
1999-05-10,26.62,4.968454258675092,,,,,
1999-05-11,25.62,-3.7565740045078844,,,,,
1999-05-12,26.13,1.990632318501162,,,,,
1999-05-13,25.02,-4.247990815154989,,,,,
1999-05-14,26.86,7.3541167066346835,,,,,
1999-05-17,27.28,1.5636634400595817,,,,,
1999-05-18,27.26,-0.07331378299120228,,,,,
1999-05-19,25.08,-7.997065297138672,,,,,
1999-05-20,24.46,-2.47208931419457,,,,,
1999-05-21,24.4,-0.24529844644318732,,,,,
1999-05-24,27.62,13.196721311475423,,,,,
1999-05-25,28.9,4.634322954380865,,,,,
1999-05-26,27.57,-4.602076124567467,,,,,
1999-05-27,28.12,1.994922016684808,,,,,
1999-05-28,25.39,-9.708392603129445,,,,,
1999-06-01,26.62,4.844426939740054,,,,,
1999-06-02,26.21,-1.5401953418482384,,,,,
1999-06-03,26.2,-0.03815337657383511,,,,,
1999-06-04,23.43,-10.572519083969468,,,,,
1999-06-07,23.78,1.49381135296629,,,,,
1999-06-08,24.02,1.0092514718250456,,,,,
1999-06-09,23.9,-0.4995836802664466,,,,,
1999-06-10,25.32,5.941422594142276,,,,,
1999-06-11,25.9,2.290679304897303,,,,,
1999-06-14,26.51,2.355212355212366,,,,,
1999-06-15,25.91,-2.263296869106002,,,,,
1999-06-16,22.4,-13.54689309147048,,,,,
1999-06-17,21.95,-2.00892857142857,,,,,
1999-06-18,21.75,-0.9111617312072884,,,,,
1999-06-21,21.81,0.27586206896550447,,,,,
1999-06-22,21.7,-0.5043558000916937,,,,,
1999-06-23,21.32,-1.751152073732709,,,,,
1999-06-24,23.06,8.16135084427767,,,,,
1999-06-25,21.76,-5.63746747614916,,,,,
1999-06-28,22.63,3.9981617647058654,,,,,
1999-06-29,22.51,-0.5302695536897772,,,,,
1999-06-30,21.09,-6.3083074189249295,,,,,
1999-07-01,19.69,-6.638217164532945,,,,,
1999-07-02,18.66,-5.231081767394619,,,,,
1999-07-06,20.73,11.093247588424449,,,,,
1999-07-07,20.35,-1.8330921369995146,,,,,
1999-07-08,20.24,-0.5405405405405572,,,,,
1999-07-09,17.96,-11.264822134387343,,,,,
1999-07-12,19.73,9.855233853006684,,,,,
1999-07-13,19.95,1.115053218449047,,,,,
1999-07-14,19.71,-1.2030075187969835,,,,,
1999-07-15,18.68,-5.225773718924409,,,,,
1999-07-16,17.42,-6.74518201284795,,,,,
1999-07-19,19.07,9.471871412169918,,,,,
1999-07-20,21.79,14.263240692186674,,,,,
1999-07-21,21.46,-1.5144561725562111,,,,,
1999-07-22,23.05,7.409133271202228,,,,,
1999-07-23,23.32,1.1713665943600793,,,,,
1999-07-26,24.98,7.118353344768447,,,,,
1999-07-27,23.23,-7.005604483586869,,,,,
1999-07-28,22.85,-1.63581575548859,,,,,
1999-07-29,24.52,7.308533916849003,,,,,
1999-07-30,24.64,0.4893964110929794,,,,,
1999-08-02,25.59,3.855519480519476,,,,,
1999-08-03,26.27,2.6572880031262125,,,,,
1999-08-04,27.4,4.3014845831747195,,,,,
1999-08-05,27.01,-1.423357664233571,,,,,
1999-08-06,26.6,-1.5179563124768647,,,,,
1999-08-09,27.66,3.9849624060150246,,,,,
1999-08-10,28.45,2.856109906001447,,,,,
1999-08-11,25.39,-10.755711775043931,,,,,
1999-08-12,25.03,-1.4178810555336763,,,,,
1999-08-13,22.31,-10.866959648421904,,,,,
1999-08-16,23.07,3.4065441506051064,,,,,
1999-08-17,21.67,-6.068487212830509,,,,,
1999-08-18,23.3,7.521919704660807,,,,,
1999-08-19,24.39,4.678111587982836,,,,,
1999-08-20,22.95,-5.904059040590415,,,,,
1999-08-23,22.55,-1.7429193899782036,,,,,
1999-08-24,22.4,-0.6651884700665245,,,,,
1999-08-25,20.96,-6.428571428571416,,,,,
1999-08-26,21.21,1.1927480916030575,,,,,
1999-08-27,21.83,2.9231494578029205,,,,,
1999-08-30,24.63,12.82638570774164,,,,,
1999-08-31,24.45,-0.730816077953711,,,,,
1999-09-01,22.93,-6.216768916155413,,,,,
1999-09-02,24.53,6.977758395115585,,,,,
1999-09-03,20.98,-14.47207501019161,,,,,
1999-09-07,23.44,11.725452812202096,,,,,
1999-09-08,23.82,1.6211604095563104,,,,,
1999-09-09,23.01,-3.400503778337527,,,,,
1999-09-10,22.03,-4.259017818339849,,,,,
1999-09-13,22.89,3.9037675896504753,,,,,
1999-09-14,23.77,3.8444735692442,,,,,
1999-09-15,24.56,3.323517038283552,,,,,
1999-09-16,25.25,2.809446254071668,,,,,
1999-09-17,23.3,-7.722772277227719,,,,,
1999-09-20,24.03,3.1330472103004325,,,,,
1999-09-21,25.65,6.741573033707859,,,,,
1999-09-22,25.19,-1.7933723196881024,,,,,
1999-09-23,27.84,10.520047637951556,,,,,
1999-09-24,27.79,-0.17959770114942541,,,,,
1999-09-27,26.4,-5.001799208348334,,,,,
1999-09-28,26.06,-1.2878787878787823,,,,,
1999-09-29,26.49,1.6500383729854073,,,,,
1999-09-30,25.41,-4.077010192525476,,,,,
1999-10-01,24.93,-1.8890200708382543,,,,,
1999-10-04,24.46,-1.8852787805856308,,,,,
1999-10-05,24.79,1.3491414554374526,,,,,
1999-10-06,22.06,-11.01250504235579,,,,,
1999-10-07,23.58,6.8902991840435135,,,,,
1999-10-08,20.49,-13.104325699745544,,,,,
1999-10-11,20.63,0.683260126891172,,,,,
1999-10-12,22.84,10.71255453223461,,,,,
1999-10-13,25.96,13.66024518388793,,,,,
1999-10-14,26.05,0.3466872110939878,,,,,
1999-10-15,28.75,10.364683301343568,,,,,
1999-10-18,28.19,-1.9478260869565167,,,,,
1999-10-19,26.56,-5.782192266761276,,,,,
1999-10-20,23.9,-10.015060240963859,,,,,
1999-10-21,24.02,0.502092050209213,,,,,
1999-10-22,21.64,-9.908409658617812,,,,,
1999-10-25,23.6,9.057301293900188,,,,,
1999-10-26,24.26,2.7966101694915313,,,,,
1999-10-27,24.2,-0.2473206924979432,,,,,
1999-10-28,21.34,-11.818181818181817,,,,,
1999-10-29,22.2,4.02999062792877,,,,,
1999-11-01,22.09,-0.49549549549549043,,,,,
1999-11-02,23.1,4.572204617473985,,,,,
1999-11-03,23.16,0.2597402597402487,,,,,
1999-11-04,23.0,-0.6908462867012077,,,,,
1999-11-05,21.66,-5.826086956521737,,,,,
1999-11-08,21.87,0.969529085872578,,,,,
1999-11-09,22.7,3.795153177869226,,,,,
1999-11-10,22.26,-1.9383259911894157,,,,,
1999-11-11,22.07,-0.8535489667565233,,,,,
1999-11-12,21.65,-1.9030357951971055,,,,,
1999-11-15,22.74,5.03464203233257,,,,,
1999-11-16,20.73,-8.839050131926118,,,,,
1999-11-17,20.96,1.1095031355523366,,,,,
1999-11-18,19.76,-5.725190839694649,,,,,
1999-11-19,19.11,-3.289473684210542,,,,,
1999-11-22,19.98,4.552590266875978,,,,,
1999-11-23,21.0,5.105105105105112,,,,,
1999-11-24,20.26,-3.523809523809518,,,,,
1999-11-26,22.33,10.217176702862773,,,,,
1999-11-29,23.57,5.553067622033159,,,,,
1999-11-30,24.18,2.588035638523545,,,,,
1999-12-01,22.23,-8.064516129032251,,,,,
1999-12-02,21.77,-2.0692757534862882,,,,,
1999-12-03,19.32,-11.2540192926045,,,,,
1999-12-06,20.58,6.521739130434767,,,,,
1999-12-07,21.09,2.478134110787189,,,,,
1999-12-08,21.25,0.7586533902323334,,,,,
1999-12-09,21.19,-0.2823529411764669,,,,,
1999-12-10,21.48,1.3685700802265277,,,,,
1999-12-13,21.72,1.1173184357541777,,,,,
1999-12-14,23.06,6.169429097605894,,,,,
1999-12-15,22.03,-4.466608846487419,,,,,
1999-12-16,21.91,-0.5447117566954152,,,,,
1999-12-17,21.35,-2.555910543130979,,,,,
1999-12-20,23.78,11.381733021077277,,,,,
1999-12-21,22.66,-4.709840201850302,,,,,
1999-12-22,22.43,-1.01500441306267,,,,,
1999-12-23,21.12,-5.840392331698608,,,,,
1999-12-27,23.07,9.232954545454541,,,,,
1999-12-28,22.97,-0.4334633723450443,,,,,
1999-12-29,23.09,0.5224205485415911,,,,,
1999-12-30,24.76,7.232568211346901,,,,,
2000-01-03,24.21,-2.221324717285944,,,,,
2000-01-04,27.01,11.565468814539459,,,,,
2000-01-05,26.41,-2.2213994816734584,,,,,
2000-01-06,25.73,-2.5747822794396025,,,,,
2000-01-07,21.72,-15.584920326467167,,,,,
2000-01-10,21.71,-0.04604051565376688,,,,,
2000-01-11,22.5,3.638876093965915,,,,,
2000-01-12,22.84,1.5111111111111075,,,,,
2000-01-13,21.71,-4.947460595446584,,,,,
2000-01-14,19.66,-9.442653155228008,,,,,
2000-01-18,21.5,9.35910478128179,,,,,
2000-01-19,21.72,1.023255813953483,,,,,
2000-01-20,21.75,0.13812154696133394,,,,,
2000-01-21,20.82,-4.27586206896552,,,,,
2000-01-24,24.07,15.609990393852069,,,,,
2000-01-25,23.02,-4.362276692978817,,,,,
2000-01-26,23.03,0.04344048653346366,,,,,
2000-01-27,23.54,2.2145028224055396,,,,,
2000-01-28,26.14,11.045029736618538,,,,,
2000-01-31,24.95,-4.552410099464432,,,,,
2000-02-01,23.45,-6.012024048096187,,,,,
2000-02-02,23.12,-1.407249466950955,,,,,
2000-02-03,22.01,-4.801038062283736,,,,,
2000-02-04,21.54,-2.135393003180386,,,,,
2000-02-07,22.79,5.803156917363039,,,,,
2000-02-08,21.25,-6.757349714787186,,,,,
2000-02-09,22.9,7.76470588235294,,,,,
2000-02-10,23.07,0.742358078602634,,,,,
2000-02-11,24.42,5.851755526657998,,,,,
2000-02-14,24.38,-0.16380016380017626,,,,,
2000-02-15,22.92,-5.988515176374065,,,,,
2000-02-16,23.51,2.574171029668415,,,,,
2000-02-17,23.17,-1.4461931093151859,,,,,
2000-02-18,26.0,12.214069917997406,,,,,
2000-02-22,25.86,-0.5384615384615432,,,,,
2000-02-23,23.89,-7.617942768754826,,,,,
2000-02-24,24.38,2.051067392214301,,,,,
2000-02-25,25.2,3.3634126333059955,,,,,
2000-02-28,24.68,-2.0634920634920673,,,,,
2000-02-29,23.37,-5.307941653160453,,,,,
2000-03-01,21.64,-7.40265297389816,,,,,
2000-03-02,21.06,-2.6802218114602705,,,,,
2000-03-03,19.21,-8.784425451092105,,,,,
2000-03-06,21.5,11.920874544508052,,,,,
2000-03-07,24.31,13.069767441860458,,,,,
2000-03-08,23.82,-2.015631427396125,,,,,
2000-03-09,22.21,-6.759026028547432,,,,,
2000-03-10,21.24,-4.3674020711391375,,,,,
2000-03-13,22.85,7.580037664783434,,,,,
2000-03-14,24.41,6.827133479212244,,,,,
2000-03-15,22.34,-8.480131093814014,,,,,
2000-03-16,20.77,-7.027752909579233,,,,,
2000-03-17,22.37,7.703418391911421,,,,,
2000-03-20,22.96,2.6374608851139847,,,,,
2000-03-21,21.7,-5.487804878048785,,,,,
2000-03-22,21.49,-0.967741935483879,,,,,
2000-03-23,22.26,3.583061889250838,,,,,
2000-03-24,23.31,4.7169811320754595,,,,,
2000-03-27,24.53,5.233805233805255,,,,,
2000-03-28,24.86,1.3452914798206317,,,,,
2000-03-29,24.1,-3.057119871279157,,,,,
2000-03-30,25.47,5.684647302904544,,,,,
2000-03-31,24.11,-5.339615233608164,,,,,
2000-04-03,24.03,-0.3318125259228477,,,,,
2000-04-04,27.12,12.858926342072419,,,,,
2000-04-05,28.41,4.756637168141586,,,,,
2000-04-06,27.15,-4.435058078141507,,,,,
2000-04-07,24.39,-10.165745856353581,,,,,
2000-04-10,25.99,6.5600656006560065,,,,,
2000-04-11,27.25,4.8480184686418015,,,,,
2000-04-12,28.98,6.348623853211022,,,,,
2000-04-13,29.4,1.4492753623188248,,,,,
2000-04-14,33.49,13.911564625850348,,,,,
2000-04-17,28.95,-13.556285458345785,,,,,
2000-04-18,26.12,-9.775474956822105,,,,,
2000-04-19,27.02,3.4456355283307705,,,,,
2000-04-20,25.85,-4.330125832716503,,,,,
2000-04-24,27.37,5.880077369439074,,,,,
2000-04-25,25.24,-7.782243332115469,,,,,
2000-04-26,26.97,6.854199683042794,,,,,
2000-04-27,26.19,-2.8921023359288034,,,,,
2000-04-28,26.2,0.038182512409301594,,,,,
2000-05-01,25.88,-1.2213740458015265,,,,,
2000-05-02,28.5,10.123647604327669,,,,,
2000-05-03,31.63,10.982456140350871,,,,,
2000-05-04,30.77,-2.7189377173569396,,,,,
2000-05-05,27.53,-10.529736756581077,,,,,
2000-05-08,28.2,2.433708681438418,,,,,
2000-05-09,28.93,2.5886524822695156,,,,,
2000-05-10,29.87,3.2492222606291143,,,,,
2000-05-11,27.76,-7.063943756277203,,,,,
2000-05-12,26.05,-6.159942363112392,,,,,
2000-05-15,24.86,-4.56813819577736,,,,,
2000-05-16,24.34,-2.091713596138378,,,,,
2000-05-17,23.98,-1.4790468364831555,,,,,
2000-05-18,23.96,-0.08340283569641116,,,,,
2000-05-19,25.44,6.176961602671116,,,,,
2000-05-22,26.0,2.2012578616352085,,,,,
2000-05-23,25.87,-0.5000000000000004,,,,,
2000-05-24,24.32,-5.991495941244684,,,,,
2000-05-25,24.58,1.069078947368407,,,,,
2000-05-26,24.47,-0.4475183075671296,,,,,
2000-05-30,23.62,-3.473641193297905,,,,,
2000-05-31,23.65,0.12701100762064765,,,,,
2000-06-01,22.36,-5.454545454545457,,,,,
2000-06-02,21.48,-3.935599284436486,,,,,
2000-06-05,22.71,5.72625698324023,,,,,
2000-06-06,23.05,1.4971378247468081,,,,,
2000-06-07,22.48,-2.4728850325379637,,,,,
2000-06-08,22.77,1.2900355871886093,,,,,
2000-06-09,22.14,-2.766798418972327,,,,,
2000-06-12,22.32,0.8130081300812941,,,,,
2000-06-13,21.67,-2.9121863799283054,,,,,
2000-06-14,21.48,-0.8767881864328642,,,,,
2000-06-15,20.68,-3.724394785847307,,,,,
2000-06-16,20.5,-0.8704061895551285,,,,,
2000-06-19,20.63,0.6341463414634152,,,,,
2000-06-20,20.88,1.2118274357731496,,,,,
2000-06-21,20.61,-1.2931034482758563,,,,,
2000-06-22,22.0,6.74429888403687,,,,,
2000-06-23,22.34,1.5454545454545388,,,,,
2000-06-26,22.45,0.4923903312443967,,,,,
2000-06-27,21.8,-2.8953229398663627,,,,,
2000-06-28,20.29,-6.926605504587158,,,,,
2000-06-29,19.7,-2.907836372597339,,,,,
2000-06-30,19.54,-0.8121827411167515,,,,,
2000-07-03,19.83,1.4841351074718512,,,,,
2000-07-05,21.16,6.707009581442258,,,,,
2000-07-06,20.94,-1.03969754253308,,,,,
2000-07-07,19.22,-8.21394460362943,,,,,
2000-07-10,20.33,5.775234131113427,,,,,
2000-07-11,20.11,-1.0821446138711166,,,,,
2000-07-12,20.03,-0.39781203381401564,,,,,
2000-07-13,20.03,0.0,,,,,
2000-07-14,19.32,-3.544682975536695,,,,,
2000-07-17,19.45,0.6728778467908869,,,,,
2000-07-18,19.75,1.5424164524421524,,,,,
2000-07-19,19.65,-0.5063291139240533,,,,,
2000-07-20,18.94,-3.613231552162832,,,,,
2000-07-21,18.94,0.0,,,,,
2000-07-24,19.92,5.174234424498425,,,,,
2000-07-25,19.39,-2.6606425702811354,,,,,
2000-07-26,19.67,1.4440433212996373,,,,,
2000-07-27,19.6,-0.3558718861209953,,,,,
2000-07-28,20.84,6.326530612244885,,,,,
2000-07-31,20.74,-0.4798464491362786,,,,,
2000-08-01,20.55,-0.9161041465766573,,,,,
2000-08-02,20.0,-2.676399026763998,,,,,
2000-08-03,19.99,-0.050000000000005596,,,,,
2000-08-04,18.62,-6.8534267133566695,,,,,
2000-08-07,19.03,2.2019334049409256,,,,,
2000-08-08,18.79,-1.2611665790856597,,,,,
2000-08-09,19.18,2.075572112825985,,,,,
2000-08-10,19.19,0.05213764337852478,,,,,
2000-08-11,18.55,-3.335070349140179,,,,,
2000-08-14,17.88,-3.6118598382749445,,,,,
2000-08-15,17.98,0.5592841163311046,,,,,
2000-08-16,18.02,0.22246941045604984,,,,,
2000-08-17,17.48,-2.9966703662597016,,,,,
2000-08-18,17.05,-2.4599542334096114,,,,,
2000-08-21,17.35,1.7595307917888547,,,,,
2000-08-22,17.47,0.6916426512968199,,,,,
2000-08-23,17.38,-0.5151688609044025,,,,,
2000-08-24,17.04,-1.9562715765247374,,,,,
2000-08-25,16.53,-2.9929577464788637,,,,,
2000-08-28,16.54,0.0604960677555777,,,,,
2000-08-29,16.89,2.1160822249093103,,,,,
2000-08-30,17.69,4.7365304914150475,,,,,
2000-08-31,16.84,-4.804974561899389,,,,,
2000-09-01,17.53,4.097387173396672,,,,,
2000-09-05,19.82,13.063320022818026,,,,,
2000-09-06,20.79,4.894046417759834,,,,,
2000-09-07,19.42,-6.589706589706578,,,,,
2000-09-08,18.46,-4.943357363542744,,,,,
2000-09-11,18.4,-0.3250270855904791,,,,,
2000-09-12,18.59,1.0326086956521818,,,,,
2000-09-13,18.32,-1.4523937600860681,,,,,
2000-09-14,18.26,-0.3275109170305601,,,,,
2000-09-15,18.52,1.4238773274917849,,,,,
2000-09-18,20.25,9.34125269978403,,,,,
2000-09-19,19.54,-3.506172839506172,,,,,
2000-09-20,19.93,1.9959058341862956,,,,,
2000-09-21,20.18,1.2543903662819877,,,,,
2000-09-22,20.74,2.775024777006929,,,,,
2000-09-25,21.41,3.2304725168756043,,,,,
2000-09-26,21.88,2.1952358710882747,,,,,
2000-09-27,21.67,-0.9597806215722038,,,,,
2000-09-28,19.47,-10.152284263959398,,,,,
2000-09-29,20.57,5.649717514124308,,,,,
2000-10-02,21.23,3.208556149732611,,,,,
2000-10-03,21.85,2.9203956665096564,,,,,
2000-10-04,21.54,-1.4187643020595053,,,,,
2000-10-05,21.03,-2.367688022284109,,,,,
2000-10-06,22.71,7.988587731811703,,,,,
2000-10-09,24.02,5.76838397181858,,,,,
2000-10-10,24.86,3.497085761865115,,,,,
2000-10-11,26.57,6.878519710378117,,,,,
2000-10-12,30.51,14.828754234098618,,,,,
2000-10-13,27.6,-9.537856440511305,,,,,
2000-10-16,26.79,-2.934782608695663,,,,,
2000-10-17,27.84,3.919372900335949,,,,,
2000-10-18,28.72,3.1609195402298784,,,,,
2000-10-19,25.09,-12.639275766016711,,,,,
2000-10-20,24.24,-3.3878039059386245,,,,,
2000-10-23,24.69,1.8564356435643692,,,,,
2000-10-24,24.28,-1.6605913325232868,,,,,
2000-10-25,26.65,9.761120263591415,,,,,
2000-10-26,28.62,7.392120075046904,,,,,
2000-10-27,26.47,-7.512229210342425,,,,,
2000-10-30,25.46,-3.815640347563276,,,,,
2000-10-31,23.63,-7.1877454831107634,,,,,
2000-11-01,24.28,2.750740584003397,,,,,
2000-11-02,23.92,-1.4827018121911006,,,,,
2000-11-03,23.67,-1.0451505016722429,,,,,
2000-11-06,24.52,3.5910435149978825,,,,,
2000-11-07,24.91,1.5905383360522052,,,,,
2000-11-08,25.66,3.010839020473699,,,,,
2000-11-09,27.2,6.001558846453614,,,,,
2000-11-10,28.53,4.889705882352957,,,,,
2000-11-13,29.06,1.8576936558009072,,,,,
2000-11-14,26.81,-7.742601514108738,,,,,
2000-11-15,26.15,-2.46176799701604,,,,,
2000-11-16,25.05,-4.206500956022941,,,,,
2000-11-17,24.81,-0.9580838323353325,,,,,
2000-11-20,27.43,10.560257960499797,,,,,
2000-11-21,26.62,-2.9529711994166874,,,,,
2000-11-22,27.71,4.094665664913588,,,,,
2000-11-24,26.0,-6.171057380007216,,,,,
2000-11-27,26.93,3.5769230769230775,,,,,
2000-11-28,27.64,2.636464909023406,,,,,
2000-11-29,27.49,-0.542691751085389,,,,,
2000-11-30,29.65,7.857402691887949,,,,,
2000-12-01,27.48,-7.318718381112976,,,,,
2000-12-04,27.78,1.091703056768556,,,,,
2000-12-05,24.99,-10.043196544276467,,,,,
2000-12-06,25.07,0.3201280512205029,,,,,
2000-12-07,25.34,1.0769844435580378,,,,,
2000-12-08,22.41,-11.56274664561957,,,,,
2000-12-11,23.51,4.908522980812147,,,,,
2000-12-12,24.88,5.8273075287111675,,,,,
2000-12-13,23.63,-5.024115755627012,,,,,
2000-12-14,24.86,5.205247566652571,,,,,
2000-12-15,26.55,6.798069187449718,,,,,
2000-12-18,27.7,4.331450094161959,,,,,
2000-12-19,27.17,-1.9133574007220155,,,,,
2000-12-20,31.74,16.820022083179964,,,,,
2000-12-21,29.66,-6.553245116572148,,,,,
2000-12-22,27.55,-7.113958192852321,,,,,
2000-12-26,28.73,4.2831215970961845,,,,,
2000-12-27,28.14,-2.05360250609119,,,,,
2000-12-28,26.57,-5.579246624022749,,,,,
2000-12-29,26.85,1.0538200978547296,,,,,
2001-01-02,29.99,11.694599627560521,,,,,
2001-01-03,26.6,-11.303767922640873,,,,,
2001-01-04,26.97,1.3909774436090094,,,,,
2001-01-05,28.67,6.303299962921782,,,,,
2001-01-08,29.84,4.080920823160095,,,,,
2001-01-09,27.99,-6.199731903485262,,,,,
2001-01-10,26.8,-4.251518399428356,,,,,
2001-01-11,25.79,-3.7686567164179174,,,,,
2001-01-12,24.56,-4.769290422644435,,,,,
2001-01-16,25.28,2.931596091205213,,,,,
2001-01-17,24.93,-1.3844936708860778,,,,,
2001-01-18,23.37,-6.257521058965098,,,,,
2001-01-19,23.24,-0.5562687205819539,,,,,
2001-01-22,23.25,0.043029259896743,,,,,
2001-01-23,21.57,-7.225806451612904,,,,,
2001-01-24,22.03,2.132591562355124,,,,,
2001-01-25,22.64,2.7689514298683493,,,,,
2001-01-26,22.57,-0.30918727915194566,,,,,
2001-01-29,22.61,0.17722640673460965,,,,,
2001-01-30,22.57,-0.17691287041131654,,,,,
2001-01-31,22.02,-2.436863092600805,,,,,
2001-02-01,21.66,-1.6348773841961872,,,,,
2001-02-02,21.95,1.3388734995383178,,,,,
2001-02-05,22.19,1.0933940774487505,,,,,
2001-02-06,21.98,-0.9463722397476393,,,,,
2001-02-07,21.67,-1.41037306642402,,,,,
2001-02-08,21.46,-0.9690816797415791,,,,,
2001-02-09,22.03,2.656104380242308,,,,,
2001-02-12,21.92,-0.49931911030413056,,,,,
2001-02-13,21.37,-2.5091240875912413,,,,,
2001-02-14,21.52,0.7019185774450154,,,,,
2001-02-15,20.27,-5.808550185873607,,,,,
2001-02-16,22.12,9.126788357178107,,,,,
2001-02-20,24.69,11.618444846292952,,,,,
2001-02-21,25.75,4.2932361279870435,,,,,
2001-02-22,26.76,3.9223300970873787,,,,,
2001-02-23,27.21,1.681614349775784,,,,,
2001-02-26,25.43,-6.541712605659688,,,,,
2001-02-27,26.49,4.16830515139599,,,,,
2001-02-28,28.35,7.021517553793899,,,,,
2001-03-01,28.08,-0.9523809523809601,,,,,
2001-03-02,27.43,-2.314814814814814,,,,,
2001-03-05,27.12,-1.1301494713816918,,,,,
2001-03-06,25.89,-4.535398230088495,,,,,
2001-03-07,24.12,-6.836616454229427,,,,,
2001-03-08,24.29,0.704809286898822,,,,,
2001-03-09,25.62,5.475504322766578,,,,,
2001-03-12,30.32,18.34504293520687,,,,,
2001-03-13,27.55,-9.135883905013188,,,,,
2001-03-14,29.61,7.477313974591637,,,,,
2001-03-15,28.56,-3.546099290780147,,,,,
2001-03-16,29.91,4.726890756302526,,,,,
2001-03-19,29.78,-0.4346372450685365,,,,,
2001-03-20,30.96,3.9623908663532603,,,,,
2001-03-21,31.93,3.133074935400515,,,,,
2001-03-22,32.84,2.849984340745393,,,,,
2001-03-23,30.45,-7.277710109622426,,,,,
2001-03-26,29.04,-4.630541871921179,,,,,
2001-03-27,27.04,-6.8870523415977996,,,,,
2001-03-28,28.58,5.695266272189348,,,,,
2001-03-29,29.17,2.064380685794265,,,,,
2001-03-30,28.64,-1.8169352074048684,,,,,
2001-04-02,31.21,8.97346368715084,,,,,
2001-04-03,34.72,11.2463953860942,,,,,
2001-04-04,34.07,-1.872119815668194,,,,,
2001-04-05,29.94,-12.122101555620779,,,,,
2001-04-06,31.69,5.845023380093517,,,,,
2001-04-09,31.91,0.6942253076680283,,,,,
2001-04-10,29.44,-7.740520213099334,,,,,
2001-04-11,28.46,-3.3288043478260865,,,,,
2001-04-12,26.12,-8.222066057624733,,,,,
2001-04-16,26.33,0.8039816232771724,,,,,
2001-04-17,25.61,-2.7345233573870087,,,,,
2001-04-18,24.13,-5.778992581023035,,,,,
2001-04-19,24.16,0.1243265644426117,,,,,
2001-04-20,25.38,5.049668874172175,,,,,
2001-04-23,28.16,10.953506698187553,,,,,
2001-04-24,28.49,1.171875,,,,,
2001-04-25,27.4,-3.8259038259038203,,,,,
2001-04-26,25.96,-5.255474452554731,,,,,
2001-04-27,24.02,-7.473035439137144,,,,,
2001-04-30,25.48,6.0782681099084135,,,,,
2001-05-01,24.2,-5.023547880690737,,,,,
2001-05-02,24.23,0.12396694214875659,,,,,
2001-05-03,25.78,6.397028477094513,,,,,
2001-05-04,23.91,-7.253685027152834,,,,,
2001-05-07,24.86,3.9732329569217795,,,,,
2001-05-08,24.44,-1.6894609814963713,,,,,
2001-05-09,24.35,-0.3682487725040873,,,,,
2001-05-10,24.0,-1.4373716632443578,,,,,
2001-05-11,23.54,-1.9166666666666665,,,,,
2001-05-14,24.26,3.0586236193713034,,,,,
2001-05-15,23.71,-2.2671063478977738,,,,,
2001-05-16,21.89,-7.676086039645725,,,,,
2001-05-17,21.47,-1.9186843307446355,,,,,
2001-05-18,21.23,-1.1178388448998544,,,,,
2001-05-21,20.76,-2.213848327837964,,,,,
2001-05-22,21.35,2.8420038535645453,,,,,
2001-05-23,22.08,3.4192037470725856,,,,,
2001-05-24,20.57,-6.838768115942018,,,,,
2001-05-25,20.6,0.1458434613514914,,,,,
2001-05-29,22.14,7.475728155339811,,,,,
2001-05-30,22.76,2.8003613369466995,,,,,
2001-05-31,22.64,-0.5272407732864748,,,,,
2001-06-01,21.59,-4.637809187279151,,,,,
2001-06-04,21.38,-0.9726725335803654,,,,,
2001-06-05,19.58,-8.419083255378867,,,,,
2001-06-06,20.39,4.136874361593468,,,,,
2001-06-07,19.67,-3.531142717018143,,,,,
2001-06-08,19.92,1.2709710218607118,,,,,
2001-06-11,20.7,3.9156626506023917,,,,,
2001-06-12,20.7,0.0,,,,,
2001-06-13,21.45,3.6231884057970953,,,,,
2001-06-14,23.12,7.785547785547786,,,,,
2001-06-15,22.81,-1.3408304498270018,,,,,
2001-06-18,23.17,1.5782551512494747,,,,,
2001-06-19,22.34,-3.5822183858437717,,,,,
2001-06-20,21.71,-2.8200537153088567,,,,,
2001-06-21,19.38,-10.732381391064038,,,,,
2001-06-22,20.02,3.302373581011353,,,,,
2001-06-25,20.67,3.2467532467532534,,,,,
2001-06-26,21.2,2.564102564102555,,,,,
2001-06-27,20.88,-1.5094339622641506,,,,,
2001-06-28,20.01,-4.166666666666652,,,,,
2001-06-29,19.06,-4.747626186906562,,,,,
2001-07-02,18.76,-1.5739769150052263,,,,,
2001-07-03,18.92,0.8528784648187626,,,,,
2001-07-05,20.09,6.183932346723031,,,,,
2001-07-06,21.63,7.66550522648084,,,,,
2001-07-09,22.48,3.92972723069811,,,,,
2001-07-10,23.25,3.425266903914581,,,,,
2001-07-11,24.01,3.2688172043010777,,,,,
2001-07-12,22.09,-7.996668054977096,,,,,
2001-07-13,21.14,-4.300588501584423,,,,,
2001-07-16,22.91,8.372753074739837,,,,,
2001-07-17,22.61,-1.3094718463553034,,,,,
2001-07-18,23.6,4.3785935426802425,,,,,
2001-07-19,22.51,-4.618644067796607,,,,,
2001-07-20,22.34,-0.7552199022656692,,,,,
2001-07-23,23.74,6.266786034019689,,,,,
2001-07-24,25.24,6.3184498736309935,,,,,
2001-07-25,24.0,-4.912836767036444,,,,,
2001-07-26,23.01,-4.124999999999989,,,,,
2001-07-27,22.0,-4.38939591481965,,,,,
2001-07-30,22.69,3.1363636363636482,,,,,
2001-07-31,21.62,-4.715733803437638,,,,,
2001-08-01,20.56,-4.90286771507864,,,,,
2001-08-02,20.09,-2.2859922178988246,,,,,
2001-08-03,19.89,-0.9955201592832252,,,,,
2001-08-06,21.89,10.05530417295124,,,,,
2001-08-07,21.01,-4.020100502512558,,,,,
2001-08-08,22.32,6.2351261304140815,,,,,
2001-08-09,21.75,-2.553763440860213,,,,,
2001-08-10,20.55,-5.517241379310345,,,,,
2001-08-13,20.42,-0.6326034063260266,,,,,
2001-08-14,20.48,0.2938295788442735,,,,,
2001-08-15,20.91,2.099609375,,,,,
2001-08-16,21.54,3.012912482065988,,,,,
2001-08-17,23.84,10.677808727948012,,,,,
2001-08-20,22.87,-4.068791946308725,,,,,
2001-08-21,24.4,6.689986882378651,,,,,
2001-08-22,22.44,-8.03278688524589,,,,,
2001-08-23,22.23,-0.9358288770053513,,,,,
2001-08-24,19.71,-11.336032388663963,,,,,
2001-08-27,20.56,4.312531709791978,,,,,
2001-08-28,22.0,7.003891050583655,,,,,
2001-08-29,23.03,4.681818181818187,,,,,
2001-08-30,25.41,10.334346504559267,,,,,
2001-08-31,24.92,-1.9283746556473802,,,,,
2001-09-04,25.85,3.7319422150882797,,,,,
2001-09-05,26.35,1.934235976789167,,,,,
2001-09-06,28.61,8.576850094876654,,,,,
2001-09-07,30.99,8.318769660957702,,,,,
2001-09-10,31.84,2.7428202646014865,,,,,
2001-09-17,41.76,31.155778894472363,,,,,
2001-09-18,38.87,-6.920498084291193,,,,,
2001-09-19,40.56,4.347826086956541,,,,,
2001-09-20,43.74,7.840236686390534,,,,,
2001-09-21,42.66,-2.4691358024691468,,,,,
2001-09-24,37.75,-11.509610876699472,,,,,
2001-09-25,35.81,-5.1390728476821135,,,,,
2001-09-26,35.26,-1.535883831332041,,,,,
2001-09-27,34.0,-3.5734543391945484,,,,,
2001-09-28,31.93,-6.08823529411765,,,,,
2001-10-01,32.32,1.2214218603194604,,,,,
2001-10-02,31.18,-3.527227722772275,,,,,
2001-10-03,31.34,0.5131494547786941,,,,,
2001-10-04,31.97,2.0102105934907355,,,,,
2001-10-05,33.39,4.441664060056305,,,,,
2001-10-08,35.12,5.181191973644794,,,,,
2001-10-09,34.83,-0.8257403189065982,,,,,
2001-10-10,31.6,-9.273614699971278,,,,,
2001-10-11,31.5,-0.31645569620253333,,,,,
2001-10-12,35.27,11.968253968253983,,,,,
2001-10-15,35.31,0.11341083073432845,,,,,
2001-10-16,32.88,-6.881903143585388,,,,,
2001-10-17,35.08,6.690997566909962,,,,,
2001-10-18,34.95,-0.3705815279361313,,,,,
2001-10-19,34.11,-2.403433476394856,,,,,
2001-10-22,32.25,-5.452946350043975,,,,,
2001-10-23,32.0,-0.7751937984496138,,,,,
2001-10-24,30.95,-3.281250000000002,,,,,
2001-10-25,29.46,-4.814216478190625,,,,,
2001-10-26,28.42,-3.5302104548540325,,,,,
2001-10-29,31.64,11.33004926108374,,,,,
2001-10-30,33.46,5.752212389380529,,,,,
2001-10-31,33.56,0.2988643156007109,,,,,
2001-11-01,32.31,-3.7246722288438616,,,,,
2001-11-02,30.71,-4.952027236149803,,,,,
2001-11-05,30.5,-0.6838163464669478,,,,,
2001-11-06,28.8,-5.573770491803276,,,,,
2001-11-07,29.13,1.1458333333333348,,,,,
2001-11-08,28.62,-1.750772399588052,,,,,
2001-11-09,27.44,-4.122990915443747,,,,,
2001-11-12,29.35,6.9606413994169,,,,,
2001-11-13,26.47,-9.812606473594554,,,,,
2001-11-14,26.56,0.34000755572345387,,,,,
2001-11-15,25.56,-3.765060240963858,,,,,
2001-11-16,25.07,-1.9170579029733847,,,,,
2001-11-19,24.46,-2.4331870761866714,,,,,
2001-11-20,24.12,-1.3900245298446468,,,,,
2001-11-21,24.19,0.29021558872304176,,,,,
2001-11-23,23.25,-3.8859032658123294,,,,,
2001-11-26,23.79,2.3225806451612874,,,,,
2001-11-27,24.0,0.8827238335435084,,,,,
2001-11-28,25.9,7.916666666666661,,,,,
2001-11-29,25.18,-2.779922779922772,,,,,
2001-11-30,23.84,-5.3216838760921314,,,,,
2001-12-03,25.77,8.095637583892623,,,,,
2001-12-04,24.08,-6.558013193636015,,,,,
2001-12-05,23.02,-4.401993355481726,,,,,
2001-12-06,23.71,2.9973935708079935,,,,,
2001-12-07,23.49,-0.9278785322648808,,,,,
2001-12-10,25.62,9.067688378033223,,,,,
2001-12-11,25.3,-1.2490241998438734,,,,,
2001-12-12,24.87,-1.6996047430830052,,,,,
2001-12-13,25.91,4.1817450743868,,,,,
2001-12-14,24.63,-4.940177537630264,,,,,
2001-12-17,24.26,-1.5022330491270663,,,,,
2001-12-18,23.29,-3.998351195383354,,,,,
2001-12-19,22.58,-3.04851867754401,,,,,
2001-12-20,23.67,4.827280779450849,,,,,
2001-12-21,22.5,-4.94296577946769,,,,,
2001-12-24,22.62,0.5333333333333412,,,,,
2001-12-26,22.29,-1.458885941644572,,,,,
2001-12-27,21.59,-3.1404217137729895,,,,,
2001-12-28,21.4,-0.8800370541917624,,,,,
2001-12-31,23.8,11.214953271028039,,,,,
2002-01-02,22.71,-4.579831932773104,,,,,
2002-01-03,21.34,-6.032584764420967,,,,,
2002-01-04,20.45,-4.1705716963448936,,,,,
2002-01-07,21.94,7.286063569682155,,,,,
2002-01-08,21.83,-0.5013673655424045,,,,,
2002-01-09,22.13,1.3742556115437399,,,,,
2002-01-10,22.36,1.0393131495707308,,,,,
2002-01-11,22.6,1.073345259391778,,,,,
2002-01-14,23.58,4.336283185840695,,,,,
2002-01-15,22.7,-3.7319762510602206,,,,,
2002-01-16,23.45,3.3039647577092435,,,,,
2002-01-17,22.25,-5.117270788912576,,,,,
2002-01-18,22.52,1.2134831460674178,,,,,
2002-01-22,23.61,4.840142095914746,,,,,
2002-01-23,21.88,-7.327403642524355,,,,,
2002-01-24,21.15,-3.3363802559414957,,,,,
2002-01-25,21.01,-0.6619385342789497,,,,,
2002-01-28,21.14,0.6187529747739173,,,,,
2002-01-29,24.35,15.184484389782416,,,,,
2002-01-30,23.22,-4.640657084188926,,,,,
2002-01-31,21.09,-9.173126614987082,,,,,
2002-02-01,21.12,0.14224751066855834,,,,,
2002-02-04,24.87,17.755681818181813,,,,,
2002-02-05,25.45,2.332127060715705,,,,,
2002-02-06,26.09,2.514734774066807,,,,,
2002-02-07,25.11,-3.75622844001533,,,,,
2002-02-08,23.26,-7.367582636399828,,,,,
2002-02-11,21.78,-6.362854686156494,,,,,
2002-02-12,21.62,-0.734618916437102,,,,,
2002-02-13,20.85,-3.56151711378353,,,,,
2002-02-14,21.77,4.412470023980797,,,,,
2002-02-15,22.37,2.7560863573725447,,,,,
2002-02-19,24.43,9.208761734465787,,,,,
2002-02-20,22.66,-7.245190339746211,,,,,
2002-02-21,23.8,5.030891438658425,,,,,
2002-02-22,22.86,-3.9495798319327813,,,,,
2002-02-25,21.84,-4.461942257217844,,,,,
2002-02-26,21.68,-0.73260073260073,,,,,
2002-02-27,21.49,-0.8763837638376404,,,,,
2002-02-28,21.59,0.4653327128897322,,,,,
2002-03-01,19.96,-7.549791570171371,,,,,
2002-03-04,20.5,2.7054108216432837,,,,,
2002-03-05,20.3,-0.9756097560975618,,,,,
2002-03-06,19.94,-1.7733990147783207,,,,,
2002-03-07,20.04,0.5015045135406071,,,,,
2002-03-08,19.27,-3.842315369261473,,,,,
2002-03-11,19.84,2.9579657498702616,,,,,
2002-03-12,19.59,-1.2600806451612878,,,,,
2002-03-13,19.46,-0.6636038795303723,,,,,
2002-03-14,19.2,-1.336073997944509,,,,,
2002-03-15,18.42,-4.062499999999991,,,,,
2002-03-18,18.93,2.76872964169379,,,,,
2002-03-19,18.16,-4.067617538298995,,,,,
2002-03-20,18.46,1.6519823788546217,,,,,
2002-03-21,18.15,-1.6793066088840902,,,,,
2002-03-22,17.77,-2.0936639118457223,,,,,
2002-03-25,18.48,3.9954980303883003,,,,,
2002-03-26,18.13,-1.8939393939394034,,,,,
2002-03-27,17.7,-2.371759514616656,,,,,
2002-03-28,17.4,-1.6949152542372947,,,,,
2002-04-01,18.73,7.643678160919554,,,,,
2002-04-02,19.16,2.295782167645477,,,,,
2002-04-03,20.2,5.427974947807934,,,,,
2002-04-04,19.78,-2.07920792079207,,,,,
2002-04-05,19.13,-3.286147623862501,,,,,
2002-04-08,19.61,2.509147935180356,,,,,
2002-04-09,19.47,-0.7139214686384565,,,,,
2002-04-10,18.19,-6.574216743708261,,,,,
2002-04-11,20.3,11.59978009895546,,,,,
2002-04-12,19.42,-4.334975369458127,,,,,
2002-04-15,19.82,2.0597322348094638,,,,,
2002-04-16,18.11,-8.627648839556013,,,,,
2002-04-17,18.43,1.7669795692987211,,,,,
2002-04-18,19.29,4.66630493760174,,,,,
2002-04-19,18.3,-5.132192846034211,,,,,
2002-04-22,19.77,8.03278688524589,,,,,
2002-04-23,20.28,2.5796661608497695,,,,,
2002-04-24,20.77,2.4161735700197084,,,,,
2002-04-25,20.95,0.8666345690900412,,,,,
2002-04-26,22.14,5.680190930787599,,,,,
2002-04-29,24.05,8.626919602529348,,,,,
2002-04-30,21.91,-8.898128898128899,,,,,
2002-05-01,20.06,-8.443633044272026,,,,,
2002-05-02,20.07,0.04985044865404298,,,,,
2002-05-03,20.19,0.5979073243647326,,,,,
2002-05-06,22.56,11.738484398216919,,,,,
2002-05-07,21.94,-2.748226950354604,,,,,
2002-05-08,20.39,-7.064721969006382,,,,,
2002-05-09,21.56,5.738106915154484,,,,,
2002-05-10,22.41,3.942486085343244,,,,,
2002-05-13,20.72,-7.541276215975012,,,,,
2002-05-14,19.35,-6.6119691119690955,,,,,
2002-05-15,19.19,-0.8268733850129162,,,,,
2002-05-16,18.5,-3.595622720166758,,,,,
2002-05-17,17.7,-4.324324324324325,,,,,
2002-05-20,19.24,8.700564971751401,,,,,
2002-05-21,20.05,4.209979209979231,,,,,
2002-05-22,19.58,-2.344139650872834,,,,,
2002-05-23,18.23,-6.894790602655765,,,,,
2002-05-24,18.9,3.6752605595172794,,,,,
2002-05-28,20.31,7.460317460317456,,,,,
2002-05-29,20.39,0.393894633185643,,,,,
2002-05-30,20.61,1.078960274644425,,,,,
2002-05-31,19.98,-3.056768558951961,,,,,
2002-06-03,23.37,16.96696696696698,,,,,
2002-06-04,23.89,2.225074882327771,,,,,
2002-06-05,22.61,-5.357890330682302,,,,,
2002-06-06,24.16,6.855373728438741,,,,,
2002-06-07,23.51,-2.6903973509933676,,,,,
2002-06-10,23.72,0.8932369204593726,,,,,
2002-06-11,24.45,3.0775716694772415,,,,,
2002-06-12,24.15,-1.2269938650306789,,,,,
2002-06-13,25.02,3.602484472049694,,,,,
2002-06-14,25.96,3.7569944044764325,,,,,
2002-06-17,24.64,-5.0847457627118615,,,,,
2002-06-18,24.24,-1.6233766233766267,,,,,
2002-06-19,26.06,7.5082508250825075,,,,,
2002-06-20,27.48,5.448963929393713,,,,,
2002-06-21,27.23,-0.90975254730713,,,,,
2002-06-24,26.98,-0.9181050312155659,,,,,
2002-06-25,27.84,3.187546330615265,,,,,
2002-06-26,28.42,2.083333333333348,,,,,
2002-06-27,26.29,-7.494722026741741,,,,,
2002-06-28,25.4,-3.385317611259031,,,,,
2002-07-01,27.11,6.732283464566935,,,,,
2002-07-02,28.96,6.824050165990414,,,,,
2002-07-03,29.42,1.5883977900552626,,,,,
2002-07-05,27.11,-7.851801495581245,,,,,
2002-07-08,28.25,4.205090372556253,,,,,
2002-07-09,30.22,6.973451327433633,,,,,
2002-07-10,34.1,12.839179351422914,,,,,
2002-07-11,33.85,-0.7331378299120228,,,,,
2002-07-12,32.94,-2.688330871491884,,,,,
2002-07-15,35.03,6.344869459623559,,,,,
2002-07-16,36.65,4.624607479303444,,,,,
2002-07-17,35.45,-3.2742155525238625,,,,,
2002-07-18,35.12,-0.9308885754584106,,,,,
2002-07-19,38.17,8.684510250569488,,,,,
2002-07-22,41.87,9.693476552266155,,,,,
2002-07-23,44.92,7.284451874850739,,,,,
2002-07-24,39.86,-11.264470169189678,,,,,
2002-07-25,39.27,-1.4801806322127353,,,,,
2002-07-26,35.51,-9.574738986503705,,,,,
2002-07-29,31.33,-11.771332019149538,,,,,
2002-07-30,31.92,1.8831790616023136,,,,,
2002-07-31,32.03,0.3446115288220586,,,,,
2002-08-01,36.95,15.360599438026856,,,,,
2002-08-02,41.29,11.745602165087954,,,,,
2002-08-05,45.08,9.178977960765323,,,,,
2002-08-06,42.03,-6.765749778172136,,,,,
2002-08-07,38.73,-7.851534618129918,,,,,
2002-08-08,36.33,-6.196746707978306,,,,,
2002-08-09,35.33,-2.7525461051472577,,,,,
2002-08-12,37.05,4.868383809793375,,,,,
2002-08-13,35.82,-3.3198380566801577,,,,,
2002-08-14,32.36,-9.659408151870464,,,,,
2002-08-15,29.43,-9.054388133498147,,,,,
2002-08-16,28.81,-2.106693849813124,,,,,
2002-08-19,28.61,-0.6942034015966603,,,,,
2002-08-20,29.59,3.425375742747283,,,,,
2002-08-21,28.23,-4.596147347076718,,,,,
2002-08-22,27.75,-1.7003188097768351,,,,,
2002-08-23,29.32,5.6576576576576665,,,,,
2002-08-26,29.89,1.9440654843110527,,,,,
2002-08-27,30.11,0.7360321177651397,,,,,
2002-08-28,33.32,10.660909996678857,,,,,
2002-08-29,33.67,1.0504201680672232,,,,,
2002-08-30,32.64,-3.0591030591030632,,,,,
2002-09-03,39.97,22.45710784313726,,,,,
2002-09-04,37.44,-6.329747310482869,,,,,
2002-09-05,38.86,3.7927350427350515,,,,,
2002-09-06,36.33,-6.510550694801854,,,,,
2002-09-09,36.45,0.3303055326176807,,,,,
2002-09-10,35.08,-3.7585733882030348,,,,,
2002-09-11,34.81,-0.7696693272519872,,,,,
2002-09-12,37.5,7.727664464234407,,,,,
2002-09-13,35.82,-4.479999999999995,,,,,
2002-09-16,36.74,2.5683975432719164,,,,,
2002-09-17,38.01,3.4567229178007475,,,,,
2002-09-18,37.52,-1.2891344383056946,,,,,
2002-09-19,40.65,8.342217484008518,,,,,
2002-09-20,38.98,-4.108241082410824,,,,,
2002-09-23,39.68,1.7957927142124186,,,,,
2002-09-24,40.52,2.116935483870974,,,,,
2002-09-25,37.33,-7.8726554787759255,,,,,
2002-09-26,34.6,-7.313152960085711,,,,,
2002-09-27,36.97,6.849710982658941,,,,,
2002-09-30,39.69,7.357316743305375,,,,,
2002-10-01,34.12,-14.033761652809273,,,,,
2002-10-02,36.83,7.942555685814767,,,,,
2002-10-03,37.31,1.30328536519142,,,,,
2002-10-04,39.46,5.762530152774059,,,,,
2002-10-07,42.64,8.05879371515459,,,,,
2002-10-08,41.02,-3.7992495309568386,,,,,
2002-10-09,42.13,2.7059970745977546,,,,,
2002-10-10,37.55,-10.871113220982686,,,,,
2002-10-11,35.7,-4.926764314247656,,,,,
2002-10-14,36.04,0.952380952380949,,,,,
2002-10-15,34.02,-5.6048834628190765,,,,,
2002-10-16,36.0,5.820105820105814,,,,,
2002-10-17,34.1,-5.27777777777777,,,,,
2002-10-18,33.53,-1.6715542521994142,,,,,
2002-10-21,33.11,-1.2526096033402934,,,,,
2002-10-22,34.09,2.9598308668076223,,,,,
2002-10-23,33.2,-2.610736286300974,,,,,
2002-10-24,34.03,2.499999999999991,,,,,
2002-10-25,30.0,-11.842491918895092,,,,,
2002-10-28,31.07,3.5666666666666735,,,,,
2002-10-29,32.27,3.862246540070813,,,,,
2002-10-30,31.23,-3.2228075612023677,,,,,
2002-10-31,31.14,-0.2881844380403509,,,,,
2002-11-01,29.3,-5.908798972382789,,,,,
2002-11-04,30.82,5.187713310580211,,,,,
2002-11-05,31.23,1.3303049967553493,,,,,
2002-11-06,30.73,-1.6010246557797037,,,,,
2002-11-07,31.42,2.245362837617959,,,,,
2002-11-08,29.41,-6.397199236155315,,,,,
2002-11-11,31.3,6.426385583134997,,,,,
2002-11-12,30.58,-2.3003194888179035,,,,,
2002-11-13,31.24,2.158273381294973,,,,,
2002-11-14,28.67,-8.226632522407161,,,,,
2002-11-15,26.65,-7.045692361353339,,,,,
2002-11-18,27.66,3.789868667917462,,,,,
2002-11-19,27.41,-0.9038322487346373,,,,,
2002-11-20,25.32,-7.624954396205763,,,,,
2002-11-21,23.81,-5.963665086887837,,,,,
2002-11-22,23.16,-2.729945401091971,,,,,
2002-11-25,24.07,3.9291882556131252,,,,,
2002-11-26,25.97,7.893643539675943,,,,,
2002-11-27,27.25,4.928763958413551,,,,,
2002-11-29,27.5,0.917431192660545,,,,,
2002-12-02,27.46,-0.1454545454545375,,,,,
2002-12-03,28.33,3.168244719592117,,,,,
2002-12-04,28.92,2.082597952700338,,,,,
2002-12-05,30.1,4.08022130013832,,,,,
2002-12-06,28.88,-4.053156146179415,,,,,
2002-12-09,30.78,6.578947368421062,,,,,
2002-12-10,28.76,-6.562703053931118,,,,,
2002-12-11,27.76,-3.477051460361613,,,,,
2002-12-12,27.29,-1.693083573487042,,,,,
2002-12-13,28.18,3.2612678636863235,,,,,
2002-12-16,26.24,-6.884315117104334,,,,,
2002-12-17,26.66,1.6006097560975707,,,,,
2002-12-18,28.29,6.1140285071267675,,,,,
2002-12-19,30.21,6.7868504772004234,,,,,
2002-12-20,26.71,-11.585567692816944,,,,,
2002-12-23,26.2,-1.9093972295020634,,,,,
2002-12-24,26.49,1.1068702290076393,,,,,
2002-12-26,27.37,3.3220083050207627,,,,,
2002-12-27,29.55,7.964925100474973,,,,,
2002-12-30,29.62,0.23688663282572797,,,,,
2002-12-31,28.62,-3.3760972316002724,,,,,
2003-01-02,25.39,-11.2858141160028,,,,,
2003-01-03,24.68,-2.796376526191413,,,,,
2003-01-06,24.91,0.9319286871961152,,,,,
2003-01-07,25.13,0.8831794460056219,,,,,
2003-01-08,25.53,1.5917230401910176,,,,,
2003-01-09,24.25,-5.013709361535456,,,,,
2003-01-10,24.32,0.2886597938144275,,,,,
2003-01-13,24.9,2.3848684210526327,,,,,
2003-01-14,24.57,-1.3253012048192736,,,,,
2003-01-15,25.51,3.825803825803842,,,,,
2003-01-16,25.01,-1.9600156801254376,,,,,
2003-01-17,25.7,2.7588964414234196,,,,,
2003-01-21,27.59,7.3540856031128365,,,,,
2003-01-22,29.01,5.146792316056548,,,,,
2003-01-23,27.53,-5.1016890727335396,,,,,
2003-01-24,31.51,14.456956047947699,,,,,
2003-01-27,34.69,10.092034274833384,,,,,
2003-01-28,31.93,-7.95618333813779,,,,,
2003-01-29,31.26,-2.0983401190103335,,,,,
2003-01-30,31.32,0.19193857965451588,,,,,
2003-01-31,31.17,-0.47892720306512704,,,,,
2003-02-03,31.02,-0.4812319538017418,,,,,
2003-02-04,32.76,5.609284332688591,,,,,
2003-02-05,33.04,0.8547008547008517,,,,,
2003-02-06,33.35,0.9382566585956376,,,,,
2003-02-07,34.01,1.97901049475262,,,,,
2003-02-10,33.99,-0.058806233460739765,,,,,
2003-02-11,33.68,-0.9120329508679137,,,,,
2003-02-12,34.33,1.9299287410926347,,,,,
2003-02-13,33.7,-1.8351296242353543,,,,,
2003-02-14,32.62,-3.204747774480732,,,,,
2003-02-18,31.11,-4.629061925199263,,,,,
2003-02-19,31.31,0.6428801028608211,,,,,
2003-02-20,31.16,-0.479080166081125,,,,,
2003-02-21,30.25,-2.920410783055194,,,,,
2003-02-24,31.98,5.71900826446281,,,,,
2003-02-25,31.74,-0.75046904315198,,,,,
2003-02-26,31.94,0.6301197227473354,,,,,
2003-02-27,30.53,-4.414527238572319,,,,,
2003-02-28,29.63,-2.9479200786112103,,,,,
2003-03-03,30.43,2.6999662504218813,,,,,
2003-03-04,31.83,4.6007229707525354,,,,,
2003-03-05,30.38,-4.555450832547914,,,,,
2003-03-06,31.37,3.2587228439763027,,,,,
2003-03-07,31.08,-0.9244501115715731,,,,,
2003-03-10,33.31,7.175032175032192,,,,,
2003-03-11,33.61,0.9006304413089028,,,,,
2003-03-12,33.51,-0.2975304968759307,,,,,
2003-03-13,31.76,-5.222321695016408,,,,,
2003-03-14,30.98,-2.4559193954659997,,,,,
2003-03-17,31.75,2.4854744996772205,,,,,
2003-03-18,30.43,-4.157480314960626,,,,,
2003-03-19,31.54,3.6477160696680944,,,,,
2003-03-20,30.44,-3.487634749524404,,,,,
2003-03-21,28.67,-5.8147174770039385,,,,,
2003-03-24,30.39,5.9993024066968825,,,,,
2003-03-25,28.75,-5.396512010529786,,,,,
2003-03-26,28.23,-1.8086956521739084,,,,,
2003-03-27,27.96,-0.9564293304994642,,,,,
2003-03-28,27.75,-0.7510729613733891,,,,,
2003-03-31,29.15,5.045045045045038,,,,,
2003-04-01,28.36,-2.710120068610633,,,,,
2003-04-02,28.02,-1.1988716502115637,,,,,
2003-04-03,28.21,0.6780870806566863,,,,,
2003-04-04,29.13,3.2612548741580927,,,,,
2003-04-07,28.45,-2.3343631994507397,,,,,
2003-04-08,27.13,-4.6397188049209115,,,,,
2003-04-09,27.11,-0.07371913011425812,,,,,
2003-04-10,25.6,-5.569900405754325,,,,,
2003-04-11,24.44,-4.531249999999998,,,,,
2003-04-14,23.41,-4.214402618657942,,,,,
2003-04-15,22.56,-3.6309269542930456,,,,,
2003-04-16,22.52,-0.17730496453900457,,,,,
2003-04-17,21.5,-4.529307282415629,,,,,
2003-04-21,21.95,2.0930232558139528,,,,,
2003-04-22,20.7,-5.6947608200455635,,,,,
2003-04-23,20.8,0.48309178743961567,,,,,
2003-04-24,20.33,-2.259615384615399,,,,,
2003-04-25,20.8,2.3118544023610577,,,,,
2003-04-28,20.84,0.19230769230769162,,,,,
2003-04-29,20.76,-0.38387715930900956,,,,,
2003-04-30,21.21,2.1676300578034713,,,,,
2003-05-01,21.59,1.7916077322017943,,,,,
2003-05-02,20.63,-4.44650301065308,,,,,
2003-05-05,21.13,2.423654871546299,,,,,
2003-05-06,20.8,-1.5617605300520476,,,,,
2003-05-07,21.0,0.9615384615384581,,,,,
2003-05-08,21.24,1.1428571428571344,,,,,
2003-05-09,19.69,-7.297551789077195,,,,,
2003-05-12,19.52,-0.8633824276282454,,,,,
2003-05-13,19.91,1.997950819672134,,,,,
2003-05-14,20.0,0.45203415369161615,,,,,
2003-05-15,19.24,-3.8000000000000034,,,,,
2003-05-16,18.4,-4.365904365904361,,,,,
2003-05-19,20.51,11.46739130434784,,,,,
2003-05-20,21.29,3.803022915650889,,,,,
2003-05-21,21.21,-0.3757632691404389,,,,,
2003-05-22,19.78,-6.742102781706738,,,,,
2003-05-23,19.17,-3.0839231547017176,,,,,
2003-05-27,19.99,4.277516953573279,,,,,
2003-05-28,20.03,0.20010005002502051,,,,,
2003-05-29,20.43,1.9970044932601017,,,,,
2003-05-30,19.47,-4.69897209985316,,,,,
2003-06-02,20.85,7.087827426810489,,,,,
2003-06-03,20.84,-0.04796163069544779,,,,,
2003-06-04,20.62,-1.055662188099804,,,,,
2003-06-05,20.83,1.0184287099902933,,,,,
2003-06-06,21.25,2.01632261161786,,,,,
2003-06-09,22.15,4.235294117647048,,,,,
2003-06-10,20.64,-6.817155756207671,,,,,
2003-06-11,20.21,-2.083333333333337,,,,,
2003-06-12,20.41,0.9896091044037547,,,,,
2003-06-13,20.66,1.2248897599216102,,,,,
2003-06-16,20.22,-2.1297192642788065,,,,,
2003-06-17,20.01,-1.0385756676557722,,,,,
2003-06-18,19.76,-1.2493753123438256,,,,,
2003-06-19,19.8,0.2024291497975561,,,,,
2003-06-20,19.14,-3.3333333333333326,,,,,
2003-06-23,20.58,7.523510971786829,,,,,
2003-06-24,20.75,0.8260447035957297,,,,,
2003-06-25,20.81,0.28915662650601526,,,,,
2003-06-26,19.4,-6.775588659298415,,,,,
2003-06-27,19.16,-1.2371134020618513,,,,,
2003-06-30,19.52,1.8789144050104456,,,,,
2003-07-01,19.46,-0.30737704918032405,,,,,
2003-07-02,19.03,-2.2096608427543685,,,,,
2003-07-03,19.39,1.8917498686284784,,,,,
2003-07-07,20.06,3.4553893759669885,,,,,
2003-07-08,19.48,-2.891326021934193,,,,,
2003-07-09,18.93,-2.823408624229984,,,,,
2003-07-10,19.19,1.3734812466983604,,,,,
2003-07-11,18.47,-3.7519541427827097,,,,,
2003-07-14,19.59,6.063887384948563,,,,,
2003-07-15,19.55,-0.20418580908626582,,,,,
2003-07-16,19.76,1.0741687979539671,,,,,
2003-07-17,20.22,2.3279352226720507,,,,,
2003-07-18,19.11,-5.489614243323437,,,,,
2003-07-21,19.78,3.5060177917320967,,,,,
2003-07-22,19.17,-3.0839231547017176,,,,,
2003-07-23,18.64,-2.764736567553472,,,,,
2003-07-24,18.6,-0.21459227467810482,,,,,
2003-07-25,17.75,-4.569892473118287,,,,,
2003-07-28,18.36,3.4366197183098635,,,,,
2003-07-29,18.67,1.6884531590414031,,,,,
2003-07-30,18.85,0.9641135511515797,,,,,
2003-07-31,19.49,3.3952254641909763,,,,,
2003-08-01,20.75,6.4648537711647025,,,,,
2003-08-04,21.27,2.5060240963855396,,,,,
2003-08-05,22.68,6.629055007052198,,,,,
2003-08-06,21.5,-5.202821869488538,,,,,
2003-08-07,20.26,-5.767441860465105,,,,,
2003-08-08,19.59,-3.3070088845014944,,,,,
2003-08-11,19.75,0.8167432363450855,,,,,
2003-08-12,17.94,-9.164556962025305,,,,,
2003-08-13,18.77,4.626532887402446,,,,,
2003-08-14,18.47,-1.5982951518380473,,,,,
2003-08-15,18.27,-1.0828370330265291,,,,,
2003-08-18,18.18,-0.49261083743842304,,,,,
2003-08-19,17.86,-1.7601760176017667,,,,,
2003-08-20,17.82,-0.2239641657334812,,,,,
2003-08-21,17.84,0.11223344556676729,,,,,
2003-08-22,18.55,3.979820627802688,,,,,
2003-08-25,19.53,5.283018867924527,,,,,
2003-08-26,19.49,-0.20481310803892594,,,,,
2003-08-27,19.13,-1.8471010774756214,,,,,
2003-08-28,18.48,-3.397804495556711,,,,,
2003-08-29,18.63,0.8116883116882967,,,,,
2003-09-02,19.02,2.093397745571668,,,,,
2003-09-03,19.44,2.208201892744488,,,,,
2003-09-04,18.71,-3.755144032921809,,,,,
2003-09-05,18.17,-2.8861571352218007,,,,,
2003-09-08,18.26,0.4953219592735314,,,,,
2003-09-09,18.85,3.2311062431544357,,,,,
2003-09-10,20.01,6.153846153846154,,,,,
2003-09-11,19.25,-3.7981009495252405,,,,,
2003-09-12,18.68,-2.9610389610389642,,,,,
2003-09-15,19.28,3.2119914346895095,,,,,
2003-09-16,18.03,-6.483402489626555,,,,,
2003-09-17,18.15,0.6655574043261003,,,,,
2003-09-18,17.57,-3.1955922865013697,,,,,
2003-09-19,17.54,-0.17074558907228532,,,,,
2003-09-22,19.65,12.029646522234883,,,,,
2003-09-23,19.47,-0.9160305343511421,,,,,
2003-09-24,21.22,8.988186954288647,,,,,
2003-09-25,22.26,4.90103675777569,,,,,
2003-09-26,22.23,-0.13477088948787852,,,,,
2003-09-29,21.67,-2.5191183085919833,,,,,
2003-09-30,22.72,4.845408398707884,,,,,
2003-10-01,21.07,-7.262323943661963,,,,,
2003-10-02,20.8,-1.2814428096820096,,,,,
2003-10-03,19.5,-6.25,,,,,
2003-10-06,19.51,0.05128205128206442,,,,,
2003-10-07,19.41,-0.5125576627370676,,,,,
2003-10-08,19.18,-1.184956208140131,,,,,
2003-10-09,18.82,-1.8769551616266922,,,,,
2003-10-10,18.45,-1.965993623804474,,,,,
2003-10-13,17.55,-4.8780487804877986,,,,,
2003-10-14,17.37,-1.025641025641022,,,,,
2003-10-15,17.69,1.842256764536554,,,,,
2003-10-16,17.19,-2.8264556246466954,,,,,
2003-10-17,17.62,2.501454333915065,,,,,
2003-10-20,17.04,-3.2917139614075053,,,,,
2003-10-21,16.55,-2.875586854460088,,,,,
2003-10-22,17.67,6.767371601208461,,,,,
2003-10-23,17.68,0.05659309564232107,,,,,
2003-10-24,17.71,0.16968325791855143,,,,,
2003-10-27,18.05,1.9198193111236606,,,,,
2003-10-28,16.82,-6.81440443213297,,,,,
2003-10-29,16.43,-2.3186682520808577,,,,,
2003-10-30,16.33,-0.6086427267194217,,,,,
2003-10-31,16.1,-1.408450704225328,,,,,
2003-11-03,16.55,2.795031055900621,,,,,
2003-11-04,16.55,0.0,,,,,
2003-11-05,16.86,1.8731117824773325,,,,,
2003-11-06,16.74,-0.7117437722420017,,,,,
2003-11-07,16.93,1.1350059737156526,,,,,
2003-11-10,17.62,4.075605434140583,,,,,
2003-11-11,17.54,-0.4540295119182858,,,,,
2003-11-12,16.75,-4.503990877993158,,,,,
2003-11-13,16.47,-1.6716417910447867,,,,,
2003-11-14,16.94,2.853673345476637,,,,,
2003-11-17,18.6,9.799291617473438,,,,,
2003-11-18,19.11,2.741935483870961,,,,,
2003-11-19,18.8,-1.6221873364730466,,,,,
2003-11-20,19.48,3.6170212765957332,,,,,
2003-11-21,18.98,-2.566735112936347,,,,,
2003-11-24,17.44,-8.113804004214964,,,,,
2003-11-25,16.71,-4.185779816513769,,,,,
2003-11-26,16.23,-2.872531418312385,,,,,
2003-11-28,16.32,0.5545286506469571,,,,,
2003-12-01,16.77,2.757352941176472,,,,,
2003-12-02,16.27,-2.981514609421587,,,,,
2003-12-03,16.63,2.2126613398893547,,,,,
2003-12-04,16.3,-1.9843656043295188,,,,,
2003-12-05,17.09,4.84662576687116,,,,,
2003-12-08,16.54,-3.2182562902282053,,,,,
2003-12-09,17.63,6.590084643288985,,,,,
2003-12-10,17.87,1.3613159387408036,,,,,
2003-12-11,16.73,-6.3794068270845,,,,,
2003-12-12,16.41,-1.9127316198445876,,,,,
2003-12-15,17.23,4.99695307739183,,,,,
2003-12-16,15.93,-7.544979686593156,,,,,
2003-12-17,15.58,-2.1971123666038928,,,,,
2003-12-18,16.16,3.7227214377406836,,,,,
2003-12-19,16.42,1.6089108910891214,,,,,
2003-12-22,16.94,3.166869671132755,,,,,
2003-12-23,16.49,-2.6564344746163093,,,,,
2003-12-24,16.66,1.030927835051565,,,,,
2003-12-26,17.45,4.741896758703468,,,,,
2003-12-29,17.09,-2.0630372492836613,,,,,
2003-12-30,17.68,3.452311293153887,,,,,
2003-12-31,18.31,3.56334841628958,,,,,
2004-01-02,18.22,-0.49153468050245896,,,,,
2004-01-05,17.49,-4.006586169045012,,,,,
2004-01-06,16.73,-4.345340194396785,,,,,
2004-01-07,15.5,-7.352062163777651,,,,,
2004-01-08,15.61,0.7096774193548372,,,,,
2004-01-09,16.75,7.303010890454842,,,,,
2004-01-12,16.82,0.417910447761205,,,,,
2004-01-13,18.04,7.253269916765759,,,,,
2004-01-14,16.75,-7.150776053215068,,,,,
2004-01-15,15.56,-7.104477611940297,,,,,
2004-01-16,15.0,-3.598971722365041,,,,,
2004-01-20,15.21,1.4000000000000012,,,,,
2004-01-21,14.34,-5.719921104536496,,,,,
2004-01-22,14.71,2.5801952580195353,,,,,
2004-01-23,14.84,0.8837525492861875,,,,,
2004-01-26,14.55,-1.9541778975741164,,,,,
2004-01-27,15.35,5.498281786941583,,,,,
2004-01-28,16.78,9.315960912052134,,,,,
2004-01-29,17.14,2.1454112038140627,,,,,
2004-01-30,16.63,-2.975495915986004,,,,,
2004-02-02,17.11,2.8863499699338657,,,,,
2004-02-03,17.34,1.3442431326709636,,,,,
2004-02-04,17.87,3.0565167243367997,,,,,
2004-02-05,17.71,-0.8953553441522155,,,,,
2004-02-06,16.0,-9.655561829474879,,,,,
2004-02-09,16.39,2.4375000000000036,,,,,
2004-02-10,15.94,-2.745576571079933,,,,,
2004-02-11,15.39,-3.450439146800499,,,,,
2004-02-12,15.31,-0.5198180636777128,,,,,
2004-02-13,15.58,1.7635532331809145,,,,,
2004-02-17,15.4,-1.1553273427471145,,,,,
2004-02-18,15.59,1.2337662337662314,,,,,
2004-02-19,15.8,1.347017318794097,,,,,
2004-02-20,16.04,1.5189873417721378,,,,,
2004-02-23,16.29,1.558603491271815,,,,,
2004-02-24,15.9,-2.3941068139963106,,,,,
2004-02-25,14.93,-6.100628930817608,,,,,
2004-02-26,14.83,-0.6697923643670389,,,,,
2004-02-27,14.55,-1.8880647336480094,,,,,
2004-03-01,14.44,-0.7560137457044758,,,,,
2004-03-02,14.86,2.908587257617734,,,,,
2004-03-03,14.55,-2.0861372812920553,,,,,
2004-03-04,14.4,-1.0309278350515538,,,,,
2004-03-05,14.48,0.5555555555555536,,,,,
2004-03-08,15.79,9.046961325966851,,,,,
2004-03-09,16.6,5.129829005699826,,,,,
2004-03-10,18.67,12.469879518072279,,,,,
2004-03-11,20.67,10.71237279057311,,,,,
2004-03-12,18.3,-11.465892597968075,,,,,
2004-03-15,21.13,15.464480874316934,,,,,
2004-03-16,20.34,-3.7387600567912904,,,,,
2004-03-17,18.11,-10.963618485742376,,,,,
2004-03-18,18.53,2.319160684704591,,,,,
2004-03-19,19.15,3.3459255261737653,,,,,
2004-03-22,21.58,12.689295039164495,,,,,
2004-03-23,20.67,-4.216867469879504,,,,,
2004-03-24,19.81,-4.160619254958897,,,,,
2004-03-25,17.88,-9.742554265522463,,,,,
2004-03-26,17.33,-3.076062639821031,,,,,
2004-03-29,16.5,-4.789382573571832,,,,,
2004-03-30,16.28,-1.3333333333333308,,,,,
2004-03-31,16.74,2.825552825552813,,,,,
2004-04-01,16.65,-0.5376344086021501,,,,,
2004-04-02,15.64,-6.066066066066056,,,,,
2004-04-05,14.97,-4.28388746803069,,,,,
2004-04-06,15.32,2.338009352037407,,,,,
2004-04-07,15.76,2.872062663185382,,,,,
2004-04-08,16.26,3.172588832487322,,,,,
2004-04-12,15.28,-6.027060270602725,,,,,
2004-04-13,17.26,12.958115183246077,,,,,
2004-04-14,15.62,-9.501738122827364,,,,,
2004-04-15,15.74,0.768245838668391,,,,,
2004-04-16,14.94,-5.08259212198221,,,,,
2004-04-19,15.42,3.2128514056224855,,,,,
2004-04-20,16.67,8.10635538261999,,,,,
2004-04-21,15.6,-6.418716256748658,,,,,
2004-04-22,14.61,-6.346153846153846,,,,,
2004-04-23,14.01,-4.106776180698146,,,,,
2004-04-26,14.77,5.42469664525338,,,,,
2004-04-27,15.07,2.031144211239,,,,,
2004-04-28,16.29,8.095554080955525,,,,,
2004-04-29,16.6,1.903007980356053,,,,,
2004-04-30,17.19,3.5542168674698837,,,,,
2004-05-03,16.62,-3.315881326352532,,,,,
2004-05-04,16.55,-0.4211793020457266,,,,,
2004-05-05,15.77,-4.712990936555894,,,,,
2004-05-06,17.05,8.11667723525682,,,,,
2004-05-07,18.13,6.334310850439873,,,,,
2004-05-10,19.77,9.045780474351917,,,,,
2004-05-11,18.57,-6.069802731411222,,,,,
2004-05-12,18.14,-2.3155627355950448,,,,,
2004-05-13,18.86,3.969128996692395,,,,,
2004-05-14,18.47,-2.067868504772008,,,,,
2004-05-17,19.96,8.067135896047661,,,,,
2004-05-18,19.33,-3.1563126252505125,,,,,
2004-05-19,18.93,-2.06932229694774,,,,,
2004-05-20,18.67,-1.3734812466983493,,,,,
2004-05-21,18.49,-0.9641135511516019,,,,,
2004-05-24,18.08,-2.217414818820984,,,,,
2004-05-25,15.96,-11.72566371681415,,,,,
2004-05-26,15.97,0.06265664160400863,,,,,
2004-05-27,15.28,-4.320601127113344,,,,,
2004-05-28,15.5,1.4397905759162333,,,,,
2004-06-01,16.3,5.161290322580658,,,,,
2004-06-02,16.08,-1.3496932515337567,,,,,
2004-06-03,17.03,5.907960199004991,,,,,
2004-06-04,16.78,-1.4679976512037562,,,,,
2004-06-07,15.39,-8.283671036948748,,,,,
2004-06-08,15.01,-2.4691358024691357,,,,,
2004-06-09,15.39,2.5316455696202667,,,,,
2004-06-10,15.04,-2.274204028589999,,,,,
2004-06-11,15.04,0.0,,,,,
2004-06-14,16.07,6.848404255319163,,,,,
2004-06-15,15.05,-6.34723086496577,,,,,
2004-06-16,14.79,-1.7275747508305739,,,,,
2004-06-17,15.15,2.4340770791075217,,,,,
2004-06-18,14.99,-1.0561056105610533,,,,,
2004-06-21,15.26,1.8012008005336755,,,,,
2004-06-22,14.31,-6.225425950196584,,,,,
2004-06-23,13.98,-2.3060796645702264,,,,,
2004-06-24,14.81,5.937052932761078,,,,,
2004-06-25,15.19,2.5658338960161897,,,,,
2004-06-28,16.07,5.793285055957864,,,,,
2004-06-29,15.47,-3.733665214685744,,,,,
2004-06-30,14.34,-7.304460245636724,,,,,
2004-07-01,15.2,5.997210599721048,,,,,
2004-07-02,15.08,-0.7894736842105177,,,,,
2004-07-06,16.25,7.758620689655182,,,,,
2004-07-07,15.81,-2.7076923076923,,,,,
2004-07-08,16.2,2.4667931688804545,,,,,
2004-07-09,15.78,-2.592592592592591,,,,,
2004-07-12,14.96,-5.196451204055752,,,,,
2004-07-13,14.46,-3.342245989304815,,,,,
2004-07-14,13.76,-4.8409405255878335,,,,,
2004-07-15,14.71,6.904069767441867,,,,,
2004-07-16,14.34,-2.515295717199195,,,,,
2004-07-19,15.17,5.788005578800548,,,,,
2004-07-20,14.17,-6.591957811470007,,,,,
2004-07-21,16.41,15.808045165843332,,,,,
2004-07-22,15.75,-4.021937842778788,,,,,
2004-07-23,16.5,4.761904761904767,,,,,
2004-07-26,17.3,4.8484848484848575,,,,,
2004-07-27,16.55,-4.335260115606932,,,,,
2004-07-28,16.15,-2.4169184290030343,,,,,
2004-07-29,15.68,-2.9102167182662453,,,,,
2004-07-30,15.32,-2.2959183673469385,,,,,
2004-08-02,15.37,0.32637075718013886,,,,,
2004-08-03,16.03,4.294079375406645,,,,,
2004-08-04,16.21,1.1228945726762252,,,,,
2004-08-05,18.32,13.016656384947556,,,,,
2004-08-06,19.34,5.567685589519655,,,,,
2004-08-09,18.89,-2.326783867631843,,,,,
2004-08-10,17.47,-7.517204870301752,,,,,
2004-08-11,18.04,3.262736119061249,,,,,
2004-08-12,19.08,5.764966740576494,,,,,
2004-08-13,17.98,-5.76519916142556,,,,,
2004-08-16,17.57,-2.280311457174644,,,,,
2004-08-17,17.02,-3.1303357996585124,,,,,
2004-08-18,16.23,-4.641598119858981,,,,,
2004-08-19,16.96,4.497843499691934,,,,,
2004-08-20,16.0,-5.660377358490576,,,,,
2004-08-23,15.88,-0.7499999999999951,,,,,
2004-08-24,15.33,-3.46347607052897,,,,,
2004-08-25,14.98,-2.2831050228310446,,,,,
2004-08-26,14.91,-0.4672897196261738,,,,,
2004-08-27,14.71,-1.341381623071758,,,,,
2004-08-30,15.44,4.962610469068651,,,,,
2004-08-31,15.29,-0.9715025906735786,,,,,
2004-09-01,14.91,-2.4852844996729795,,,,,
2004-09-02,14.28,-4.225352112676061,,,,,
2004-09-03,13.91,-2.591036414565817,,,,,
2004-09-07,14.07,1.1502516175413424,,,,,
2004-09-08,14.06,-0.0710732054015617,,,,,
2004-09-09,14.01,-0.35561877667141806,,,,,
2004-09-10,13.76,-1.7844396859386102,,,,,
2004-09-13,13.17,-4.287790697674421,,,,,
2004-09-14,13.56,2.9612756264236983,,,,,
2004-09-15,14.64,7.964601769911495,,,,,
2004-09-16,14.39,-1.7076502732240484,,,,,
2004-09-17,14.03,-2.501737317581665,,,,,
2004-09-20,14.43,2.851033499643618,,,,,
2004-09-21,13.66,-5.3361053361053346,,,,,
2004-09-22,14.74,7.906295754026349,,,,,
2004-09-23,14.8,0.4070556309362372,,,,,
2004-09-24,14.28,-3.513513513513522,,,,,
2004-09-27,14.62,2.3809523809523725,,,,,
2004-09-28,13.83,-5.4035567715458255,,,,,
2004-09-29,13.21,-4.483007953723783,,,,,
2004-09-30,13.34,0.9841029523088407,,,,,
2004-10-01,12.75,-4.422788605697148,,,,,
2004-10-04,13.41,5.1764705882352935,,,,,
2004-10-05,13.95,4.026845637583887,,,,,
2004-10-06,13.28,-4.8028673835125435,,,,,
2004-10-07,14.5,9.18674698795181,,,,,
2004-10-08,15.05,3.7931034482758585,,,,,
2004-10-11,14.71,-2.2591362126245795,,,,,
2004-10-12,15.05,2.3113528212100665,,,,,
2004-10-13,15.42,2.4584717607973428,,,,,
2004-10-14,16.43,6.549935149156938,,,,,
2004-10-15,15.04,-8.46013390139988,,,,,
2004-10-18,14.71,-2.194148936170204,,,,,
2004-10-19,15.13,2.8552005438477135,,,,,
2004-10-20,14.85,-1.8506278916060825,,,,,
2004-10-21,14.54,-2.0875420875420936,,,,,
2004-10-22,15.28,5.0894085281980805,,,,,
2004-10-25,16.58,8.507853403141352,,,,,
2004-10-26,16.39,-1.1459589867309883,,,,,
2004-10-27,15.72,-4.087858450274561,,,,,
2004-10-28,15.39,-2.099236641221369,,,,,
2004-10-29,16.27,5.7179987004548405,,,,,
2004-11-01,16.27,0.0,,,,,
2004-11-02,16.18,-0.5531653349723387,,,,,
2004-11-03,14.04,-13.226205191594564,,,,,
2004-11-04,13.97,-0.4985754985754931,,,,,
2004-11-05,13.84,-0.9305654974946398,,,,,
2004-11-08,13.8,-0.28901734104045396,,,,,
2004-11-09,13.61,-1.376811594202909,,,,,
2004-11-10,13.08,-3.894195444526083,,,,,
2004-11-11,13.04,-0.3058103975535187,,,,,
2004-11-12,13.33,2.223926380368102,,,,,
2004-11-15,13.38,0.3750937734433579,,,,,
2004-11-16,13.21,-1.2705530642750373,,,,,
2004-11-17,13.21,0.0,,,,,
2004-11-18,12.98,-1.7411052233156754,,,,,
2004-11-19,13.5,4.006163328197232,,,,,
2004-11-22,12.97,-3.9259259259259216,,,,,
2004-11-23,12.67,-2.313030069390909,,,,,
2004-11-24,12.72,0.39463299131807794,,,,,
2004-11-26,12.79,0.5503144654087855,,,,,
2004-11-29,13.3,3.987490226739654,,,,,
2004-11-30,13.24,-0.4511278195488799,,,,,
2004-12-01,12.97,-2.0392749244712904,,,,,
2004-12-02,12.98,0.07710100231301809,,,,,
2004-12-03,12.96,-0.15408320493065508,,,,,
2004-12-06,13.19,1.7746913580246826,,,,,
2004-12-07,13.67,3.6391205458680798,,,,,
2004-12-08,13.19,-3.5113386978785743,,,,,
2004-12-09,12.88,-2.350265352539793,,,,,
2004-12-10,12.76,-0.9316770186335477,,,,,
2004-12-13,12.54,-1.7241379310344862,,,,,
2004-12-14,12.73,1.515151515151536,,,,,
2004-12-15,12.35,-2.9850746268656803,,,,,
2004-12-16,12.27,-0.6477732793522262,,,,,
2004-12-17,11.95,-2.6079869600652006,,,,,
2004-12-20,11.83,-1.0041841004184038,,,,,
2004-12-21,11.55,-2.3668639053254337,,,,,
2004-12-22,11.45,-0.8658008658008809,,,,,
2004-12-23,11.23,-1.9213973799126594,,,,,
2004-12-27,12.14,8.103294746215495,,,,,
2004-12-28,12.0,-1.1532125205930832,,,,,
2004-12-29,11.62,-3.166666666666673,,,,,
2004-12-30,12.56,8.089500860585218,,,,,
2004-12-31,13.29,5.812101910828016,,,,,
2005-01-03,14.08,5.944319036869827,,,,,
2005-01-04,13.98,-0.7102272727272707,,,,,
2005-01-05,14.09,0.7868383404864066,,,,,
2005-01-06,13.58,-3.619588360539383,,,,,
2005-01-07,13.49,-0.6627393225331346,,,,,
2005-01-10,13.23,-1.927353595255743,,,,,
2005-01-11,13.19,-0.3023431594860182,,,,,
2005-01-12,12.56,-4.776345716451846,,,,,
2005-01-13,12.84,2.2292993630573132,,,,,
2005-01-14,12.43,-3.1931464174454804,,,,,
2005-01-18,12.47,0.32180209171359664,,,,,
2005-01-19,13.18,5.693664795509212,,,,,
2005-01-20,13.83,4.931714719271629,,,,,
2005-01-21,14.36,3.8322487346348577,,,,,
2005-01-24,14.65,2.0194986072423537,,,,,
2005-01-25,14.06,-4.027303754266209,,,,,
2005-01-26,13.44,-4.409672830725464,,,,,
2005-01-27,13.24,-1.4880952380952328,,,,,
2005-01-28,13.24,0.0,,,,,
2005-01-31,12.82,-3.1722054380664666,,,,,
2005-02-01,12.03,-6.162246489859601,,,,,
2005-02-02,11.66,-3.075644222776386,,,,,
2005-02-03,11.79,1.1149228130360012,,,,,
2005-02-04,11.21,-4.9194232400339155,,,,,
2005-02-07,11.73,4.638715432649421,,,,,
2005-02-08,11.6,-1.1082693947144118,,,,,
2005-02-09,12.0,3.4482758620689724,,,,,
2005-02-10,11.51,-4.083333333333339,,,,,
2005-02-11,11.43,-0.6950477845351855,,,,,
2005-02-14,11.52,0.7874015748031482,,,,,
2005-02-15,11.27,-2.170138888888884,,,,,
2005-02-16,11.1,-1.5084294587400127,,,,,
2005-02-17,11.77,6.036036036036041,,,,,
2005-02-18,11.18,-5.012744265080715,,,,,
2005-02-22,13.14,17.53130590339893,,,,,
2005-02-23,12.39,-5.707762557077622,,,,,
2005-02-24,11.57,-6.618240516545604,,,,,
2005-02-25,11.49,-0.691443388072599,,,,,
2005-02-28,12.08,5.134899912967805,,,,,
2005-03-01,12.04,-0.33112582781458233,,,,,
2005-03-02,12.5,3.8205980066445155,,,,,
2005-03-03,12.93,3.4399999999999986,,,,,
2005-03-04,11.94,-7.656612529002327,,,,,
2005-03-07,12.26,2.680067001675046,,,,,
2005-03-08,12.4,1.1419249592169667,,,,,
2005-03-09,12.7,2.4193548387096753,,,,,
2005-03-10,12.49,-1.6535433070866024,,,,,
2005-03-11,12.8,2.4819855884707698,,,,,
2005-03-14,12.39,-3.2031249999999956,,,,,
2005-03-15,13.15,6.133979015334945,,,,,
2005-03-16,13.49,2.5855513307984745,,,,,
2005-03-17,13.29,-1.4825796886582698,,,,,
2005-03-18,13.14,-1.1286681715575564,,,,,
2005-03-21,13.61,3.5768645357686424,,,,,
2005-03-22,14.27,4.849375459221172,,,,,
2005-03-23,14.06,-1.4716187806587233,,,,,
2005-03-24,13.42,-4.551920341394034,,,,,
2005-03-28,13.75,2.4590163934426146,,,,,
2005-03-29,14.49,5.3818181818181765,,,,,
2005-03-30,13.64,-5.866114561766733,,,,,
2005-03-31,14.02,2.7859237536656867,,,,,
2005-04-01,14.09,0.4992867332382245,,,,,
2005-04-04,14.11,0.14194464158978626,,,,,
2005-04-05,13.68,-3.0474840538625037,,,,,
2005-04-06,13.15,-3.8742690058479523,,,,,
2005-04-07,12.33,-6.235741444866926,,,,,
2005-04-08,12.62,2.3519870235198637,,,,,
2005-04-11,11.98,-5.071315372424712,,,,,
2005-04-12,11.3,-5.6761268781302165,,,,,
2005-04-13,13.31,17.787610619469028,,,,,
2005-04-14,14.53,9.166040570999234,,,,,
2005-04-15,17.74,22.092222986923595,,,,,
2005-04-18,16.56,-6.651634723788047,,,,,
2005-04-19,14.96,-9.661835748792258,,,,,
2005-04-20,16.92,13.101604278074873,,,,,
2005-04-21,14.41,-14.834515366430267,,,,,
2005-04-22,15.38,6.731436502428867,,,,,
2005-04-25,14.62,-4.941482444733425,,,,,
2005-04-26,14.91,1.9835841313269542,,,,,
2005-04-27,14.87,-0.26827632461435824,,,,,
2005-04-28,16.86,13.382649630127785,,,,,
2005-04-29,15.31,-9.19335705812574,,,,,
2005-05-02,15.12,-1.2410189418680662,,,,,
2005-05-03,14.53,-3.9021164021164068,,,,,
2005-05-04,13.85,-4.679972470750171,,,,,
2005-05-05,13.98,0.9386281588447787,,,,,
2005-05-06,14.05,0.5007153075822668,,,,,
2005-05-09,13.75,-2.135231316725983,,,,,
2005-05-10,14.91,8.436363636363641,,,,,
2005-05-11,14.45,-3.0851777330650587,,,,,
2005-05-12,16.12,11.557093425605558,,,,,
2005-05-13,16.32,1.2406947890818865,,,,,
2005-05-16,15.68,-3.9215686274509887,,,,,
2005-05-17,14.57,-7.079081632653061,,,,,
2005-05-18,13.63,-6.451612903225801,,,,,
2005-05-19,13.32,-2.2743947175348556,,,,,
2005-05-20,13.14,-1.3513513513513487,,,,,
2005-05-23,12.95,-1.4459665144596734,,,,,
2005-05-24,12.69,-2.0077220077220015,,,,,
2005-05-25,12.58,-0.8668242710795804,,,,,
2005-05-26,12.24,-2.7027027027026973,,,,,
2005-05-27,12.15,-0.7352941176470562,,,,,
2005-05-31,13.29,9.3827160493827,,,,,
2005-06-01,12.36,-6.997742663656881,,,,,
2005-06-02,11.84,-4.207119741100318,,,,,
2005-06-03,12.15,2.6182432432432456,,,,,
2005-06-06,12.28,1.0699588477366184,,,,,
2005-06-07,12.39,0.8957654723127151,,,,,
2005-06-08,12.7,2.502017756255026,,,,,
2005-06-09,12.08,-4.881889763779523,,,,,
2005-06-10,11.96,-0.9933774834437026,,,,,
2005-06-13,11.65,-2.591973244147161,,,,,
2005-06-14,11.79,1.2017167381974225,,,,,
2005-06-15,11.46,-2.7989821882951516,,,,,
2005-06-16,11.15,-2.7050610820244403,,,,,
2005-06-17,11.48,2.959641255605372,,,,,
2005-06-20,11.47,-0.08710801393727596,,,,,
2005-06-21,11.08,-3.400174367916309,,,,,
2005-06-22,11.05,-0.27075812274367506,,,,,
2005-06-23,12.13,9.773755656108607,,,,,
2005-06-24,12.18,0.41220115416322756,,,,,
2005-06-27,12.52,2.791461412151075,,,,,
2005-06-28,11.58,-7.507987220447276,,,,,
2005-06-29,11.77,1.6407599309153698,,,,,
2005-06-30,12.04,2.2939677145284554,,,,,
2005-07-01,11.4,-5.31561461794019,,,,,
2005-07-05,11.68,2.4561403508771784,,,,,
2005-07-06,12.27,5.051369863013688,,,,,
2005-07-07,12.49,1.792991035044822,,,,,
2005-07-08,11.45,-8.326661329063256,,,,,
2005-07-11,11.28,-1.4847161572052348,,,,,
2005-07-12,10.95,-2.92553191489362,,,,,
2005-07-13,10.84,-1.0045662100456543,,,,,
2005-07-14,10.81,-0.276752767527666,,,,,
2005-07-15,10.33,-4.440333024976873,,,,,
2005-07-18,10.77,4.259438528557591,,,,,
2005-07-19,10.45,-2.9712163416898862,,,,,
2005-07-20,10.23,-2.105263157894721,,,,,
2005-07-21,10.97,7.233626588465292,,,,,
2005-07-22,10.52,-4.102096627165008,,,,,
2005-07-25,11.1,5.513307984790883,,,,,
2005-07-26,10.99,-0.9909909909909809,,,,,
2005-07-27,10.36,-5.732484076433131,,,,,
2005-07-28,10.52,1.5444015444015413,,,,,
2005-07-29,11.57,9.980988593155903,,,,,
2005-08-01,12.08,4.407951598962834,,,,,
2005-08-02,11.75,-2.7317880794701987,,,,,
2005-08-03,11.83,0.6808510638297793,,,,,
2005-08-04,12.52,5.8326289095519845,,,,,
2005-08-05,12.48,-0.31948881789136685,,,,,
2005-08-08,13.21,5.849358974358987,,,,,
2005-08-09,12.4,-6.1317183951551835,,,,,
2005-08-10,12.38,-0.1612903225806428,,,,,
2005-08-11,12.42,0.3231017770597644,,,,,
2005-08-12,12.74,2.5764895330112836,,,,,
2005-08-15,12.26,-3.767660910518056,,,,,
2005-08-16,13.52,10.2773246329527,,,,,
2005-08-17,13.3,-1.6272189349112343,,,,,
2005-08-18,13.42,0.9022556390977376,,,,,
2005-08-19,13.42,0.0,,,,,
2005-08-22,13.42,0.0,,,,,
2005-08-23,13.34,-0.5961251862891204,,,,,
2005-08-24,14.17,6.221889055472274,,,,,
2005-08-25,13.73,-3.10515172900494,,,,,
2005-08-26,13.72,-0.0728332119446451,,,,,
2005-08-29,13.52,-1.4577259475218707,,,,,
2005-08-30,13.65,0.9615384615384581,,,,,
2005-08-31,12.6,-7.692307692307699,,,,,
2005-09-01,13.15,4.365079365079372,,,,,
2005-09-02,13.57,3.1939163498098777,,,,,
2005-09-06,12.93,-4.716285924834196,,,,,
2005-09-07,12.52,-3.1709203402938924,,,,,
2005-09-08,12.93,3.274760383386588,,,,,
2005-09-09,11.98,-7.347254447022422,,,,,
2005-09-12,11.65,-2.7545909849749584,,,,,
2005-09-13,12.39,6.351931330472094,,,,,
2005-09-14,12.91,4.196933010492332,,,,,
2005-09-15,12.49,-3.253292021688614,,,,,
2005-09-16,11.22,-10.168134507606085,,,,,
2005-09-19,12.14,8.199643493761144,,,,,
2005-09-20,12.64,4.1186161449752845,,,,,
2005-09-21,13.79,9.098101265822777,,,,,
2005-09-22,13.33,-3.3357505438723623,,,,,
2005-09-23,12.96,-2.7756939234808597,,,,,
2005-09-26,13.04,0.6172839506172645,,,,,
2005-09-27,12.76,-2.1472392638036797,,,,,
2005-09-28,12.63,-1.0188087774294585,,,,,
2005-09-29,12.24,-3.0878859857482177,,,,,
2005-09-30,11.92,-2.614379084967322,,,,,
2005-10-03,12.46,4.530201342281881,,,,,
2005-10-04,13.2,5.939004815409299,,,,,
2005-10-05,14.55,10.22727272727273,,,,,
2005-10-06,14.96,2.81786941580755,,,,,
2005-10-07,14.59,-2.473262032085566,,,,,
2005-10-10,15.55,6.579849211788913,,,,,
2005-10-11,15.63,0.5144694533762095,,,,,
2005-10-12,16.22,3.7747920665387014,,,,,
2005-10-13,16.47,1.5413070283600394,,,,,
2005-10-14,14.87,-9.714632665452339,,,,,
2005-10-17,14.67,-1.344989912575656,,,,,
2005-10-18,15.33,4.498977505112478,,,,,
2005-10-19,13.5,-11.937377690802354,,,,,
2005-10-20,16.11,19.333333333333336,,,,,
2005-10-21,16.13,0.12414649286156543,,,,,
2005-10-24,14.74,-8.617482951022936,,,,,
2005-10-25,14.53,-1.424694708276808,,,,,
2005-10-26,14.59,0.4129387474191448,,,,,
2005-10-27,16.02,9.80123372172721,,,,,
2005-10-28,14.25,-11.048689138576773,,,,,
2005-10-31,15.32,7.508771929824554,,,,,
2005-11-01,14.85,-3.067885117493474,,,,,
2005-11-02,13.48,-9.225589225589225,,,,,
2005-11-03,13.0,-3.5608308605341255,,,,,
2005-11-04,13.17,1.3076923076922986,,,,,
2005-11-07,13.1,-0.5315110098709219,,,,,
2005-11-08,13.08,-0.15267175572518665,,,,,
2005-11-09,12.8,-2.1406727828746086,,,,,
2005-11-10,11.9,-7.03125,,,,,
2005-11-11,11.63,-2.268907563025202,,,,,
2005-11-14,12.18,4.72914875322441,,,,,
2005-11-15,12.23,0.4105090311987025,,,,,
2005-11-16,12.26,0.24529844644316512,,,,,
2005-11-17,11.25,-8.238172920065256,,,,,
2005-11-18,11.12,-1.1555555555555652,,,,,
2005-11-21,10.82,-2.6978417266186994,,,,,
2005-11-22,10.6,-2.0332717190388205,,,,,
2005-11-23,10.96,3.396226415094361,,,,,
2005-11-25,10.88,-0.7299270072992692,,,,,
2005-11-28,11.84,8.823529411764696,,,,,
2005-11-29,11.89,0.4222972972973027,,,,,
2005-11-30,12.06,1.4297729184188368,,,,,
2005-12-01,11.24,-6.799336650082921,,,,,
2005-12-02,11.01,-2.0462633451957313,,,,,
2005-12-05,11.6,5.35876475930972,,,,,
2005-12-06,11.52,-0.6896551724137945,,,,,
2005-12-07,12.18,5.729166666666674,,,,,
2005-12-08,12.21,0.24630541871921707,,,,,
2005-12-09,11.69,-4.258804258804272,,,,,
2005-12-12,11.47,-1.8819503849443864,,,,,
2005-12-13,11.11,-3.1386224934612184,,,,,
2005-12-14,10.48,-5.670567056705666,,,,,
2005-12-15,10.73,2.385496183206115,,,,,
2005-12-16,10.68,-0.4659832246039164,,,,,
2005-12-19,11.38,6.554307116104874,,,,,
2005-12-20,11.19,-1.6695957820738294,,,,,
2005-12-21,10.81,-3.3958891867738927,,,,,
2005-12-22,10.29,-4.810360777058287,,,,,
2005-12-23,10.27,-0.19436345966957758,,,,,
2005-12-27,11.57,12.658227848101266,,,,,
2005-12-28,11.35,-1.9014693171996555,,,,,
2005-12-29,11.61,2.2907488986784186,,,,,
2005-12-30,12.07,3.9621016365202433,,,,,
2006-01-03,11.14,-7.705053852526921,,,,,
2006-01-04,11.37,2.064631956912022,,,,,
2006-01-05,11.31,-0.5277044854881119,,,,,
2006-01-06,11.0,-2.7409372236958496,,,,,
2006-01-09,11.13,1.181818181818195,,,,,
2006-01-10,10.86,-2.42587601078168,,,,,
2006-01-11,10.94,0.7366482504604033,,,,,
2006-01-12,11.2,2.376599634369292,,,,,
2006-01-13,11.23,0.267857142857153,,,,,
2006-01-17,11.91,6.055209260908279,,,,,
2006-01-18,12.25,2.8547439126784147,,,,,
2006-01-19,11.98,-2.2040816326530543,,,,,
2006-01-20,14.56,21.53589315525877,,,,,
2006-01-23,13.93,-4.326923076923084,,,,,
2006-01-24,13.31,-4.450825556353188,,,,,
2006-01-25,12.87,-3.3057851239669533,,,,,
2006-01-26,12.42,-3.496503496503489,,,,,
2006-01-27,11.97,-3.6231884057970953,,,,,
2006-01-30,12.39,3.50877192982455,,,,,
2006-01-31,12.95,4.519774011299416,,,,,
2006-02-01,12.36,-4.55598455598456,,,,,
2006-02-02,13.23,7.038834951456319,,,,,
2006-02-03,12.96,-2.0408163265306034,,,,,
2006-02-06,13.04,0.6172839506172645,,,,,
2006-02-07,13.59,4.217791411042948,,,,,
2006-02-08,12.83,-5.592347314201618,,,,,
2006-02-09,13.12,2.260327357755254,,,,,
2006-02-10,12.87,-1.9054878048780477,,,,,
2006-02-13,13.35,3.7296037296037365,,,,,
2006-02-14,12.25,-8.239700374531832,,,,,
2006-02-15,12.31,0.4897959183673528,,,,,
2006-02-16,11.48,-6.7424857839155194,,,,,
2006-02-17,12.01,4.616724738675959,,,,,
2006-02-21,12.41,3.3305578684429626,,,,,
2006-02-22,11.88,-4.270749395648665,,,,,
2006-02-23,11.87,-0.08417508417509767,,,,,
2006-02-24,11.46,-3.4540859309182714,,,,,
2006-02-27,11.59,1.1343804537521818,,,,,
2006-02-28,12.34,6.471095772217428,,,,,
2006-03-01,11.54,-6.482982171799034,,,,,
2006-03-02,11.72,1.559792027729645,,,,,
2006-03-03,11.96,2.0477815699658786,,,,,
2006-03-06,12.74,6.521739130434767,,,,,
2006-03-07,12.66,-0.6279434850863463,,,,,
2006-03-08,12.32,-2.6856240126382325,,,,,
2006-03-09,12.68,2.922077922077926,,,,,
2006-03-10,11.85,-6.545741324921139,,,,,
2006-03-13,11.37,-4.0506329113924044,,,,,
2006-03-14,10.74,-5.540897097625319,,,,,
2006-03-15,11.35,5.6797020484171235,,,,,
2006-03-16,11.98,5.550660792951545,,,,,
2006-03-17,12.12,1.1686143572620988,,,,,
2006-03-20,11.79,-2.722772277227725,,,,,
2006-03-21,11.62,-1.4418999151823542,,,,,
2006-03-22,11.21,-3.528399311531827,,,,,
2006-03-23,11.17,-0.3568242640499597,,,,,
2006-03-24,11.19,0.1790510295434089,,,,,
2006-03-27,11.46,2.4128686327077764,,,,,
2006-03-28,11.58,1.0471204188481575,,,,,
2006-03-29,10.95,-5.440414507772029,,,,,
2006-03-30,11.57,5.662100456621011,,,,,
2006-03-31,11.39,-1.5557476231633505,,,,,
2006-04-03,11.57,1.5803336259877065,,,,,
2006-04-04,11.14,-3.7165082108902348,,,,,
2006-04-05,11.13,-0.08976660682226134,,,,,
2006-04-06,11.45,2.8751123090745567,,,,,
2006-04-07,12.26,7.074235807860263,,,,,
2006-04-10,12.19,-0.5709624796084833,,,,,
2006-04-11,13.0,6.64479081214111,,,,,
2006-04-12,12.76,-1.846153846153853,,,,,
2006-04-13,12.38,-2.978056426332276,,,,,
2006-04-17,12.58,1.6155088852988664,,,,,
2006-04-18,11.4,-9.379968203497613,,,,,
2006-04-19,11.32,-0.7017543859649145,,,,,
2006-04-20,11.64,2.8268551236749095,,,,,
2006-04-21,11.59,-0.4295532646048206,,,,,
2006-04-24,11.75,1.380500431406384,,,,,
2006-04-25,11.75,0.0,,,,,
2006-04-26,11.76,0.08510638297871687,,,,,
2006-04-27,11.84,0.6802721088435382,,,,,
2006-04-28,11.59,-2.1114864864864913,,,,,
2006-05-01,12.54,8.196721311475397,,,,,
2006-05-02,11.99,-4.385964912280693,,,,,
2006-05-03,11.99,0.0,,,,,
2006-05-04,11.86,-1.0842368640533895,,,,,
2006-05-05,11.62,-2.02360876897133,,,,,
2006-05-08,12.0,3.2702237521514688,,,,,
2006-05-09,11.99,-0.08333333333333526,,,,,
2006-05-10,11.78,-1.7514595496246899,,,,,
2006-05-11,12.49,6.027164685908337,,,,,
2006-05-12,14.19,13.61088871096876,,,,,
2006-05-15,13.57,-4.369274136715995,,,,,
2006-05-16,13.35,-1.6212232866617549,,,,,
2006-05-17,16.26,21.79775280898877,,,,,
2006-05-18,16.99,4.489544895448927,,,,,
2006-05-19,17.18,1.1183048852266175,,,,,
2006-05-22,17.72,3.143189755529674,,,,,
2006-05-23,18.26,3.047404063205428,,,,,
2006-05-24,17.36,-4.928806133625418,,,,,
2006-05-25,15.5,-10.71428571428571,,,,,
2006-05-26,14.26,-7.9999999999999964,,,,,
2006-05-30,18.66,30.85553997194952,,,,,
2006-05-31,16.44,-11.897106109324751,,,,,
2006-06-01,14.52,-11.678832116788328,,,,,
2006-06-02,14.32,-1.377410468319551,,,,,
2006-06-05,16.65,16.27094972067038,,,,,
2006-06-06,17.34,4.144144144144146,,,,,
2006-06-07,17.8,2.6528258362168433,,,,,
2006-06-08,18.35,3.08988764044944,,,,,
2006-06-09,18.12,-1.2534059945504161,,,,,
2006-06-12,20.96,15.673289183222948,,,,,
2006-06-13,23.81,13.597328244274799,,,,,
2006-06-14,21.46,-9.869802603947909,,,,,
2006-06-15,15.9,-25.90866728797764,,,,,
2006-06-16,17.25,8.490566037735835,,,,,
2006-06-19,17.83,3.362318840579692,,,,,
2006-06-20,16.69,-6.393718452047093,,,,,
2006-06-21,15.52,-7.010185739964059,,,,,
2006-06-22,15.88,2.3195876288659933,,,,,
2006-06-23,15.89,0.06297229219143219,,,,,
2006-06-26,15.62,-1.6991818753933408,,,,,
2006-06-27,16.4,4.9935979513444195,,,,,
2006-06-28,15.79,-3.7195121951219434,,,,,
2006-06-29,13.03,-17.47941735275491,,,,,
2006-06-30,13.08,0.38372985418266836,,,,,
2006-07-03,13.05,-0.2293577981651307,,,,,
2006-07-05,14.15,8.429118773946364,,,,,
2006-07-06,13.65,-3.5335689045936425,,,,,
2006-07-07,13.97,2.344322344322336,,,,,
2006-07-10,14.02,0.35790980672869566,,,,,
2006-07-11,13.14,-6.276747503566327,,,,,
2006-07-12,14.49,10.273972602739722,,,,,
2006-07-13,17.79,22.774327122153192,,,,,
2006-07-14,18.05,1.4614952220348698,,,,,
2006-07-17,18.64,3.2686980609418326,,,,,
2006-07-18,17.74,-4.828326180257525,,,,,
2006-07-19,15.55,-12.344983089064254,,,,,
2006-07-20,16.21,4.244372990353695,,,,,
2006-07-21,17.4,7.341147439851925,,,,,
2006-07-24,14.98,-13.908045977011485,,,,,
2006-07-25,14.85,-0.8678237650200371,,,,,
2006-07-26,14.62,-1.548821548821555,,,,,
2006-07-27,14.94,2.188782489740082,,,,,
2006-07-28,14.33,-4.08299866131191,,,,,
2006-07-31,14.95,4.326587578506613,,,,,
2006-08-01,15.05,0.6688963210702337,,,,,
2006-08-02,14.34,-4.717607973421933,,,,,
2006-08-03,14.46,0.8368200836820217,,,,,
2006-08-04,14.34,-0.8298755186722073,,,,,
2006-08-07,15.23,6.20641562064157,,,,,
2006-08-08,15.23,0.0,,,,,
2006-08-09,15.2,-0.1969796454366457,,,,,
2006-08-10,14.46,-4.868421052631566,,,,,
2006-08-11,14.3,-1.1065006915629283,,,,,
2006-08-14,14.26,-0.2797202797202858,,,,,
2006-08-15,13.42,-5.890603085553991,,,,,
2006-08-16,12.41,-7.526080476900143,,,,,
2006-08-17,12.24,-1.3698630136986245,,,,,
2006-08-18,11.64,-4.901960784313719,,,,,
2006-08-21,12.22,4.982817869415812,,,,,
2006-08-22,12.19,-0.24549918166940632,,,,,
2006-08-23,12.4,1.7227235438884492,,,,,
2006-08-24,12.4,0.0,,,,,
2006-08-25,12.31,-0.7258064516128981,,,,,
2006-08-28,12.18,-1.0560519902518384,,,,,
2006-08-29,12.28,0.8210180623973606,,,,,
2006-08-30,12.22,-0.48859934853419107,,,,,
2006-08-31,12.31,0.7364975450081745,,,,,
2006-09-01,11.96,-2.843216896831846,,,,,
2006-09-05,12.63,5.602006688963201,,,,,
2006-09-06,13.74,8.788598574821837,,,,,
2006-09-07,13.88,1.0189228529839944,,,,,
2006-09-08,13.16,-5.187319884726227,,,,,
2006-09-11,12.99,-1.291793313069911,,,,,
2006-09-12,11.92,-8.237105465742879,,,,,
2006-09-13,11.18,-6.208053691275173,,,,,
2006-09-14,11.55,3.3094812164579768,,,,,
2006-09-15,11.76,1.8181818181818077,,,,,
2006-09-18,11.78,0.1700680272108901,,,,,
2006-09-19,11.98,1.697792869269965,,,,,
2006-09-20,11.39,-4.924874791318867,,,,,
2006-09-21,12.25,7.550482879719045,,,,,
2006-09-22,12.59,2.7755102040816215,,,,,
2006-09-25,12.12,-3.733121525019867,,,,,
2006-09-26,11.53,-4.867986798679869,,,,,
2006-09-27,11.58,0.43365134431916363,,,,,
2006-09-28,11.72,1.2089810017271274,,,,,
2006-09-29,11.98,2.2184300341296925,,,,,
2006-10-02,12.57,4.924874791318867,,,,,
2006-10-03,12.24,-2.6252983293556076,,,,,
2006-10-04,11.86,-3.104575163398704,,,,,
2006-10-05,11.98,1.0118043844856706,,,,,
2006-10-06,11.56,-3.5058430717863076,,,,,
2006-10-09,11.68,1.038062283737018,,,,,
2006-10-10,11.52,-1.3698630136986356,,,,,
2006-10-11,11.62,0.868055555555558,,,,,
2006-10-12,11.09,-4.5611015490533475,,,,,
2006-10-13,10.75,-3.0658250676284915,,,,,
2006-10-16,11.09,3.1627906976744224,,,,,
2006-10-17,11.73,5.770964833183045,,,,,
2006-10-18,11.34,-3.324808184143224,,,,,
2006-10-19,10.9,-3.880070546737213,,,,,
2006-10-20,10.63,-2.477064220183478,,,,,
2006-10-23,11.08,4.233301975540904,,,,,
2006-10-24,10.78,-2.7075812274368283,,,,,
2006-10-25,10.66,-1.1131725417439675,,,,,
2006-10-26,10.56,-0.9380863039399556,,,,,
2006-10-27,10.8,2.2727272727272707,,,,,
2006-10-30,11.2,3.703703703703698,,,,,
2006-10-31,11.1,-0.8928571428571397,,,,,
2006-11-01,11.51,3.6936936936937004,,,0.91,0.64,
2006-11-02,11.42,-0.7819287576020795,,,0.9,0.61,
2006-11-03,11.16,-2.276707530647981,,,0.91,0.64,
2006-11-06,11.16,0.0,,,0.76,0.55,
2006-11-07,11.09,-0.6272401433691788,,,0.79,0.57,
2006-11-08,10.75,-3.0658250676284915,,,0.78,0.68,
2006-11-09,11.01,2.4186046511627923,,,0.84,0.61,
2006-11-10,10.79,-1.9981834695731227,,,1.06,0.79,
2006-11-13,10.86,0.6487488415199305,,,0.8,0.59,
2006-11-14,10.5,-3.3149171270718147,,,0.82,0.58,
2006-11-15,10.31,-1.8095238095238053,,,0.83,0.52,
2006-11-16,10.16,-1.4548981571290032,,,0.78,0.53,
2006-11-17,10.05,-1.0826771653543288,,,0.78,0.47,
2006-11-20,9.97,-0.7960199004975133,,,0.86,0.54,
2006-11-21,9.9,-0.7021063189568744,,,1.03,0.62,
2006-11-22,10.14,2.4242424242424176,,,0.89,0.63,
2006-11-24,10.73,5.818540433925046,,,1.06,0.52,
2006-11-27,12.3,14.6318732525629,,,1.27,0.68,
2006-11-28,11.62,-5.528455284552858,,,0.93,0.65,
2006-11-29,10.83,-6.798623063683296,,,0.67,0.53,
2006-11-30,10.91,0.7386888273314796,,,0.77,0.58,
2006-12-01,11.66,6.8744271310724026,,,0.91,0.59,
2006-12-04,11.23,-3.6878216123499064,,,0.86,0.64,
2006-12-05,11.27,0.3561887800534125,,,0.76,0.57,
2006-12-06,11.33,0.5323868677906018,,,0.84,0.54,
2006-12-07,12.67,11.82700794351279,,,0.89,0.69,
2006-12-08,12.07,-4.735595895816891,,,0.79,0.55,
2006-12-11,10.71,-11.267605633802813,,,0.72,0.57,
2006-12-12,10.65,-0.5602240896358635,,,0.96,0.7,
2006-12-13,10.18,-4.413145539906105,,,0.87,0.57,
2006-12-14,9.97,-2.062868369351656,,,0.61,0.45,
2006-12-15,10.05,0.8024072216650024,,,0.74,0.5,
2006-12-18,10.6,5.472636815920384,,,1.09,0.59,
2006-12-19,10.3,-2.8301886792452713,,,0.96,0.67,
2006-12-20,10.26,-0.3883495145631133,,,0.85,0.54,
2006-12-21,10.53,2.631578947368407,,,0.79,0.45,
2006-12-22,11.36,7.882241215574548,,,1.11,0.66,
2006-12-26,11.26,-0.8802816901408383,,,0.84,0.62,
2006-12-27,10.64,-5.506216696269972,,,0.85,0.68,
2006-12-28,10.99,3.289473684210531,,,0.96,0.73,
2006-12-29,11.56,5.186533212010924,,,0.88,0.54,
2007-01-03,12.04,4.152249134948094,,,0.87,0.59,
2007-01-04,11.51,-4.401993355481726,,,0.82,0.51,
2007-01-05,12.14,5.473501303214601,,,0.9,0.59,
2007-01-08,12.0,-1.1532125205930832,,,0.86,0.71,
2007-01-09,11.91,-0.7499999999999951,,,0.79,0.67,
2007-01-10,11.47,-3.6943744752308993,,,0.81,0.58,
2007-01-11,10.87,-5.23103748910202,,,0.72,0.54,
2007-01-12,10.15,-6.6237350505979675,,,0.75,0.56,
2007-01-16,10.74,5.8128078817734075,,,0.89,0.56,
2007-01-17,10.59,-1.3966480446927387,,,0.88,0.55,
2007-01-18,10.85,2.455146364494798,,,0.9,0.6,
2007-01-19,10.4,-4.147465437788012,,,0.84,0.55,
2007-01-22,10.77,3.557692307692295,,,0.97,0.62,
2007-01-23,10.34,-3.9925719591457742,,,0.91,0.65,
2007-01-24,9.89,-4.352030947775621,,,0.85,0.58,
2007-01-25,11.22,13.447927199191101,,,1.2,0.71,
2007-01-26,11.13,-0.8021390374331583,,,0.98,0.66,
2007-01-29,11.45,2.8751123090745567,,,0.98,0.6,
2007-01-30,10.96,-4.279475982532732,,,0.94,0.68,
2007-01-31,10.42,-4.92700729927008,,,0.78,0.56,
2007-02-01,10.31,-1.055662188099804,,,0.84,0.57,
2007-02-02,10.08,-2.2308438409311404,,,0.98,0.7,
2007-02-05,10.55,4.662698412698418,,,0.82,0.57,
2007-02-06,10.65,0.9478672985781866,,,0.85,0.55,
2007-02-07,10.32,-3.0985915492957705,,,0.87,0.65,
2007-02-08,10.44,1.1627906976744207,,,0.85,0.57,
2007-02-09,11.1,6.321839080459779,,,0.93,0.68,
2007-02-12,11.61,4.594594594594592,,,1.18,0.78,
2007-02-13,10.34,-10.938845822566744,,,0.96,0.74,
2007-02-14,10.23,-1.0638297872340385,,,0.96,0.67,
2007-02-15,10.22,-0.09775171065493637,,,0.76,0.54,
2007-02-16,10.02,-1.9569471624266255,,,0.84,0.55,
2007-02-20,10.24,2.1956087824351433,,,0.96,0.65,
2007-02-21,10.2,-0.3906250000000111,,,1.12,0.71,
2007-02-22,10.18,-0.19607843137254832,,,1.04,0.66,
2007-02-23,10.58,3.9292730844793677,,,1.38,0.73,
2007-02-26,11.15,5.387523629489599,,,1.03,0.75,
2007-02-27,18.31,64.21524663677127,,,1.68,0.87,
2007-02-28,15.42,-15.783724740578908,,,1.1,0.73,
2007-03-01,15.82,2.5940337224384047,,,1.4,0.8,
2007-03-02,18.61,17.635903919089756,,,1.32,0.8,
2007-03-05,19.63,5.480924234282636,,,1.65,0.96,
2007-03-06,15.96,-18.695873662761077,,,1.24,0.77,
2007-03-07,15.24,-4.511278195488721,,,1.18,0.7,
2007-03-08,14.29,-6.233595800524938,,,1.02,0.77,
2007-03-09,14.09,-1.3995801259622076,,,1.16,0.82,
2007-03-12,13.99,-0.709723207948898,,,1.06,0.75,
2007-03-13,18.13,29.592566118656173,,,1.42,0.98,
2007-03-14,17.27,-4.743519029233312,,,1.61,0.89,
2007-03-15,16.43,-4.86392588303416,,,1.15,0.79,
2007-03-16,16.79,2.1911138161898824,,,1.23,0.84,
2007-03-19,14.59,-13.103037522334715,,,0.81,0.61,
2007-03-20,13.27,-9.047292666209739,,,0.95,0.73,
2007-03-21,12.19,-8.138658628485306,,,1.13,0.66,
2007-03-22,12.93,6.070549630844946,,,0.93,0.61,
2007-03-23,12.95,0.15467904098993568,,,0.93,0.65,
2007-03-26,13.16,1.6216216216216273,,,1.0,0.69,
2007-03-27,13.48,2.4316109422492405,,,0.99,0.62,
2007-03-28,14.98,11.12759643916914,,,1.36,0.89,
2007-03-29,15.14,1.0680907877169465,,,1.18,0.76,
2007-03-30,14.64,-3.302509907529727,,,1.2,0.67,
2007-04-02,14.53,-0.7513661202185884,,,0.84,0.63,
2007-04-03,13.46,-7.364074328974524,,,1.13,0.66,
2007-04-04,13.24,-1.634472511144136,,,1.05,0.74,
2007-04-05,13.23,-0.07552870090634656,,,0.76,0.55,
2007-04-09,13.14,-0.6802721088435382,,,0.78,0.61,
2007-04-10,12.68,-3.5007610350076157,,,1.14,0.69,
2007-04-11,13.49,6.388012618296535,,,1.0,0.69,
2007-04-12,12.71,-5.782060785767229,,,1.03,0.73,
2007-04-13,12.2,-4.012588512981918,,,0.96,0.67,
2007-04-16,11.98,-1.8032786885245788,,,0.84,0.56,
2007-04-17,12.14,1.3355592654423987,,,0.9,0.67,
2007-04-18,12.42,2.3064250411861664,,,0.81,0.54,
2007-04-19,12.54,0.9661835748792313,,,0.93,0.62,
2007-04-20,12.07,-3.7480063795853225,,,0.75,0.5,
2007-04-23,13.04,8.03645401822699,,,0.91,0.58,
2007-04-24,13.12,0.6134969325153339,,,1.21,0.73,
2007-04-25,13.21,0.6859756097561176,,,0.82,0.6,
2007-04-26,12.79,-3.179409538228628,,,0.83,0.6,
2007-04-27,12.45,-2.6583268178264285,,,1.01,0.58,
2007-04-30,14.22,14.216867469879535,,,0.97,0.64,
2007-05-01,13.51,-4.992967651195501,,,1.15,0.73,
2007-05-02,13.08,-3.1828275351591384,,,0.81,0.56,
2007-05-03,13.09,0.0764525993883769,,,0.89,0.66,
2007-05-04,12.91,-1.3750954927425507,,,0.84,0.54,
2007-05-07,13.15,1.8590240123934842,,,0.7,0.45,
2007-05-08,13.21,0.4562737642585635,,,1.0,0.6,
2007-05-09,12.88,-2.498107494322488,,,0.74,0.53,
2007-05-10,13.6,5.590062111801242,,,1.1,0.68,
2007-05-11,12.95,-4.779411764705888,,,0.95,0.62,
2007-05-14,13.96,7.799227799227815,,,0.88,0.51,
2007-05-15,14.01,0.3581661891117305,,,0.92,0.63,
2007-05-16,13.5,-3.6402569593147693,,,1.03,0.7,
2007-05-17,13.51,0.07407407407407085,,,0.77,0.49,
2007-05-18,12.76,-5.551443375277576,,,0.98,0.51,
2007-05-21,13.3,4.2319749216300995,,,0.95,0.55,
2007-05-22,13.06,-1.8045112781954864,,,1.2,0.6,
2007-05-23,13.24,1.3782542113323082,,,0.99,0.67,
2007-05-24,14.08,6.344410876132933,,,1.14,0.67,
2007-05-25,13.34,-5.255681818181824,,,1.03,0.55,
2007-05-29,13.53,1.4242878560719596,,,0.91,0.58,
2007-05-30,12.83,-5.17368810051736,,,0.92,0.65,
2007-05-31,13.05,1.7147310989867437,,,0.93,0.51,
2007-06-01,12.78,-2.0689655172413945,,,0.89,0.5,
2007-06-04,13.29,3.9906103286384997,,,0.9,0.52,
2007-06-05,13.63,2.558314522197147,,,0.98,0.63,
2007-06-06,14.87,9.097578870139378,,,1.12,0.62,
2007-06-07,17.06,14.727639542703418,,,1.24,0.72,
2007-06-08,14.84,-13.012895662368107,,,1.13,0.6,
2007-06-11,14.71,-0.8760107816711549,,,1.08,0.71,
2007-06-12,16.67,13.324269204622707,,,1.09,0.66,
2007-06-13,14.73,-11.63767246550691,,,0.97,0.58,
2007-06-14,13.64,-7.399864222674813,,,0.79,0.53,
2007-06-15,13.94,2.1994134897360684,,,1.03,0.48,
2007-06-18,13.42,-3.730272596843609,,,0.93,0.58,
2007-06-19,12.85,-4.247391952309987,,,0.88,0.62,
2007-06-20,14.67,14.163424124513613,,,1.06,0.63,
2007-06-21,14.21,-3.13565098841172,,,0.98,0.61,
2007-06-22,15.75,10.837438423645306,,,1.03,0.62,
2007-06-25,16.65,5.714285714285716,,,1.14,0.76,
2007-06-26,18.89,13.453453453453456,,,1.13,0.71,
2007-06-27,15.53,-17.787188988883017,,,0.84,0.65,
2007-06-28,15.54,0.06439150032195862,,,0.89,0.59,
2007-06-29,16.23,4.440154440154442,,,1.03,0.65,
2007-07-02,15.4,-5.113986444855212,,,0.85,0.54,
2007-07-03,14.92,-3.116883116883118,,,0.93,0.59,
2007-07-05,15.48,3.753351206434319,,,0.89,0.55,
2007-07-06,14.72,-4.909560723514206,,,0.87,0.53,
2007-07-09,15.16,2.989130434782594,,,0.8,0.52,
2007-07-10,17.57,15.897097625329826,,,1.0,0.59,
2007-07-11,16.64,-5.2931132612407445,,,0.89,0.57,
2007-07-12,15.54,-6.610576923076927,,,0.77,0.48,
2007-07-13,15.15,-2.5096525096525046,,,0.93,0.5,
2007-07-16,15.59,2.9042904290428995,,,0.83,0.54,
2007-07-17,15.63,0.25657472738935816,,,0.92,0.6,
2007-07-18,16.0,2.3672424824056293,,,1.1,0.73,
2007-07-19,15.23,-4.812499999999997,,,0.8,0.54,
2007-07-20,16.95,11.29349967170059,,,1.22,0.69,
2007-07-23,16.81,-0.8259587020648995,,,0.81,0.54,
2007-07-24,18.55,10.350981558596084,,,1.47,0.79,
2007-07-25,18.1,-2.425876010781669,,,1.05,0.64,
2007-07-26,20.74,14.585635359116012,,,1.52,0.85,
2007-07-27,24.17,16.538090646094528,,,1.41,0.77,
2007-07-30,20.87,-13.65328920148945,,,1.16,0.71,
2007-07-31,23.52,12.697652132247228,,,1.27,0.72,
2007-08-01,23.67,0.6377551020408267,,,1.35,0.87,
2007-08-02,21.22,-10.350654837346863,,,1.1,0.77,
2007-08-03,25.16,18.56738925541943,,,1.44,0.8,
2007-08-06,22.94,-8.823529411764696,,,1.28,0.84,
2007-08-07,21.56,-6.0156931124673125,,,1.06,0.69,
2007-08-08,21.45,-0.5102040816326481,,,1.01,0.61,
2007-08-09,26.48,23.44988344988346,,,1.13,0.65,
2007-08-10,28.3,6.873111782477337,,,1.11,0.6,
2007-08-13,26.57,-6.113074204947,,,1.02,0.71,
2007-08-14,27.68,4.17764395935265,,,1.4,1.06,
2007-08-15,30.67,10.802023121387293,,,1.49,1.05,
2007-08-16,30.83,0.5216824258232666,,,1.5,1.01,
2007-08-17,29.99,-2.7246188777165115,,,1.24,0.74,
2007-08-20,26.33,-12.20406802267423,,,0.91,0.61,
2007-08-21,25.25,-4.101785036080507,,,0.9,0.62,
2007-08-22,22.89,-9.346534653465344,,,1.09,0.62,
2007-08-23,22.62,-1.1795543905635641,,,1.15,0.71,
2007-08-24,20.72,-8.39964633068082,,,1.06,0.68,
2007-08-27,22.72,9.652509652509655,,,1.0,0.68,
2007-08-28,26.3,15.757042253521124,,,1.29,0.87,
2007-08-29,23.81,-9.467680608365026,,,0.96,0.68,
2007-08-30,25.06,5.249895002099958,,,0.93,0.65,
2007-08-31,23.38,-6.703910614525144,,,1.06,0.65,
2007-09-04,22.78,-2.566295979469624,,,1.07,0.67,
2007-09-05,24.58,7.901668129938533,,,1.12,0.72,
2007-09-06,23.99,-2.400325467860054,,,0.88,0.62,
2007-09-07,26.23,9.337223843268028,,,1.18,0.77,
2007-09-10,27.38,4.384292794510092,,,1.15,0.78,
2007-09-11,25.27,-7.706355003652298,,,1.06,0.84,
2007-09-12,24.96,-1.2267510882469246,,,0.87,0.58,
2007-09-13,24.76,-0.8012820512820484,,,1.03,0.61,
2007-09-14,24.92,0.646203554119551,,,1.1,0.63,
2007-09-17,26.48,6.260032102728719,,,1.03,0.65,
2007-09-18,20.35,-23.149546827794552,,,1.03,0.69,
2007-09-19,20.03,-1.5724815724815766,,,0.96,0.58,
2007-09-20,20.45,2.0968547179231134,,,1.01,0.56,
2007-09-21,19.0,-7.090464547677255,,,0.85,0.53,
2007-09-24,19.37,1.947368421052631,,,0.84,0.61,
2007-09-25,18.6,-3.9752194114610173,,,1.13,0.75,
2007-09-26,17.63,-5.215053763440869,,,0.87,0.6,
2007-09-27,17.0,-3.5734543391945484,,,0.85,0.58,
2007-09-28,18.0,5.882352941176472,,,1.1,0.78,
2007-10-01,17.84,-0.8888888888888946,,,0.88,0.57,
2007-10-02,18.49,3.643497757847536,,,0.99,0.66,
2007-10-03,18.8,1.6765819361817424,,,0.82,0.58,
2007-10-04,18.44,-1.9148936170212738,,,0.72,0.5,
2007-10-05,16.91,-8.297180043383957,,,0.78,0.56,
2007-10-08,17.46,3.25251330573626,,,0.82,0.52,
2007-10-09,16.12,-7.674684994272618,,,0.81,0.61,
2007-10-10,16.67,3.4119106699751933,,,0.89,0.56,
2007-10-11,18.88,13.257348530293921,,,0.9,0.6,
2007-10-12,17.73,-6.091101694915246,,,0.78,0.56,
2007-10-15,19.25,8.573040045121271,,,0.8,0.53,
2007-10-16,20.02,4.0000000000000036,,,0.96,0.75,
2007-10-17,18.54,-7.392607392607397,,,0.95,0.67,
2007-10-18,18.5,-0.21574973031283085,,,0.77,0.52,
2007-10-19,22.96,24.108108108108105,,,1.16,0.73,
2007-10-22,21.64,-5.749128919860624,,,1.01,0.66,
2007-10-23,20.41,-5.683918669131238,,,0.96,0.64,
2007-10-24,20.8,1.9108280254777066,,,0.98,0.73,
2007-10-25,21.17,1.7788461538461586,,,1.09,0.76,
2007-10-26,19.56,-7.605101558809646,,,0.82,0.53,
2007-10-29,19.87,1.584867075664631,,,0.92,0.57,
2007-10-30,21.07,6.039255158530454,,,1.16,0.84,
2007-10-31,18.53,-12.055054579971525,,,0.77,0.45,
2007-11-01,23.21,25.256341068537512,,,0.96,0.68,
2007-11-02,23.01,-0.861697544161999,,,1.14,0.7,
2007-11-05,24.31,5.649717514124286,,,1.03,0.67,
2007-11-06,21.39,-12.011517893870828,,,0.98,0.71,
2007-11-07,26.49,23.842917251051876,,,1.06,0.67,
2007-11-08,26.16,-1.245753114382775,,,1.22,0.83,
2007-11-09,28.5,8.944954128440363,,,1.08,0.72,
2007-11-12,31.09,9.087719298245611,,,0.92,0.59,
2007-11-13,24.1,-22.483113541331612,,,1.19,0.85,
2007-11-14,25.94,7.6348547717842274,,,0.91,0.62,
2007-11-15,28.06,8.172706245181182,,,1.31,0.8,
2007-11-16,25.49,-9.158945117605132,,,1.27,0.99,
2007-11-19,26.01,2.0400156924284207,,,1.11,0.66,
2007-11-20,24.88,-4.3444828911957,,,1.12,0.79,
2007-11-21,26.84,7.87781350482315,,,1.23,0.82,
2007-11-23,25.61,-4.582712369597619,,,0.89,0.54,
2007-11-26,28.91,12.885591565794607,,,0.98,0.7,
2007-11-27,26.28,-9.097198201314416,,,0.82,0.55,
2007-11-28,24.11,-8.2572298325723,,,0.9,0.57,
2007-11-29,23.97,-0.5806719203649946,,,0.89,0.59,
2007-11-30,22.87,-4.5890696704213525,,,1.06,0.68,
2007-12-03,23.61,3.235679930039348,,,0.83,0.62,
2007-12-04,23.79,0.7623888182973326,,,1.08,0.87,
2007-12-05,22.53,-5.296343001261028,,,0.89,0.63,
2007-12-06,20.96,-6.96848646249445,,,0.88,0.55,
2007-12-07,20.85,-0.5248091603053395,,,0.99,0.6,
2007-12-10,20.74,-0.5275779376498924,,,0.96,0.68,
2007-12-11,23.59,13.74156219864997,,,1.1,0.79,
2007-12-12,22.47,-4.747774480712175,,,0.99,0.68,
2007-12-13,22.56,0.4005340453938633,,,1.06,0.74,
2007-12-14,23.27,3.1471631205673756,,,1.06,0.62,
2007-12-17,24.52,5.371723248818228,,,1.11,0.64,
2007-12-18,22.64,-7.667210440456762,,,1.04,0.77,
2007-12-19,21.68,-4.240282685512375,,,1.14,0.71,
2007-12-20,20.58,-5.0738007380073835,,,0.68,0.42,
2007-12-21,18.47,-10.252672497570458,,,0.59,0.64,
2007-12-24,18.6,0.7038440714672634,,,0.89,0.72,
2007-12-26,18.66,0.3225806451612856,,,0.9,0.66,
2007-12-27,20.26,8.574490889603448,,,0.98,0.6,
2007-12-28,20.74,2.3692003948667217,,,0.97,0.56,
2007-12-31,22.5,8.486017357762776,,,1.05,0.67,
2008-01-02,23.17,2.9777777777777903,,,1.16,0.78,
2008-01-03,22.49,-2.9348295209322584,,,1.01,0.71,
2008-01-04,23.94,6.447309915518029,,,1.05,0.61,
2008-01-07,23.79,-0.6265664160401085,,,1.04,0.78,
2008-01-08,25.43,6.893652795292149,,,1.47,0.97,
2008-01-09,24.12,-5.151395988989382,,,1.15,0.75,
2008-01-10,23.45,-2.77777777777779,,,0.97,0.69,
2008-01-11,23.68,0.9808102345415737,,,0.93,0.71,
2008-01-14,22.9,-3.2939189189189255,,,0.95,0.7,
2008-01-15,23.34,1.9213973799126594,,,1.25,1.05,
2008-01-16,24.38,4.455869751499564,,,1.19,0.87,
2008-01-17,28.46,16.735028712059076,,,1.5,0.99,
2008-01-18,27.18,-4.497540407589606,,,1.34,0.99,
2008-01-22,31.01,14.091243561442246,,,1.18,0.73,
2008-01-23,29.02,-6.417284746855856,,,1.13,0.75,
2008-01-24,27.78,-4.272915230875252,,,0.88,0.59,
2008-01-25,29.08,4.679625629949591,,,1.06,0.67,
2008-01-28,27.78,-4.470426409903705,,,0.92,0.64,
2008-01-29,27.32,-1.6558675305975545,,,0.9,0.65,
2008-01-30,27.62,1.0980966325036645,,,0.81,0.62,
2008-01-31,26.2,-5.1412020275163,,,0.96,0.7,
2008-02-01,24.02,-8.3206106870229,,,0.81,0.56,
2008-02-04,25.99,8.201498751040791,,,0.94,0.68,
2008-02-05,28.24,8.657175836860343,,,1.15,0.94,
2008-02-06,28.97,2.5849858356940425,,,1.06,0.8,
2008-02-07,27.66,-4.521919226786331,,,1.12,0.88,
2008-02-08,28.01,1.2653651482285033,,,1.13,0.79,
2008-02-11,27.6,-1.4637629418065012,,,0.96,0.68,
2008-02-12,26.33,-4.601449275362334,,,1.13,0.78,
2008-02-13,24.88,-5.507026205848842,,,0.97,0.75,
2008-02-14,25.54,2.6527331189710512,,,1.01,0.74,
2008-02-15,25.02,-2.036021926389975,,,1.15,0.78,
2008-02-19,25.59,2.278177458033581,,,1.01,0.67,
2008-02-20,24.4,-4.650254005470888,,,0.85,0.7,
2008-02-21,25.12,2.9508196721311553,,,0.96,0.69,
2008-02-22,24.06,-4.21974522292995,,,1.15,0.84,
2008-02-25,23.03,-4.2809642560265875,,,0.93,0.65,
2008-02-26,21.9,-4.906643508467223,,,1.07,0.8,
2008-02-27,22.69,3.6073059360730797,,,1.09,0.74,
2008-02-28,23.53,3.7020713970912222,,,1.24,0.96,
2008-02-29,26.54,12.792180195495106,,,1.28,0.84,
2008-03-03,26.28,-0.9796533534287777,,,1.23,0.79,
2008-03-04,25.52,-2.8919330289193357,,,1.18,0.96,
2008-03-05,24.6,-3.6050156739811823,,,1.14,0.68,
2008-03-06,27.55,11.991869918699184,,,1.27,1.12,
2008-03-07,27.49,-0.21778584392014855,,,1.24,0.92,
2008-03-10,29.38,6.875227355401958,,,1.49,1.0,
2008-03-11,26.36,-10.279101429543902,,,1.11,0.89,
2008-03-12,27.22,3.262518968133543,,,1.11,0.84,
2008-03-13,27.29,0.25716385011020915,,,1.21,0.82,
2008-03-14,31.16,14.18101868816417,,,1.42,1.16,
2008-03-17,32.24,3.4659820282413323,,,1.49,1.34,
2008-03-18,25.79,-20.006203473945416,,,1.0,0.78,
2008-03-19,29.84,15.703761147731687,,,1.21,0.9,
2008-03-20,26.62,-10.790884718498662,,,1.11,0.81,
2008-03-24,25.73,-3.343350864012018,,,0.82,0.63,
2008-03-25,25.72,-0.03886513797124458,,,0.96,0.77,
2008-03-26,26.08,1.3996889580093264,,,1.03,0.77,
2008-03-27,25.88,-0.7668711656441674,,,1.14,0.85,
2008-03-28,25.71,-0.6568778979907153,,,1.17,0.86,
2008-03-31,25.61,-0.388953714507978,,,1.02,0.85,
2008-04-01,22.68,-11.44084342053885,,,0.9,0.81,
2008-04-02,23.43,3.3068783068783025,,,1.05,0.78,
2008-04-03,23.21,-0.9389671361502261,,,1.05,0.82,
2008-04-04,22.45,-3.2744506678155982,,,1.19,0.82,
2008-04-07,22.42,-0.13363028953228273,,,0.97,0.74,
2008-04-08,22.36,-0.2676181980374781,,,1.13,0.9,
2008-04-09,22.81,2.012522361359559,,,1.16,0.9,
2008-04-10,21.98,-3.638754932047339,,,0.98,0.79,
2008-04-11,23.46,6.733393994540493,,,1.29,0.9,
2008-04-14,23.82,1.534526854219953,,,1.02,0.85,
2008-04-15,22.78,-4.366078925272876,,,1.06,0.94,
2008-04-16,20.53,-9.877085162423182,,,0.92,0.72,
2008-04-17,20.37,-0.7793472966390658,,,0.93,0.75,
2008-04-18,20.13,-1.178203240058917,,,0.82,0.59,
2008-04-21,20.5,1.8380526577247869,,,0.94,0.6,
2008-04-22,20.87,1.8048780487804894,,,1.07,0.66,
2008-04-23,20.26,-2.92285577383804,,,0.95,0.7,
2008-04-24,20.06,-0.9871668311944859,,,0.9,0.67,
2008-04-25,19.59,-2.3429710867397757,,,0.91,0.73,
2008-04-28,19.64,0.2552322613578406,,,0.96,0.66,
2008-04-29,20.24,3.054989816700604,,,1.08,0.83,
2008-04-30,20.79,2.717391304347827,,,0.92,0.66,
2008-05-01,18.88,-9.187109187109188,,,0.93,0.58,
2008-05-02,18.18,-3.7076271186440635,,,0.9,0.62,
2008-05-05,18.9,3.960396039603964,,,0.89,0.66,
2008-05-06,18.21,-3.650793650793638,,,0.82,0.57,
2008-05-07,19.73,8.34706205381659,,,1.02,0.66,
2008-05-08,19.4,-1.6725798276736037,,,0.89,0.6,
2008-05-09,19.41,0.051546391752577136,,,0.92,0.7,
2008-05-12,17.79,-8.346213292117465,,,0.86,0.66,
2008-05-13,17.98,1.0680157391793177,,,0.79,0.6,
2008-05-14,17.66,-1.7797552836484987,,,0.8,0.62,
2008-05-15,16.3,-7.701019252548125,,,0.77,0.59,
2008-05-16,16.47,1.0429447852760676,,,0.86,0.59,
2008-05-19,17.01,3.27868852459019,,,0.85,0.56,
2008-05-20,17.58,3.3509700176366675,,,1.08,0.7,
2008-05-21,18.59,5.745164960182025,,,1.18,0.79,
2008-05-22,18.05,-2.9047875201721363,,,0.97,0.63,
2008-05-23,19.55,8.310249307479234,,,1.05,0.72,
2008-05-27,19.64,0.4603580562659859,,,0.94,0.66,
2008-05-28,19.07,-2.9022403258655793,,,0.81,0.62,
2008-05-29,18.14,-4.876769795490299,,,0.85,0.67,
2008-05-30,17.83,-1.7089305402425703,,,0.84,0.59,
2008-06-02,19.83,11.217049915872135,,,1.07,0.76,
2008-06-03,20.24,2.0675743822491155,,,1.16,0.8,
2008-06-04,20.8,2.7667984189723382,,,1.08,0.76,
2008-06-05,18.63,-10.432692307692315,,,0.97,0.64,
2008-06-06,23.56,26.462694578636615,,,1.14,0.76,
2008-06-09,23.12,-1.8675721561969394,,,0.95,0.78,
2008-06-10,23.18,0.2595155709342434,,,0.96,0.81,
2008-06-11,24.12,4.055220017256267,,,1.14,0.85,
2008-06-12,23.33,-3.275290215588733,,,0.97,0.77,
2008-06-13,21.22,-9.044149164166305,,,0.91,0.76,
2008-06-16,20.95,-1.2723845428840752,,,0.93,0.81,
2008-06-17,21.13,0.8591885441527447,,,0.99,0.75,
2008-06-18,22.24,5.2531945101750965,,,1.12,0.86,
2008-06-19,21.58,-2.9676258992805793,,,0.99,0.76,
2008-06-20,22.87,5.977757182576471,,,1.32,0.92,
2008-06-23,22.64,-1.0056843025798012,,,0.87,0.65,
2008-06-24,22.42,-0.9717314487632467,,,0.99,0.7,
2008-06-25,21.14,-5.709188224799289,,,0.86,0.71,
2008-06-26,23.93,13.197729422894987,,,1.15,0.79,
2008-06-27,23.44,-2.0476389469285317,,,1.13,0.81,
2008-06-30,23.95,2.1757679180887335,,,1.09,0.77,
2008-07-01,23.65,-1.2526096033402934,,,1.02,0.8,
2008-07-02,25.92,9.598308668076116,,,1.08,0.71,
2008-07-03,24.79,-4.359567901234573,,,1.2,0.85,
2008-07-07,25.78,3.9935457845905686,,,1.21,0.9,
2008-07-08,23.15,-10.201706749418161,,,1.02,0.74,
2008-07-09,25.23,8.984881209503248,,,1.01,0.84,
2008-07-10,25.59,1.4268727705113005,,,1.06,0.93,
2008-07-11,27.49,7.424775302852682,,,1.15,0.91,
2008-07-14,28.48,3.6013095671153295,,,1.16,0.93,
2008-07-15,28.54,0.2106741573033588,,,1.16,0.94,
2008-07-16,25.1,-12.053258584442883,,,0.93,0.78,
2008-07-17,25.01,-0.35856573705179695,,,0.86,0.74,
2008-07-18,24.05,-3.8384646141543466,,,0.93,0.72,
2008-07-21,23.05,-4.158004158004158,,,0.88,0.7,
2008-07-22,21.18,-8.112798264642084,,,0.91,0.77,
2008-07-23,21.31,0.6137865911236995,,,0.9,0.65,
2008-07-24,23.44,9.99530736743315,,,1.05,0.82,
2008-07-25,22.91,-2.2610921501706516,,,0.85,0.73,
2008-07-28,24.23,5.761676123963344,,,1.06,0.8,
2008-07-29,22.03,-9.079653322327685,,,0.86,0.68,
2008-07-30,21.21,-3.722197004085337,,,0.87,0.72,
2008-07-31,22.94,8.156529938708168,,,0.95,0.73,
2008-08-01,22.57,-1.6129032258064613,,,0.99,0.86,
2008-08-04,23.49,4.076207354895867,,,0.97,0.72,
2008-08-05,21.14,-10.004257130693905,,,0.77,0.63,
2008-08-06,20.23,-4.304635761589404,,,0.94,0.73,
2008-08-07,21.15,4.547701433514573,,,1.05,0.83,
2008-08-08,20.66,-2.3167848699763516,,,0.93,0.59,
2008-08-11,20.12,-2.613746369796699,,,0.86,0.68,
2008-08-12,21.17,5.218687872763428,,,1.06,0.73,
2008-08-13,21.55,1.7949929145016474,,,1.02,0.72,
2008-08-14,20.34,-5.614849187935034,,,0.87,0.7,
2008-08-15,19.58,-3.736479842674545,,,1.0,0.65,
2008-08-18,20.98,7.150153217568955,,,1.06,0.76,
2008-08-19,21.28,1.4299332697807365,,,1.13,0.88,
2008-08-20,20.42,-4.041353383458645,,,0.96,0.7,
2008-08-21,19.82,-2.938295788442713,,,0.97,0.65,
2008-08-22,18.81,-5.095862764883963,,,0.86,0.59,
2008-08-25,20.97,11.483253588516739,,,1.12,0.71,
2008-08-26,20.49,-2.288984263233196,,,0.97,0.8,
2008-08-27,19.76,-3.5627135187896397,,,0.82,0.69,
2008-08-28,19.43,-1.670040485829971,,,0.82,0.72,
2008-08-29,20.65,6.278950077200207,,,1.0,0.71,
2008-09-02,21.99,6.489104116222766,,,0.96,0.69,
2008-09-03,21.43,-2.5466120964074523,,,0.86,0.68,
2008-09-04,24.03,12.132524498366791,,,1.05,0.79,
2008-09-05,23.06,-4.036620890553488,,,1.01,0.78,
2008-09-08,22.64,-1.8213356461404984,,,0.9,0.77,
2008-09-09,25.47,12.5,,,1.12,1.0,
2008-09-10,24.52,-3.7298782881821757,,,1.1,0.85,
2008-09-11,24.39,-0.5301794453507314,,,1.0,0.83,
2008-09-12,25.66,5.207052070520701,,,1.01,0.9,
2008-09-15,31.7,23.538581449727204,,,1.46,1.18,
2008-09-16,30.3,-4.416403785488954,,,1.29,0.94,
2008-09-17,36.22,19.537953795379526,,,1.37,0.98,
2008-09-18,33.1,-8.614025400331304,,,1.18,0.81,
2008-09-19,32.07,-3.111782477341396,,,0.83,0.51,
2008-09-22,33.85,5.550358590583104,,,0.97,0.73,
2008-09-23,35.72,5.524372230428343,,,1.04,0.76,
2008-09-24,35.19,-1.4837625979843283,,,1.06,0.71,
2008-09-25,32.82,-6.734867860187544,,,0.8,0.63,
2008-09-26,34.74,5.850091407678248,,,1.02,0.82,
2008-09-29,46.72,34.48474381116866,,,1.36,0.79,
2008-09-30,39.39,-15.689212328767121,,,1.3,0.73,
2008-10-01,39.81,1.0662604722010638,,,0.99,0.79,
2008-10-02,45.26,13.690027631248425,,,1.36,0.92,
2008-10-03,45.14,-0.2651347768448886,,,1.1,0.73,
2008-10-06,52.05,15.30793088170137,,,1.52,0.96,
2008-10-07,53.68,3.131604226705087,,,1.11,0.95,
2008-10-08,57.53,7.172131147540983,,,1.19,0.9,
2008-10-09,63.92,11.107248392143232,,,1.35,1.06,
2008-10-10,69.95,9.433667083854825,,,1.23,1.02,
2008-10-13,54.99,-21.38670478913509,,,0.89,0.69,
2008-10-14,55.13,0.2545917439534362,,,0.87,0.81,
2008-10-15,69.25,25.61218937057863,,,1.13,0.91,
2008-10-16,67.61,-2.3682310469314127,,,1.15,0.94,
2008-10-17,70.33,4.023073509835817,,,0.97,0.82,
2008-10-20,52.97,-24.68363429546424,,,0.82,0.63,
2008-10-21,53.11,0.2643005474797011,,,0.89,0.77,
2008-10-22,69.65,31.14291093955941,,,1.21,0.9,
2008-10-23,67.8,-2.6561378320172357,,,1.23,0.92,
2008-10-24,79.13,16.71091445427728,,,1.24,0.98,
2008-10-27,80.06,1.1752811828636522,,,1.17,0.82,
2008-10-28,66.96,-16.362727954034483,,,1.01,0.68,
2008-10-29,69.96,4.480286738351258,,,0.79,0.59,
2008-10-30,62.9,-10.09148084619782,,,0.8,0.69,
2008-10-31,59.89,-4.78537360890302,,,0.96,0.75,
2008-11-03,53.68,-10.369009851394228,,,0.96,0.75,
2008-11-04,47.73,-11.08420268256335,,,0.99,0.71,
2008-11-05,54.56,14.309658495705024,,,0.94,0.81,
2008-11-06,63.68,16.71554252199412,,,1.33,1.02,
2008-11-07,56.1,-11.90326633165829,,,0.94,0.76,
2008-11-10,59.98,6.916221033868086,,,1.11,0.93,
2008-11-11,61.44,2.4341447149049733,,,1.17,0.96,
2008-11-12,66.46,8.170572916666652,,,1.18,0.98,
2008-11-13,59.83,-9.975925368642791,,,0.99,0.93,
2008-11-14,66.31,10.830686946347988,,,1.02,0.83,
2008-11-17,69.15,4.28291358769417,,,0.94,0.86,
2008-11-18,67.64,-2.183658712942882,,,1.08,0.94,
2008-11-19,74.26,9.787108219988184,,,1.39,1.16,
2008-11-20,80.86,8.887691893347682,,,1.32,1.05,
2008-11-21,72.67,-10.12861736334405,,,1.13,1.13,
2008-11-24,64.7,-10.967386817118474,,,0.74,0.57,
2008-11-25,60.9,-5.873261205564151,,,0.78,0.7,
2008-11-26,54.92,-9.819376026272575,,,0.75,0.64,
2008-11-28,55.84,1.6751638747268816,,,0.88,0.72,
2008-12-01,68.51,22.689828080229233,,,1.0,0.89,
2008-12-02,62.98,-8.071814333673933,,,0.94,0.75,
2008-12-03,60.72,-3.5884407748491554,,,1.04,0.74,
2008-12-04,63.64,4.808959156785253,,,0.94,0.81,
2008-12-05,59.93,-5.829666876178507,,,0.92,0.62,
2008-12-08,58.49,-2.4028032704822233,,,0.86,0.73,
2008-12-09,58.91,0.7180714652077258,,,0.84,0.74,
2008-12-10,55.73,-5.398064844678318,,,0.94,0.77,
2008-12-11,55.78,0.08971828458641529,,,0.98,0.84,
2008-12-12,54.28,-2.6891358910003604,,,1.04,0.92,
2008-12-15,56.76,4.568901989683116,,,1.05,0.88,
2008-12-16,52.37,-7.734319943622269,,,0.9,0.72,
2008-12-17,49.84,-4.831010120297874,,,0.84,0.64,
2008-12-18,47.34,-5.016051364365969,,,0.9,0.81,
2008-12-19,44.93,-5.0908322771440755,,,0.82,0.69,
2008-12-22,44.56,-0.8235032272423726,,,0.82,0.68,
2008-12-23,45.02,1.032315978456011,,,0.71,0.48,
2008-12-24,44.21,-1.799200355397601,,,0.81,0.65,
2008-12-26,43.38,-1.8774033024202663,,,0.79,0.65,
2008-12-29,43.9,1.1987090825265057,,,0.94,0.62,
2008-12-30,41.63,-5.170842824601363,,,0.82,0.62,
2008-12-31,40.0,-3.9154455921210696,,,0.8,0.61,
2009-01-02,39.19,-2.02500000000001,,,0.94,0.66,
2009-01-05,39.08,-0.28068384792038215,,,0.83,0.67,
2009-01-06,38.56,-1.3306038894575156,,,0.8,0.73,
2009-01-07,43.39,12.525933609958507,,,1.13,1.0,
2009-01-08,42.56,-1.9128831528001822,,,1.07,0.89,
2009-01-09,42.82,0.6109022556390897,,,1.03,0.87,
2009-01-12,45.84,7.052779075198523,,,1.16,0.99,
2009-01-13,43.27,-5.606457242582897,,,0.9,0.92,
2009-01-14,49.14,13.565981049225794,,,1.13,0.98,
2009-01-15,51.0,3.785103785103794,,,1.18,1.0,
2009-01-16,46.11,-9.588235294117652,,,0.96,0.82,
2009-01-20,56.65,22.85838212968987,,,0.96,0.9,
2009-01-21,46.42,-18.058252427184463,,,0.93,0.8,
2009-01-22,47.29,1.8741921585523347,,,0.87,0.76,
2009-01-23,47.27,-0.042292239374064344,,,0.77,0.68,
2009-01-26,45.69,-3.3425005288766796,,,0.78,0.66,
2009-01-27,42.25,-7.528999781133727,,,0.78,0.68,
2009-01-28,39.66,-6.130177514792912,,,0.75,0.62,
2009-01-29,42.63,7.488653555219371,,,0.96,0.89,
2009-01-30,44.84,5.184142622566279,,,1.02,0.87,
2009-02-02,45.52,1.5165031222123204,,,0.81,0.75,
2009-02-03,43.06,-5.404217926186295,,,0.81,0.77,
2009-02-04,43.85,1.8346493265211317,,,0.89,0.78,
2009-02-05,43.73,-0.2736602052451631,,,0.75,0.73,
2009-02-06,43.37,-0.8232334781614448,,,0.71,0.59,
2009-02-09,43.64,0.6225501498732022,,,0.66,0.63,
2009-02-10,46.67,6.9431714023831415,,,0.88,0.76,
2009-02-11,44.53,-4.585386758088705,,,0.92,0.81,
2009-02-12,41.25,-7.365820794969691,,,0.9,0.89,
2009-02-13,42.93,4.072727272727272,,,0.89,0.74,
2009-02-17,48.66,13.347309573724653,,,1.03,0.95,
2009-02-18,48.46,-0.4110152075626705,,,1.18,0.89,
2009-02-19,47.08,-2.847709451093694,,,1.14,0.95,
2009-02-20,49.3,4.715378079864063,,,1.07,0.83,
2009-02-23,52.62,6.734279918864106,,,0.95,0.8,
2009-02-24,45.49,-13.549980995819077,,,0.78,0.64,
2009-02-25,44.67,-1.8025939766981747,,,0.85,0.65,
2009-02-26,44.66,-0.022386389075457203,,,0.69,0.66,
2009-02-27,46.35,3.7841468875951856,,,0.97,0.69,
2009-03-02,52.65,13.592233009708732,,,1.07,0.86,
2009-03-03,50.93,-3.266856600189927,,,0.95,0.79,
2009-03-04,47.56,-6.616925191439227,,,0.96,0.84,
2009-03-05,50.17,5.487804878048785,,,1.02,0.9,
2009-03-06,49.33,-1.674307354993032,,,0.88,0.83,
2009-03-09,49.68,0.7095073991485901,,,0.73,0.61,
2009-03-10,44.37,-10.688405797101453,,,0.72,0.57,
2009-03-11,43.61,-1.7128690556682424,,,0.75,0.66,
2009-03-12,41.18,-5.572116487044254,,,0.7,0.61,
2009-03-13,42.36,2.865468674113636,,,0.71,0.61,
2009-03-16,43.74,3.2577903682719622,,,0.79,0.69,
2009-03-17,40.8,-6.721536351165991,,,0.78,0.66,
2009-03-18,40.06,-1.8137254901960609,,,0.64,0.54,
2009-03-19,43.68,9.036445332001986,,,0.77,0.57,
2009-03-20,45.89,5.059523809523814,,,0.9,0.73,
2009-03-23,43.23,-5.796469819132721,,,0.7,0.52,
2009-03-24,42.93,-0.6939625260235838,,,0.76,0.62,
2009-03-25,42.25,-1.583973911017933,,,0.85,0.64,
2009-03-26,40.36,-4.473372781065088,,,0.91,0.67,
2009-03-27,41.04,1.6848364717542141,,,0.91,0.74,
2009-03-30,45.54,10.964912280701755,,,1.12,0.77,
2009-03-31,44.14,-3.074220465524813,,,0.82,0.66,
2009-04-01,42.28,-4.213864975079296,,,0.9,0.71,
2009-04-02,42.04,-0.5676442762535538,,,0.69,0.59,
2009-04-03,39.7,-5.566127497621309,,,0.82,0.67,
2009-04-06,40.93,3.0982367758186413,,,0.95,0.68,
2009-04-07,40.39,-1.3193256779868046,,,0.96,0.8,
2009-04-08,38.85,-3.812824956672445,,,0.85,0.66,
2009-04-09,36.53,-5.97168597168597,,,0.8,0.56,
2009-04-13,37.81,3.503969340268265,,,0.67,0.51,
2009-04-14,37.67,-0.3702724147051084,,,0.77,0.57,
2009-04-15,36.17,-3.981948500132726,,,0.92,0.61,
2009-04-16,35.79,-1.0505944152612745,,,0.75,0.6,
2009-04-17,33.94,-5.169041631740711,,,0.72,0.55,
2009-04-20,39.18,15.439010017678267,,,0.92,0.79,
2009-04-21,37.14,-5.20673813169984,,,0.84,0.67,
2009-04-22,38.1,2.584814216478204,,,0.78,0.64,
2009-04-23,37.15,-2.493438320209984,,,0.9,0.73,
2009-04-24,36.82,-0.8882907133243578,,,0.84,0.67,
2009-04-27,38.32,4.0738728951656755,,,0.81,0.65,
2009-04-28,37.95,-0.9655532359081342,,,0.89,0.73,
2009-04-29,36.08,-4.9275362318840665,,,0.78,0.63,
2009-04-30,36.5,1.164079822616415,,,0.94,0.64,
2009-05-01,35.3,-3.287671232876721,,,0.85,0.61,
2009-05-04,34.53,-2.181303116147293,,,0.75,0.54,
2009-05-05,33.36,-3.3883579496090444,,,0.71,0.59,
2009-05-06,32.45,-2.7278177458033515,,,0.77,0.59,
2009-05-07,33.44,3.0508474576270928,,,0.82,0.67,
2009-05-08,32.05,-4.1566985645933086,,,0.87,0.62,
2009-05-11,32.87,2.5585023400936047,,,0.86,0.63,
2009-05-12,31.8,-3.2552479464557305,,,0.86,0.67,
2009-05-13,33.65,5.817610062893075,,,0.87,0.67,
2009-05-14,31.37,-6.77563150074294,,,0.87,0.62,
2009-05-15,33.12,5.57857825948358,,,0.8,0.63,
2009-05-18,30.24,-8.695652173913038,,,0.77,0.55,
2009-05-19,28.8,-4.761904761904756,,,0.81,0.62,
2009-05-20,29.03,0.7986111111111027,,,0.85,0.63,
2009-05-21,31.35,7.991732690320363,,,0.97,0.8,
2009-05-22,32.63,4.082934609250399,,,0.8,0.63,
2009-05-26,30.62,-6.159975482684654,,,0.72,0.54,
2009-05-27,32.36,5.682560418027438,,,0.86,0.71,
2009-05-28,31.67,-2.132262051915934,,,0.76,0.61,
2009-05-29,28.92,-8.683296495105775,,,0.77,0.63,
2009-06-01,30.04,3.872752420470249,,,0.77,0.56,
2009-06-02,29.63,-1.3648468708388872,,,0.84,0.63,
2009-06-03,31.02,4.691191360108005,,,0.96,0.76,
2009-06-04,30.18,-2.7079303675048405,,,0.88,0.63,
2009-06-05,29.62,-1.8555334658714284,,,0.81,0.6,
2009-06-08,29.77,0.5064145847400336,,,0.93,0.75,
2009-06-09,28.27,-5.038629492777968,,,0.87,0.66,
2009-06-10,28.46,0.6720905553590395,,,0.87,0.72,
2009-06-11,28.11,-1.2297962052002842,,,0.77,0.55,
2009-06-12,28.15,0.14229811454997687,,,0.87,0.65,
2009-06-15,30.81,9.449378330373005,,,0.81,0.6,
2009-06-16,32.68,6.069457968192138,,,1.01,0.8,
2009-06-17,31.54,-3.488372093023262,,,1.14,0.89,
2009-06-18,30.03,-4.787571337983509,,,0.93,0.77,
2009-06-19,27.99,-6.793206793206807,,,0.86,0.65,
2009-06-22,31.17,11.36120042872455,,,0.94,0.72,
2009-06-23,30.58,-1.8928456849534925,,,1.0,0.77,
2009-06-24,29.05,-5.003270111183777,,,0.86,0.62,
2009-06-25,26.36,-9.259896729776251,,,0.9,0.75,
2009-06-26,25.93,-1.6312594840667716,,,0.82,0.71,
2009-06-29,25.35,-2.236791361357493,,,0.78,0.72,
2009-06-30,26.35,3.9447731755424043,,,1.07,0.83,
2009-07-01,26.22,-0.49335863377609757,,,0.8,0.73,
2009-07-02,27.95,6.598016781083138,,,1.06,0.72,
2009-07-06,29.0,3.756708407871212,,,0.87,0.73,
2009-07-07,30.85,6.379310344827593,,,1.01,0.86,
2009-07-08,31.3,1.4586709886547755,,,1.04,0.86,
2009-07-09,29.78,-4.856230031948883,,,1.07,0.79,
2009-07-10,29.02,-2.5520483546004114,,,1.07,0.77,
2009-07-13,26.31,-9.338387319090291,,,0.83,0.69,
2009-07-14,25.02,-4.9030786773090025,,,0.84,0.77,
2009-07-15,25.89,3.477218225419665,,,0.77,0.61,
2009-07-16,25.42,-1.8153727307840817,,,0.75,0.61,
2009-07-17,24.34,-4.248623131392614,,,0.73,0.57,
2009-07-20,24.4,0.24650780608053147,,,0.7,0.6,
2009-07-21,23.87,-2.172131147540979,,,0.8,0.61,
2009-07-22,23.47,-1.675743611227487,,,0.98,0.68,
2009-07-23,23.43,-0.1704303365999138,,,0.88,0.66,
2009-07-24,23.09,-1.45113102859582,,,0.93,0.78,
2009-07-27,24.28,5.153746210480725,,,0.79,0.54,
2009-07-28,25.01,3.00658978583197,,,0.81,0.64,
2009-07-29,25.61,2.3990403838464625,,,0.92,0.62,
2009-07-30,25.4,-0.8199921905505669,,,0.67,0.51,
2009-07-31,25.92,2.0472440944881987,,,0.84,0.65,
2009-08-03,25.56,-1.388888888888895,,,0.76,0.62,
2009-08-04,24.89,-2.62128325508606,,,0.81,0.58,
2009-08-05,24.9,0.04017677782242046,,,0.74,0.52,
2009-08-06,25.67,3.0923694779116495,,,0.91,0.66,
2009-08-07,24.76,-3.544994156603043,,,0.73,0.49,
2009-08-10,24.99,0.928917609046831,,,0.76,0.56,
2009-08-11,25.99,4.001600640256098,,,0.77,0.64,
2009-08-12,25.45,-2.077722200846477,,,0.92,0.6,
2009-08-13,24.71,-2.907662082514728,,,0.78,0.51,
2009-08-14,24.27,-1.780655605018211,,,0.95,0.59,
2009-08-17,27.89,14.915533580552133,,,0.99,0.71,
2009-08-18,26.18,-6.131229831480822,,,0.93,0.63,
2009-08-19,26.26,0.30557677616502854,,,0.97,0.62,
2009-08-20,25.09,-4.455445544554459,,,0.71,0.5,
2009-08-21,25.01,-0.31885213232363263,,,0.59,0.39,
2009-08-24,25.14,0.5197920831667258,,,0.73,0.52,
2009-08-25,24.92,-0.8750994431185322,,,0.81,0.59,
2009-08-26,24.95,0.12038523274477964,,,1.04,0.64,
2009-08-27,24.68,-1.082164328657309,,,0.81,0.59,
2009-08-28,24.76,0.32414910858995505,,,0.76,0.58,
2009-08-31,26.01,5.048465266558955,,,0.89,0.63,
2009-09-01,29.15,12.07227989234909,,,0.93,0.69,
2009-09-02,28.9,-0.8576329331046351,,,0.92,0.69,
2009-09-03,27.1,-6.228373702422141,,,0.93,0.6,
2009-09-04,25.26,-6.789667896678964,,,0.89,0.59,
2009-09-08,25.62,1.4251781472684133,,,0.79,0.59,
2009-09-09,24.32,-5.0741608118657355,,,0.86,0.54,
2009-09-10,23.55,-3.1661184210526327,,,0.9,0.61,
2009-09-11,24.15,2.547770700636942,,,0.88,0.61,
2009-09-14,23.86,-1.200828157349898,,,0.8,0.55,
2009-09-15,23.42,-1.8440905280804554,,,0.76,0.56,
2009-09-16,23.69,1.1528608027327136,,,0.66,0.46,
2009-09-17,23.65,-0.16884761502744539,,,0.78,0.53,
2009-09-18,23.92,1.1416490486258146,,,0.86,0.56,
2009-09-21,24.06,0.5852842809364489,,,0.74,0.64,
2009-09-22,23.08,-4.073150457190355,,,0.76,0.55,
2009-09-23,23.49,1.7764298093587483,,,0.89,0.6,
2009-09-24,24.95,6.215410813111966,,,0.99,0.71,
2009-09-25,25.61,2.6452905811623184,,,0.96,0.58,
2009-09-28,24.88,-2.850449043342451,,,1.0,0.6,
2009-09-29,25.19,1.2459807073954998,,,0.86,0.61,
2009-09-30,25.61,1.6673283048828758,,,1.11,0.73,
2009-10-01,28.27,10.38656774697384,,,0.97,0.73,
2009-10-02,28.68,1.4503006720905542,,,1.11,0.85,
2009-10-05,26.84,-6.415620641562059,,,0.8,0.56,
2009-10-06,25.7,-4.247391952309987,,,0.77,0.48,
2009-10-07,24.68,-3.9688715953307363,,,0.78,0.51,
2009-10-08,24.18,-2.025931928687197,,,0.72,0.53,
2009-10-09,23.12,-4.383788254755993,,,0.79,0.55,
2009-10-12,23.01,-0.47577854671280173,,,0.82,0.56,
2009-10-13,22.99,-0.08691873098654046,,,0.81,0.56,
2009-10-14,22.86,-0.5654632448890751,,,0.69,0.47,
2009-10-15,21.72,-4.986876640419946,,,0.69,0.46,
2009-10-16,21.43,-1.3351749539594837,,,0.76,0.54,
2009-10-19,21.49,0.2799813345776947,,,0.9,0.61,
2009-10-20,20.9,-2.74546300604932,,,0.91,0.67,
2009-10-21,22.22,6.315789473684208,,,0.94,0.55,
2009-10-22,20.69,-6.885688568856874,,,0.81,0.6,
2009-10-23,22.27,7.636539391010144,,,0.85,0.64,
2009-10-26,24.31,9.160305343511443,,,0.88,0.65,
2009-10-27,24.83,2.1390374331550888,,,1.01,0.62,
2009-10-28,27.91,12.404349577124464,,,1.1,0.69,
2009-10-29,24.76,-11.286277319956994,,,0.84,0.53,
2009-10-30,30.69,23.94991922455574,,,1.21,0.8,
2009-11-02,29.78,-2.965135223199744,,,1.03,0.79,
2009-11-03,28.81,-3.257219610476836,,,0.93,0.69,
2009-11-04,27.72,-3.783408538701838,,,0.82,0.57,
2009-11-05,25.43,-8.261183261183259,,,0.88,0.64,
2009-11-06,24.19,-4.876130554463232,,,1.03,0.64,
2009-11-09,23.15,-4.299297230260446,,,0.87,0.53,
2009-11-10,22.84,-1.3390928725701912,,,0.83,0.57,
2009-11-11,23.04,0.8756567425569184,,,0.89,0.51,
2009-11-12,24.24,5.208333333333326,,,0.85,0.58,
2009-11-13,23.36,-3.63036303630363,,,1.01,0.62,
2009-11-16,22.89,-2.0119863013698613,,,0.84,0.56,
2009-11-17,22.41,-2.09698558322412,,,0.88,0.66,
2009-11-18,21.63,-3.4805890227577074,,,0.83,0.59,
2009-11-19,22.63,4.623208506703658,,,0.99,0.73,
2009-11-20,22.19,-1.944321696862561,,,0.91,0.66,
2009-11-23,21.16,-4.641730509238395,,,0.67,0.55,
2009-11-24,20.47,-3.2608695652173947,,,0.88,0.64,
2009-11-25,20.48,0.04885197850512668,,,0.84,0.61,
2009-11-27,24.85,21.337890625,,,1.05,0.77,
2009-11-30,24.51,-1.3682092555332037,,,1.04,0.77,
2009-12-01,21.92,-10.567115463076293,,,0.85,0.56,
2009-12-02,21.12,-3.649635036496357,,,0.87,0.55,
2009-12-03,22.46,6.344696969696972,,,0.67,0.61,
2009-12-04,21.25,-5.387355298308105,,,0.84,0.66,
2009-12-07,22.1,4.0000000000000036,,,0.89,0.65,
2009-12-08,23.69,7.194570135746603,,,0.89,0.63,
2009-12-09,22.66,-4.34782608695653,,,0.95,0.56,
2009-12-10,22.32,-1.5004413062665534,,,0.88,0.6,
2009-12-11,21.59,-3.2706093189964203,,,0.89,0.6,
2009-12-14,21.15,-2.037980546549334,,,0.87,0.61,
2009-12-15,21.49,1.6075650118203333,,,0.75,0.58,
2009-12-16,20.54,-4.420660772452301,,,0.87,0.65,
2009-12-17,22.51,9.591041869522886,,,0.89,0.67,
2009-12-18,21.68,-3.6872501110617573,,,0.95,0.67,
2009-12-21,20.49,-5.488929889298899,,,0.62,0.5,
2009-12-22,19.54,-4.636408003904336,,,0.6,0.65,
2009-12-23,19.71,0.8700102354145534,,,0.81,0.59,
2009-12-24,19.47,-1.2176560121765712,,,0.7,0.49,
2009-12-28,19.93,2.3626091422701556,,,0.77,0.53,
2009-12-29,20.01,0.4014049172102352,,,0.9,0.59,
2009-12-30,19.96,-0.249875062468774,,,0.77,0.59,
2009-12-31,21.68,8.617234468937873,,,0.9,0.59,
2010-01-04,20.04,-7.564575645756455,,,0.68,0.48,
2010-01-05,19.35,-3.4431137724550753,,,0.71,0.55,
2010-01-06,19.16,-0.9819121447028456,,,0.69,0.5,
2010-01-07,19.06,-0.521920668058462,,,0.7,0.48,
2010-01-08,18.13,-4.8793284365162615,,,0.64,0.46,
2010-01-11,17.55,-3.1991174848317594,,,0.67,0.46,
2010-01-12,18.25,3.9886039886039892,,,0.8,0.58,
2010-01-13,17.85,-2.191780821917799,,,0.81,0.55,
2010-01-14,17.63,-1.2324929971988974,,,0.75,0.53,
2010-01-15,17.91,1.5882019285309301,,,0.82,0.58,
2010-01-19,17.58,-1.8425460636516067,,,0.73,0.56,
2010-01-20,18.68,6.257110352673512,,,0.94,0.66,
2010-01-21,22.27,19.218415417558887,,,0.93,0.7,
2010-01-22,27.31,22.63134261338122,,,1.07,0.75,
2010-01-25,25.41,-6.95715854998169,,,0.98,0.64,
2010-01-26,24.55,-3.384494293585205,,,0.84,0.65,
2010-01-27,23.14,-5.743380855397151,,,0.95,0.67,
2010-01-28,23.73,2.549697493517722,,,0.8,0.65,
2010-01-29,24.62,3.750526759376327,,,0.99,0.73,
2010-02-01,22.59,-8.245329000812351,,,0.74,0.58,
2010-02-02,21.48,-4.913678618857897,,,0.86,0.58,
2010-02-03,21.6,0.5586592178770999,,,0.84,0.64,
2010-02-04,26.08,20.740740740740726,,,1.06,0.78,
2010-02-05,26.11,0.11503067484663898,,,1.22,0.78,
2010-02-08,26.51,1.5319800842589215,,,0.99,0.7,
2010-02-09,26.0,-1.9238023387400993,,,0.98,0.71,
2010-02-10,25.4,-2.3076923076923106,,,0.94,0.63,
2010-02-11,23.96,-5.6692913385826715,,,0.88,0.73,
2010-02-12,22.73,-5.133555926544242,,,0.9,0.61,
2010-02-16,22.25,-2.111746590409158,,,0.88,0.63,
2010-02-17,21.72,-2.382022471910117,,,0.92,0.61,
2010-02-18,20.63,-5.018416206261511,,,0.78,0.67,
2010-02-19,20.02,-2.956858943286478,,,0.85,0.66,
2010-02-22,19.94,-0.39960039960038607,,,0.82,0.6,
2010-02-23,21.37,7.171514543630897,,,1.04,0.78,
2010-02-24,20.27,-5.147402901263465,,,0.84,0.67,
2010-02-25,20.1,-0.8386778490379831,,,1.03,0.81,
2010-02-26,19.5,-2.9850746268656803,,,0.86,0.68,
2010-03-01,19.26,-1.2307692307692242,,,0.95,0.58,
2010-03-02,19.06,-1.0384215991692813,,,0.78,0.6,
2010-03-03,18.83,-1.206715634837363,,,0.87,0.65,
2010-03-04,18.72,-0.5841741901221442,,,1.0,0.66,
2010-03-05,17.42,-6.94444444444443,,,0.82,0.52,
2010-03-08,17.79,2.1239954075774836,,,0.91,0.51,
2010-03-09,17.92,0.7307476110174349,,,0.68,0.46,
2010-03-10,18.57,3.6272321428571397,,,0.82,0.52,
2010-03-11,18.06,-2.746365105008086,,,0.91,0.53,
2010-03-12,17.58,-2.657807308970106,,,0.85,0.51,
2010-03-15,18.0,2.3890784982935287,,,0.79,0.56,
2010-03-16,17.69,-1.7222222222222139,,,0.76,0.52,
2010-03-17,16.91,-4.4092707744488475,,,0.85,0.49,
2010-03-18,16.62,-1.714961561206385,,,0.77,0.53,
2010-03-19,16.97,2.105896510228633,,,0.97,0.6,
2010-03-22,16.87,-0.5892751915144268,,,0.9,0.53,
2010-03-23,16.35,-3.082394783639597,,,0.65,0.58,
2010-03-24,17.55,7.339449541284404,,,0.92,0.64,
2010-03-25,18.4,4.843304843304841,,,0.84,0.49,
2010-03-26,17.77,-3.423913043478255,,,0.92,0.65,
2010-03-29,17.59,-1.0129431626336505,,,0.86,0.64,
2010-03-30,17.13,-2.6151222285389464,,,0.85,0.53,
2010-03-31,17.59,2.6853473438412268,,,0.84,0.51,
2010-04-01,17.47,-0.6822057987492913,,,0.88,0.51,
2010-04-05,17.02,-2.5758443045220347,,,0.78,0.43,
2010-04-06,16.23,-4.641598119858981,,,0.73,0.44,
2010-04-07,16.62,2.402957486136792,,,0.9,0.57,
2010-04-08,16.48,-0.8423586040914643,,,0.78,0.46,
2010-04-09,16.14,-2.0631067961165095,,,0.71,0.48,
2010-04-12,15.58,-3.4696406443618377,,,0.67,0.4,
2010-04-13,16.2,3.979460847240057,,,0.72,0.48,
2010-04-14,15.59,-3.765432098765431,,,0.55,0.32,
2010-04-15,15.89,1.9243104554201418,,,0.69,0.36,
2010-04-16,18.36,15.544367526746372,,,0.85,0.52,
2010-04-19,17.34,-5.555555555555558,,,0.89,0.5,
2010-04-20,15.73,-9.28489042675894,,,0.89,0.51,
2010-04-21,16.32,3.75079465988557,,,0.89,0.52,
2010-04-22,16.47,0.9191176470588092,,,0.74,0.51,
2010-04-23,16.62,0.9107468123861651,,,0.71,0.48,
2010-04-26,17.47,5.114320096269531,,,0.67,0.42,
2010-04-27,22.81,30.56668574699486,,,0.88,0.57,
2010-04-28,21.08,-7.584392810170981,,,0.82,0.53,
2010-04-29,18.44,-12.523719165085378,,,0.72,0.49,
2010-04-30,22.05,19.577006507592177,,,1.04,0.61,
2010-05-03,20.19,-8.435374149659857,,,0.79,0.53,
2010-05-04,23.84,18.078256562654783,,,0.99,0.68,
2010-05-05,24.91,4.488255033557054,,,1.13,0.7,
2010-05-06,32.8,31.67402649538338,,,1.02,0.72,
2010-05-07,40.95,24.847560975609785,,,1.2,0.8,
2010-05-10,28.84,-29.572649572649578,,,0.99,0.62,
2010-05-11,28.32,-1.8030513176144236,,,1.07,0.69,
2010-05-12,25.52,-9.887005649717517,,,0.85,0.51,
2010-05-13,26.68,4.545454545454541,,,0.85,0.56,
2010-05-14,31.24,17.091454272863558,,,1.12,0.73,
2010-05-17,30.84,-1.2804097311139517,,,1.01,0.7,
2010-05-18,33.55,8.787289234760042,,,1.0,0.64,
2010-05-19,35.32,5.275707898658721,,,1.37,0.82,
2010-05-20,45.79,29.643261608154027,,,1.5,0.91,
2010-05-21,40.1,-12.42629395064424,,,1.28,0.87,
2010-05-24,38.32,-4.4389027431421475,,,0.92,0.62,
2010-05-25,34.61,-9.681628392484342,,,1.11,0.66,
2010-05-26,35.02,1.1846287200231176,,,1.03,0.53,
2010-05-27,29.68,-15.248429468874935,,,1.01,0.5,
2010-05-28,32.07,8.052560646900275,,,1.2,0.58,
2010-06-01,35.54,10.820081072653576,,,0.9,0.61,
2010-06-02,30.17,-15.109735509285304,,,0.9,0.63,
2010-06-03,29.46,-2.3533311236327514,,,1.07,0.59,
2010-06-04,35.48,20.434487440597415,,,0.99,0.6,
2010-06-07,36.57,3.0721533258173617,,,0.97,0.6,
2010-06-08,33.7,-7.847962811047305,,,1.14,0.7,
2010-06-09,33.73,0.08902077151333732,,,1.05,0.74,
2010-06-10,30.57,-9.368514675363171,,,1.0,0.66,
2010-06-11,28.79,-5.8227019954203545,,,1.08,0.7,
2010-06-14,28.58,-0.7294199374782928,,,1.07,0.7,
2010-06-15,25.87,-9.482155353393972,,,0.84,0.56,
2010-06-16,25.92,0.19327406262079627,,,0.94,0.66,
2010-06-17,25.05,-3.356481481481488,,,0.9,0.71,
2010-06-18,23.95,-4.3912175648702645,,,0.86,0.62,
2010-06-21,24.88,3.883089770354897,,,0.91,0.54,
2010-06-22,27.05,8.721864951768499,,,1.04,0.63,
2010-06-23,26.91,-0.5175600739371511,,,1.09,0.71,
2010-06-24,29.74,10.51653660349312,,,1.29,0.82,
2010-06-25,28.53,-4.068594485541355,,,0.89,0.63,
2010-06-28,29.0,1.6473887136347676,,,0.78,0.66,
2010-06-29,34.13,17.689655172413808,,,1.09,0.8,
2010-06-30,34.54,1.2012891883973031,,,1.08,0.62,
2010-07-01,32.86,-4.86392588303416,,,1.24,0.75,
2010-07-02,30.12,-8.33840535605599,,,0.89,0.6,
2010-07-06,29.65,-1.5604249667994785,,,1.2,0.61,
2010-07-07,26.84,-9.477234401349065,,,0.87,0.52,
2010-07-08,25.71,-4.210134128166909,,,0.81,0.56,
2010-07-09,24.98,-2.839362115908206,,,0.84,0.58,
2010-07-12,24.43,-2.201761409127301,,,0.97,0.61,
2010-07-13,24.56,0.5321326238231672,,,0.8,0.49,
2010-07-14,24.89,1.3436482084690615,,,0.91,0.56,
2010-07-15,25.14,1.0044194455604671,,,0.87,0.61,
2010-07-16,26.25,4.415274463007157,,,1.06,0.74,
2010-07-19,25.97,-1.0666666666666713,,,0.7,0.51,
2010-07-20,23.93,-7.855217558721595,,,0.84,0.51,
2010-07-21,25.64,7.145842039281236,,,0.99,0.63,
2010-07-22,24.63,-3.9391575663026535,,,0.81,0.52,
2010-07-23,23.47,-4.709703613479499,,,0.83,0.55,
2010-07-26,22.73,-3.1529612270984164,,,0.95,0.53,
2010-07-27,23.19,2.0237571491421136,,,0.81,0.52,
2010-07-28,24.25,4.570935748167315,,,0.95,0.7,
2010-07-29,24.13,-0.49484536082474717,,,0.96,0.65,
2010-07-30,23.5,-2.610857853294646,,,0.8,0.61,
2010-08-02,22.01,-6.3404255319148835,,,0.9,0.56,
2010-08-03,22.63,2.8169014084507005,,,0.85,0.6,
2010-08-04,22.21,-1.8559434379142647,,,0.81,0.56,
2010-08-05,22.1,-0.49527239981990157,,,0.94,0.61,
2010-08-06,21.74,-1.628959276018116,,,0.89,0.58,
2010-08-09,22.14,1.839926402943881,,,0.8,0.56,
2010-08-10,22.37,1.0388437217705437,,,1.0,0.63,
2010-08-11,25.39,13.500223513634335,,,1.05,0.75,
2010-08-12,25.73,1.3391098857818085,,,0.98,0.61,
2010-08-13,26.24,1.9821220365332293,,,1.0,0.66,
2010-08-16,26.1,-0.5335365853658458,,,0.9,0.7,
2010-08-17,24.33,-6.7816091954023054,,,0.97,0.62,
2010-08-18,24.59,1.0686395396629633,,,1.2,0.67,
2010-08-19,26.44,7.5233834892232565,,,0.96,0.71,
2010-08-20,25.49,-3.593040847201223,,,1.03,0.73,
2010-08-23,25.66,0.6669282071400717,,,0.71,0.4,
2010-08-24,27.46,7.014809041309444,,,0.96,0.73,
2010-08-25,26.7,-2.76766205389658,,,1.0,0.61,
2010-08-26,27.37,2.5093632958801626,,,0.93,0.62,
2010-08-27,24.45,-10.668615272195836,,,0.82,0.56,
2010-08-30,27.21,11.288343558282211,,,0.95,0.58,
2010-08-31,26.05,-4.263138552002943,,,0.91,0.74,
2010-09-01,23.89,-8.291746641074859,,,0.82,0.48,
2010-09-02,23.19,-2.9300962745918757,,,0.87,0.55,
2010-09-03,21.31,-8.106942647692982,,,0.94,0.56,
2010-09-07,23.8,11.684655091506336,,,1.31,0.61,
2010-09-08,23.25,-2.310924369747902,,,0.93,0.54,
2010-09-09,22.81,-1.8924731182795806,,,1.05,0.6,
2010-09-10,21.99,-3.5949145111793035,,,1.22,0.66,
2010-09-13,21.21,-3.547066848567515,,,0.81,0.52,
2010-09-14,21.56,1.6501650165016368,,,0.89,0.59,
2010-09-15,22.1,2.504638218923949,,,0.94,0.56,
2010-09-16,21.72,-1.7194570135746767,,,0.83,0.58,
2010-09-17,22.01,1.3351749539594948,,,0.9,0.59,
2010-09-20,21.5,-2.3171285779191364,,,0.78,0.48,
2010-09-21,22.35,3.953488372093039,,,0.94,0.6,
2010-09-22,22.51,0.7158836689038051,,,0.95,0.73,
2010-09-23,23.87,6.041759218125264,,,0.93,0.63,
2010-09-24,21.71,-9.0490155006284,,,0.84,0.53,
2010-09-27,22.54,3.8231229847996318,,,0.83,0.57,
2010-09-28,22.6,0.266193433895312,,,1.0,0.59,
2010-09-29,23.25,2.8761061946902533,,,0.77,0.54,
2010-09-30,23.7,1.9354838709677358,,,0.83,0.52,
2010-10-01,22.5,-5.0632911392405,,,0.76,0.54,
2010-10-04,23.53,4.577777777777792,,,0.81,0.59,
2010-10-05,21.76,-7.522311942201442,,,0.85,0.54,
2010-10-06,21.49,-1.2408088235294268,,,0.84,0.58,
2010-10-07,21.56,0.32573289902280145,,,1.05,0.66,
2010-10-08,20.71,-3.942486085343222,,,0.84,0.55,
2010-10-11,18.96,-8.450024142926127,,,0.81,0.57,
2010-10-12,18.93,-0.15822784810126667,,,1.1,0.51,
2010-10-13,19.07,0.7395668251452658,,,0.73,0.45,
2010-10-14,19.88,4.247509176717346,,,0.81,0.57,
2010-10-15,19.03,-4.275653923541234,,,0.72,0.56,
2010-10-18,19.09,0.31529164477139826,,,0.83,0.56,
2010-10-19,20.63,8.067050811943432,,,0.92,0.74,
2010-10-20,19.79,-4.07174018419777,,,0.98,0.66,
2010-10-21,19.27,-2.62758969176351,,,0.96,0.72,
2010-10-22,18.78,-2.5428126621691693,,,0.88,0.68,
2010-10-25,19.85,5.697550585729494,,,0.9,0.63,
2010-10-26,20.22,1.8639798488664816,,,0.89,0.6,
2010-10-27,20.71,2.4233432245301723,,,0.84,0.62,
2010-10-28,20.88,0.8208594881699671,,,0.85,0.6,
2010-10-29,21.2,1.5325670498084198,,,0.89,0.54,
2010-11-01,21.83,2.9716981132075437,,,0.86,0.63,
2010-11-02,21.57,-1.1910215300045768,,,0.78,0.54,
2010-11-03,19.56,-9.31849791376913,,,0.88,0.52,
2010-11-04,18.52,-5.316973415132919,,,0.76,0.44,
2010-11-05,18.26,-1.4038876889848728,,,0.67,0.41,
2010-11-08,18.29,0.16429353778750766,,,0.69,0.5,
2010-11-09,19.08,4.3193001640240425,,,0.83,0.56,
2010-11-10,18.47,-3.197064989517817,,,0.71,0.47,
2010-11-11,18.64,0.9204114780725581,,,0.75,0.55,
2010-11-12,20.61,10.56866952789699,,,1.0,0.63,
2010-11-15,20.2,-1.9893255701115997,,,0.77,0.55,
2010-11-16,22.58,11.78217821782177,,,0.92,0.66,
2010-11-17,21.76,-3.631532329495113,,,0.89,0.56,
2010-11-18,18.75,-13.832720588235304,,,0.81,0.53,
2010-11-19,18.04,-3.7866666666666715,,,0.66,0.56,
2010-11-22,18.37,1.8292682926829285,,,0.77,0.56,
2010-11-23,20.63,12.30266739248773,,,0.92,0.7,
2010-11-24,19.56,-5.186621425109061,,,1.05,0.53,
2010-11-26,22.22,13.599182004089982,,,0.83,0.64,
2010-11-29,21.53,-3.105310531053096,,,0.96,0.7,
2010-11-30,23.54,9.335810496980956,,,0.86,0.57,
2010-12-01,21.36,-9.260832625318605,,,0.79,0.45,
2010-12-02,19.39,-9.222846441947564,,,0.69,0.45,
2010-12-03,18.01,-7.1170706549767875,,,0.76,0.5,
2010-12-06,18.02,0.05552470849528035,,,0.71,0.49,
2010-12-07,17.99,-0.16648168701443034,,,0.73,0.45,
2010-12-08,17.74,-1.3896609227348478,,,0.71,0.47,
2010-12-09,17.25,-2.7621195039458812,,,0.69,0.43,
2010-12-10,17.61,2.086956521739136,,,0.73,0.42,
2010-12-13,17.55,-0.34071550255535543,,,0.55,0.35,
2010-12-14,17.61,0.34188034188034067,,,0.82,0.5,
2010-12-15,17.94,1.873935264054527,,,0.66,0.51,
2010-12-16,17.39,-3.0657748049052413,,,0.85,0.5,
2010-12-17,16.11,-7.360552041403112,,,0.74,0.49,
2010-12-20,16.41,1.862197392923659,,,0.73,0.58,
2010-12-21,16.49,0.48750761730651515,,,0.7,0.5,
2010-12-22,15.45,-6.306852637962401,,,0.8,0.47,
2010-12-23,16.47,6.601941747572804,,,0.85,0.52,
2010-12-27,17.67,7.285974499089276,,,0.74,0.53,
2010-12-28,17.52,-0.8488964346349825,,,0.76,0.55,
2010-12-29,17.28,-1.3698630136986245,,,0.74,0.52,
2010-12-30,17.52,1.388888888888884,,,0.7,0.51,
2010-12-31,17.75,1.3127853881278462,,,0.97,0.7,
2011-01-03,17.61,-0.7887323943661984,,,0.64,0.4,
2011-01-04,17.38,-1.306076093128905,,,0.63,0.43,
2011-01-05,17.02,-2.0713463751438455,,,0.69,0.48,
2011-01-06,17.4,2.232667450058745,,,0.71,0.46,
2011-01-07,17.14,-1.4942528735632066,,,0.87,0.5,
2011-01-10,17.54,2.3337222870478236,,,0.78,0.54,
2011-01-11,16.89,-3.7058152793614463,,,0.83,0.53,
2011-01-12,16.24,-3.8484310242747344,,,0.81,0.45,
2011-01-13,16.39,0.923645320197064,,,0.7,0.5,
2011-01-14,15.46,-5.674191580231847,,,0.58,0.37,
2011-01-18,15.87,2.652005174644234,,,0.71,0.44,
2011-01-19,17.31,9.073724007561434,,,0.82,0.47,
2011-01-20,17.99,3.928365106874643,,,0.91,0.67,
2011-01-21,18.47,2.66814897165093,,,0.79,0.55,
2011-01-24,17.65,-4.439631835408775,,,0.73,0.51,
2011-01-25,17.59,-0.3399433427761944,,,0.92,0.63,
2011-01-26,16.64,-5.4007959067651985,,,0.9,0.58,
2011-01-27,16.15,-2.944711538461553,,,1.0,0.56,
2011-01-28,20.04,24.086687306501563,,,1.05,0.65,
2011-01-31,19.53,-2.5449101796407136,,,1.0,0.61,
2011-02-01,17.63,-9.728622631848449,,,0.8,0.49,
2011-02-02,17.3,-1.871809415768566,,,0.75,0.45,
2011-02-03,16.69,-3.5260115606936426,,,0.86,0.58,
2011-02-04,15.93,-4.5536249251048595,,,0.87,0.64,
2011-02-07,16.28,2.1971123666038928,,,0.79,0.46,
2011-02-08,15.81,-2.886977886977893,,,0.81,0.52,
2011-02-09,15.87,0.3795066413662118,,,0.85,0.52,
2011-02-10,16.09,1.3862633900441068,,,0.78,0.55,
2011-02-11,15.69,-2.486016159105031,,,0.78,0.51,
2011-02-14,15.95,1.6571064372211675,,,0.85,0.51,
2011-02-15,16.37,2.633228840125401,,,0.82,0.53,
2011-02-16,16.72,2.138057422113615,,,0.91,0.58,
2011-02-17,16.59,-0.7775119617224768,,,0.72,0.5,
2011-02-18,16.43,-0.9644364074743783,,,0.9,0.61,
2011-02-22,20.8,26.597687157638482,,,0.96,0.68,
2011-02-23,22.13,6.394230769230758,,,0.95,0.72,
2011-02-24,21.32,-3.6601897876186062,,,0.98,0.71,
2011-02-25,19.22,-9.849906191369618,,,0.82,0.49,
2011-02-28,18.35,-4.526534859521314,,,0.83,0.53,
2011-03-01,21.01,14.4959128065395,,,0.93,0.64,
2011-03-02,20.7,-1.475487862922431,,,0.79,0.55,
2011-03-03,18.6,-10.144927536231874,,,0.85,0.55,
2011-03-04,19.06,2.473118279569886,,,0.79,0.57,
2011-03-07,20.66,8.394543546694667,,,0.91,0.64,
2011-03-08,19.82,-4.065827686350431,,,0.86,0.54,
2011-03-09,20.22,2.0181634712411523,,,0.86,0.6,
2011-03-10,21.88,8.20969337289812,,,1.03,0.73,
2011-03-11,20.08,-8.226691042047541,,,1.06,0.62,
2011-03-14,21.13,5.229083665338652,,,0.94,0.67,
2011-03-15,24.32,15.09701845716991,,,1.06,0.71,
2011-03-16,29.4,20.888157894736835,,,1.18,0.79,
2011-03-17,26.37,-10.306122448979583,,,1.04,0.71,
2011-03-18,24.44,-7.3189230185817244,,,0.97,0.67,
2011-03-21,20.61,-15.671031096563015,,,0.74,0.49,
2011-03-22,20.21,-1.9408054342552106,,,0.76,0.55,
2011-03-23,19.17,-5.145967342899549,,,0.84,0.59,
2011-03-24,18.0,-6.103286384976537,,,0.86,0.55,
2011-03-25,17.91,-0.5000000000000004,,,0.82,0.53,
2011-03-28,19.44,8.5427135678392,,,0.83,0.56,
2011-03-29,18.16,-6.584362139917699,,,0.74,0.52,
2011-03-30,17.71,-2.4779735682819326,,,0.76,0.54,
2011-03-31,17.74,0.16939582156971777,,,0.86,0.56,
2011-04-01,17.4,-1.916572717023679,,,0.9,0.51,
2011-04-04,17.5,0.5747126436781658,,,1.04,0.59,
2011-04-05,17.25,-1.4285714285714235,,,0.81,0.56,
2011-04-06,16.9,-2.0289855072463836,,,0.68,0.55,
2011-04-07,17.11,1.2426035502958621,,,0.88,0.53,
2011-04-08,17.87,4.441846873173594,,,0.86,0.58,
2011-04-11,16.59,-7.16284275321769,,,0.96,0.62,
2011-04-12,17.09,3.013863773357439,,,1.1,0.58,
2011-04-13,16.92,-0.9947337624341634,,,0.87,0.65,
2011-04-14,16.27,-3.8416075650118287,,,0.97,0.69,
2011-04-15,15.32,-5.838967424708052,,,0.93,0.63,
2011-04-18,16.96,10.704960835509137,,,0.85,0.6,
2011-04-19,15.83,-6.662735849056611,,,0.89,0.64,
2011-04-20,15.07,-4.801010739102962,,,0.92,0.51,
2011-04-21,14.69,-2.52156602521566,,,0.92,0.62,
2011-04-25,15.77,7.3519400953029335,,,0.74,0.57,
2011-04-26,15.62,-0.9511731135066648,,,0.86,0.57,
2011-04-27,15.35,-1.728553137003841,,,0.87,0.59,
2011-04-28,14.62,-4.755700325732903,,,0.82,0.54,
2011-04-29,14.75,0.8891928864569243,,,0.92,0.59,
2011-05-02,15.99,8.40677966101695,,,0.83,0.5,
2011-05-03,16.7,4.4402751719824884,,,0.89,0.61,
2011-05-04,17.08,2.2754491017964007,,,1.01,0.72,
2011-05-05,18.2,6.557377049180335,,,1.06,0.65,
2011-05-06,18.4,1.098901098901095,,,0.97,0.62,
2011-05-09,17.16,-6.739130434782603,,,0.79,0.63,
2011-05-10,15.91,-7.284382284382285,,,0.8,0.58,
2011-05-11,16.95,6.536769327467007,,,0.95,0.67,
2011-05-12,16.03,-5.427728613569316,,,0.86,0.67,
2011-05-13,17.07,6.487835308795997,,,0.92,0.73,
2011-05-16,18.24,6.854130052724061,,,0.94,0.61,
2011-05-17,17.55,-3.7828947368420907,,,1.14,0.75,
2011-05-18,16.23,-7.521367521367528,,,0.96,0.68,
2011-05-19,15.52,-4.374614910659281,,,0.96,0.7,
2011-05-20,17.43,12.306701030927837,,,1.05,0.75,
2011-05-23,18.27,4.819277108433728,,,1.04,0.69,
2011-05-24,17.82,-2.463054187192115,,,0.8,0.61,
2011-05-25,17.07,-4.208754208754206,,,0.73,0.51,
2011-05-26,16.09,-5.7410661980082045,,,0.91,0.6,
2011-05-27,15.98,-0.6836544437538783,,,0.71,0.51,
2011-05-31,15.45,-3.3166458072590776,,,0.76,0.54,
2011-06-01,18.3,18.446601941747588,,,1.09,0.76,
2011-06-02,18.09,-1.1475409836065653,,,1.06,0.71,
2011-06-03,17.95,-0.7739082365948113,,,1.23,0.71,
2011-06-06,18.49,3.0083565459609884,,,1.11,0.8,
2011-06-07,18.07,-2.2714981070849016,,,1.05,0.74,
2011-06-08,18.79,3.984504703929148,,,1.16,0.95,
2011-06-09,17.77,-5.428419372006388,,,1.02,0.77,
2011-06-10,18.86,6.133933595948227,,,1.17,1.01,
2011-06-13,19.61,3.9766702014846222,,,1.07,0.73,
2011-06-14,18.26,-6.884242733299328,,,1.02,0.65,
2011-06-15,21.32,16.75794085432638,,,1.37,1.09,
2011-06-16,22.73,6.613508442776728,,,1.12,1.03,
2011-06-17,21.85,-3.8715354157501047,,,1.2,1.09,
2011-06-20,19.99,-8.512585812356988,,,0.88,0.57,
2011-06-21,18.86,-5.652826413206602,,,0.95,0.59,
2011-06-22,18.52,-1.8027571580063628,,,0.84,0.53,
2011-06-23,19.29,4.157667386609076,,,1.03,0.65,
2011-06-24,21.1,9.383100051840355,,,1.07,0.7,
2011-06-27,20.56,-2.5592417061611528,,,0.84,0.62,
2011-06-28,19.17,-6.760700389105045,,,0.9,0.59,
2011-06-29,17.27,-9.911319770474714,,,1.02,0.56,
2011-06-30,16.52,-4.342790966994792,,,0.93,0.54,
2011-07-01,15.87,-3.934624697336564,,,0.86,0.55,
2011-07-05,16.06,1.1972274732199084,,,1.11,0.64,
2011-07-06,16.34,1.7434620174346271,,,1.04,0.71,
2011-07-07,15.95,-2.386780905752761,,,0.84,0.56,
2011-07-08,15.95,0.0,,,1.01,0.58,
2011-07-11,18.39,15.297805642633232,,,1.15,0.74,
2011-07-12,19.87,8.047852093529094,,,1.09,0.67,
2011-07-13,19.91,0.20130850528434774,,,1.0,0.67,
2011-07-14,20.8,4.470115519839291,,,1.05,0.78,
2011-07-15,19.53,-6.105769230769232,,,1.07,0.64,
2011-07-18,20.95,7.27086533538146,,,0.95,0.68,
2011-07-19,19.21,-8.305489260143196,,,0.67,0.51,
2011-07-20,19.09,-0.6246746486205157,,,0.79,0.61,
2011-07-21,17.56,-8.014667365112626,,,0.75,0.56,
2011-07-22,17.52,-0.2277904328018221,,,0.84,0.6,
2011-07-25,19.35,10.445205479452069,,,0.91,0.6,
2011-07-26,20.23,4.547803617571056,,,0.8,0.58,
2011-07-27,22.98,13.59367276322294,,,1.1,0.66,
2011-07-28,23.74,3.3072236727589077,,,0.91,0.68,
2011-07-29,25.25,6.36057287278855,,,1.17,0.77,
2011-08-01,23.66,-6.297029702970292,,,1.13,0.76,
2011-08-02,24.79,4.775993237531684,,,1.15,0.68,
2011-08-03,23.38,-5.687777329568378,,,1.28,0.77,
2011-08-04,31.66,35.414884516680935,,,1.3,0.96,
2011-08-05,32.0,1.073910296904601,,,1.21,0.94,
2011-08-08,48.0,50.0,,,1.35,1.07,
2011-08-09,35.06,-26.95833333333333,,,1.39,0.85,
2011-08-10,42.99,22.618368511123776,,,1.21,0.81,
2011-08-11,39.0,-9.281228192602931,,,1.01,0.62,
2011-08-12,36.36,-6.769230769230772,,,1.08,0.75,
2011-08-15,31.87,-12.348734873487343,,,1.12,0.68,
2011-08-16,32.85,3.07499215563225,,,1.05,0.74,
2011-08-17,31.58,-3.866057838660586,,,1.34,0.8,
2011-08-18,42.67,35.1171627612413,,,1.48,0.96,
2011-08-19,43.05,0.8905554253573866,,,1.33,1.03,
2011-08-22,42.44,-1.4169570267131282,,,1.09,0.73,
2011-08-23,36.27,-14.538171536286516,,,1.02,0.67,
2011-08-24,35.9,-1.020126826578449,,,1.18,0.66,
2011-08-25,39.76,10.75208913649024,,,1.26,0.77,
2011-08-26,35.59,-10.48792756539234,,,1.17,0.73,
2011-08-29,32.28,-9.300365271143585,,,0.99,0.54,
2011-08-30,32.89,1.8897149938042146,,,1.15,0.72,
2011-08-31,31.62,-3.861356035269081,,,1.21,0.65,
2011-09-01,31.82,0.6325110689437086,,,1.08,0.69,
2011-09-02,33.92,6.599622878692646,,,1.41,0.84,
2011-09-06,37.0,9.080188679245271,,,1.26,0.75,
2011-09-07,33.38,-9.783783783783772,,,0.89,0.62,
2011-09-08,34.32,2.8160575194727366,,,1.13,0.71,
2011-09-09,38.52,12.23776223776225,,,1.32,0.86,
2011-09-12,38.59,0.18172377985461452,,,1.24,0.72,
2011-09-13,36.91,-4.353459445452213,,,1.17,0.71,
2011-09-14,34.6,-6.2584665402329875,,,1.04,0.64,
2011-09-15,31.97,-7.601156069364167,,,1.01,0.68,
2011-09-16,30.98,-3.0966531122927687,,,1.02,0.67,
2011-09-19,32.73,5.648805681084568,,,0.98,0.62,
2011-09-20,32.86,0.3971891231286273,,,1.11,0.63,
2011-09-21,37.32,13.572732805842968,,,1.25,0.79,
2011-09-22,41.35,10.798499464094323,,,1.25,0.85,
2011-09-23,41.25,-0.241837968561065,,,1.11,0.65,
2011-09-26,39.02,-5.406060606060603,,,1.0,0.59,
2011-09-27,37.71,-3.3572526909277367,,,1.11,0.61,
2011-09-28,41.08,8.936621585786252,,,1.43,0.82,
2011-09-29,38.84,-5.452775073028226,,,1.18,0.8,
2011-09-30,42.96,10.607621009268797,,,1.25,0.81,
2011-10-03,45.45,5.796089385474867,,,1.28,0.85,
2011-10-04,40.82,-10.187018701870187,,,1.18,0.77,
2011-10-05,37.81,-7.37383635472807,,,1.09,0.69,
2011-10-06,36.27,-4.072996561756148,,,1.24,0.67,
2011-10-07,36.2,-0.1929969671905174,,,1.23,0.71,
2011-10-10,33.02,-8.78453038674033,,,1.35,0.63,
2011-10-11,32.86,-0.48455481526348265,,,1.39,0.77,
2011-10-12,31.26,-4.869141813755318,,,1.27,0.64,
2011-10-13,30.7,-1.7914267434421038,,,1.04,0.71,
2011-10-14,28.24,-8.013029315960917,,,0.97,0.6,
2011-10-17,33.39,18.236543909348455,,,1.16,0.71,
2011-10-18,31.56,-5.4806828391734115,,,1.01,0.62,
2011-10-19,34.44,9.125475285171092,,,1.11,0.71,
2011-10-20,34.78,0.9872241579558683,,,1.35,0.74,
2011-10-21,31.32,-9.948246118458881,,,0.85,0.5,
2011-10-24,29.26,-6.577266922094505,,,0.94,0.52,
2011-10-25,32.22,10.11619958988379,,,1.04,0.79,
2011-10-26,29.86,-7.324643078833026,,,0.99,0.7,
2011-10-27,25.46,-14.735432016075013,,,0.9,0.5,
2011-10-28,24.53,-3.652788688138253,,,0.98,0.55,
2011-10-31,29.96,22.13615980432124,,,1.28,0.77,
2011-11-01,34.77,16.0547396528705,,,1.34,0.89,
2011-11-02,32.74,-5.8383664078228374,,,1.15,0.68,
2011-11-03,30.5,-6.841783750763597,,,1.07,0.63,
2011-11-04,30.16,-1.1147540983606596,,,1.13,0.79,
2011-11-07,29.85,-1.0278514588859422,,,0.99,0.65,
2011-11-08,27.48,-7.939698492462311,,,1.24,0.65,
2011-11-09,36.16,31.58660844250363,,,1.32,0.91,
2011-11-10,32.81,-9.264380530973437,,,1.16,0.75,
2011-11-11,30.04,-8.442548003657436,,,0.93,0.64,
2011-11-14,31.13,3.6284953395472774,,,1.14,0.77,
2011-11-15,31.22,0.289110183103114,,,1.09,0.71,
2011-11-16,33.51,7.335041639974382,,,1.37,0.74,
2011-11-17,34.51,2.984183825723674,,,1.28,0.82,
2011-11-18,32.0,-7.273254129237894,,,0.88,0.9,
2011-11-21,32.91,2.8437499999999893,,,1.05,0.66,
2011-11-22,31.97,-2.8562746885445134,,,1.03,0.67,
2011-11-23,33.98,6.287144197685324,,,1.26,0.71,
2011-11-25,34.47,1.4420247204237846,,,1.27,0.75,
2011-11-28,32.13,-6.788511749347248,,,0.89,0.65,
2011-11-29,30.64,-4.637410519763463,,,0.96,0.61,
2011-11-30,27.8,-9.268929503916446,,,0.9,0.55,
2011-12-01,27.41,-1.4028776978417312,,,0.92,0.63,
2011-12-02,27.52,0.40131338927398286,,,0.96,0.58,
2011-12-05,27.84,1.1627906976744207,,,0.96,0.67,
2011-12-06,28.13,1.041666666666674,,,0.88,0.73,
2011-12-07,28.67,1.91965872733737,,,0.9,0.73,
2011-12-08,30.59,6.696895709801187,,,0.95,0.76,
2011-12-09,26.38,-13.762667538411243,,,1.18,0.7,
2011-12-12,25.67,-2.69143290371493,,,1.1,0.6,
2011-12-13,25.41,-1.0128554733151551,,,1.14,0.78,
2011-12-14,26.04,2.4793388429751984,,,1.1,0.82,
2011-12-15,25.11,-3.57142857142857,,,1.22,0.9,
2011-12-16,24.29,-3.2656312226204687,,,1.15,0.89,
2011-12-19,24.92,2.5936599423631135,,,0.86,0.61,
2011-12-20,23.22,-6.821829855537731,,,0.81,0.53,
2011-12-21,21.43,-7.708871662360028,,,1.05,0.72,
2011-12-22,21.16,-1.2599160055996261,,,0.99,0.68,
2011-12-23,20.73,-2.032136105860116,,,0.86,0.63,
2011-12-27,21.91,5.692233478051123,,,0.99,0.71,
2011-12-28,23.52,7.348242811501593,,,0.92,0.68,
2011-12-29,22.65,-3.6989795918367374,,,1.08,0.69,
2011-12-30,23.4,3.31125827814569,,,0.86,0.54,
2012-01-03,22.97,-1.837606837606831,,,0.76,0.55,
2012-01-04,22.22,-3.2651284283848447,,,0.97,0.74,
2012-01-05,21.48,-3.330333033303323,,,0.82,0.61,
2012-01-06,20.63,-3.9571694599627616,,,0.96,0.62,
2012-01-09,21.07,2.132816286960737,,,0.91,0.66,
2012-01-10,20.69,-1.8035121025154255,,,0.8,0.57,
2012-01-11,21.05,1.7399710004833313,,,0.79,0.54,
2012-01-12,20.47,-2.7553444180522635,,,0.84,0.57,
2012-01-13,20.91,2.149487054225707,,,0.74,0.6,
2012-01-17,22.2,6.169296987087525,,,0.83,0.59,
2012-01-18,20.89,-5.900900900900896,,,0.83,0.55,
2012-01-19,19.87,-4.882719004308278,,,0.7,0.48,
2012-01-20,18.28,-8.00201308505284,,,0.79,0.52,
2012-01-23,18.67,2.1334792122538415,,,1.07,0.64,
2012-01-24,18.91,1.2854847348687581,,,1.02,0.62,
2012-01-25,18.31,-3.1729243786356554,,,0.77,0.57,
2012-01-26,18.57,1.419989077007111,,,0.98,0.65,
2012-01-27,18.53,-0.2154011847065096,,,0.88,0.6,
2012-01-30,19.4,4.695089044792211,,,0.91,0.67,
2012-01-31,19.44,0.20618556701033075,,,0.87,0.61,
2012-02-01,18.55,-4.578189300411529,,,0.83,0.61,
2012-02-02,17.98,-3.0727762803234526,,,0.87,0.62,
2012-02-03,17.1,-4.894327030033363,,,0.77,0.51,
2012-02-06,17.76,3.8596491228070073,,,0.83,0.55,
2012-02-07,17.65,-0.6193693693693825,,,0.74,0.58,
2012-02-08,18.16,2.889518413597747,,,0.83,0.54,
2012-02-09,18.63,2.5881057268722474,,,0.84,0.55,
2012-02-10,20.79,11.594202898550732,,,1.1,0.75,
2012-02-13,19.04,-8.417508417508412,,,0.88,0.53,
2012-02-14,19.54,2.626050420168058,,,0.96,0.6,
2012-02-15,21.14,8.188331627430912,,,1.08,0.63,
2012-02-16,19.22,-9.082308420056773,,,0.87,0.62,
2012-02-17,17.78,-7.492195629552533,,,0.75,0.51,
2012-02-21,18.19,2.305961754780661,,,0.86,0.61,
2012-02-22,18.19,0.0,,,0.9,0.63,
2012-02-23,16.8,-7.641561297416166,,,0.98,0.67,
2012-02-24,17.31,3.035714285714275,,,1.06,0.69,
2012-02-27,18.19,5.0837666088966005,,,0.9,0.64,
2012-02-28,17.96,-1.264431006047284,,,0.78,0.57,
2012-02-29,18.43,2.616926503340755,,,1.04,0.67,
2012-03-01,17.26,-6.348345089527929,,,1.0,0.64,
2012-03-02,17.29,0.17381228273463112,,,0.95,0.6,
2012-03-05,18.05,4.395604395604402,,,0.93,0.73,
2012-03-06,20.87,15.623268698060944,,,1.05,0.78,
2012-03-07,19.07,-8.62482031624342,,,0.96,0.62,
2012-03-08,17.95,-5.873099108547464,,,0.94,0.61,
2012-03-09,17.11,-4.679665738161565,,,0.89,0.63,
2012-03-12,15.64,-8.591466978375218,,,1.06,0.7,
2012-03-13,14.8,-5.370843989769824,,,0.85,0.59,
2012-03-14,15.31,3.4459459459459385,,,0.82,0.54,
2012-03-15,15.42,0.7184846505551956,,,0.7,0.52,
2012-03-16,14.47,-6.160830090791181,,,0.77,0.46,
2012-03-19,15.04,3.939184519695904,,,0.84,0.5,
2012-03-20,15.58,3.590425531914909,,,0.86,0.52,
2012-03-21,15.13,-2.8883183568677695,,,0.97,0.55,
2012-03-22,15.57,2.908129543952409,,,1.07,0.68,
2012-03-23,14.82,-4.816955684007707,,,1.05,0.61,
2012-03-26,14.26,-3.7786774628879916,,,1.04,0.72,
2012-03-27,15.59,9.326788218793824,,,0.95,0.55,
2012-03-28,15.47,-0.7697241821680523,,,1.02,0.71,
2012-03-29,15.48,0.06464124111182912,,,1.04,0.67,
2012-03-30,15.5,0.12919896640826156,,,0.98,0.59,
2012-04-02,15.64,0.903225806451613,,,0.82,0.52,
2012-04-03,15.66,0.12787723785165905,,,0.93,0.57,
2012-04-04,16.44,4.980842911877392,,,0.97,0.66,
2012-04-05,16.7,1.5815085158150666,,,0.94,0.6,
2012-04-09,18.81,12.634730538922145,,,1.01,0.69,
2012-04-10,20.39,8.399787347155785,,,0.97,0.67,
2012-04-11,20.02,-1.814615007356557,,,1.08,0.65,
2012-04-12,17.2,-14.085914085914087,,,0.86,0.51,
2012-04-13,19.55,13.66279069767442,,,0.95,0.72,
2012-04-16,19.55,0.0,,,1.0,0.7,
2012-04-17,18.46,-5.575447570332481,,,0.86,0.57,
2012-04-18,18.64,0.9750812567713929,,,0.99,0.59,
2012-04-19,18.36,-1.5021459227467893,,,1.02,0.65,
2012-04-20,17.44,-5.010893246187353,,,0.88,0.63,
2012-04-23,18.97,8.772935779816503,,,0.81,0.59,
2012-04-24,18.1,-4.586188719030037,,,0.89,0.66,
2012-04-25,16.82,-7.071823204419891,,,0.76,0.48,
2012-04-26,16.24,-3.4482758620689724,,,0.84,0.62,
2012-04-27,16.32,0.49261083743843415,,,0.85,0.6,
2012-04-30,17.15,5.085784313725483,,,0.87,0.64,
2012-05-01,16.6,-3.206997084548091,,,0.9,0.53,
2012-05-02,16.88,1.6867469879517927,,,1.0,0.74,
2012-05-03,17.56,4.028436018957349,,,0.94,0.75,
2012-05-04,19.16,9.111617312072905,,,1.04,0.71,
2012-05-07,18.94,-1.148225469728592,,,0.89,0.65,
2012-05-08,19.05,0.5807814149947133,,,1.13,0.74,
2012-05-09,20.08,5.406824146981615,,,0.99,0.67,
2012-05-10,18.83,-6.225099601593631,,,1.06,0.68,
2012-05-11,19.89,5.629314922995232,,,1.24,0.74,
2012-05-14,21.87,9.954751131221728,,,1.24,0.84,
2012-05-15,21.97,0.4572473708276181,,,1.16,0.81,
2012-05-16,22.27,1.3654984069185305,,,1.24,0.88,
2012-05-17,24.49,9.968567579703635,,,1.44,0.88,
2012-05-18,25.1,2.490812576561874,,,1.33,0.99,
2012-05-21,22.01,-12.310756972111548,,,0.92,0.54,
2012-05-22,22.48,2.1353930031803747,,,1.0,0.63,
2012-05-23,22.33,-0.6672597864768814,,,0.97,0.73,
2012-05-24,21.54,-3.5378414688759463,,,0.97,0.74,
2012-05-25,21.76,1.0213556174559102,,,1.09,0.66,
2012-05-29,21.03,-3.354779411764708,,,0.96,0.66,
2012-05-30,24.14,14.788397527341889,,,1.24,0.77,
2012-05-31,24.06,-0.3314001657000909,,,1.07,0.79,
2012-06-01,26.66,10.806317539484622,,,1.36,0.79,
2012-06-04,26.12,-2.025506376594144,,,0.97,0.78,
2012-06-05,24.68,-5.513016845329255,,,1.01,0.69,
2012-06-06,22.16,-10.210696920583462,,,1.13,0.66,
2012-06-07,21.72,-1.9855595667870096,,,0.98,0.64,
2012-06-08,21.23,-2.255985267034988,,,0.96,0.78,
2012-06-11,23.56,10.975035327366921,,,0.94,0.81,
2012-06-12,22.09,-6.239388794567057,,,1.14,0.72,
2012-06-13,24.27,9.86871887732006,,,1.28,0.92,
2012-06-14,21.68,-10.671611042439222,,,1.03,0.83,
2012-06-15,21.11,-2.629151291512921,,,1.02,0.69,
2012-06-18,18.32,-13.21648507816201,,,1.0,0.57,
2012-06-19,18.38,0.3275109170305601,,,1.08,0.59,
2012-06-20,17.24,-6.202393906420022,,,0.94,0.65,
2012-06-21,20.08,16.473317865429227,,,1.12,0.8,
2012-06-22,18.11,-9.810756972111545,,,0.99,0.61,
2012-06-25,20.38,12.534511319712859,,,1.15,0.78,
2012-06-26,19.72,-3.238469087340534,,,1.0,0.73,
2012-06-27,19.45,-1.369168356997974,,,0.93,0.65,
2012-06-28,19.71,1.3367609254498758,,,0.98,0.75,
2012-06-29,17.08,-13.343480466768154,,,0.89,0.69,
2012-07-02,16.8,-1.6393442622950727,,,1.04,0.72,
2012-07-03,16.66,-0.8333333333333415,,,0.91,0.65,
2012-07-05,17.5,5.042016806722693,,,0.86,0.64,
2012-07-06,17.1,-2.28571428571428,,,1.09,0.75,
2012-07-09,17.98,5.146198830409343,,,0.99,0.78,
2012-07-10,18.72,4.115684093437144,,,1.1,0.72,
2012-07-11,17.95,-4.11324786324786,,,0.96,0.81,
2012-07-12,18.33,2.116991643454025,,,0.98,0.7,
2012-07-13,16.74,-8.674304418985269,,,1.0,0.64,
2012-07-16,17.11,2.2102747909199527,,,0.93,0.67,
2012-07-17,16.48,-3.6820572764465154,,,0.84,0.67,
2012-07-18,16.16,-1.9417475728155331,,,0.85,0.66,
2012-07-19,15.45,-4.393564356435653,,,0.86,0.68,
2012-07-20,16.27,5.3074433656957964,,,1.0,0.75,
2012-07-23,18.62,14.443761524277821,,,0.84,0.7,
2012-07-24,20.47,9.935553168635858,,,0.88,0.66,
2012-07-25,19.34,-5.520273571079626,,,0.94,0.71,
2012-07-26,17.53,-9.358841778696991,,,0.98,0.71,
2012-07-27,16.7,-4.734740444951524,,,0.89,0.64,
2012-07-30,18.03,7.964071856287447,,,0.78,0.66,
2012-07-31,18.93,4.991680532445919,,,0.81,0.68,
2012-08-01,18.96,0.15847860538826808,,,0.95,0.72,
2012-08-02,17.57,-7.331223628691985,,,0.93,0.78,
2012-08-03,15.64,-10.984632896983493,,,0.83,0.6,
2012-08-06,15.95,1.9820971867007486,,,0.8,0.63,
2012-08-07,15.99,0.25078369905957576,,,0.81,0.55,
2012-08-08,15.32,-4.1901188242651655,,,0.8,0.58,
2012-08-09,15.28,-0.26109660574412663,,,0.86,0.62,
2012-08-10,14.74,-3.5340314136125595,,,0.99,0.7,
2012-08-13,13.7,-7.055630936227953,,,0.8,0.56,
2012-08-14,14.85,8.394160583941602,,,0.82,0.66,
2012-08-15,14.63,-1.4814814814814725,,,0.75,0.62,
2012-08-16,14.29,-2.323991797676017,,,0.84,0.69,
2012-08-17,13.45,-5.878236529041292,,,0.75,0.54,
2012-08-20,14.02,4.23791821561339,,,0.99,0.62,
2012-08-21,15.02,7.132667617689026,,,0.9,0.67,
2012-08-22,15.11,0.5992010652463353,,,0.97,0.65,
2012-08-23,15.96,5.625413633355403,,,0.93,0.74,
2012-08-24,15.18,-4.8872180451127845,,,0.85,0.68,
2012-08-27,16.35,7.707509881422947,,,0.87,0.69,
2012-08-28,16.49,0.8562691131498212,,,0.83,0.61,
2012-08-29,17.06,3.4566403881140184,,,1.03,0.79,
2012-08-30,17.83,4.513481828839394,,,1.06,0.84,
2012-08-31,17.47,-2.0190689848569754,,,0.91,0.67,
2012-09-04,17.98,2.9192902117916475,,,0.89,0.75,
2012-09-05,17.74,-1.3348164627363879,,,0.92,0.67,
2012-09-06,15.6,-12.063134160090183,,,0.86,0.59,
2012-09-07,14.38,-7.820512820512815,,,0.74,0.54,
2012-09-10,16.28,13.212795549374135,,,0.79,0.66,
2012-09-11,16.41,0.7985257985257954,,,0.79,0.54,
2012-09-12,15.8,-3.717245581962214,,,0.74,0.57,
2012-09-13,14.05,-11.075949367088612,,,0.77,0.54,
2012-09-14,14.51,3.274021352313161,,,0.69,0.53,
2012-09-17,14.59,0.5513439007581056,,,0.85,0.64,
2012-09-18,14.18,-2.8101439342015144,,,0.79,0.62,
2012-09-19,13.88,-2.115655853314524,,,0.68,0.56,
2012-09-20,14.07,1.36887608069165,,,0.85,0.75,
2012-09-21,13.98,-0.6396588486140664,,,0.8,0.62,
2012-09-24,14.15,1.2160228898426384,,,0.79,0.61,
2012-09-25,15.43,9.045936395759702,,,0.93,0.73,
2012-09-26,16.81,8.943616331821126,,,0.9,0.75,
2012-09-27,14.84,-11.719214753123131,,,0.82,0.6,
2012-09-28,15.73,5.997304582210239,,,0.99,0.76,
2012-10-01,16.32,3.75079465988557,,,0.87,0.63,
2012-10-02,15.71,-3.7377450980392135,,,0.74,0.55,
2012-10-03,15.43,-1.7823042647994947,,,0.92,0.71,
2012-10-04,14.55,-5.703175631885927,,,0.81,0.58,
2012-10-05,14.33,-1.5120274914089404,,,0.94,0.67,
2012-10-08,15.11,5.443126308443813,,,0.84,0.55,
2012-10-09,16.37,8.3388484447386,,,1.0,0.73,
2012-10-10,16.29,-0.4886988393402625,,,1.0,0.71,
2012-10-11,15.59,-4.297114794352364,,,0.89,0.65,
2012-10-12,16.14,3.527902501603597,,,1.05,0.74,
2012-10-15,15.27,-5.390334572490707,,,0.77,0.73,
2012-10-16,15.22,-0.3274394237066103,,,0.81,0.61,
2012-10-17,15.07,-0.9855453350854138,,,0.79,0.59,
2012-10-18,15.03,-0.2654280026542888,,,0.88,0.65,
2012-10-19,17.06,13.506320691949437,,,1.12,0.8,
2012-10-22,16.62,-2.579132473622492,,,0.94,0.67,
2012-10-23,18.83,13.297232250300816,,,1.06,0.86,
2012-10-24,18.33,-2.6553372278279364,,,0.91,0.71,
2012-10-25,18.12,-1.1456628477904962,,,0.85,0.76,
2012-10-26,17.81,-1.710816777041957,,,0.99,0.77,
2012-10-31,18.6,4.435710275126348,,,0.86,0.68,
2012-11-01,16.69,-10.268817204301072,,,0.95,0.6,
2012-11-02,17.59,5.3924505692031,,,0.92,0.77,
2012-11-05,18.42,4.718590108015919,,,0.81,0.61,
2012-11-06,17.58,-4.560260586319231,,,0.96,0.63,
2012-11-07,19.08,8.532423208191119,,,1.21,0.76,
2012-11-08,18.49,-3.0922431865828104,,,1.13,0.8,
2012-11-09,18.61,0.6489994591671211,,,1.17,0.82,
2012-11-12,16.68,-10.37076840408383,,,0.99,0.65,
2012-11-13,16.65,-0.17985611510792365,,,0.83,0.72,
2012-11-14,17.92,7.627627627627653,,,1.12,0.78,
2012-11-15,17.99,0.3906249999999778,,,1.24,0.83,
2012-11-16,16.41,-8.78265703168426,,,1.03,0.81,
2012-11-19,15.24,-7.129798903107865,,,0.75,0.56,
2012-11-20,15.08,-1.049868766404205,,,1.1,0.67,
2012-11-21,15.31,1.5251989389920562,,,0.86,0.61,
2012-11-23,15.14,-1.1103853690398457,,,0.89,0.59,
2012-11-26,15.5,2.3778071334213946,,,0.63,0.64,
2012-11-27,15.92,2.709677419354839,,,0.85,0.58,
2012-11-28,15.51,-2.575376884422109,,,0.83,0.6,
2012-11-29,15.06,-2.9013539651837505,,,1.01,0.62,
2012-11-30,15.87,5.378486055776888,,,1.16,0.73,
2012-12-03,16.64,4.851921865154396,,,0.82,0.57,
2012-12-04,17.12,2.8846153846153966,,,1.04,0.81,
2012-12-05,16.46,-3.855140186915884,,,0.87,0.6,
2012-12-06,16.58,0.7290400972053357,,,0.92,0.67,
2012-12-07,15.9,-4.101326899879365,,,0.8,0.64,
2012-12-10,16.05,0.9433962264151052,,,0.9,0.62,
2012-12-11,15.57,-2.990654205607479,,,0.84,0.59,
2012-12-12,15.95,2.440590879897231,,,0.89,0.61,
2012-12-13,16.56,3.8244514106583027,,,0.84,0.61,
2012-12-14,17.0,2.657004830917886,,,0.89,0.7,
2012-12-17,16.34,-3.88235294117647,,,0.71,0.6,
2012-12-18,15.57,-4.712362301101591,,,0.85,0.51,
2012-12-19,17.36,11.496467565831715,,,0.97,0.64,
2012-12-20,17.67,1.7857142857143016,,,0.86,0.64,
2012-12-21,17.84,0.9620826259196358,,,1.05,0.71,
2012-12-24,17.84,0.0,,,0.97,0.65,
2012-12-26,19.48,9.192825112107617,,,0.96,0.74,
2012-12-27,19.47,-0.051334702258731824,,,1.06,0.68,
2012-12-28,22.72,16.69234720082178,,,1.08,0.64,
2012-12-31,18.02,-20.686619718309863,,,1.02,0.62,
2013-01-02,14.68,-18.534961154273034,,,0.97,0.55,
2013-01-03,14.56,-0.8174386920980825,,,0.84,0.53,
2013-01-04,13.83,-5.013736263736268,,,0.82,0.64,
2013-01-07,13.79,-0.2892263195950928,,,0.89,0.68,
2013-01-08,13.62,-1.2327773749093551,,,0.95,0.78,
2013-01-09,13.81,1.3950073421439058,,,0.85,0.61,
2013-01-10,13.49,-2.3171614771904436,,,0.78,0.66,
2013-01-11,13.36,-0.9636767976278771,,,0.72,0.63,
2013-01-14,13.52,1.1976047904191711,,,0.81,0.52,
2013-01-15,13.55,0.22189349112426981,,,1.03,0.67,
2013-01-16,13.42,-0.9594095940959502,,,0.87,0.75,
2013-01-17,13.57,1.1177347242921076,,,0.79,0.61,
2013-01-18,12.46,-8.179808400884303,,,0.75,0.54,
2013-01-22,12.43,-0.24077046548957037,,,0.94,0.68,
2013-01-23,12.46,0.24135156878519748,,,0.89,0.69,
2013-01-24,12.69,1.845906902086658,,,0.88,0.65,
2013-01-25,12.89,1.5760441292356209,,,0.88,0.64,
2013-01-28,13.57,5.275407292474776,,,0.97,0.76,
2013-01-29,13.31,-1.915991156963892,,,0.97,0.68,
2013-01-30,14.32,7.588279489105942,,,0.95,0.67,
2013-01-31,14.28,-0.27932960893854997,,,0.91,0.73,
2013-02-01,12.9,-9.663865546218487,,,0.9,0.57,
2013-02-04,14.67,13.720930232558137,,,1.1,0.69,
2013-02-05,13.72,-6.475800954328559,,,0.95,0.59,
2013-02-06,13.41,-2.2594752186588907,,,0.97,0.6,
2013-02-07,13.5,0.6711409395973034,,,1.03,0.66,
2013-02-08,13.02,-3.5555555555555562,,,0.9,0.57,
2013-02-11,12.94,-0.6144393241167445,,,1.07,0.56,
2013-02-12,12.64,-2.3183925811437356,,,0.92,0.61,
2013-02-13,12.98,2.689873417721511,,,0.91,0.65,
2013-02-14,12.66,-2.4653312788906034,,,0.83,0.62,
2013-02-15,12.46,-1.579778830963663,,,0.88,0.59,
2013-02-19,12.31,-1.2038523274478408,,,0.99,0.58,
2013-02-20,14.68,19.252640129975628,,,1.14,0.72,
2013-02-21,15.22,3.6784741144414212,,,1.1,0.72,
2013-02-22,14.17,-6.898817345597907,,,0.9,0.59,
2013-02-25,18.99,34.01552575864501,,,1.15,0.73,
2013-02-26,16.87,-11.163770405476559,,,1.1,0.75,
2013-02-27,14.73,-12.685240071132187,,,0.99,0.63,
2013-02-28,15.51,5.295315682281054,,,0.98,0.67,
2013-03-01,15.36,-0.9671179883945835,,,1.17,0.74,
2013-03-04,14.01,-8.7890625,,,1.12,0.67,
2013-03-05,13.48,-3.783012134189856,,,1.12,0.65,
2013-03-06,13.53,0.37091988130562026,,,0.71,0.54,
2013-03-07,13.06,-3.47376201034737,,,0.83,0.59,
2013-03-08,12.59,-3.5987748851454837,,,0.9,0.62,
2013-03-11,11.56,-8.181096108022235,,,0.93,0.65,
2013-03-12,12.27,6.141868512110715,,,1.08,0.61,
2013-03-13,11.83,-3.585982070089644,,,0.78,0.62,
2013-03-14,11.3,-4.480135249366013,,,0.73,0.64,
2013-03-15,11.3,0.0,,,0.85,0.56,
2013-03-18,13.36,18.230088495575213,,,0.91,0.65,
2013-03-19,14.39,7.70958083832336,,,0.97,0.72,
2013-03-20,12.67,-11.952744961779016,,,0.74,0.59,
2013-03-21,13.99,10.418310970797151,,,0.86,0.64,
2013-03-22,13.57,-3.0021443888491817,,,0.92,0.69,
2013-03-25,13.74,1.2527634487840889,,,0.89,0.72,
2013-03-26,12.77,-7.059679767103355,,,0.79,0.62,
2013-03-27,13.15,2.9757243539545897,,,0.92,0.68,
2013-03-28,12.7,-3.4220532319391705,,,0.9,0.62,
2013-04-01,13.58,6.929133858267722,,,1.0,0.7,
2013-04-02,12.78,-5.891016200294552,,,0.87,0.64,
2013-04-03,14.21,11.189358372456981,,,1.06,0.76,
2013-04-04,13.89,-2.2519352568613704,,,1.09,0.73,
2013-04-05,13.92,0.21598272138227959,,,1.0,0.7,
2013-04-08,13.19,-5.244252873563227,,,0.9,0.58,
2013-04-09,12.84,-2.653525398028811,,,0.67,0.6,
2013-04-10,12.36,-3.738317757009346,,,0.85,0.58,
2013-04-11,12.24,-0.9708737864077555,,,0.87,0.62,
2013-04-12,12.06,-1.4705882352941124,,,1.15,0.7,
2013-04-15,17.27,43.20066334991708,,,1.09,0.7,
2013-04-16,13.96,-19.166184134336994,,,0.88,0.7,
2013-04-17,16.51,18.266475644699142,,,1.19,0.79,
2013-04-18,17.56,6.35978195033311,,,1.18,0.75,
2013-04-19,14.97,-14.749430523917983,,,1.1,0.85,
2013-04-22,14.39,-3.874415497661987,,,1.03,0.66,
2013-04-23,13.48,-6.323835997220295,,,0.9,0.66,
2013-04-24,13.61,0.9643916913946615,,,0.79,0.58,
2013-04-25,13.62,0.07347538574578039,,,0.97,0.61,
2013-04-26,13.61,-0.07342143906020615,,,0.89,0.65,
2013-04-29,13.71,0.7347538574577595,,,0.9,0.58,
2013-04-30,13.52,-1.3858497447118978,,,0.89,0.62,
2013-05-01,14.49,7.1745562130177465,,,1.03,0.68,
2013-05-02,13.59,-6.211180124223603,,,0.91,0.55,
2013-05-03,12.85,-5.445180279617368,,,0.9,0.61,
2013-05-06,12.66,-1.478599221789878,,,0.78,0.53,
2013-05-07,12.83,1.3428120063191162,,,0.89,0.63,
2013-05-08,12.66,-1.3250194855806696,,,0.88,0.66,
2013-05-09,13.13,3.7124802527646272,,,1.0,0.58,
2013-05-10,12.59,-4.11271896420412,,,0.75,0.59,
2013-05-13,12.55,-0.3177124702144485,,,0.87,0.6,
2013-05-14,12.77,1.7529880478087456,,,0.81,0.52,
2013-05-15,12.81,0.3132341425215346,,,0.78,0.52,
2013-05-16,13.07,2.029664324746294,,,0.99,0.54,
2013-05-17,12.45,-4.743687834736043,,,0.81,0.5,
2013-05-20,13.02,4.578313253012056,,,0.79,0.52,
2013-05-21,13.37,2.6881720430107503,,,0.92,0.54,
2013-05-22,13.82,3.365744203440557,,,1.03,0.67,
2013-05-23,14.07,1.808972503617956,,,1.01,0.67,
2013-05-24,13.99,-0.5685856432125047,,,1.26,0.73,
2013-05-28,14.48,3.5025017869907193,,,0.98,0.58,
2013-05-29,14.83,2.4171270718231996,,,0.86,0.64,
2013-05-30,14.53,-2.0229265003371633,,,0.86,0.48,
2013-05-31,16.3,12.181693048864428,,,1.19,0.66,
2013-06-03,16.28,-0.12269938650306678,,,0.92,0.63,
2013-06-04,16.27,-0.06142506142506887,,,1.16,0.67,
2013-06-05,17.5,7.559926244622006,,,1.18,0.73,
2013-06-06,16.63,-4.971428571428582,,,1.22,0.63,
2013-06-07,15.14,-8.959711365002999,,,1.13,0.67,
2013-06-10,15.44,1.9815059445178251,,,1.08,0.59,
2013-06-11,17.07,10.556994818652864,,,1.04,0.81,
2013-06-12,18.59,8.90451083772701,,,1.2,0.75,
2013-06-13,16.41,-11.726734803657878,,,0.98,0.63,
2013-06-14,17.15,4.509445460085315,,,1.19,0.73,
2013-06-17,16.8,-2.0408163265306034,,,0.96,0.65,
2013-06-18,16.61,-1.130952380952388,,,0.86,0.54,
2013-06-19,16.64,0.18061408789886713,,,1.11,0.66,
2013-06-20,20.49,23.137019230769205,,,1.39,0.79,
2013-06-21,18.9,-7.759882869692536,,,1.17,0.82,
2013-06-24,20.11,6.402116402116409,,,1.01,0.65,
2013-06-25,18.47,-8.155146693187476,,,1.08,0.59,
2013-06-26,17.21,-6.821873308067127,,,0.85,0.67,
2013-06-27,16.86,-2.033701336432314,,,1.02,0.71,
2013-06-28,16.86,0.0,,,0.96,0.66,
2013-07-01,16.37,-2.906287069988134,,,0.91,0.6,
2013-07-02,16.44,0.42761148442271857,,,1.04,0.65,
2013-07-03,16.2,-1.4598540145985495,,,1.14,0.76,
2013-07-05,14.89,-8.086419753086416,,,0.97,0.6,
2013-07-08,14.78,-0.7387508394895992,,,1.04,0.69,
2013-07-09,14.35,-2.9093369418132564,,,1.01,0.54,
2013-07-10,14.21,-0.9756097560975507,,,1.04,0.57,
2013-07-11,14.01,-1.407459535538358,,,1.01,0.57,
2013-07-12,13.84,-1.2134189864382527,,,0.9,0.67,
2013-07-15,13.79,-0.36127167630057855,,,0.83,0.53,
2013-07-16,14.42,4.5685279187817285,,,0.97,0.64,
2013-07-17,13.78,-4.438280166435515,,,0.92,0.62,
2013-07-18,13.77,-0.07256894049346707,,,0.74,0.5,
2013-07-19,12.54,-8.932461873638342,,,0.79,0.54,
2013-07-22,12.29,-1.9936204146730474,,,0.93,0.67,
2013-07-23,12.66,3.010577705451589,,,0.93,0.66,
2013-07-24,13.18,4.107424960505535,,,0.96,0.65,
2013-07-25,12.97,-1.5933232169954459,,,0.96,0.59,
2013-07-26,12.72,-1.927525057825752,,,0.98,0.64,
2013-07-29,13.39,5.267295597484267,,,0.84,0.6,
2013-07-30,13.39,0.0,,,0.78,0.56,
2013-07-31,13.45,0.44809559372664953,,,0.88,0.6,
2013-08-01,12.94,-3.7918215613382933,,,0.85,0.55,
2013-08-02,11.98,-7.418856259659967,,,0.88,0.58,
2013-08-05,11.84,-1.16861435726211,,,0.85,0.59,
2013-08-06,12.72,7.432432432432434,,,0.9,0.63,
2013-08-07,12.98,2.0440251572326984,,,0.96,0.63,
2013-08-08,12.73,-1.926040061633283,,,0.76,0.58,
2013-08-09,13.41,5.341712490180672,,,0.9,0.58,
2013-08-12,12.81,-4.4742729306487705,,,0.77,0.55,
2013-08-13,12.31,-3.9032006245121043,,,0.77,0.49,
2013-08-14,13.04,5.930138099106408,,,0.79,0.53,
2013-08-15,14.73,12.960122699386512,,,0.96,0.66,
2013-08-16,14.37,-2.4439918533604943,,,0.93,0.6,
2013-08-19,15.1,5.080027835768974,,,0.93,0.54,
2013-08-20,14.91,-1.2582781456953573,,,0.9,0.61,
2013-08-21,15.94,6.908115358819589,,,0.97,0.64,
2013-08-22,14.76,-7.402760351317439,,,0.82,0.55,
2013-08-23,13.98,-5.284552845528456,,,0.81,0.6,
2013-08-26,14.99,7.224606580829751,,,0.9,0.61,
2013-08-27,16.77,11.874583055370236,,,1.02,0.68,
2013-08-28,16.49,-1.6696481812760955,,,0.81,0.55,
2013-08-29,16.81,1.9405700424499628,,,0.96,0.6,
2013-08-30,17.01,1.1897679952409534,,,1.12,0.67,
2013-09-03,16.61,-2.3515579071134773,,,0.75,0.54,
2013-09-04,15.88,-4.394942805538826,,,0.77,0.54,
2013-09-05,15.77,-0.6926952141057985,,,0.82,0.52,
2013-09-06,15.85,0.5072923272035457,,,0.86,0.5,
2013-09-09,15.63,-1.3880126182965191,,,0.65,0.45,
2013-09-10,14.53,-7.037747920665394,,,0.76,0.48,
2013-09-11,13.82,-4.886441844459732,,,0.92,0.61,
2013-09-12,14.29,3.40086830680173,,,0.86,0.63,
2013-09-13,14.16,-0.9097270818754333,,,0.77,0.6,
2013-09-16,14.38,1.5536723163841915,,,0.91,0.57,
2013-09-17,14.53,1.0431154381084662,,,0.8,0.57,
2013-09-18,13.59,-6.469373709566407,,,0.84,0.53,
2013-09-19,13.16,-3.16409124356144,,,0.76,0.57,
2013-09-20,13.12,-0.3039513677811634,,,1.05,0.6,
2013-09-23,14.31,9.070121951219523,,,0.99,0.7,
2013-09-24,14.08,-1.6072676450034962,,,0.87,0.56,
2013-09-25,14.01,-0.49715909090909394,,,0.96,0.62,
2013-09-26,14.06,0.35688793718773315,,,0.7,0.49,
2013-09-27,15.46,9.95732574679944,,,0.94,0.7,
2013-09-30,16.6,7.373868046571808,,,1.11,0.76,
2013-10-01,15.54,-6.385542168674707,,,0.85,0.53,
2013-10-02,16.6,6.821106821106837,,,0.77,0.61,
2013-10-03,17.67,6.445783132530125,,,0.99,0.69,
2013-10-04,16.74,-5.2631578947368585,,,0.87,0.59,
2013-10-07,19.41,15.949820788530467,,,0.92,0.6,
2013-10-08,20.34,4.791344667697062,,,0.97,0.72,
2013-10-09,19.6,-3.6381514257620373,,,1.3,0.69,
2013-10-10,16.48,-15.918367346938778,,,0.93,0.63,
2013-10-11,15.72,-4.611650485436892,,,0.95,0.6,
2013-10-14,16.07,2.2264631043257044,,,0.9,0.59,
2013-10-15,18.66,16.11698817672682,,,0.99,0.66,
2013-10-16,14.71,-21.168274383708464,,,0.93,0.54,
2013-10-17,13.48,-8.361658735554045,,,0.87,0.54,
2013-10-18,13.04,-3.264094955489627,,,0.69,0.46,
2013-10-21,13.16,0.920245398773023,,,0.81,0.53,
2013-10-22,13.33,1.2917933130699,,,0.84,0.54,
2013-10-23,13.42,0.6751687921980443,,,0.86,0.58,
2013-10-24,13.2,-1.6393442622950838,,,0.81,0.6,
2013-10-25,13.09,-0.8333333333333304,,,0.93,0.64,
2013-10-28,13.31,1.680672268907557,,,0.78,0.53,
2013-10-29,13.41,0.7513148009015813,,,0.74,0.52,
2013-10-30,13.65,1.7897091722595126,,,0.98,0.6,
2013-10-31,13.75,0.73260073260073,,,0.9,0.57,
2013-11-01,13.28,-3.41818181818182,,,0.92,0.61,
2013-11-04,12.93,-2.6355421686746983,,,0.76,0.54,
2013-11-05,13.27,2.629543696829084,,,0.78,0.57,
2013-11-06,12.67,-4.5214770158251705,,,0.91,0.58,
2013-11-07,13.91,9.78689818468823,,,0.92,0.57,
2013-11-08,12.9,-7.260963335729686,,,0.86,0.51,
2013-11-11,12.53,-2.8682170542635776,,,0.82,0.52,
2013-11-12,12.82,2.314445331205106,,,0.84,0.55,
2013-11-13,12.52,-2.3400936037441533,,,0.83,0.56,
2013-11-14,12.37,-1.198083067092659,,,0.83,0.59,
2013-11-15,12.19,-1.4551333872271588,,,0.75,0.55,
2013-11-18,13.1,7.465135356849872,,,0.79,0.58,
2013-11-19,13.39,2.2137404580152786,,,0.82,0.69,
2013-11-20,13.4,0.07468259895444529,,,0.96,0.63,
2013-11-21,12.66,-5.5223880597014885,,,0.79,0.48,
2013-11-22,12.26,-3.159557661927337,,,0.94,0.6,
2013-11-25,12.79,4.323001631321355,,,0.77,0.54,
2013-11-26,12.81,0.15637216575450363,,,0.74,0.54,
2013-11-27,12.98,1.3270882123341154,,,0.81,0.6,
2013-11-29,13.7,5.546995377503849,,,0.81,0.48,
2013-12-02,14.23,3.868613138686139,,,0.75,0.51,
2013-12-03,14.55,2.248770203794792,,,0.87,0.61,
2013-12-04,14.7,1.0309278350515427,,,0.89,0.56,
2013-12-05,15.08,2.5850340136054584,,,0.77,0.52,
2013-12-06,13.79,-8.554376657824935,,,0.87,0.53,
2013-12-09,13.49,-2.175489485134152,,,0.94,0.62,
2013-12-10,13.91,3.1134173461823567,,,0.76,0.58,
2013-12-11,15.42,10.855499640546373,,,0.95,0.62,
2013-12-12,15.54,0.7782101167315147,,,0.7,0.53,
2013-12-13,15.76,1.4157014157014203,,,0.85,0.67,
2013-12-16,16.03,1.7131979695431454,,,0.8,0.5,
2013-12-17,16.21,1.1228945726762252,,,0.88,0.53,
2013-12-18,13.8,-14.867365823565704,,,0.85,0.62,
2013-12-19,14.15,2.53623188405796,,,0.75,0.52,
2013-12-20,13.79,-2.544169611307434,,,0.75,0.5,
2013-12-23,13.04,-5.438723712835392,,,0.61,0.49,
2013-12-24,12.48,-4.294478527607348,,,0.6,0.46,
2013-12-26,12.33,-1.2019230769230838,,,0.65,0.59,
2013-12-27,12.46,1.0543390105433925,,,0.73,0.54,
2013-12-30,13.56,8.828250401284098,,,0.73,0.49,
2013-12-31,13.72,1.179941002949847,,,0.66,0.46,
2014-01-02,14.23,3.7172011661807502,,,0.82,0.56,
2014-01-03,13.76,-3.3028812368236182,,,0.9,0.54,
2014-01-06,13.55,-1.5261627906976716,,,0.69,0.52,
2014-01-07,12.92,-4.649446494464948,,,0.7,0.47,
2014-01-08,12.87,-0.38699690402477227,,,0.71,0.5,
2014-01-09,12.89,0.15540015540016494,,,0.72,0.55,
2014-01-10,12.14,-5.818463925523664,,,0.76,0.53,
2014-01-13,13.28,9.390444810543652,,,0.72,0.61,
2014-01-14,12.28,-7.530120481927716,,,0.68,0.52,
2014-01-15,12.28,0.0,,,0.75,0.48,
2014-01-16,12.53,2.035830618892498,,,0.78,0.57,
2014-01-17,12.44,-0.718276137270546,,,0.71,0.53,
2014-01-21,12.87,3.456591639871376,,,0.76,0.57,
2014-01-22,12.84,-0.2331002331002252,,,0.82,0.52,
2014-01-23,13.77,7.242990654205594,,,0.88,0.65,
2014-01-24,18.14,31.73565722585332,,,0.92,0.69,
2014-01-27,17.42,-3.9691289966923837,,,0.87,0.53,
2014-01-28,15.8,-9.299655568312293,,,0.8,0.53,
2014-01-29,17.35,9.810126582278489,,,0.97,0.62,
2014-01-30,17.29,-0.34582132564843215,,,0.83,0.54,
2014-01-31,18.41,6.477732793522284,,,0.86,0.66,
2014-02-03,21.44,16.458446496469325,,,0.8,0.61,
2014-02-04,19.11,-10.867537313432841,,,0.99,0.6,
2014-02-05,19.95,4.395604395604402,,,0.97,0.62,
2014-02-06,17.23,-13.634085213032577,,,0.92,0.61,
2014-02-07,15.29,-11.259431224608251,,,0.82,0.68,
2014-02-10,15.26,-0.19620667102681066,,,0.94,0.71,
2014-02-11,14.51,-4.914809960681521,,,0.84,0.55,
2014-02-12,14.3,-1.447277739490005,,,0.85,0.64,
2014-02-13,14.14,-1.118881118881121,,,0.79,0.57,
2014-02-14,13.57,-4.0311173974540315,,,0.83,0.57,
2014-02-18,13.87,2.2107590272660183,,,0.76,0.61,
2014-02-19,15.5,11.7519826964672,,,0.9,0.55,
2014-02-20,14.79,-4.580645161290331,,,0.86,0.58,
2014-02-21,14.68,-0.7437457741717335,,,0.69,0.55,
2014-02-24,14.23,-3.06539509536784,,,0.78,0.55,
2014-02-25,13.67,-3.935347856640903,,,0.83,0.57,
2014-02-26,14.35,4.974396488661292,,,0.85,0.57,
2014-02-27,14.04,-2.160278745644606,,,0.89,0.58,
2014-02-28,14.0,-0.2849002849002802,,,0.82,0.63,
2014-03-03,16.0,14.28571428571428,,,0.9,0.62,
2014-03-04,14.1,-11.875000000000002,,,0.8,0.48,
2014-03-05,13.89,-1.4893617021276562,,,0.77,0.46,
2014-03-06,14.21,2.3038156947444266,,,0.83,0.53,
2014-03-07,14.11,-0.70372976776919,,,0.82,0.55,
2014-03-10,14.2,0.6378454996456506,,,0.83,0.67,
2014-03-11,14.8,4.225352112676073,,,0.81,0.58,
2014-03-12,14.47,-2.2297297297297347,,,0.96,0.71,
2014-03-13,16.22,12.093987560469932,,,1.04,0.69,
2014-03-14,17.82,9.864364981504314,,,0.79,0.69,
2014-03-17,15.64,-12.2334455667789,,,0.84,0.57,
2014-03-18,14.52,-7.161125319693095,,,0.74,0.55,
2014-03-19,15.12,4.132231404958686,,,0.82,0.53,
2014-03-20,14.52,-3.9682539682539653,,,0.76,0.55,
2014-03-21,15.0,3.3057851239669533,,,0.9,0.62,
2014-03-24,15.09,0.6000000000000005,,,1.0,0.66,
2014-03-25,14.02,-7.090788601722997,,,0.75,0.53,
2014-03-26,14.93,6.490727532097007,,,1.02,0.64,
2014-03-27,14.62,-2.076356329537843,,,0.84,0.57,
2014-03-28,14.41,-1.4363885088919282,,,0.96,0.64,
2014-03-31,13.88,-3.678001387925045,,,0.96,0.57,
2014-04-01,13.1,-5.619596541786754,,,0.99,0.47,
2014-04-02,13.09,-0.07633587786259888,,,0.66,0.51,
2014-04-03,13.37,2.1390374331550666,,,0.88,0.59,
2014-04-04,13.96,4.412864622288715,,,0.94,0.65,
2014-04-07,15.57,11.532951289398286,,,0.97,0.62,
2014-04-08,14.89,-4.367373153500321,,,0.91,0.56,
2014-04-09,13.82,-7.1860308932169215,,,0.61,0.45,
2014-04-10,15.89,14.978292329956577,,,1.03,0.7,
2014-04-11,17.03,7.174323473882938,,,1.15,0.75,
2014-04-14,16.11,-5.4022313564298425,,,0.75,0.61,
2014-04-15,15.61,-3.1036623215394132,,,0.93,0.59,
2014-04-16,14.18,-9.160794362588087,,,0.91,0.53,
2014-04-17,13.36,-5.782792665726378,,,0.85,0.57,
2014-04-21,13.25,-0.8233532934131649,,,0.76,0.47,
2014-04-22,13.19,-0.45283018867925406,,,0.73,0.48,
2014-04-23,13.27,0.6065200909780133,,,1.01,0.69,
2014-04-24,13.32,0.37678975131876236,,,0.79,0.61,
2014-04-25,14.06,5.555555555555558,,,1.14,0.71,
2014-04-28,13.97,-0.6401137980085347,,,0.9,0.69,
2014-04-29,13.71,-1.8611309949892574,,,0.9,0.61,
2014-04-30,13.41,-2.188183807439825,,,0.77,0.54,
2014-05-01,13.25,-1.1931394481730084,,,0.81,0.56,
2014-05-02,12.91,-2.5660377358490583,,,0.95,0.65,
2014-05-05,13.29,2.9434546862896926,,,0.87,0.65,
2014-05-06,13.8,3.8374717832957206,,,0.89,0.68,
2014-05-07,13.4,-2.898550724637683,,,0.86,0.67,
2014-05-08,13.43,0.2238805970149249,,,0.94,0.66,
2014-05-09,12.92,-3.797468354430378,,,0.94,0.72,
2014-05-12,12.23,-5.340557275541791,,,0.64,0.53,
2014-05-13,12.13,-0.8176614881439059,,,0.88,0.61,
2014-05-14,12.17,0.3297609233305687,,,1.08,0.72,
2014-05-15,13.17,8.216926869350871,,,1.01,0.69,
2014-05-16,12.44,-5.542900531511008,,,0.89,0.68,
2014-05-19,12.42,-0.1607717041800627,,,0.81,0.54,
2014-05-20,12.96,4.347826086956519,,,0.92,0.66,
2014-05-21,11.91,-8.10185185185186,,,0.87,0.68,
2014-05-22,12.03,1.0075566750629594,,,0.87,0.71,
2014-05-23,11.36,-5.56940980881131,,,0.76,0.58,
2014-05-27,11.51,1.3204225352112742,,,0.74,0.53,
2014-05-28,11.68,1.476976542137276,,,0.9,0.56,
2014-05-29,11.57,-0.9417808219178037,,,0.72,0.52,
2014-05-30,11.4,-1.4693171996542742,,,0.89,0.56,
2014-06-02,11.58,1.5789473684210575,,,0.73,0.62,
2014-06-03,11.87,2.5043177892918767,,,0.95,0.58,
2014-06-04,12.08,1.7691659646166924,,,0.75,0.43,
2014-06-05,11.68,-3.311258278145701,,,0.75,0.5,
2014-06-06,10.73,-8.133561643835607,,,0.92,0.47,
2014-06-09,11.15,3.914259086672889,,,0.83,0.48,
2014-06-10,10.99,-1.4349775784753382,,,0.7,0.52,
2014-06-11,11.6,5.55050045495904,,,0.74,0.5,
2014-06-12,12.56,8.275862068965534,,,0.8,0.51,
2014-06-13,12.18,-3.0254777070063743,,,0.77,0.56,
2014-06-16,12.65,3.8587848932676527,,,0.71,0.48,
2014-06-17,12.06,-4.664031620553355,,,0.81,0.49,
2014-06-18,10.61,-12.02321724709785,,,0.77,0.38,
2014-06-19,10.62,0.09425070688029447,,,0.68,0.47,
2014-06-20,10.85,2.165725047080991,,,0.78,0.52,
2014-06-23,10.98,1.1981566820276512,,,0.81,0.54,
2014-06-24,12.13,10.47358834244081,,,0.85,0.52,
2014-06-25,11.59,-4.451772464962911,,,0.87,0.49,
2014-06-26,11.63,0.3451251078516071,,,0.93,0.58,
2014-06-27,11.26,-3.181427343078258,,,0.84,0.52,
2014-06-30,11.57,2.7531083481350027,,,0.85,0.5,
2014-07-01,11.15,-3.6300777873811585,,,0.92,0.51,
2014-07-02,10.82,-2.959641255605383,,,0.88,0.57,
2014-07-03,10.32,-4.621072088724587,,,1.02,0.49,
2014-07-07,11.33,9.786821705426352,,,1.0,0.61,
2014-07-08,11.98,5.7369814651368145,,,0.9,0.63,
2014-07-09,11.65,-2.7545909849749584,,,0.84,0.54,
2014-07-10,12.59,8.068669527896999,,,1.06,0.67,
2014-07-11,12.08,-4.050833995234315,,,0.89,0.54,
2014-07-14,11.82,-2.1523178807946963,,,0.88,0.58,
2014-07-15,11.96,1.1844331641285955,,,0.81,0.58,
2014-07-16,11.0,-8.026755852842815,,,0.8,0.5,
2014-07-17,14.54,32.18181818181818,,,1.0,0.67,
2014-07-18,12.06,-17.0563961485557,,,0.91,0.56,
2014-07-21,12.81,6.218905472636815,,,0.9,0.62,
2014-07-22,12.24,-4.449648711943799,,,0.92,0.59,
2014-07-23,11.52,-5.882352941176472,,,0.76,0.59,
2014-07-24,11.84,2.77777777777779,,,0.91,0.58,
2014-07-25,12.69,7.179054054054057,,,0.95,0.62,
2014-07-28,12.56,-1.0244286840031425,,,0.91,0.59,
2014-07-29,13.28,5.73248407643312,,,0.86,0.6,
2014-07-30,13.33,0.3765060240964013,,,0.96,0.57,
2014-07-31,16.95,27.156789197299315,,,0.99,0.64,
2014-08-01,17.03,0.4719764011799521,,,1.24,1.04,
2014-08-04,15.12,-11.215502055196724,,,1.16,0.63,
2014-08-05,16.87,11.574074074074092,,,1.18,0.74,
2014-08-06,16.37,-2.9638411381149976,,,1.13,0.8,
2014-08-07,16.66,1.7715332926084182,,,1.0,0.65,
2014-08-08,15.77,-5.342136854741897,,,1.09,0.65,
2014-08-11,14.23,-9.765377298668355,,,0.74,0.57,
2014-08-12,14.13,-0.7027406886858767,,,1.08,0.67,
2014-08-13,12.9,-8.704883227176218,,,0.94,0.65,
2014-08-14,12.42,-3.7209302325581395,,,0.92,0.6,
2014-08-15,13.15,5.8776167471819685,,,1.01,0.63,
2014-08-18,12.32,-6.311787072243346,,,0.88,0.5,
2014-08-19,12.21,-0.8928571428571397,,,0.9,0.58,
2014-08-20,11.78,-3.521703521703534,,,0.86,0.56,
2014-08-21,11.76,-0.1697792869269965,,,0.72,0.51,
2014-08-22,11.47,-2.4659863945578175,,,0.93,0.56,
2014-08-25,11.7,2.005231037489086,,,0.89,0.64,
2014-08-26,11.63,-0.5982905982905851,,,0.8,0.53,
2014-08-27,11.78,1.2897678417884695,,,0.88,0.62,
2014-08-28,12.05,2.292020373514436,,,1.3,0.62,
2014-08-29,11.98,-0.5809128630705374,,,0.96,0.56,
2014-09-02,12.25,2.2537562604340478,,,0.82,0.63,
2014-09-03,12.36,0.897959183673458,,,1.0,0.65,
2014-09-04,12.64,2.265372168284796,,,0.97,0.65,
2014-09-05,12.09,-4.351265822784811,,,1.03,0.62,
2014-09-08,12.66,4.714640198511177,,,0.88,0.61,
2014-09-09,13.5,6.635071090047395,,,0.89,0.59,
2014-09-10,12.88,-4.592592592592581,,,0.94,0.58,
2014-09-11,12.8,-0.6211180124223614,,,1.01,0.64,
2014-09-12,13.31,3.9843749999999956,,,0.89,0.58,
2014-09-15,14.12,6.08564988730278,,,0.86,0.61,
2014-09-16,12.73,-9.8441926345609,,,0.89,0.64,
2014-09-17,12.65,-0.628436763550666,,,0.96,0.58,
2014-09-18,12.03,-4.901185770750994,,,0.91,0.62,
2014-09-19,12.11,0.6650041562759723,,,0.83,0.55,
2014-09-22,13.69,13.04706853839801,,,1.05,0.69,
2014-09-23,14.93,9.057706355003647,,,1.01,0.66,
2014-09-24,13.27,-11.118553248492969,,,0.88,0.63,
2014-09-25,15.64,17.85983421250943,,,1.15,0.77,
2014-09-26,14.85,-5.051150895140665,,,1.13,0.71,
2014-09-29,15.98,7.609427609427621,,,0.89,0.7,
2014-09-30,16.31,2.0650813516895905,,,1.13,0.65,
2014-10-01,16.71,2.4524831391784296,,,1.29,0.78,
2014-10-02,16.16,-3.291442250149612,,,1.02,0.62,
2014-10-03,14.55,-9.962871287128705,,,0.92,0.54,
2014-10-06,15.46,6.254295532646048,,,0.99,0.63,
2014-10-07,17.2,11.254851228978001,,,0.99,0.63,
2014-10-08,15.11,-12.15116279069768,,,0.99,0.66,
2014-10-09,18.76,24.1561879549967,,,0.97,0.75,
2014-10-10,21.24,13.219616204690809,,,1.2,0.87,
2014-10-13,24.64,16.00753295668551,,,1.53,0.91,
2014-10-14,22.79,-7.508116883116889,,,1.05,0.78,
2014-10-15,26.25,15.182097411145246,,,1.3,0.76,
2014-10-16,25.2,-4.0000000000000036,,,1.01,0.64,
2014-10-17,21.99,-12.738095238095237,,,1.2,0.71,
2014-10-20,18.57,-15.5525238744884,,,0.88,0.59,
2014-10-21,16.08,-13.408723747980622,,,1.03,0.6,
2014-10-22,17.87,11.13184079601992,,,1.14,0.74,
2014-10-23,16.53,-7.498601007274763,,,0.82,0.61,
2014-10-24,16.11,-2.5408348457350405,,,0.9,0.63,
2014-10-27,16.04,-0.4345127250155234,,,0.97,0.66,
2014-10-28,14.39,-10.28678304239401,,,1.0,0.67,
2014-10-29,15.15,5.281445448227928,,,1.03,0.72,
2014-10-30,14.52,-4.158415841584162,,,0.96,0.58,
2014-10-31,14.03,-3.374655647382918,,,0.77,0.5,
2014-11-03,14.73,4.989308624376343,,,0.84,0.61,
2014-11-04,14.89,1.0862186014935604,,,0.89,0.67,
2014-11-05,14.17,-4.835460040295503,,,0.89,0.63,
2014-11-06,13.67,-3.5285815102328866,,,0.91,0.69,
2014-11-07,13.12,-4.023408924652527,,,0.95,0.57,
2014-11-10,12.67,-3.429878048780488,,,1.05,0.67,
2014-11-11,12.92,1.9731649565903675,,,0.99,0.64,
2014-11-12,13.02,0.7739938080495223,,,0.81,0.61,
2014-11-13,13.79,5.913978494623651,,,0.95,0.57,
2014-11-14,13.31,-3.4807831762146413,,,0.92,0.53,
2014-11-17,13.99,5.108940646130722,,,0.84,0.56,
2014-11-18,13.86,-0.9292351679771271,,,0.88,0.47,
2014-11-19,13.96,0.721500721500723,,,0.93,0.6,
2014-11-20,13.58,-2.7220630372492893,,,0.96,0.55,
2014-11-21,12.9,-5.007363770250361,,,0.75,0.49,
2014-11-24,12.62,-2.170542635658923,,,0.79,0.54,
2014-11-25,12.25,-2.931854199683037,,,0.98,0.62,
2014-11-26,12.07,-1.4693877551020362,,,0.84,0.63,
2014-11-28,13.33,10.439105219552602,,,1.09,0.65,
2014-12-01,14.29,7.201800450112517,,,0.99,0.62,
2014-12-02,12.85,-10.076976906927914,,,1.13,0.65,
2014-12-03,12.47,-2.957198443579756,,,0.78,0.65,
2014-12-04,12.38,-0.7217321571772239,,,1.06,0.66,
2014-12-05,11.82,-4.523424878836835,,,1.03,0.5,
2014-12-08,14.21,20.21996615905246,,,1.04,0.62,
2014-12-09,14.89,4.785362420830408,,,1.05,0.78,
2014-12-10,18.53,24.445936870382813,,,0.96,0.74,
2014-12-11,20.08,8.364813815434413,,,0.99,0.72,
2014-12-12,21.08,4.980079681274896,,,1.13,0.79,
2014-12-15,20.42,-3.1309297912713308,,,1.05,0.75,
2014-12-16,23.57,15.426052889324193,,,0.98,0.74,
2014-12-17,19.44,-17.522274077216792,,,1.24,0.71,
2014-12-18,16.81,-13.528806584362151,,,0.78,0.58,
2014-12-19,16.49,-1.9036287923854922,,,0.88,0.59,
2014-12-22,15.25,-7.519708914493628,,,0.75,0.49,
2014-12-23,14.8,-2.950819672131144,,,0.86,0.52,
2014-12-24,14.37,-2.9054054054054146,,,0.89,0.6,
2014-12-26,14.5,0.9046624913013224,,,0.73,0.55,
2014-12-29,15.06,3.86206896551724,,,0.85,0.64,
2014-12-30,15.92,5.710491367861881,,,0.99,0.66,
2014-12-31,19.2,20.603015075376874,,,0.94,0.56,
2015-01-02,17.79,-7.343750000000004,,,1.22,0.8,
2015-01-05,19.92,11.97301854974706,,,1.23,0.79,
2015-01-06,21.12,6.024096385542155,,,1.11,0.59,
2015-01-07,19.31,-8.570075757575768,,,0.97,0.73,
2015-01-08,17.01,-11.910926980838932,,,0.85,0.54,
2015-01-09,17.55,3.1746031746031633,,,0.99,0.64,
2015-01-12,19.6,11.680911680911677,,,1.06,0.68,
2015-01-13,20.56,4.8979591836734615,,,0.9,0.66,
2015-01-14,21.48,4.474708171206232,,,1.16,0.75,
2015-01-15,22.39,4.236499068901312,,,1.03,0.72,
2015-01-16,20.95,-6.431442608307281,,,0.91,0.68,
2015-01-20,19.89,-5.059665871121711,,,0.8,0.61,
2015-01-21,18.85,-5.228758169934633,,,1.07,0.6,
2015-01-22,16.4,-12.997347480106114,,,0.98,0.58,
2015-01-23,16.66,1.585365853658538,,,1.28,0.7,
2015-01-26,15.52,-6.842737094837936,,,0.9,0.66,
2015-01-27,17.22,10.953608247422686,,,1.09,0.76,
2015-01-28,20.44,18.699186991869944,,,0.97,0.67,
2015-01-29,18.76,-8.21917808219178,,,1.15,0.79,
2015-01-30,20.97,11.780383795309145,,,1.14,0.68,
2015-02-02,19.43,-7.343824511206487,,,1.06,0.76,
2015-02-03,17.33,-10.808028821410199,,,0.95,0.54,
2015-02-04,18.33,5.770340450086553,,,0.95,0.59,
2015-02-05,16.85,-8.074195308237842,,,0.96,0.66,
2015-02-06,17.29,2.6112759643916794,,,1.02,0.69,
2015-02-09,18.55,7.287449392712553,,,1.07,0.75,
2015-02-10,17.23,-7.1159029649595755,,,0.97,0.66,
2015-02-11,16.96,-1.5670342426001183,,,0.96,0.63,
2015-02-12,15.34,-9.551886792452835,,,0.87,0.55,
2015-02-13,14.69,-4.23728813559322,,,0.97,0.56,
2015-02-17,15.8,7.556160653505795,,,0.95,0.58,
2015-02-18,15.45,-2.2151898734177333,,,0.96,0.58,
2015-02-19,15.29,-1.035598705501617,,,0.89,0.55,
2015-02-20,14.3,-6.474820143884886,,,0.79,0.53,
2015-02-23,14.56,1.8181818181818077,,,0.87,0.62,
2015-02-24,13.69,-5.975274725274737,,,1.0,0.57,
2015-02-25,13.84,1.0956902848794803,,,1.0,0.64,
2015-02-26,13.91,0.5057803468208055,,,1.02,0.65,
2015-02-27,13.34,-4.0977713874910116,,,1.02,0.64,
2015-03-02,13.04,-2.2488755622188994,,,1.02,0.57,
2015-03-03,13.86,6.288343558282206,,,0.98,0.66,
2015-03-04,14.23,2.669552669552666,,,0.91,0.61,
2015-03-05,14.04,-1.3352073085031724,,,0.95,0.64,
2015-03-06,15.2,8.26210826210827,,,1.28,0.67,
2015-03-09,15.06,-0.9210526315789447,,,1.11,0.65,
2015-03-10,16.69,10.823373173970797,,,1.09,0.67,
2015-03-11,16.87,1.0784901138406244,,,1.11,0.67,
2015-03-12,15.42,-8.595139300533495,,,1.05,0.65,
2015-03-13,16.0,3.761348897535677,,,1.21,0.8,
2015-03-16,15.61,-2.4375000000000036,,,1.02,0.69,
2015-03-17,15.66,0.32030749519538215,,,0.95,0.74,
2015-03-18,13.97,-10.791826309067687,,,0.98,0.65,
2015-03-19,14.07,0.7158196134574135,,,0.89,0.59,
2015-03-20,13.02,-7.462686567164189,,,0.81,0.57,
2015-03-23,13.41,2.995391705069128,,,0.88,0.56,
2015-03-24,13.62,1.5659955257270708,,,1.04,0.7,
2015-03-25,15.44,13.362701908957408,,,1.08,0.69,
2015-03-26,15.8,2.3316062176165886,,,0.97,0.58,
2015-03-27,15.07,-4.620253164556964,,,1.07,0.79,
2015-03-30,14.51,-3.715992037159921,,,0.93,0.53,
2015-03-31,15.29,5.3756030323914405,,,1.08,0.65,
2015-04-01,15.11,-1.1772400261608862,,,1.14,0.76,
2015-04-02,14.67,-2.9119788219722054,,,1.12,0.81,
2015-04-06,14.74,0.47716428084525475,,,0.87,0.5,
2015-04-07,14.78,0.27137042062415073,,,1.0,0.59,
2015-04-08,13.98,-5.412719891745599,,,0.95,0.6,
2015-04-09,13.09,-6.3662374821173096,,,1.04,0.6,
2015-04-10,12.58,-3.8961038961038974,,,0.85,0.54,
2015-04-13,13.94,10.81081081081081,,,0.89,0.59,
2015-04-14,13.67,-1.9368723098995622,,,1.08,0.66,
2015-04-15,12.84,-6.07168983174835,,,0.78,0.59,
2015-04-16,12.6,-1.869158878504673,,,0.86,0.67,
2015-04-17,13.89,10.238095238095246,,,1.12,0.74,
2015-04-20,13.3,-4.247660187185021,,,0.79,0.56,
2015-04-21,13.25,-0.3759398496240629,,,0.9,0.64,
2015-04-22,12.71,-4.075471698113198,,,0.94,0.57,
2015-04-23,12.48,-1.8095987411487102,,,1.03,0.66,
2015-04-24,12.29,-1.5224358974359031,,,0.76,0.6,
2015-04-27,13.12,6.753458096013021,,,0.88,0.65,
2015-04-28,12.41,-5.4115853658536555,,,0.91,0.64,
2015-04-29,13.39,7.89685737308623,,,0.94,0.69,
2015-04-30,14.55,8.663181478715455,,,1.05,0.72,
2015-05-01,12.7,-12.714776632302415,,,0.97,0.61,
2015-05-04,12.85,1.1811023622047223,,,0.95,0.55,
2015-05-05,14.31,11.36186770428016,,,1.24,0.74,
2015-05-06,15.15,5.870020964360578,,,1.02,0.73,
2015-05-07,15.13,-0.13201320132012473,,,0.94,0.69,
2015-05-08,12.86,-15.003304692663589,,,0.86,0.55,
2015-05-11,13.85,7.698289269051317,,,0.56,0.61,
2015-05-12,13.86,0.07220216606498298,,,1.06,0.64,
2015-05-13,13.76,-0.721500721500723,,,0.86,0.56,
2015-05-14,12.74,-7.412790697674421,,,0.79,0.6,
2015-05-15,12.38,-2.8257456828885363,,,0.83,0.56,
2015-05-18,12.73,2.8271405492730217,,,0.97,0.66,
2015-05-19,12.85,0.9426551453259879,,,1.03,0.59,
2015-05-20,12.88,0.23346303501945442,,,0.85,0.58,
2015-05-21,12.11,-5.978260869565233,,,0.93,0.71,
2015-05-22,12.13,0.16515276630884035,,,0.89,0.64,
2015-05-26,14.06,15.910964550700735,,,1.14,0.74,
2015-05-27,13.27,-5.618776671408254,,,1.07,0.58,
2015-05-28,13.31,0.30143180105501877,,,1.08,0.71,
2015-05-29,13.84,3.981968444778361,,,1.16,0.57,
2015-06-01,13.97,0.9393063583815087,,,0.85,0.66,
2015-06-02,14.24,1.932712956334992,,,0.94,0.54,
2015-06-03,13.66,-4.07303370786517,,,0.91,0.51,
2015-06-04,14.71,7.686676427525629,,,1.16,0.61,
2015-06-05,14.21,-3.3990482664853827,,,1.04,0.61,
2015-06-08,15.29,7.600281491907102,,,1.01,0.61,
2015-06-09,14.47,-5.3629823413996025,,,0.9,0.63,
2015-06-10,13.22,-8.638562543192807,,,0.62,0.46,
2015-06-11,12.85,-2.7987897125567374,,,0.84,0.59,
2015-06-12,13.78,7.237354085603109,,,1.06,0.67,
2015-06-15,15.39,11.683599419448477,,,0.89,0.66,
2015-06-16,14.81,-3.7686809616634176,,,0.75,0.64,
2015-06-17,14.5,-2.0931802835921665,,,0.85,0.55,
2015-06-18,13.19,-9.034482758620687,,,0.89,0.64,
2015-06-19,13.96,5.837755875663397,,,0.93,0.63,
2015-06-22,12.74,-8.739255014326652,,,0.89,0.56,
2015-06-23,12.11,-4.94505494505495,,,0.97,0.61,
2015-06-24,13.26,9.496284062758065,,,0.9,0.52,
2015-06-25,14.01,5.65610859728507,,,1.08,0.65,
2015-06-26,14.02,0.07137758743753775,,,1.06,0.74,
2015-06-29,18.85,34.45078459343796,,,1.38,0.94,
2015-06-30,18.23,-3.2891246684350173,,,1.1,0.84,
2015-07-01,16.09,-11.738891936368622,,,1.15,0.62,
2015-07-02,16.79,4.350528278433807,,,1.0,0.7,
2015-07-06,17.01,1.3103037522334882,,,1.15,0.65,
2015-07-07,16.09,-5.408583186360971,,,1.24,0.78,
2015-07-08,19.66,22.187694220012432,,,1.45,0.87,
2015-07-09,19.97,1.5768056968463728,,,1.16,0.69,
2015-07-10,16.83,-15.723585378067106,,,1.02,0.67,
2015-07-13,13.9,-17.409387997623284,,,0.57,0.55,
2015-07-14,13.37,-3.812949640287777,,,0.97,0.63,
2015-07-15,13.23,-1.0471204188481575,,,0.97,0.68,
2015-07-16,12.11,-8.465608465608476,,,0.88,0.71,
2015-07-17,11.95,-1.3212221304706895,,,0.85,0.55,
2015-07-20,12.25,2.5104602510460206,,,0.91,0.56,
2015-07-21,12.22,-0.2448979591836653,,,0.91,0.69,
2015-07-22,12.12,-0.8183306055646544,,,0.85,0.61,
2015-07-23,12.64,4.290429042904309,,,1.03,0.78,
2015-07-24,13.74,8.702531645569621,,,1.41,0.86,
2015-07-27,15.6,13.53711790393013,,,1.22,0.74,
2015-07-28,13.44,-13.846153846153852,,,0.93,0.62,
2015-07-29,12.5,-6.994047619047617,,,0.9,0.62,
2015-07-30,12.13,-2.959999999999996,,,0.76,0.5,
2015-07-31,12.12,-0.08244023083265883,,,1.11,0.68,
2015-08-03,12.56,3.630363036303641,,,0.97,0.73,
2015-08-04,13.0,3.5031847133757843,,,0.93,0.75,
2015-08-05,12.51,-3.769230769230769,,,0.98,0.77,
2015-08-06,13.77,10.07194244604317,,,1.3,0.82,
2015-08-07,13.39,-2.7596223674654974,,,1.23,0.83,
2015-08-10,12.23,-8.663181478715465,,,0.56,0.66,
2015-08-11,13.71,12.101390024529856,,,1.1,0.79,
2015-08-12,13.61,-0.7293946024799491,,,1.04,0.83,
2015-08-13,13.49,-0.881704628949298,,,0.96,0.74,
2015-08-14,12.83,-4.892512972572272,,,1.01,0.67,
2015-08-17,13.02,1.480904130943106,,,0.89,0.69,
2015-08-18,13.79,5.913978494623651,,,0.94,0.66,
2015-08-19,15.25,10.587382160986225,,,1.11,0.81,
2015-08-20,19.14,25.50819672131148,,,1.33,0.82,
2015-08-21,28.03,46.447230929989544,,,1.69,1.04,
2015-08-24,40.74,45.344273992151265,,,1.28,0.87,
2015-08-25,36.02,-11.58566519391261,,,1.25,0.7,
2015-08-26,30.32,-15.824541921154921,,,1.04,0.85,
2015-08-27,26.1,-13.91820580474934,,,1.2,0.76,
2015-08-28,26.05,-0.19157088122605526,,,1.28,0.72,
2015-08-31,28.43,9.136276391554699,,,1.19,0.66,
2015-09-01,31.4,10.446711220541683,,,1.24,0.74,
2015-09-02,26.09,-16.91082802547771,,,1.31,0.73,
2015-09-03,25.61,-1.839785358374857,,,1.12,0.68,
2015-09-04,27.8,8.551347130027342,,,1.48,0.89,
2015-09-08,24.9,-10.431654676259006,,,0.93,0.66,
2015-09-09,26.23,5.341365461847403,,,1.03,0.71,
2015-09-10,24.37,-7.0911170415554725,,,1.19,0.77,
2015-09-11,23.2,-4.8009848173984455,,,1.21,0.81,
2015-09-14,24.25,4.525862068965525,,,1.03,0.91,
2015-09-15,22.54,-7.051546391752583,,,1.17,0.87,
2015-09-16,21.35,-5.279503105590056,,,1.2,0.73,
2015-09-17,21.14,-0.983606557377048,,,0.92,0.74,
2015-09-18,22.28,5.392620624408706,,,1.14,0.83,
2015-09-21,20.14,-9.605026929982053,,,1.0,0.55,
2015-09-22,22.44,11.420059582919562,,,1.16,0.8,
2015-09-23,22.13,-1.3814616755793319,,,1.05,0.69,
2015-09-24,23.47,6.055128784455488,,,1.03,0.86,
2015-09-25,23.62,0.639113762249699,,,1.3,0.74,
2015-09-28,27.63,16.97713801862828,,,1.44,0.94,
2015-09-29,26.83,-2.895403546869346,,,1.37,0.95,
2015-09-30,24.5,-8.684308609765178,,,0.84,0.7,
2015-10-01,22.55,-7.959183673469383,,,0.97,0.73,
2015-10-02,20.94,-7.13968957871397,,,1.09,0.67,
2015-10-05,19.54,-6.685768863419305,,,1.01,0.62,
2015-10-06,19.4,-0.7164790174002067,,,0.93,0.68,
2015-10-07,18.4,-5.154639175257736,,,1.09,0.83,
2015-10-08,17.42,-5.326086956521725,,,0.93,0.7,
2015-10-09,17.08,-1.9517795637198798,,,0.87,0.64,
2015-10-12,16.17,-5.3278688524589946,,,0.94,0.67,
2015-10-13,17.67,9.276437847866426,,,0.9,0.8,
2015-10-14,18.03,2.037351443123936,,,0.96,0.75,
2015-10-15,16.05,-10.981697171381033,,,1.11,0.87,
2015-10-16,15.05,-6.230529595015577,,,0.87,0.61,
2015-10-19,14.98,-0.46511627906976605,,,0.89,0.67,
2015-10-20,15.75,5.1401869158878455,,,0.99,0.7,
2015-10-21,16.7,6.0317460317460325,,,0.96,0.83,
2015-10-22,14.45,-13.47305389221557,,,0.91,0.66,
2015-10-23,14.46,0.06920415224913601,,,0.77,0.63,
2015-10-26,15.29,5.7399723374826905,,,0.95,0.72,
2015-10-27,15.43,0.915631131458472,,,0.99,0.74,
2015-10-28,14.33,-7.1289695398574215,,,0.77,0.54,
2015-10-29,14.61,1.9539427773900941,,,0.86,0.56,
2015-10-30,15.07,3.1485284052019225,,,0.95,0.59,
2015-11-02,14.15,-6.104844061048443,,,0.88,0.58,
2015-11-03,14.54,2.7561837455830407,,,0.95,0.71,
2015-11-04,15.51,6.671251719394777,,,1.0,0.73,
2015-11-05,15.05,-2.9658284977433835,,,1.06,0.63,
2015-11-06,14.33,-4.784053156146184,,,1.04,0.66,
2015-11-09,16.52,15.282623866015355,,,1.1,0.76,
2015-11-10,15.29,-7.445520581113807,,,1.0,0.8,
2015-11-11,16.06,5.035971223021574,,,0.88,0.59,
2015-11-12,18.37,14.38356164383563,,,1.22,0.83,
2015-11-13,20.08,9.308655416439837,,,1.16,0.98,
2015-11-16,18.16,-9.5617529880478,,,0.88,0.71,
2015-11-17,18.84,3.7444933920704804,,,0.88,0.83,
2015-11-18,16.85,-10.56263269639065,,,1.02,0.72,
2015-11-19,16.99,0.8308605341246222,,,0.95,0.79,
2015-11-20,15.47,-8.946439081812818,,,0.94,0.67,
2015-11-23,15.62,0.9696186166774368,,,1.03,0.6,
2015-11-24,15.93,1.984635083226638,,,1.06,0.67,
2015-11-25,15.19,-4.64532328939109,,,1.04,0.65,
2015-11-27,15.12,-0.4608294930875556,,,1.12,0.76,
2015-11-30,16.13,6.679894179894186,,,1.17,0.65,
2015-12-01,14.67,-9.051456912585243,,,1.07,0.61,
2015-12-02,15.91,8.45262440354464,,,1.04,0.67,
2015-12-03,18.11,13.827781269641726,,,1.12,0.9,
2015-12-04,14.81,-18.221976808393148,,,0.9,0.61,
2015-12-07,15.84,6.954760297096563,,,1.01,0.83,
2015-12-08,17.6,11.111111111111116,,,1.08,0.96,
2015-12-09,19.61,11.420454545454529,,,0.93,0.66,
2015-12-10,19.34,-1.37684854665987,,,1.25,0.72,
2015-12-11,24.39,26.11168562564634,,,1.08,0.92,
2015-12-14,22.73,-6.806068060680603,,,0.91,0.57,
2015-12-15,20.95,-7.831060272767276,,,0.88,0.66,
2015-12-16,17.86,-14.74940334128878,,,0.75,0.54,
2015-12-17,18.94,6.047032474804048,,,0.98,0.77,
2015-12-18,20.7,9.2925026399155,,,1.03,0.77,
2015-12-21,18.7,-9.661835748792269,,,0.84,0.64,
2015-12-22,16.6,-11.229946524064161,,,0.92,0.56,
2015-12-23,15.57,-6.204819277108442,,,0.84,0.56,
2015-12-24,15.74,1.0918432883750828,,,0.92,0.57,
2015-12-28,16.91,7.4332909783989765,,,1.31,1.21,
2015-12-29,16.08,-4.908338261383804,,,0.82,0.54,
2015-12-30,17.29,7.524875621890548,,,1.0,0.59,
2015-12-31,18.21,5.320994794679024,,,1.04,0.69,
2016-01-04,20.7,13.673805601317945,,,1.08,0.8,
2016-01-05,19.34,-6.570048309178745,,,1.0,0.65,
2016-01-06,20.59,6.463288521199595,,,1.03,0.7,
2016-01-07,24.99,21.369596891694997,,,1.38,0.89,
2016-01-08,27.01,8.083233293317349,,,1.34,0.93,
2016-01-11,24.3,-10.033320992225104,,,1.13,0.94,
2016-01-12,22.47,-7.530864197530873,,,1.02,0.86,
2016-01-13,25.22,12.238540275923459,,,1.2,0.91,
2016-01-14,23.95,-5.035685963521008,,,1.02,0.82,
2016-01-15,27.02,12.818371607515665,,,1.52,1.14,
2016-01-19,26.05,-3.589933382679489,,,0.9,0.62,
2016-01-20,27.59,5.911708253358916,,,1.18,0.59,
2016-01-21,26.69,-3.262051467923155,,,1.1,0.69,
2016-01-22,22.34,-16.29823904083927,,,1.11,0.64,
2016-01-25,24.15,8.102059086839741,,,1.03,0.69,
2016-01-26,22.5,-6.832298136645953,,,0.88,0.62,
2016-01-27,23.11,2.7111111111111086,,,0.95,0.71,
2016-01-28,22.42,-2.985720467330155,,,0.87,0.62,
2016-01-29,20.2,-9.901873327386268,,,0.91,0.58,
2016-02-01,19.98,-1.089108910891079,,,1.02,0.63,
2016-02-02,21.98,10.010010010010006,,,1.03,0.76,
2016-02-03,21.65,-1.50136487716106,,,0.85,0.82,
2016-02-04,21.84,0.877598152424941,,,0.94,0.75,
2016-02-05,23.38,7.051282051282048,,,0.97,0.92,
2016-02-08,26.0,11.206159110350722,,,1.16,0.93,
2016-02-09,26.54,2.076923076923065,,,0.92,0.76,
2016-02-10,26.29,-0.9419743782969059,,,1.09,0.78,
2016-02-11,28.14,7.036896158235084,,,0.96,0.96,
2016-02-12,25.4,-9.737029140014219,,,0.92,0.71,
2016-02-16,24.11,-5.07874015748031,,,0.95,0.8,
2016-02-17,22.31,-7.465781833264207,,,1.12,0.68,
2016-02-18,21.64,-3.003137606454498,,,1.07,0.75,
2016-02-19,20.53,-5.1293900184842816,,,1.06,0.87,
2016-02-22,19.38,-5.601558694593289,,,0.94,0.58,
2016-02-23,20.98,8.255933952528395,,,1.12,0.71,
2016-02-24,20.72,-1.2392755004766554,,,1.05,0.71,
2016-02-25,19.11,-7.770270270270263,,,0.93,0.62,
2016-02-26,19.81,3.66300366300365,,,1.0,0.64,
2016-02-29,20.55,3.7354871277132773,,,1.21,0.6,
2016-03-01,17.7,-13.868613138686136,,,0.89,0.68,
2016-03-02,17.09,-3.446327683615813,,,0.8,0.64,
2016-03-03,16.7,-2.2820362785254567,,,0.77,0.55,
2016-03-04,16.86,0.9580838323353325,,,0.84,0.59,
2016-03-07,17.35,2.906287069988145,,,0.85,0.67,
2016-03-08,18.67,7.60806916426513,,,0.98,0.9,
2016-03-09,18.34,-1.7675415104445702,,,0.92,0.68,
2016-03-10,18.05,-1.5812431842966101,,,0.99,0.74,
2016-03-11,16.5,-8.58725761772854,,,1.01,0.6,
2016-03-14,16.92,2.545454545454562,,,0.91,0.69,
2016-03-15,16.84,-0.47281323877069736,,,0.9,0.85,
2016-03-16,14.99,-10.985748218527313,,,0.9,0.71,
2016-03-17,14.44,-3.6691127418278846,,,0.68,0.63,
2016-03-18,14.02,-2.908587257617723,,,0.78,0.55,
2016-03-21,13.79,-1.6405135520684788,,,0.89,0.71,
2016-03-22,14.17,2.7556200145032683,,,1.07,0.88,
2016-03-23,14.94,5.43401552575864,,,1.04,0.84,
2016-03-24,14.74,-1.338688085676032,,,1.06,0.82,
2016-03-28,15.24,3.3921302578018953,,,0.78,0.66,
2016-03-29,13.82,-9.317585301837273,,,0.97,0.61,
2016-03-30,13.56,-1.881331403762665,,,1.13,0.62,
2016-03-31,13.95,2.8761061946902533,,,1.15,0.68,
2016-04-01,13.1,-6.093189964157708,,,0.96,0.63,
2016-04-04,14.12,7.78625954198473,,,0.97,0.65,
2016-04-05,15.42,9.206798866855536,,,1.13,0.69,
2016-04-06,14.09,-8.625162127107656,,,0.99,0.61,
2016-04-07,16.16,14.691270404542234,,,1.02,0.68,
2016-04-08,15.36,-4.950495049504955,,,1.0,0.75,
2016-04-11,16.26,5.859375000000022,,,0.87,0.65,
2016-04-12,14.85,-8.671586715867175,,,0.93,0.72,
2016-04-13,13.84,-6.8013468013467975,,,0.61,0.61,
2016-04-14,13.72,-0.8670520231213841,,,0.86,0.68,
2016-04-15,13.62,-0.7288629737609464,,,0.8,0.63,
2016-04-18,13.35,-1.9823788546255439,,,0.98,0.69,
2016-04-19,13.24,-0.8239700374531811,,,0.62,0.67,
2016-04-20,13.28,0.302114803625364,,,0.88,0.68,
2016-04-21,13.95,5.0451807228915735,,,1.17,0.85,
2016-04-22,13.22,-5.232974910394262,,,0.98,0.61,
2016-04-25,14.08,6.5052950075642935,,,0.76,0.7,
2016-04-26,13.96,-0.8522727272727182,,,0.8,0.53,
2016-04-27,13.77,-1.3610315186246558,,,1.02,0.55,
2016-04-28,15.22,10.53013798111837,,,1.0,0.77,
2016-04-29,15.7,3.1537450722733062,,,1.16,0.86,
2016-05-02,14.68,-6.496815286624202,,,1.08,0.74,
2016-05-03,15.6,6.267029972752036,,,1.1,0.77,
2016-05-04,16.05,2.8846153846153966,,,1.09,0.8,
2016-05-05,15.91,-0.8722741433021874,,,1.2,0.8,
2016-05-06,14.72,-7.479572595851658,,,1.19,0.92,
2016-05-09,14.57,-1.0190217391304324,,,1.14,0.86,
2016-05-10,13.63,-6.451612903225801,,,1.07,0.91,
2016-05-11,14.69,7.776962582538505,,,0.93,0.8,
2016-05-12,14.41,-1.9060585432266852,,,1.28,0.8,
2016-05-13,15.04,4.371963913948629,,,1.15,0.84,
2016-05-16,14.68,-2.393617021276595,,,0.77,0.6,
2016-05-17,15.57,6.062670299727535,,,1.21,0.81,
2016-05-18,15.95,2.440590879897231,,,1.02,0.75,
2016-05-19,16.33,2.3824451410658254,,,1.37,0.8,
2016-05-20,15.2,-6.919779546846295,,,1.04,0.78,
2016-05-23,15.82,4.078947368421049,,,1.01,0.65,
2016-05-24,14.42,-8.849557522123897,,,1.01,0.6,
2016-05-25,13.9,-3.606102635228847,,,0.97,0.62,
2016-05-26,13.43,-3.3812949640287804,,,0.93,0.55,
2016-05-27,13.12,-2.3082650781831804,,,0.9,0.51,
2016-05-31,14.19,8.155487804878048,,,0.93,0.58,
2016-06-01,14.2,0.07047216349542751,,,1.04,0.55,
2016-06-02,13.63,-4.014084507042249,,,0.91,0.69,
2016-06-03,13.47,-1.1738811445341168,,,0.88,0.59,
2016-06-06,13.65,1.3363028953229383,,,0.74,0.59,
2016-06-07,14.05,2.930402930402942,,,0.85,0.61,
2016-06-08,14.08,0.2135231316725994,,,0.86,0.59,
2016-06-09,14.64,3.9772727272727293,,,0.94,0.72,
2016-06-10,17.03,16.32513661202186,,,1.09,0.81,
2016-06-13,20.97,23.135642982971216,,,0.92,0.75,
2016-06-14,20.5,-2.2412970910824948,,,1.03,0.79,
2016-06-15,20.14,-1.7560975609756113,,,1.17,0.68,
2016-06-16,19.37,-3.8232373386295926,,,1.39,0.77,
2016-06-17,19.41,0.20650490449147796,,,1.11,0.63,
2016-06-20,18.37,-5.358062854198864,,,0.99,0.6,
2016-06-21,18.48,0.5988023952095745,,,1.01,0.64,
2016-06-22,21.17,14.556277056277068,,,1.04,0.77,
2016-06-23,17.25,-18.516769012753908,,,1.28,0.61,
2016-06-24,25.76,49.33333333333334,,,1.24,1.01,
2016-06-27,23.85,-7.414596273291929,,,1.29,0.81,
2016-06-28,18.75,-21.383647798742146,,,1.14,0.59,
2016-06-29,16.64,-11.253333333333327,,,1.17,0.58,
2016-06-30,15.63,-6.069711538461542,,,1.23,0.65,
2016-07-01,14.77,-5.5022392834293115,,,0.92,0.57,
2016-07-05,15.58,5.484089370345302,,,1.24,0.73,
2016-07-06,14.96,-3.979460847240046,,,1.01,0.76,
2016-07-07,14.76,-1.3368983957219305,,,0.86,0.6,
2016-07-08,13.2,-10.569105691056912,,,0.73,0.52,
2016-07-11,13.54,2.5757575757575646,,,0.76,0.58,
2016-07-12,13.55,0.07385524372232055,,,0.79,0.59,
2016-07-13,13.04,-3.7638376383763994,,,0.89,0.56,
2016-07-14,12.82,-1.6871165644171682,,,0.62,0.53,
2016-07-15,12.67,-1.1700468018720822,,,0.85,0.52,
2016-07-18,12.44,-1.815311760063143,,,0.92,0.69,
2016-07-19,11.97,-3.7781350482315013,,,0.92,0.67,
2016-07-20,11.77,-1.670843776106945,,,0.79,0.57,
2016-07-21,12.74,8.241291418861518,,,0.95,0.61,
2016-07-22,12.02,-5.651491365777083,,,0.82,0.59,
2016-07-25,12.87,7.071547420965052,,,0.91,0.71,
2016-07-26,13.05,1.3986013986014179,,,0.92,0.76,
2016-07-27,12.83,-1.685823754789273,,,0.92,0.66,
2016-07-28,12.72,-0.8573655494933718,,,0.9,0.62,
2016-07-29,11.87,-6.682389937106925,,,1.2,0.62,
2016-08-01,12.44,4.802021903959575,,,1.35,0.72,
2016-08-02,13.37,7.475884244372999,,,1.15,0.72,
2016-08-03,12.86,-3.814510097232604,,,0.94,0.59,
2016-08-04,12.42,-3.4214618973561373,,,0.93,0.65,
2016-08-05,11.39,-8.293075684380025,,,0.92,0.52,
2016-08-08,11.5,0.9657594381035972,,,0.98,0.58,
2016-08-09,11.66,1.3913043478260834,,,0.91,0.61,
2016-08-10,12.05,3.34476843910807,,,0.87,0.62,
2016-08-11,11.68,-3.0705394190871482,,,0.95,0.61,
2016-08-12,11.55,-1.1130136986301276,,,0.76,0.55,
2016-08-15,11.81,2.2510822510822592,,,0.78,0.51,
2016-08-16,12.64,7.027942421676547,,,1.03,0.7,
2016-08-17,12.19,-3.560126582278489,,,0.9,0.59,
2016-08-18,11.43,-6.234618539786707,,,0.86,0.54,
2016-08-19,11.34,-0.7874015748031482,,,0.84,0.6,
2016-08-22,12.27,8.20105820105821,,,0.9,0.63,
2016-08-23,12.38,0.8964955175224221,,,0.86,0.56,
2016-08-24,13.45,8.642972536348935,,,0.93,0.68,
2016-08-25,13.63,1.3382899628253009,,,1.15,0.75,
2016-08-26,13.65,0.14673514306675628,,,1.04,0.73,
2016-08-29,12.94,-5.201465201465205,,,0.93,0.6,
2016-08-30,13.12,1.391035548686248,,,0.97,0.63,
2016-08-31,13.42,2.286585365853666,,,1.2,0.7,
2016-09-01,13.48,0.44709388971684305,,,1.01,0.7,
2016-09-02,11.98,-11.12759643916914,,,0.96,0.61,
2016-09-06,12.02,0.33388981636059967,,,0.87,0.5,
2016-09-07,11.94,-0.6655574043261225,,,0.89,0.57,
2016-09-08,12.51,4.773869346733672,,,0.97,0.61,
2016-09-09,17.5,39.8880895283773,,,1.18,0.78,
2016-09-12,15.16,-13.371428571428567,,,1.0,0.64,
2016-09-13,17.85,17.74406332453826,,,0.98,0.75,
2016-09-14,18.14,1.6246498599439718,,,1.09,0.55,
2016-09-15,16.3,-10.143329658213895,,,0.84,0.7,
2016-09-16,15.37,-5.7055214723926495,,,1.0,0.65,
2016-09-19,15.53,1.0409889394925154,,,0.79,0.56,
2016-09-20,15.92,2.5112685125563416,,,0.98,0.66,
2016-09-21,13.3,-16.4572864321608,,,1.0,0.63,
2016-09-22,12.02,-9.624060150375946,,,0.97,0.57,
2016-09-23,12.29,2.2462562396006636,,,1.05,0.65,
2016-09-26,14.5,17.982099267697315,,,1.15,0.73,
2016-09-27,13.1,-9.6551724137931,,,0.99,0.62,
2016-09-28,12.39,-5.4198473282442645,,,0.9,0.65,
2016-09-29,14.02,13.155770782889409,,,1.04,0.74,
2016-09-30,13.29,-5.206847360912981,,,1.01,0.61,
2016-10-03,13.57,2.106847253574129,,,1.06,0.64,
2016-10-04,13.63,0.442151805453217,,,0.9,0.51,
2016-10-05,12.99,-4.695524578136467,,,0.77,0.58,
2016-10-06,12.84,-1.1547344110854563,,,1.0,0.71,
2016-10-07,13.48,4.984423676012462,,,1.18,0.68,
2016-10-10,13.38,-0.7418397626112738,,,0.93,0.61,
2016-10-11,15.36,14.798206278026903,,,1.12,0.75,
2016-10-12,15.91,3.580729166666674,,,1.06,0.64,
2016-10-13,16.69,4.902576995600261,,,0.97,0.71,
2016-10-14,16.12,-3.4152186938286366,,,0.94,0.68,
2016-10-17,16.21,0.5583126550868567,,,0.97,0.62,
2016-10-18,15.28,-5.73719925971623,,,0.97,0.69,
2016-10-19,14.41,-5.693717277486909,,,0.95,0.59,
2016-10-20,13.75,-4.580152671755721,,,0.99,0.53,
2016-10-21,13.34,-2.9818181818181855,,,0.97,0.56,
2016-10-24,13.02,-2.398800599700157,,,0.93,0.59,
2016-10-25,13.46,3.3794162826420893,,,0.97,0.69,
2016-10-26,14.24,5.794947994056465,,,0.9,0.73,
2016-10-27,15.36,7.86516853932584,,,0.84,0.55,
2016-10-28,16.19,5.403645833333348,,,1.11,0.78,
2016-10-31,17.06,5.373687461395904,,,1.06,0.75,
2016-11-01,18.56,8.792497069167649,,,1.43,0.86,
2016-11-02,19.32,4.094827586206895,,,1.31,0.99,
2016-11-03,22.08,14.28571428571428,,,1.19,0.74,
2016-11-04,22.51,1.9474637681159646,,,1.37,0.7,
2016-11-07,18.71,-16.881386050644164,,,1.22,0.68,
2016-11-08,18.74,0.16034206306787535,,,1.48,0.69,
2016-11-09,14.38,-23.265741728922084,,,1.07,0.61,
2016-11-10,14.74,2.5034770514603677,,,0.89,0.6,
2016-11-11,14.17,-3.8670284938941646,,,1.07,0.53,
2016-11-14,14.48,2.1877205363443952,,,0.91,0.57,
2016-11-15,13.37,-7.665745856353601,,,0.91,0.51,
2016-11-16,13.72,2.6178010471204383,,,1.02,0.63,
2016-11-17,13.35,-2.696793002915454,,,0.87,0.65,
2016-11-18,12.85,-3.745318352059923,,,0.94,0.68,
2016-11-21,12.42,-3.3463035019455245,,,0.84,0.57,
2016-11-22,12.41,-0.08051529790660261,,,1.0,0.63,
2016-11-23,12.43,0.16116035455278066,,,0.96,0.6,
2016-11-25,12.34,-0.7240547063555924,,,0.8,0.61,
2016-11-28,13.15,6.564019448946512,,,0.92,0.57,
2016-11-29,12.9,-1.9011406844106515,,,0.96,0.62,
2016-11-30,13.33,3.3333333333333215,,,0.9,0.54,
2016-12-01,14.07,5.551387846961742,,,0.95,0.66,
2016-12-02,14.12,0.3553660270078085,,,0.92,0.67,
2016-12-05,12.14,-14.0226628895184,,,0.86,0.63,
2016-12-06,11.79,-2.883031301482708,,,0.83,0.58,
2016-12-07,12.22,3.647158608990675,,,0.84,0.46,
2016-12-08,12.64,3.436988543371511,,,0.75,0.5,
2016-12-09,11.75,-7.041139240506333,,,0.82,0.53,
2016-12-12,12.64,7.574468085106378,,,0.8,0.57,
2016-12-13,12.72,0.6329113924050667,,,0.6,0.54,
2016-12-14,13.19,3.6949685534591215,,,0.9,0.58,
2016-12-15,12.79,-3.0326004548900665,,,0.85,0.59,
2016-12-16,12.2,-4.612978889757624,,,0.91,0.62,
2016-12-19,11.71,-4.016393442622935,,,1.17,0.71,
2016-12-20,11.45,-2.220324508966709,,,0.94,0.63,
2016-12-21,11.27,-1.5720524017467263,,,0.92,0.77,
2016-12-22,11.43,1.4196983141082642,,,0.89,0.67,
2016-12-23,11.44,0.08748906386701893,,,0.86,0.66,
2016-12-27,11.99,4.807692307692313,,,1.02,0.62,
2016-12-28,12.95,8.006672226855716,,,0.91,0.61,
2016-12-29,13.37,3.2432432432432323,,,0.94,0.62,
2016-12-30,14.04,5.011219147344792,,,1.09,0.76,
2017-01-03,12.85,-8.475783475783471,,,0.98,0.69,
2017-01-04,11.85,-7.782101167315181,,,0.87,0.64,
2017-01-05,11.67,-1.518987341772149,,,1.16,0.69,
2017-01-06,11.32,-2.999143101970858,,,0.97,0.68,
2017-01-09,11.56,2.1201413427561766,,,1.0,0.62,
2017-01-10,11.49,-0.6055363321799345,,,0.89,0.64,
2017-01-11,11.26,-2.0017406440382968,,,0.84,0.63,
2017-01-12,11.54,2.48667850799289,,,1.07,0.68,
2017-01-13,11.23,-2.6863084922010283,,,0.92,0.63,
2017-01-17,11.87,5.699020480854844,,,0.95,0.65,
2017-01-18,12.48,5.139005897219895,,,1.07,0.67,
2017-01-19,12.78,2.4038461538461453,,,0.94,0.56,
2017-01-20,11.54,-9.702660406885766,,,1.0,0.7,
2017-01-23,11.77,1.9930675909878737,,,0.95,0.72,
2017-01-24,11.07,-5.947323704333041,,,0.76,0.65,
2017-01-25,10.81,-2.3486901535682003,,,0.72,0.61,
2017-01-26,10.63,-1.6651248843663202,,,0.87,0.65,
2017-01-27,10.58,-0.47036688617122513,,,1.0,0.73,
2017-01-30,11.88,12.287334593572785,,,1.1,0.82,
2017-01-31,11.99,0.92592592592593,,,1.03,0.7,
2017-02-01,11.81,-1.5012510425354453,,,0.91,0.71,
2017-02-02,11.93,1.01608806096527,,,0.86,0.64,
2017-02-03,10.97,-8.04694048616932,,,0.76,0.68,
2017-02-06,11.37,3.6463081130355457,,,1.05,0.75,
2017-02-07,11.29,-0.7036059806508344,,,1.1,0.7,
2017-02-08,11.45,1.417183348095663,,,0.97,0.69,
2017-02-09,10.88,-4.97816593886462,,,0.93,0.58,
2017-02-10,10.85,-0.27573529411766273,,,0.98,0.7,
2017-02-13,11.07,2.027649769585249,,,0.66,0.61,
2017-02-14,10.74,-2.981029810298108,,,0.7,0.53,
2017-02-15,11.97,11.45251396648046,,,0.84,0.58,
2017-02-16,11.76,-1.7543859649122862,,,0.89,0.54,
2017-02-17,11.49,-2.2959183673469385,,,0.93,0.59,
2017-02-21,11.57,0.6962576153176636,,,0.82,0.61,
2017-02-22,11.74,1.4693171996542853,,,0.89,0.6,
2017-02-23,11.71,-0.25553662691651935,,,0.83,0.62,
2017-02-24,11.47,-2.0495303159692613,,,0.83,0.72,
2017-02-27,12.09,5.405405405405395,,,0.83,0.63,
2017-02-28,12.92,6.865177832919778,,,1.19,0.7,
2017-03-01,12.54,-2.941176470588236,,,0.87,0.53,
2017-03-02,11.81,-5.821371610845283,,,1.02,0.56,
2017-03-03,10.96,-7.197290431837422,,,0.94,0.7,
2017-03-06,11.24,2.5547445255474477,,,0.9,0.67,
2017-03-07,11.45,1.868327402135228,,,0.84,0.54,
2017-03-08,11.86,3.580786026200866,,,0.98,0.62,
2017-03-09,12.3,3.7099494097807773,,,1.12,0.72,
2017-03-10,11.66,-5.203252032520334,,,0.88,0.57,
2017-03-13,11.35,-2.6586620926243643,,,0.94,0.7,
2017-03-14,12.3,8.370044052863456,,,0.93,0.73,
2017-03-15,11.63,-5.447154471544713,,,0.71,0.61,
2017-03-16,11.21,-3.6113499570077368,,,0.91,0.57,
2017-03-17,11.28,0.6244424620874156,,,0.96,0.61,
2017-03-20,11.34,0.5319148936170359,,,1.06,0.64,
2017-03-21,12.47,9.964726631393294,,,1.01,0.79,
2017-03-22,12.81,2.7265437048917374,,,0.99,0.73,
2017-03-23,13.12,2.4199843871974824,,,1.13,0.67,
2017-03-24,12.96,-1.2195121951219412,,,1.21,0.69,
2017-03-27,12.5,-3.5493827160493874,,,1.09,0.58,
2017-03-28,11.53,-7.76,,,0.87,0.6,
2017-03-29,11.42,-0.95403295750216,,,0.83,0.54,
2017-03-30,11.54,1.0507880910682887,,,0.94,0.58,
2017-03-31,12.37,7.192374350086661,,,1.19,0.56,
2017-04-03,12.38,0.08084074373484462,,,0.98,0.67,
2017-04-04,11.79,-4.765751211631675,,,1.12,0.62,
2017-04-05,12.89,9.329940627650558,,,0.92,0.61,
2017-04-06,12.39,-3.878975950349106,,,0.9,0.66,
2017-04-07,12.87,3.874092009685226,,,0.95,0.67,
2017-04-10,14.05,9.168609168609176,,,1.05,0.62,
2017-04-11,15.07,7.259786476868313,,,0.91,0.79,
2017-04-12,15.77,4.644990046449893,,,0.95,0.69,
2017-04-13,15.96,1.2048192771084487,,,0.98,0.96,
2017-04-17,14.66,-8.14536340852131,,,0.85,0.63,
2017-04-18,14.42,-1.6371077762619368,,,0.65,0.62,
2017-04-19,14.93,3.5367545076282925,,,0.74,0.7,
2017-04-20,14.15,-5.224380442062959,,,0.9,0.68,
2017-04-21,14.63,3.3922261484099048,,,1.04,0.67,
2017-04-24,10.84,-25.905673274094333,,,1.05,0.61,
2017-04-25,10.76,-0.7380073800738018,,,0.83,0.61,
2017-04-26,10.85,0.8364312267657992,,,0.79,0.63,
2017-04-27,10.36,-4.516129032258065,,,0.92,0.72,
2017-04-28,10.82,4.440154440154442,,,0.96,0.68,
2017-05-01,10.11,-6.561922365988915,,,0.85,0.62,
2017-05-02,10.59,4.747774480712175,,,0.75,0.61,
2017-05-03,10.68,0.8498583569405138,,,1.09,0.69,
2017-05-04,10.46,-2.0599250936329527,,,0.91,0.77,
2017-05-05,10.57,1.0516252390057268,,,1.0,0.64,
2017-05-08,9.77,-7.568590350047311,,,0.85,0.6,
2017-05-09,9.96,1.9447287615148579,,,0.74,0.63,
2017-05-10,10.21,2.5100401606425793,,,0.94,0.62,
2017-05-11,10.6,3.8197845249755114,,,0.91,0.65,
2017-05-12,10.4,-1.8867924528301772,,,0.85,0.57,
2017-05-15,10.42,0.19230769230769162,,,0.75,0.55,
2017-05-16,10.65,2.207293666026877,,,0.79,0.54,
2017-05-17,15.59,46.384976525821585,,,1.09,0.73,
2017-05-18,14.66,-5.965362411802433,,,1.13,0.7,
2017-05-19,12.04,-17.871759890859483,,,0.99,0.62,
2017-05-22,10.93,-9.219269102990024,,,0.86,0.54,
2017-05-23,10.72,-1.9213174748398787,,,0.9,0.6,
2017-05-24,10.02,-6.529850746268662,,,0.93,0.62,
2017-05-25,9.99,-0.29940119760478723,,,0.86,0.59,
2017-05-26,9.81,-1.8018018018017945,,,0.91,0.64,
2017-05-30,10.38,5.810397553516822,,,0.94,0.68,
2017-05-31,10.41,0.28901734104045396,,,1.01,0.63,
2017-06-01,9.89,-4.995196926032652,,,1.0,0.66,
2017-06-02,9.75,-1.4155712841253831,,,0.82,0.6,
2017-06-05,10.07,3.2820512820512793,,,0.74,0.51,
2017-06-06,10.45,3.7735849056603765,,,0.77,0.59,
2017-06-07,10.39,-0.574162679425827,,,0.9,0.58,
2017-06-08,10.16,-2.213666987487972,,,0.7,0.55,
2017-06-09,10.7,5.31496062992125,,,1.06,0.72,
2017-06-12,11.46,7.102803738317776,,,0.96,0.68,
2017-06-13,10.42,-9.075043630017454,,,0.97,0.64,
2017-06-14,10.64,2.1113243761996303,,,0.84,0.67,
2017-06-15,10.9,2.443609022556381,,,0.98,0.8,
2017-06-16,10.38,-4.770642201834862,,,1.09,0.67,
2017-06-19,10.37,-0.09633911368016612,,,0.8,0.58,
2017-06-20,10.86,4.725168756026998,,,0.83,0.72,
2017-06-21,10.75,-1.012891344383049,,,0.89,0.59,
2017-06-22,10.48,-2.5116279069767433,,,0.8,0.5,
2017-06-23,10.02,-4.389312977099246,,,0.96,0.58,
2017-06-26,9.9,-1.197604790419149,,,0.81,0.64,
2017-06-27,11.06,11.717171717171727,,,0.77,0.6,
2017-06-28,10.03,-9.312839059674516,,,0.95,0.68,
2017-06-29,11.44,14.057826520438677,,,0.98,0.69,
2017-06-30,11.18,-2.2727272727272707,,,1.13,0.67,
2017-07-03,11.22,0.3577817531305927,,,0.96,0.55,
2017-07-05,11.07,-1.3368983957219305,,,0.92,0.61,
2017-07-06,12.54,13.279132791327907,,,1.12,0.65,
2017-07-07,11.19,-10.765550239234445,,,0.93,0.66,
2017-07-10,11.11,-0.7149240393208189,,,0.91,0.64,
2017-07-11,10.89,-1.9801980198019709,,,1.06,0.69,
2017-07-12,10.3,-5.417814508723595,,,0.71,0.6,
2017-07-13,9.9,-3.8834951456310662,,,0.87,0.62,
2017-07-14,9.51,-3.9393939393939426,,,0.84,0.53,
2017-07-17,9.82,3.259726603575186,,,0.99,0.63,
2017-07-18,9.89,0.7128309572301372,,,0.87,0.62,
2017-07-19,9.79,-1.011122345803861,,,0.77,0.56,
2017-07-20,9.58,-2.1450459652706755,,,0.74,0.53,
2017-07-21,9.36,-2.2964509394572064,,,0.74,0.56,
2017-07-24,9.43,0.7478632478632452,,,0.82,0.68,
2017-07-25,9.43,0.0,,,0.8,0.61,
2017-07-26,9.6,1.8027571580063517,,,0.74,0.65,
2017-07-27,10.11,5.312500000000009,,,0.94,0.71,
2017-07-28,10.29,1.7804154302670572,,,0.83,0.63,
2017-07-31,10.26,-0.2915451895043719,,,0.92,0.62,
2017-08-01,10.09,-1.6569200779727122,,,0.88,0.64,
2017-08-02,10.28,1.8830525272546916,,,0.97,0.75,
2017-08-03,10.44,1.5564202334630295,,,1.01,0.71,
2017-08-04,10.03,-3.9272030651340994,,,1.0,0.66,
2017-08-07,9.93,-0.9970089730807596,,,0.93,0.77,
2017-08-08,10.96,10.37260825780464,,,0.93,0.67,
2017-08-09,11.11,1.3686131386861256,,,1.06,0.83,
2017-08-10,16.04,44.37443744374436,,,0.93,0.88,
2017-08-11,15.51,-3.304239401496256,,,0.97,0.94,
2017-08-14,12.33,-20.502901353965186,,,0.85,0.59,
2017-08-15,12.04,-2.3519870235198748,,,0.95,0.68,
2017-08-16,11.74,-2.491694352159457,,,0.96,0.62,
2017-08-17,15.55,32.453151618398635,,,1.07,0.78,
2017-08-18,14.26,-8.295819935691329,,,1.11,0.82,
2017-08-21,13.19,-7.503506311360453,,,0.99,0.57,
2017-08-22,11.35,-13.949962092494317,,,1.02,0.55,
2017-08-23,12.25,7.929515418502198,,,0.94,0.58,
2017-08-24,12.23,-0.16326530612245094,,,1.09,0.69,
2017-08-25,11.28,-7.76778413736714,,,1.0,0.69,
2017-08-28,11.32,0.35460992907803135,,,0.93,0.55,
2017-08-29,11.7,3.3568904593639592,,,0.77,0.61,
2017-08-30,11.22,-4.102564102564088,,,0.83,0.57,
2017-08-31,10.59,-5.6149732620320965,,,1.06,0.57,
2017-09-01,10.13,-4.343720491029268,,,0.83,0.56,
2017-09-05,12.23,20.730503455083916,,,1.17,0.67,
2017-09-06,11.63,-4.905968928863446,,,0.95,0.56,
2017-09-07,11.55,-0.6878761822871837,,,1.13,0.55,
2017-09-08,12.12,4.935064935064926,,,1.09,0.73,
2017-09-11,10.73,-11.46864686468646,,,0.93,0.65,
2017-09-12,10.58,-1.3979496738117492,,,0.84,0.58,
2017-09-13,10.5,-0.7561436672967825,,,0.81,0.55,
2017-09-14,10.44,-0.5714285714285783,,,0.79,0.56,
2017-09-15,10.17,-2.5862068965517238,,,1.08,0.63,
2017-09-18,10.15,-0.1966568338249708,,,0.92,0.61,
2017-09-19,10.18,0.2955665024630516,,,0.76,0.67,
2017-09-20,9.78,-3.929273084479379,,,0.88,0.61,
2017-09-21,9.67,-1.1247443762781084,,,0.84,0.66,
2017-09-22,9.59,-0.8273009307135482,,,0.98,0.77,
2017-09-25,10.21,6.465067778936406,,,0.7,0.64,
2017-09-26,10.17,-0.3917727717923647,,,0.94,0.69,
2017-09-27,9.87,-2.9498525073746396,,,0.83,0.61,
2017-09-28,9.55,-3.2421479229989725,,,0.73,0.52,
2017-09-29,9.51,-0.41884816753927634,,,1.05,0.59,
2017-10-02,9.45,-0.6309148264984299,,,0.93,0.61,
2017-10-03,9.51,0.6349206349206327,,,0.72,0.66,
2017-10-04,9.63,1.2618296529968598,,,0.83,0.58,
2017-10-05,9.19,-4.569055036344771,,,0.84,0.69,
2017-10-06,9.65,5.005440696409158,,,0.87,0.7,
2017-10-09,10.33,7.0466321243523256,,,0.98,0.73,
2017-10-10,10.08,-2.4201355275895398,,,0.73,0.54,
2017-10-11,9.85,-2.2817460317460347,,,0.9,0.62,
2017-10-12,9.91,0.6091370558375608,,,1.05,0.7,
2017-10-13,9.61,-3.0272452068617617,,,0.85,0.65,
2017-10-16,9.91,3.1217481789802326,,,1.17,0.7,
2017-10-17,10.31,4.036326942482349,,,0.82,0.66,
2017-10-18,10.07,-2.3278370514064006,,,0.95,0.72,
2017-10-19,10.05,-0.19860973187685316,,,0.97,0.7,
2017-10-20,9.97,-0.7960199004975133,,,0.81,0.6,
2017-10-23,11.07,11.033099297893667,,,0.98,0.65,
2017-10-24,11.16,0.8130081300812941,,,0.78,0.63,
2017-10-25,11.23,0.6272401433691677,,,1.16,0.71,
2017-10-26,11.3,0.6233303650934996,,,0.87,0.61,
2017-10-27,9.8,-13.27433628318584,,,0.88,0.55,
2017-10-30,10.5,7.14285714285714,,,0.94,0.69,
2017-10-31,10.18,-3.0476190476190546,,,0.87,0.57,
2017-11-01,10.2,0.19646365422396617,,,0.95,0.71,
2017-11-02,9.93,-2.6470588235294024,,,0.87,0.63,
2017-11-03,9.14,-7.955689828801605,,,0.94,0.6,
2017-11-06,9.4,2.844638949671774,,,0.92,0.61,
2017-11-07,9.89,5.212765957446819,,,1.02,0.64,
2017-11-08,9.78,-1.1122345803842415,,,0.97,0.68,
2017-11-09,10.5,7.361963190184051,,,1.1,0.64,
2017-11-10,11.29,7.52380952380951,,,1.18,0.66,
2017-11-13,11.5,1.860053144375562,,,0.9,0.69,
2017-11-14,11.59,0.782608695652165,,,0.9,0.62,
2017-11-15,13.13,13.287316652286464,,,1.04,0.74,
2017-11-16,11.76,-10.434120335110443,,,0.95,0.64,
2017-11-17,11.43,-2.8061224489795977,,,0.8,0.56,
2017-11-20,10.65,-6.824146981627289,,,0.92,0.59,
2017-11-21,9.73,-8.638497652582156,,,0.85,0.58,
2017-11-22,9.88,1.541623843782114,,,0.93,0.57,
2017-11-24,9.67,-2.1255060728745057,,,0.87,0.62,
2017-11-27,9.87,2.0682523267838704,,,0.72,0.61,
2017-11-28,10.03,1.6210739614994862,,,0.68,0.5,
2017-11-29,10.7,6.679960119641071,,,0.71,0.52,
2017-11-30,11.28,5.42056074766355,,,0.85,0.55,
2017-12-01,11.43,1.3297872340425565,,,0.78,0.63,
2017-12-04,11.68,2.1872265966754068,,,0.84,0.56,
2017-12-05,11.33,-2.996575342465746,,,0.83,0.57,
2017-12-06,11.02,-2.7360988526037078,,,0.81,0.67,
2017-12-07,10.16,-7.803992740471866,,,0.84,0.58,
2017-12-08,9.58,-5.708661417322835,,,0.94,0.6,
2017-12-11,9.34,-2.5052192066805867,,,0.82,0.63,
2017-12-12,9.92,6.209850107066384,,,0.85,0.51,
2017-12-13,10.18,2.620967741935476,,,0.75,0.57,
2017-12-14,10.49,3.045186640471509,,,0.8,0.6,
2017-12-15,9.42,-10.200190657769303,,,0.97,0.57,
2017-12-18,9.53,1.1677282377919207,,,0.69,0.5,
2017-12-19,10.03,5.246589716684147,,,0.87,0.53,
2017-12-20,9.72,-3.0907278165503316,,,0.8,0.56,
2017-12-21,9.62,-1.0288065843621519,,,0.84,0.56,
2017-12-22,9.9,2.910602910602922,,,0.95,0.64,
2017-12-26,10.25,3.535353535353525,,,0.99,0.58,
2017-12-27,10.47,2.146341463414636,,,0.95,0.55,
2017-12-28,10.18,-2.769818529130863,,,1.13,0.57,
2017-12-29,11.04,8.447937131630635,,,1.11,0.59,
2018-01-02,9.77,-11.503623188405799,,,0.88,0.47,
2018-01-03,9.15,-6.345957011258951,,,0.85,0.54,
2018-01-04,9.22,0.7650273224043769,,,0.82,0.5,
2018-01-05,9.22,0.0,,,0.92,0.58,
2018-01-08,9.52,3.253796095444672,,,0.65,0.63,
2018-01-09,10.08,5.882352941176472,,,0.81,0.6,
2018-01-10,9.82,-2.5793650793650813,,,0.72,0.65,
2018-01-11,9.88,0.6109979633401208,,,0.72,0.5,
2018-01-12,10.16,2.8340080971659853,,,0.74,0.5,
2018-01-16,11.66,14.763779527559052,,,0.69,0.49,
2018-01-17,11.91,2.1440823327615766,,,0.79,0.48,
2018-01-18,12.22,2.602854743912686,,,0.83,0.56,
2018-01-19,11.27,-7.774140752864167,,,0.86,0.56,
2018-01-22,11.03,-2.129547471162385,,,0.89,0.56,
2018-01-23,11.1,0.6346328195829587,,,0.64,0.52,
2018-01-24,11.47,3.3333333333333437,,,0.84,0.53,
2018-01-25,11.58,0.9590235396687019,,,0.8,0.56,
2018-01-26,11.08,-4.317789291882557,,,0.79,0.49,
2018-01-29,13.84,24.90974729241877,,,0.74,0.57,
2018-01-30,14.79,6.86416184971097,,,0.95,0.61,
2018-01-31,13.54,-8.45165652467884,,,0.9,0.59,
2018-02-01,13.47,-0.5169867060561217,,,0.91,0.59,
2018-02-02,17.31,28.5077951002227,,,0.9,0.77,
2018-02-05,37.32,115.59792027729637,,,0.92,0.73,
2018-02-06,29.98,-19.667738478027864,,,0.99,0.75,
2018-02-07,27.73,-7.505003335557037,,,0.91,0.68,
2018-02-08,33.46,20.66354129102055,,,1.14,0.75,
2018-02-09,29.06,-13.150029886431568,,,1.31,0.88,
2018-02-12,25.61,-11.871988988300064,,,0.94,0.67,
2018-02-13,24.97,-2.499023818820778,,,0.96,0.73,
2018-02-14,19.26,-22.867440929114924,,,1.17,0.59,
2018-02-15,19.13,-0.6749740394600301,,,0.92,0.61,
2018-02-16,19.46,1.725039205436496,,,0.93,0.52,
2018-02-20,20.6,5.858170606372037,,,0.86,0.66,
2018-02-21,20.02,-2.8155339805825297,,,1.06,0.58,
2018-02-22,18.72,-6.493506493506496,,,1.12,0.63,
2018-02-23,16.49,-11.912393162393165,,,1.01,0.62,
2018-02-26,15.8,-4.184354154032732,,,0.93,0.59,
2018-02-27,18.59,17.658227848101248,,,1.04,0.63,
2018-02-28,19.85,6.777837547068333,,,1.08,0.67,
2018-03-01,22.47,13.198992443324919,,,1.29,0.72,
2018-03-02,19.59,-12.817089452603469,,,1.16,0.71,
2018-03-05,18.73,-4.389994895354765,,,1.0,0.55,
2018-03-06,18.36,-1.9754404698344996,,,0.93,0.52,
2018-03-07,17.76,-3.2679738562091387,,,1.05,0.58,
2018-03-08,16.54,-6.869369369369382,,,0.9,0.61,
2018-03-09,14.64,-11.487303506650537,,,0.81,0.53,
2018-03-12,15.78,7.786885245901631,,,0.87,0.57,
2018-03-13,16.35,3.6121673003802313,,,0.87,0.57,
2018-03-14,17.23,5.382262996941889,,,1.05,0.69,
2018-03-15,16.59,-3.7144515380150955,,,0.89,0.63,
2018-03-16,15.8,-4.761904761904756,,,0.96,0.63,
2018-03-19,19.02,20.379746835443036,,,1.02,0.67,
2018-03-20,18.2,-4.3112513144058955,,,0.84,0.68,
2018-03-21,17.86,-1.8681318681318726,,,1.16,0.62,
2018-03-22,23.34,30.683090705487114,,,1.22,0.74,
2018-03-23,24.87,6.555269922879181,,,1.54,0.76,
2018-03-26,21.03,-15.440289505428229,,,1.18,0.63,
2018-03-27,22.5,6.9900142653352315,,,1.07,0.71,
2018-03-28,22.87,1.6444444444444484,,,1.34,0.68,
2018-03-29,19.97,-12.680367293397477,,,0.95,0.63,
2018-04-02,23.62,18.277416124186296,,,1.28,0.77,
2018-04-03,21.1,-10.66892464013548,,,1.04,0.65,
2018-04-04,20.06,-4.928909952606652,,,0.98,0.63,
2018-04-05,18.94,-5.583250249252236,,,0.85,0.61,
2018-04-06,21.49,13.463569165786682,,,1.03,0.76,
2018-04-09,21.77,1.3029315960912058,,,0.98,0.61,
2018-04-10,20.47,-5.971520440973821,,,0.85,0.57,
2018-04-11,20.24,-1.1235955056179803,,,1.02,0.65,
2018-04-12,18.49,-8.646245059288537,,,0.99,0.66,
2018-04-13,17.41,-5.8409951325040455,,,0.98,0.66,
2018-04-16,16.56,-4.882251579551989,,,0.94,0.64,
2018-04-17,15.25,-7.910628019323662,,,0.96,0.68,
2018-04-18,15.6,2.2950819672131084,,,0.96,0.56,
2018-04-19,15.96,2.3076923076923217,,,0.97,0.64,
2018-04-20,16.88,5.764411027568905,,,0.98,0.65,
2018-04-23,16.34,-3.1990521327014187,,,0.93,0.61,
2018-04-24,18.02,10.281517747858015,,,1.04,0.68,
2018-04-25,17.84,-0.9988901220865709,,,0.96,0.7,
2018-04-26,16.24,-8.968609865470857,,,0.82,0.61,
2018-04-27,15.41,-5.110837438423632,,,0.88,0.64,
2018-04-30,15.93,3.3744321868916183,,,0.92,0.61,
2018-05-01,15.49,-2.762084118016317,,,1.11,0.68,
2018-05-02,15.97,3.0987734021949764,,,0.93,0.65,
2018-05-03,15.9,-0.4383218534752653,,,1.02,0.76,
2018-05-04,14.77,-7.10691823899372,,,0.96,0.55,
2018-05-07,14.75,-0.13540961408259333,,,0.93,0.54,
2018-05-08,14.71,-0.2711864406779618,,,0.83,0.61,
2018-05-09,13.42,-8.769544527532291,,,0.84,0.58,
2018-05-10,13.23,-1.4157973174366623,,,0.81,0.51,
2018-05-11,12.65,-4.383975812547236,,,0.98,0.6,
2018-05-14,12.93,2.213438735177853,,,0.88,0.62,
2018-05-15,14.63,13.147718484145399,,,1.11,0.62,
2018-05-16,13.42,-8.270676691729328,,,0.89,0.5,
2018-05-17,13.43,0.07451564828613311,,,0.83,0.57,
2018-05-18,13.42,-0.07446016381236209,,,1.03,0.66,
2018-05-21,13.08,-2.533532041728759,,,0.82,0.54,
2018-05-22,13.22,1.070336391437321,,,0.83,0.58,
2018-05-23,12.58,-4.841149773071107,,,0.99,0.65,
2018-05-24,12.53,-0.3974562798092274,,,0.87,0.64,
2018-05-25,13.22,5.506783719074226,,,0.92,0.61,
2018-05-29,17.02,28.744326777609675,,,1.09,0.65,
2018-05-30,14.94,-12.220916568742657,,,0.98,0.56,
2018-05-31,15.43,3.279785809906288,,,1.13,0.63,
2018-06-01,13.46,-12.767336357744641,,,0.86,0.56,
2018-06-04,12.74,-5.349182763744431,,,0.81,0.55,
2018-06-05,12.4,-2.6687598116169498,,,0.77,0.48,
2018-06-06,11.64,-6.129032258064515,,,0.83,0.53,
2018-06-07,12.13,4.209621993127155,,,0.92,0.56,
2018-06-08,12.18,0.41220115416322756,,,0.95,0.6,
2018-06-11,12.35,1.3957307060755264,,,0.74,0.54,
2018-06-12,12.34,-0.08097165991902688,,,0.72,0.5,
2018-06-13,12.94,4.862236628849259,,,0.74,0.54,
2018-06-14,12.12,-6.33693972179289,,,0.93,0.5,
2018-06-15,11.98,-1.1551155115511413,,,0.93,0.61,
2018-06-18,12.31,2.7545909849749695,,,1.03,0.54,
2018-06-19,13.35,8.448415922014618,,,0.84,0.59,
2018-06-20,12.79,-4.194756554307122,,,0.89,0.56,
2018-06-21,14.64,14.464425332290865,,,1.03,0.56,
2018-06-22,13.77,-5.9426229508196755,,,0.86,0.56,
2018-06-25,17.33,25.853304284676824,,,1.1,0.61,
2018-06-26,15.92,-8.136180034622031,,,0.91,0.52,
2018-06-27,17.91,12.5,,,1.08,0.67,
2018-06-28,16.85,-5.918481295365707,,,1.32,0.65,
2018-06-29,16.09,-4.5103857566765715,,,1.24,0.69,
2018-07-02,15.6,-3.045369794903663,,,1.06,0.58,
2018-07-03,16.14,3.4615384615384714,,,1.07,0.67,
2018-07-05,14.97,-7.249070631970255,,,0.91,0.6,
2018-07-06,13.37,-10.688042752171024,,,1.0,0.57,
2018-07-09,12.69,-5.086013462976813,,,0.92,0.53,
2018-07-10,12.64,-0.3940110323088941,,,0.98,0.74,
2018-07-11,13.63,7.832278481012667,,,1.02,0.59,
2018-07-12,12.58,-7.703595011005138,,,0.92,0.56,
2018-07-13,12.18,-3.1796502384737746,,,0.98,0.62,
2018-07-16,12.83,5.336617405582933,,,0.99,0.7,
2018-07-17,12.06,-6.001558846453625,,,0.95,0.65,
2018-07-18,12.1,0.3316749585406287,,,0.85,0.56,
2018-07-19,12.87,6.363636363636371,,,0.9,0.62,
2018-07-20,12.86,-0.07770007770007137,,,0.98,0.66,
2018-07-23,12.62,-1.8662519440124425,,,0.85,0.55,
2018-07-24,12.41,-1.6640253565768592,,,0.91,0.63,
2018-07-25,12.29,-0.966962127316684,,,0.82,0.61,
2018-07-26,12.14,-1.2205044751830596,,,0.74,0.63,
2018-07-27,13.03,7.33113673805601,,,1.05,0.67,
2018-07-30,14.26,9.43975441289333,,,1.12,0.72,
2018-07-31,12.83,-10.028050490883588,,,1.0,0.69,
2018-08-01,13.15,2.494154325798914,,,1.02,0.67,
2018-08-02,12.19,-7.300380228136893,,,0.97,0.58,
2018-08-03,11.64,-4.511894995898269,,,0.9,0.56,
2018-08-06,11.27,-3.1786941580756123,,,0.9,0.62,
2018-08-07,10.93,-3.0168589174800364,,,0.92,0.64,
2018-08-08,10.85,-0.7319304666056681,,,0.95,0.62,
2018-08-09,11.27,3.8709677419354938,,,0.85,0.62,
2018-08-10,13.16,16.770186335403725,,,1.2,0.7,
2018-08-13,14.78,12.310030395136762,,,1.08,0.64,
2018-08-14,13.31,-9.945872801082533,,,0.91,0.66,
2018-08-15,14.64,9.99248685199099,,,1.16,0.66,
2018-08-16,13.45,-8.128415300546454,,,0.94,0.6,
2018-08-17,12.64,-6.022304832713743,,,1.04,0.7,
2018-08-20,12.49,-1.1867088607595,,,0.79,0.55,
2018-08-21,12.86,2.9623698959167166,,,0.81,0.58,
2018-08-22,12.25,-4.743390357698285,,,0.96,0.6,
2018-08-23,12.41,1.3061224489795853,,,1.03,0.61,
2018-08-24,11.99,-3.3843674456083828,,,0.92,0.57,
2018-08-27,12.16,1.4178482068390341,,,0.74,0.53,
2018-08-28,12.5,2.796052631578938,,,0.81,0.53,
2018-08-29,12.25,-2.0000000000000018,,,0.85,0.55,
2018-08-30,13.53,10.448979591836727,,,0.82,0.58,
2018-08-31,12.86,-4.9519586104952,,,1.03,0.63,
2018-09-04,13.16,2.3328149300155587,,,0.85,0.59,
2018-09-05,13.91,5.699088145896658,,,0.99,0.62,
2018-09-06,14.65,5.319913731128678,,,1.05,0.74,
2018-09-07,14.88,1.5699658703071773,,,1.17,0.69,
2018-09-10,14.16,-4.838709677419361,,,1.15,0.62,
2018-09-11,13.22,-6.638418079096042,,,0.88,0.61,
2018-09-12,13.14,-0.605143721633894,,,0.82,0.55,
2018-09-13,12.37,-5.859969558599709,,,0.84,0.5,
2018-09-14,12.07,-2.425222312045261,,,0.83,0.58,
2018-09-17,13.68,13.338856669428335,,,0.92,0.64,
2018-09-18,12.79,-6.5058479532163815,,,0.83,0.55,
2018-09-19,11.75,-8.131352619233766,,,0.95,0.57,
2018-09-20,11.8,0.42553191489362874,,,0.89,0.56,
2018-09-21,11.68,-1.016949152542379,,,0.98,0.57,
2018-09-24,12.2,4.452054794520555,,,0.98,0.63,
2018-09-25,12.42,1.80327868852459,,,0.88,0.52,
2018-09-26,12.89,3.7842190016103006,,,0.87,0.59,
2018-09-27,12.41,-3.723816912335143,,,0.94,0.61,
2018-09-28,12.12,-2.3368251410153196,,,1.06,0.64,
2018-10-01,12.0,-0.9900990099009799,,,1.01,0.57,
2018-10-02,12.05,0.4166666666666652,,,0.8,0.54,
2018-10-03,11.61,-3.6514522821576856,,,0.86,0.56,
2018-10-04,14.22,22.48062015503878,,,1.07,0.72,
2018-10-05,14.82,4.219409282700415,,,1.18,0.84,
2018-10-08,15.69,5.870445344129549,,,1.17,0.66,
2018-10-09,15.95,1.6571064372211675,,,0.94,0.62,
2018-10-10,22.96,43.94984326018809,,,1.22,0.74,
2018-10-11,24.98,8.797909407665493,,,1.18,0.68,
2018-10-12,21.31,-14.691753402722185,,,1.16,0.67,
2018-10-15,21.3,-0.0469263256686947,,,0.96,0.61,
2018-10-16,17.62,-17.276995305164323,,,1.03,0.63,
2018-10-17,17.4,-1.2485811577752637,,,1.17,0.68,
2018-10-18,20.06,15.287356321839084,,,1.3,0.73,
2018-10-19,19.89,-0.8474576271186307,,,1.14,0.82,
2018-10-22,19.64,-1.2569130216188995,,,1.07,0.57,
2018-10-23,20.71,5.44806517311609,,,1.04,0.61,
2018-10-24,25.23,21.825205214872035,,,1.29,0.71,
2018-10-25,24.22,-4.003170828378922,,,1.03,0.66,
2018-10-26,24.16,-0.24772914946324942,,,1.32,0.8,
2018-10-29,24.7,2.2350993377483475,,,1.27,0.74,
2018-10-30,23.35,-5.465587044534404,,,1.18,0.69,
2018-10-31,21.23,-9.079229122055676,,,1.12,0.65,
2018-11-01,19.34,-8.90249646726331,,,0.85,0.51,
2018-11-02,19.51,0.8790072388831449,,,0.93,0.68,
2018-11-05,19.96,2.3065094823167653,,,1.02,0.61,
2018-11-06,19.91,-0.25050100200401104,,,1.12,0.67,
2018-11-07,16.36,-17.83023606228027,,,0.96,0.59,
2018-11-08,16.72,2.2004889975550057,,,0.97,0.64,
2018-11-09,17.36,3.8277511961722466,,,1.11,0.8,
2018-11-12,20.45,17.799539170506918,,,1.19,0.73,
2018-11-13,20.02,-2.102689486552567,,,0.98,0.7,
2018-11-14,21.25,6.143856143856152,,,1.22,0.81,
2018-11-15,19.98,-5.976470588235294,,,0.85,0.73,
2018-11-16,18.14,-9.209209209209213,,,0.94,0.74,
2018-11-19,20.1,10.804851157662632,,,0.97,0.72,
2018-11-20,22.48,11.840796019900491,,,0.92,0.82,
2018-11-21,20.8,-7.473309608540923,,,1.08,0.73,
2018-11-23,21.52,3.4615384615384492,,,1.12,0.85,
2018-11-26,18.9,-12.174721189591086,,,0.96,0.64,
2018-11-27,19.02,0.6349206349206327,,,0.92,0.7,
2018-11-28,18.49,-2.786540483701372,,,0.84,0.62,
2018-11-29,18.79,1.6224986479177916,,,0.89,0.57,
2018-11-30,18.07,-3.83182543906333,,,0.76,0.53,
2018-12-03,16.44,-9.020475926950745,,,0.76,0.57,
2018-12-04,20.74,26.155717761557163,,,0.95,0.69,
2018-12-06,21.19,2.1697203471552795,,,1.08,0.85,
2018-12-07,23.23,9.627182633317588,,,1.17,0.77,
2018-12-10,22.64,-2.539819199311233,,,1.07,0.7,
2018-12-11,21.76,-3.886925795052998,,,0.97,0.65,
2018-12-12,21.46,-1.378676470588236,,,1.0,0.62,
2018-12-13,20.65,-3.7744641192917205,,,1.16,0.75,
2018-12-14,21.63,4.745762711864399,,,1.14,0.79,
2018-12-17,24.52,13.361072584373556,,,1.37,0.97,
2018-12-18,25.58,4.323001631321355,,,1.09,0.69,
2018-12-19,25.58,0.0,,,1.28,0.85,
2018-12-20,28.38,10.946051602814698,,,1.82,0.91,
2018-12-21,30.11,6.095842142353769,,,1.43,1.13,
2018-12-24,36.07,19.794088342743276,,,1.32,0.79,
2018-12-26,30.41,-15.691710562794569,,,1.06,0.62,
2018-12-27,29.96,-1.4797763893456106,,,0.96,0.73,
2018-12-28,28.34,-5.407209612817088,,,0.78,0.44,
2018-12-31,25.42,-10.303458009880018,,,0.98,0.6,
2019-01-02,23.22,-8.65460267505902,,,1.03,0.67,
2019-01-03,25.45,9.603789836347975,,,1.31,0.73,
2019-01-04,21.38,-15.992141453831044,,,0.91,0.59,
2019-01-07,21.4,0.093545369504211,,,0.87,0.6,
2019-01-08,20.47,-4.345794392523361,,,0.97,0.63,
2019-01-09,19.98,-2.3937469467513406,,,0.93,0.59,
2019-01-10,19.5,-2.4024024024024038,,,1.13,0.65,
2019-01-11,18.19,-6.717948717948707,,,1.08,0.77,
2019-01-14,19.07,4.8378229796591565,,,1.04,0.65,
2019-01-15,18.6,-2.4646040901940114,,,1.03,0.7,
2019-01-16,19.04,2.3655913978494425,,,1.08,0.6,
2019-01-17,18.06,-5.147058823529416,,,0.8,0.52,
2019-01-18,17.8,-1.439645625692132,,,0.84,0.54,
2019-01-22,20.8,16.85393258426966,,,0.93,0.64,
2019-01-23,19.52,-6.153846153846154,,,1.16,0.64,
2019-01-24,18.89,-3.2274590163934413,,,0.98,0.72,
2019-01-25,17.42,-7.781895182636312,,,0.75,0.51,
2019-01-28,18.87,8.323765786452352,,,0.99,0.76,
2019-01-29,19.13,1.3778484366719468,,,0.89,0.68,
2019-01-30,17.66,-7.6842655514897995,,,0.89,0.63,
2019-01-31,16.57,-6.172140430351069,,,0.84,0.53,
2019-02-01,16.14,-2.5950512975256523,,,1.13,0.6,
2019-02-04,15.73,-2.5402726146220633,,,0.84,0.6,
2019-02-05,15.57,-1.0171646535282908,,,0.83,0.56,
2019-02-06,15.38,-1.2202954399486154,,,0.97,0.64,
2019-02-07,16.37,6.436931079323793,,,0.99,0.7,
2019-02-08,15.72,-3.9706780696395882,,,1.04,0.61,
2019-02-11,15.97,1.5903307888040619,,,0.87,0.6,
2019-02-12,15.43,-3.3813400125234927,,,0.78,0.57,
2019-02-13,15.65,1.4257939079714843,,,1.01,0.57,
2019-02-14,16.22,3.642172523961662,,,0.92,0.6,
2019-02-15,14.91,-8.076448828606653,,,0.8,0.52,
2019-02-19,14.88,-0.2012072434607548,,,0.86,0.61,
2019-02-20,14.02,-5.779569892473124,,,0.79,0.54,
2019-02-21,14.46,3.1383737517831856,,,0.93,0.66,
2019-02-22,13.51,-6.5698478561549205,,,0.79,0.63,
2019-02-25,14.85,9.918578830495939,,,0.78,0.55,
2019-02-26,15.17,2.154882154882154,,,0.85,0.6,
2019-02-27,14.7,-3.0982201713909086,,,0.93,0.54,
2019-02-28,14.78,0.5442176870748217,,,0.96,0.63,
2019-03-01,13.57,-8.186738836265217,,,0.91,0.6,
2019-03-04,14.63,7.811348563006626,,,1.0,0.67,
2019-03-05,14.74,0.7518796992481258,,,0.89,0.67,
2019-03-06,15.74,6.7842605156037905,,,1.06,0.7,
2019-03-07,16.59,5.400254129606097,,,1.12,0.76,
2019-03-08,16.05,-3.2549728752260365,,,0.97,0.75,
2019-03-11,14.33,-10.71651090342679,,,0.82,0.57,
2019-03-12,13.77,-3.9078855547801883,,,1.01,0.66,
2019-03-13,13.41,-2.614379084967311,,,0.85,0.52,
2019-03-14,13.5,0.6711409395973034,,,0.91,0.65,
2019-03-15,12.88,-4.592592592592581,,,0.85,0.57,
2019-03-18,13.1,1.7080745341614856,,,0.81,0.52,
2019-03-19,13.56,3.511450381679393,,,0.96,0.58,
2019-03-20,13.91,2.581120943952797,,,0.89,0.58,
2019-03-21,13.63,-2.0129403306973326,,,0.77,0.51,
2019-03-22,16.48,20.909757887013946,,,0.89,0.68,
2019-03-25,16.33,-0.910194174757295,,,0.86,0.62,
2019-03-26,14.68,-10.104102878138388,,,0.88,0.65,
2019-03-27,15.15,3.2016348773842074,,,1.03,0.69,
2019-03-28,14.43,-4.752475247524757,,,0.87,0.71,
2019-03-29,13.71,-4.989604989604979,,,0.88,0.65,
2019-04-01,13.4,-2.2611232676878257,,,0.84,0.61,
2019-04-02,13.36,-0.29850746268657025,,,0.83,0.57,
2019-04-03,13.74,2.844311377245523,,,0.86,0.52,
2019-04-04,13.58,-1.1644832605531286,,,0.81,0.59,
2019-04-05,12.82,-5.596465390279826,,,0.82,0.59,
2019-04-08,13.18,2.808112324492984,,,0.76,0.68,
2019-04-09,14.28,8.345978755690432,,,0.86,0.58,
2019-04-10,13.3,-6.862745098039202,,,0.89,0.62,
2019-04-11,13.02,-2.1052631578947434,,,0.99,0.67,
2019-04-12,12.01,-7.757296466973884,,,0.74,0.54,
2019-04-15,12.32,2.5811823480432983,,,0.91,0.57,
2019-04-16,12.18,-1.1363636363636465,,,0.92,0.58,
2019-04-17,12.6,3.4482758620689724,,,0.81,0.55,
2019-04-18,12.09,-4.047619047619044,,,0.88,0.62,
2019-04-22,12.42,2.7295285359801413,,,0.86,0.6,
2019-04-23,12.28,-1.1272141706924366,,,0.81,0.59,
2019-04-24,13.14,7.003257328990231,,,0.87,0.6,
2019-04-25,13.25,0.8371385083713712,,,0.85,0.57,
2019-04-26,12.73,-3.924528301886787,,,0.86,0.63,
2019-04-29,13.11,2.985074626865658,,,0.86,0.61,
2019-04-30,13.12,0.07627765064834868,,,1.04,0.65,
2019-05-01,14.8,12.804878048780498,,,0.93,0.63,
2019-05-02,14.42,-2.5675675675675746,,,0.93,0.64,
2019-05-03,12.87,-10.748959778085998,,,0.77,0.52,
2019-05-06,15.44,19.968919968919963,,,1.05,0.63,
2019-05-07,19.32,25.129533678756477,,,0.87,0.68,
2019-05-08,19.4,0.41407867494822614,,,1.2,0.66,
2019-05-09,19.1,-1.546391752577303,,,1.28,0.7,
2019-05-10,16.04,-16.02094240837697,,,1.24,0.8,
2019-05-13,20.55,28.117206982543653,,,1.09,0.79,
2019-05-14,18.06,-12.116788321167892,,,1.02,0.7,
2019-05-15,16.44,-8.970099667774068,,,1.15,0.77,
2019-05-16,15.29,-6.995133819951349,,,1.02,0.66,
2019-05-17,15.96,4.381948986265538,,,1.09,0.81,
2019-05-20,16.31,2.1929824561403466,,,0.85,0.65,
2019-05-21,14.95,-8.338442673206615,,,1.0,0.57,
2019-05-22,14.75,-1.3377926421404673,,,0.94,0.72,
2019-05-23,16.92,14.711864406779673,,,1.21,0.8,
2019-05-24,15.85,-6.323877068557926,,,0.96,0.76,
2019-05-28,17.5,10.410094637223978,,,1.07,0.68,
2019-05-29,17.9,2.2857142857142687,,,1.41,0.63,
2019-05-30,17.3,-3.351955307262555,,,1.1,0.64,
2019-05-31,18.71,8.15028901734105,,,1.19,0.83,
2019-06-03,18.86,0.8017103153393768,,,1.13,0.67,
2019-06-04,16.97,-10.021208907741253,,,0.96,0.67,
2019-06-05,16.09,-5.185621685327046,,,0.99,0.64,
2019-06-06,15.93,-0.9944064636420169,,,0.85,0.66,
2019-06-07,16.3,2.322661644695545,,,0.79,0.51,
2019-06-10,15.94,-2.208588957055224,,,0.78,0.57,
2019-06-11,15.99,0.31367628607277265,,,0.98,0.65,
2019-06-12,15.91,-0.500312695434646,,,1.0,0.77,
2019-06-13,15.82,-0.565681961030795,,,0.9,0.63,
2019-06-14,15.28,-3.4134007585335024,,,0.97,0.63,
2019-06-17,15.35,0.45811518324607725,,,1.0,0.72,
2019-06-18,15.15,-1.3029315960912058,,,0.91,0.55,
2019-06-19,14.33,-5.412541254125413,,,0.85,0.61,
2019-06-20,14.75,2.93091416608513,,,0.76,0.52,
2019-06-21,15.4,4.406779661016946,,,0.76,0.53,
2019-06-24,15.26,-0.909090909090915,,,0.77,0.59,
2019-06-25,16.28,6.684141546526878,,,0.98,0.63,
2019-06-26,16.21,-0.4299754299754266,,,0.91,0.67,
2019-06-27,15.82,-2.4059222702035865,,,0.89,0.58,
2019-06-28,15.08,-4.677623261694064,,,0.86,0.55,
2019-07-01,14.06,-6.763925729442965,,,0.88,0.65,
2019-07-02,12.93,-8.036984352773835,,,0.89,0.66,
2019-07-03,12.57,-2.78422273781902,,,0.77,0.64,
2019-07-05,13.28,5.6483691328560015,,,0.9,0.61,
2019-07-08,13.96,5.120481927710863,,,0.94,0.63,
2019-07-09,14.09,0.9312320916905481,,,0.94,0.58,
2019-07-10,13.03,-7.523066004258339,,,0.87,0.51,
2019-07-11,12.93,-0.7674597083653034,,,0.88,0.61,
2019-07-12,12.39,-4.17633410672853,,,0.9,0.55,
2019-07-15,12.68,2.3405972558514954,,,0.96,0.59,
2019-07-16,12.86,1.4195583596214423,,,0.9,0.62,
2019-07-17,13.97,8.63141524105755,,,0.99,0.67,
2019-07-18,13.53,-3.149606299212604,,,0.94,0.6,
2019-07-19,14.45,6.799704360679981,,,1.09,0.6,
2019-07-22,13.53,-6.366782006920413,,,0.99,0.71,
2019-07-23,12.61,-6.79970436067997,,,0.75,0.61,
2019-07-24,12.07,-4.2823156225218035,,,0.73,0.66,
2019-07-25,12.74,5.550952775476392,,,0.77,0.68,
2019-07-26,12.16,-4.552590266875978,,,0.81,0.6,
2019-07-29,12.83,5.509868421052633,,,0.81,0.71,
2019-07-30,13.94,8.651597817614952,,,1.03,0.73,
2019-07-31,16.12,15.63845050215209,,,0.99,0.62,
2019-08-01,17.87,10.85607940446649,,,1.06,0.75,
2019-08-02,17.61,-1.4549524342473474,,,1.13,0.87,
2019-08-05,24.59,39.636570130607616,,,1.24,0.84,
2019-08-06,20.17,-17.974786498576645,,,1.1,0.78,
2019-08-07,19.49,-3.371343579573638,,,1.26,0.78,
2019-08-08,16.91,-13.237557721908665,,,1.05,0.62,
2019-08-09,17.97,6.268480189237136,,,0.99,0.68,
2019-08-12,21.09,17.36227045075125,,,1.16,0.78,
2019-08-13,17.52,-16.92745376955903,,,0.93,0.66,
2019-08-14,22.1,26.141552511415544,,,1.27,0.84,
2019-08-15,21.18,-4.162895927601817,,,1.17,0.98,
2019-08-16,18.47,-12.795089707271012,,,1.1,0.67,
2019-08-19,16.88,-8.60855441256091,,,0.94,0.55,
2019-08-20,17.5,3.6729857819905343,,,0.84,0.69,
2019-08-21,15.8,-9.714285714285708,,,1.28,0.6,
2019-08-22,16.68,5.569620253164542,,,0.93,0.74,
2019-08-23,19.87,19.124700239808167,,,1.19,0.88,
2019-08-26,19.32,-2.767991947659787,,,1.09,0.58,
2019-08-27,20.31,5.124223602484457,,,0.95,0.64,
2019-08-28,19.35,-4.72673559822746,,,1.18,0.64,
2019-08-29,17.88,-7.596899224806208,,,1.01,0.66,
2019-08-30,18.98,6.152125279642062,,,1.25,0.68,
2019-09-03,19.66,3.5827186512118026,,,1.11,0.73,
2019-09-04,17.33,-11.851475076297058,,,1.0,0.68,
2019-09-05,16.27,-6.116560877091737,,,0.82,0.53,
2019-09-06,15.0,-7.805777504609712,,,0.92,0.56,
2019-09-09,15.27,1.8000000000000016,,,0.98,0.59,
2019-09-10,15.2,-0.4584151931892655,,,0.84,0.65,
2019-09-11,14.61,-3.881578947368425,,,0.78,0.54,
2019-09-12,14.22,-2.6694045174537884,,,0.84,0.55,
2019-09-13,13.74,-3.3755274261603407,,,0.92,0.62,
2019-09-16,14.67,6.768558951965065,,,1.19,0.68,
2019-09-17,14.44,-1.5678254942058656,,,0.83,0.56,
2019-09-18,13.95,-3.393351800554023,,,1.03,0.7,
2019-09-19,14.05,0.7168458781362075,,,1.12,0.67,
2019-09-20,15.32,9.039145907473301,,,1.05,0.65,
2019-09-23,14.91,-2.6762402088772896,,,1.03,0.65,
2019-09-24,17.05,14.352783366867872,,,1.15,0.7,
2019-09-25,15.96,-6.392961876832848,,,1.05,0.67,
2019-09-26,16.07,0.6892230576441172,,,1.04,0.74,
2019-09-27,17.22,7.156191661481004,,,1.06,0.72,
2019-09-30,16.24,-5.691056910569103,,,1.17,0.67,
2019-10-01,18.56,14.28571428571428,,,1.09,0.73,
2019-10-02,20.56,10.775862068965525,,,1.27,0.84,
2019-10-03,19.12,-7.003891050583643,,,1.37,0.77,
2019-10-04,17.04,-10.878661087866115,,,1.05,0.65,
2019-10-07,17.86,4.81220657276995,,,,,
2019-10-08,20.28,13.54983202687572,,,,,
2019-10-09,18.64,-8.08678500986193,,,,,
2019-10-10,17.57,-5.740343347639487,,,,,
2019-10-11,15.58,-11.326124075128064,,,,,
2019-10-14,14.57,-6.482670089858789,,,,,
2019-10-15,13.54,-7.069320521619771,,,,,
2019-10-16,13.68,1.0339734121122657,,,,,
2019-10-17,13.79,0.8040935672514626,,,,,
2019-10-18,14.25,3.3357505438723845,,,,,
2019-10-21,14.0,-1.7543859649122862,,,,,
2019-10-22,14.46,3.285714285714292,,,,,
2019-10-23,14.01,-3.112033195020758,,,,,
2019-10-24,13.71,-2.1413276231263323,,,,,
2019-10-25,12.65,-7.731582786287383,,,,,
2019-10-28,13.11,3.6363636363636376,,,,,
2019-10-29,13.2,0.6864988558352492,,,,,
2019-10-30,12.33,-6.590909090909081,,,,,
2019-10-31,13.22,7.21816707218168,,,,,
2019-11-01,12.3,-6.959152798789714,,,,,
2019-11-04,12.83,4.308943089430883,,,,,
2019-11-05,13.1,2.104442712392829,,,,,
2019-11-06,12.62,-3.6641221374045796,,,,,
2019-11-07,12.73,0.8716323296355188,,,,,
2019-11-08,12.07,-5.184603299293011,,,,,
2019-11-11,12.69,5.136702568351281,,,,,
2019-11-12,12.68,-0.07880220646178104,,,,,
2019-11-13,13.0,2.5236593059936974,,,,,
2019-11-14,13.05,0.38461538461538325,,,,,
2019-11-15,12.05,-7.662835249042144,,,,,
2019-11-18,12.46,3.4024896265560267,,,,,
2019-11-19,12.86,3.21027287319422,,,,,
2019-11-20,12.78,-0.6220839813374845,,,,,
2019-11-21,13.13,2.7386541471048576,,,,,
2019-11-22,12.34,-6.016755521706019,,,,,
2019-11-25,11.87,-3.8087520259319385,,,,,
2019-11-26,11.54,-2.780117944397642,,,,,
2019-11-27,11.75,1.8197573656845822,,,,,
2019-11-29,12.62,7.404255319148922,,,,,
2019-12-02,14.91,18.145800316957228,,,,,
2019-12-03,15.96,7.042253521126773,,,,,
2019-12-04,14.8,-7.2681704260651685,,,,,
2019-12-05,14.52,-1.8918918918918948,,,,,
2019-12-06,13.62,-6.198347107438018,,,,,
2019-12-09,15.86,16.446402349486043,,,,,
2019-12-10,15.68,-1.1349306431273631,,,,,
2019-12-11,14.99,-4.400510204081631,,,,,
2019-12-12,13.94,-7.004669779853245,,,,,
2019-12-13,12.63,-9.39741750358679,,,,,
2019-12-16,12.14,-3.879651623119562,,,,,
2019-12-17,12.29,1.2355848434925765,,,,,
2019-12-18,12.58,2.359641985353944,,,,,
2019-12-19,12.5,-0.6359300476947549,,,,,
2019-12-20,12.51,0.07999999999999119,,,,,
2019-12-23,12.61,0.7993605115907298,,,,,
2019-12-24,12.67,0.4758128469468659,,,,,
2019-12-26,12.65,-0.15785319652722452,,,,,
2019-12-27,13.43,6.1660079051383265,,,,,
2019-12-30,14.82,10.349962769918108,,,,,
2019-12-31,13.78,-7.017543859649134,,,,,
2020-01-02,12.47,-9.506531204644409,,,,,
2020-01-03,14.02,12.429831595829977,,,,,
2020-01-06,13.85,-1.2125534950071293,,,,,
2020-01-07,13.79,-0.43321299638989785,,,,,
2020-01-08,13.45,-2.4655547498187103,,,,,
2020-01-09,12.54,-6.765799256505578,,,,,
2020-01-10,12.56,0.15948963317384823,,,,,
2020-01-13,12.32,-1.9108280254777066,,,,,
2020-01-14,12.39,0.5681818181818121,,,,,
2020-01-15,12.42,0.2421307506053294,,,,,
2020-01-16,12.32,-0.805152979066015,,,,,
2020-01-17,12.1,-1.7857142857142905,,,,,
2020-01-21,12.85,6.198347107438007,,,,,
2020-01-22,12.91,0.46692607003890885,,,,,
2020-01-23,12.98,0.5422153369481153,,,,,
2020-01-24,14.56,12.172573189522339,,,,,
2020-01-27,18.23,25.206043956043956,,,,,
2020-01-28,16.28,-10.696653867251783,,,,,
2020-01-29,16.39,0.6756756756756799,,,,,
2020-01-30,15.49,-5.491153142159854,,,,,
2020-01-31,18.84,21.626856036152354,,,,,
2020-02-03,17.97,-4.617834394904463,,,,,
2020-02-04,16.05,-10.684474123539223,,,,,
2020-02-05,15.15,-5.607476635514019,,,,,
2020-02-06,14.96,-1.2541254125412515,,,,,
2020-02-07,15.47,3.409090909090917,,,,,
2020-02-10,15.04,-2.7795733678086743,,,,,
2020-02-11,15.18,0.9308510638297962,,,,,
2020-02-12,13.74,-9.486166007905139,,,,,
2020-02-13,14.15,2.9839883551673996,,,,,
2020-02-14,13.68,-3.321554770318025,,,,,
2020-02-18,14.83,8.406432748538005,,,,,
2020-02-19,14.38,-3.0343897505057282,,,,,
2020-02-20,15.56,8.205841446453398,,,,,
2020-02-21,17.08,9.768637532133662,,,,,
2020-02-24,25.03,46.54566744730681,,,,,
2020-02-25,27.85,11.266480223731513,,,,,
2020-02-26,27.56,-1.041292639138247,,,,,
2020-02-27,39.16,42.0899854862119,,,,,
2020-02-28,40.11,2.425944841675176,,,,,
2020-03-02,33.42,-16.679132385938665,,,,,
2020-03-03,36.82,10.173548773189701,,,,,
2020-03-04,31.99,-13.117870722433466,,,,,
2020-03-05,39.62,23.851203501094087,,,,,
2020-03-06,41.94,5.855628470469454,,,,,
2020-03-09,54.46,29.85216976633287,,,,,
2020-03-10,47.3,-13.14726404700698,,,,,
2020-03-11,53.9,13.953488372093027,,,,,
2020-03-12,75.47,40.01855287569573,,,,,
2020-03-13,57.83,-23.373525904332848,,,,,
2020-03-16,82.69,42.98806847656926,,,,,
2020-03-17,75.91,-8.199298585076797,,,,,
2020-03-18,76.45,0.7113687261230517,,,,,
2020-03-19,72.0,-5.820797907128849,,,,,
2020-03-20,66.04,-8.277777777777773,,,,,
2020-03-23,61.59,-6.738340399757725,,,,,
2020-03-24,61.67,0.12989121610651466,,,,,
2020-03-25,63.95,3.697097454191667,,,,,
2020-03-26,61.0,-4.612978889757624,,,,,
2020-03-27,65.54,7.442622950819677,,,,,
2020-03-30,57.08,-12.908147696063487,,,,,
2020-03-31,53.54,-6.201822004204627,,,,,
2020-04-01,57.06,6.574523720582759,,,,,
2020-04-02,50.91,-10.778128286014732,,,,,
2020-04-03,46.8,-8.073070123747794,,,,,
2020-04-06,45.24,-3.3333333333333215,,,,,
2020-04-07,46.7,3.2272325375773736,,,,,
2020-04-08,43.35,-7.173447537473232,,,,,
2020-04-09,41.67,-3.875432525951561,,,,,
2020-04-13,41.17,-1.1999040076793865,,,,,
2020-04-14,37.76,-8.282730143308248,,,,,
2020-04-15,40.84,8.156779661016955,,,,,
2020-04-16,40.11,-1.7874632713026584,,,,,
2020-04-17,38.15,-4.88656195462478,,,,,
2020-04-20,43.83,14.88859764089121,,,,,
2020-04-21,45.41,3.6048368697239264,,,,,
2020-04-22,41.98,-7.553402334287607,,,,,
2020-04-23,41.38,-1.4292520247736862,,,,,
2020-04-24,35.93,-13.17061382310295,,,,,
2020-04-27,33.29,-7.347620372947395,,,,,
2020-04-28,33.57,0.8410934214478916,,,,,
2020-04-29,31.23,-6.970509383378021,,,,,
2020-04-30,34.15,9.34998398975344,,,,,
2020-05-01,37.19,8.901903367496345,,,,,
2020-05-04,35.97,-3.2804517343371864,,,,,
2020-05-05,33.61,-6.561023074784544,,,,,
2020-05-06,34.12,1.5174055340672288,,,,,
2020-05-07,31.44,-7.854630715123079,,,,,
2020-05-08,27.98,-11.005089058524176,,,,,
2020-05-11,27.57,-1.4653323802716223,,,,,
2020-05-12,33.04,19.84040623866521,,,,,
2020-05-13,35.28,6.779661016949157,,,,,
2020-05-14,32.61,-7.568027210884354,,,,,
2020-05-15,31.89,-2.2079116835326595,,,,,
2020-05-18,29.3,-8.121668234556289,,,,,
2020-05-19,30.53,4.1979522184300455,,,,,
2020-05-20,27.99,-8.319685555191626,,,,,
2020-05-21,29.53,5.501964987495533,,,,,
2020-05-22,28.16,-4.639349813748739,,,,,
2020-05-26,28.01,-0.5326704545454475,,,,,
2020-05-27,27.62,-1.39235987147448,,,,,
2020-05-28,28.59,3.511947863866749,,,,,
2020-05-29,27.51,-3.777544596012583,,,,,
2020-06-01,28.23,2.617230098146117,,,,,
2020-06-02,26.84,-4.923839886645409,,,,,
2020-06-03,25.66,-4.3964232488822645,,,,,
2020-06-04,25.81,0.5845674201091056,,,,,
2020-06-05,24.52,-4.998062766369626,,,,,
2020-06-08,25.81,5.261011419249595,,,,,
2020-06-09,27.57,6.819062378922913,,,,,
2020-06-10,27.57,0.0,,,,,
2020-06-11,40.79,47.95067101922379,,,,,
2020-06-12,36.09,-11.52243196861975,,,,,
2020-06-15,34.4,-4.682737600443354,,,,,
2020-06-16,33.67,-2.1220930232558,,,,,
2020-06-17,33.47,-0.5940005940005988,,,,,
2020-06-18,32.94,-1.5835076187630803,,,,,
2020-06-19,35.12,6.618093503339395,,,,,
2020-06-22,31.77,-9.5387243735763,,,,,
2020-06-23,31.37,-1.2590494176896394,,,,,
2020-06-24,33.84,7.873764743385414,,,,,
2020-06-25,32.22,-4.787234042553202,,,,,
2020-06-26,34.73,7.7901924270639356,,,,,
2020-06-29,31.78,-8.494097322199812,,,,,
2020-06-30,30.43,-4.247954688483324,,,,,
2020-07-01,28.62,-5.948077555044362,,,,,
2020-07-02,27.68,-3.284416491963671,,,,,
2020-07-06,27.94,0.9393063583815087,,,,,
2020-07-07,29.43,5.33285612025769,,,,,
2020-07-08,28.08,-4.587155963302758,,,,,
2020-07-09,29.26,4.202279202279224,,,,,
2020-07-10,27.29,-6.7327409432672685,,,,,
2020-07-13,32.19,17.955294979846094,,,,,
2020-07-14,29.52,-8.294501397949672,,,,,
2020-07-15,27.76,-5.962059620596194,,,,,
2020-07-16,28.0,0.8645533141210304,,,,,
2020-07-17,25.68,-8.285714285714285,,,,,
2020-07-20,24.46,-4.750778816199375,,,,,
2020-07-21,24.84,1.5535568274734235,,,,,
2020-07-22,24.32,-2.093397745571657,,,,,
2020-07-23,26.08,7.2368421052631415,,,,,
2020-07-24,25.84,-0.9202453987730008,,,,,
2020-07-27,24.74,-4.256965944272451,,,,,
2020-07-28,25.44,2.829426030719495,,,,,
2020-07-29,24.1,-5.267295597484278,,,,,
2020-07-30,24.76,2.7385892116182475,,,,,
2020-07-31,24.46,-1.2116316639741553,,,,,
2020-08-03,24.28,-0.7358953393295176,,,,,
2020-08-04,23.76,-2.1416803953871466,,,,,
2020-08-05,22.99,-3.240740740740755,,,,,
2020-08-06,22.65,-1.4789038712483715,,,,,
2020-08-07,22.21,-1.9426048565121312,,,,,
2020-08-10,22.13,-0.36019810895994153,,,,,
2020-08-11,24.03,8.585630366018982,,,,,
2020-08-12,22.28,-7.282563462338743,,,,,
2020-08-13,22.13,-0.6732495511669767,,,,,
2020-08-14,22.05,-0.36150022593763875,,,,,
2020-08-17,21.35,-3.1746031746031744,,,,,
2020-08-18,21.51,0.7494145199063329,,,,,
2020-08-19,22.54,4.788470478847029,,,,,
2020-08-20,22.72,0.7985803016858917,,,,,
2020-08-21,22.54,-0.7922535211267623,,,,,
2020-08-24,22.37,-0.7542147293699952,,,,,
2020-08-25,22.03,-1.5198927134555174,,,,,
2020-08-26,23.27,5.62868815251929,,,,,
2020-08-27,24.47,5.156854318865478,,,,,
2020-08-28,22.96,-6.170821413976291,,,,,
2020-08-31,26.41,15.02613240418118,,,,,
2020-09-01,26.12,-1.0980689132904176,,,,,
2020-09-02,26.57,1.7228177641653852,,,,,
2020-09-03,33.6,26.458411742566803,,,,,
2020-09-04,30.75,-8.482142857142861,,,,,
2020-09-08,31.46,2.3089430894309038,,,,,
2020-09-09,28.81,-8.423394787031157,,,,,
2020-09-10,29.71,3.12391530718501,,,,,
2020-09-11,26.87,-9.559071019858633,,,,,
2020-09-14,25.85,-3.796055080014882,,,,,
2020-09-15,25.59,-1.00580270793037,,,,,
2020-09-16,26.04,1.7584994138335253,,,,,
2020-09-17,26.46,1.6129032258064502,,,,,
2020-09-18,25.83,-2.3809523809523947,,,,,
2020-09-21,27.78,7.549361207897798,,,,,
2020-09-22,26.86,-3.311735061195109,,,,,
2020-09-23,28.58,6.403574087862984,,,,,
2020-09-24,28.51,-0.24492652204337606,,,,,
2020-09-25,26.38,-7.471062784987737,,,,,
2020-09-28,26.19,-0.7202426080363811,,,,,
2020-09-29,26.27,0.3054600992745238,,,,,
2020-09-30,26.37,0.3806623524933439,,,,,
2020-10-01,26.7,1.2514220705347023,,,,,
2020-10-02,27.63,3.483146067415732,,,,,
2020-10-05,27.96,1.1943539630836053,,,,,
2020-10-06,29.48,5.436337625178833,,,,,
2020-10-07,28.06,-4.816824966078704,,,,,
2020-10-08,26.36,-6.058446186742694,,,,,
2020-10-09,25.0,-5.159332321699539,,,,,
2020-10-12,25.07,0.27999999999999137,,,,,
2020-10-13,26.07,3.9888312724371655,,,,,
2020-10-14,26.4,1.2658227848101111,,,,,
2020-10-15,26.97,2.1590909090908994,,,,,
2020-10-16,27.41,1.6314423433444691,,,,,
2020-10-19,29.18,6.457497263772338,,,,,
2020-10-20,29.35,0.5825908156271487,,,,,
2020-10-21,28.65,-2.385008517887577,,,,,
2020-10-22,28.11,-1.8848167539266991,,,,,
2020-10-23,27.55,-1.9921736036997428,,,,,
2020-10-26,32.46,17.822141560798556,,,,,
2020-10-27,33.35,2.7418361059765806,,,,,
2020-10-28,40.28,20.779610194902553,,,,,
2020-10-29,37.59,-6.6782522343594835,,,,,
2020-10-30,38.02,1.143921255653102,,,,,
2020-11-02,37.13,-2.3408732246186226,,,,,
2020-11-03,35.55,-4.255319148936188,,,,,
2020-11-04,29.57,-16.821378340365676,,,,,
2020-11-05,27.58,-6.729793709841059,,,,,
2020-11-06,24.86,-9.86221899927483,,,,,
2020-11-09,25.75,3.5800482703137515,,,,,
2020-11-10,24.8,-3.689320388349515,,,,,
2020-11-11,23.45,-5.443548387096775,,,,,
2020-11-12,25.35,8.102345415778256,,,,,
2020-11-13,23.1,-8.875739644970416,,,,,
2020-11-16,22.45,-2.813852813852824,,,,,
2020-11-17,22.71,1.158129175946554,,,,,
2020-11-18,23.84,4.975781594011441,,,,,
2020-11-19,23.11,-3.062080536912748,,,,,
2020-11-20,23.7,2.553007356122894,,,,,
2020-11-23,22.66,-4.388185654008437,,,,,
2020-11-24,21.64,-4.501323918799649,,,,,
2020-11-25,21.25,-1.802218114602594,,,,,
2020-11-27,20.84,-1.9294117647058795,,,,,
2020-11-30,20.57,-1.2955854126679434,,,,,
2020-12-01,20.77,0.9722897423432242,,,,,
2020-12-02,21.17,1.9258545979778718,,,,,
2020-12-03,21.28,0.5196032120925898,,,,,
2020-12-04,20.79,-2.3026315789473784,,,,,
2020-12-07,21.3,2.4531024531024626,,,,,
2020-12-08,20.68,-2.9107981220657275,,,,,
2020-12-09,22.27,7.688588007736952,,,,,
2020-12-10,22.52,1.122586439155815,,,,,
2020-12-11,23.31,3.5079928952042483,,,,,
2020-12-14,24.72,6.048906048906044,,,,,
2020-12-15,22.89,-7.4029126213592145,,,,,
2020-12-16,22.5,-1.7038007863695914,,,,,
2020-12-17,21.93,-2.533333333333332,,,,,
2020-12-18,21.57,-1.641586867305056,,,,,
2020-12-21,25.16,16.64348632359758,,,,,
2020-12-22,24.23,-3.6963434022257546,,,,,
2020-12-23,23.31,-3.7969459347915846,,,,,
2020-12-24,21.53,-7.636207636207626,,,,,
2020-12-28,21.7,0.7895959126799745,,,,,
2020-12-29,23.08,6.359447004608287,,,,,
2020-12-30,22.77,-1.3431542461005197,,,,,
2020-12-31,22.75,-0.08783487044355942,,,,,
2021-01-04,26.97,18.54945054945054,,,,,
2021-01-05,25.34,-6.043752317389684,,,,,
2021-01-06,25.07,-1.0655090765588016,,,,,
2021-01-07,22.37,-10.769844435580367,,,,,
2021-01-08,21.56,-3.6209208761734613,,,,,
2021-01-11,24.08,11.688311688311682,,,,,
2021-01-12,23.33,-3.114617940199338,,,,,
2021-01-13,22.21,-4.800685812258887,,,,,
2021-01-14,23.25,4.682575416479051,,,,,
2021-01-15,24.34,4.688172043010752,,,,,
2021-01-19,23.24,-4.519309778142977,,,,,
2021-01-20,21.58,-7.14285714285714,,,,,
2021-01-21,21.32,-1.2048192771084265,,,,,
2021-01-22,21.91,2.767354596622895,,,,,
2021-01-25,23.19,5.842081241442276,,,,,
2021-01-26,23.02,-0.7330746011211753,,,,,
2021-01-27,37.21,61.64205039096438,,,,,
2021-01-28,30.21,-18.812147272238644,,,,,
2021-01-29,33.09,9.533267130089374,,,,,
2021-02-01,30.24,-8.612873980054413,,,,,
2021-02-02,25.56,-15.476190476190476,,,,,
2021-02-03,22.91,-10.36776212832551,,,,,
2021-02-04,21.77,-4.975993016150159,,,,,
2021-02-05,20.87,-4.134129536058795,,,,,
2021-02-08,21.24,1.772879731672239,,,,,
2021-02-09,21.63,1.836158192090398,,,,,
2021-02-10,21.99,1.664355062413314,,,,,
2021-02-11,21.25,-3.3651659845384208,,,,,
2021-02-12,19.97,-6.0235294117647165,,,,,
2021-02-16,21.46,7.461191787681543,,,,,
2021-02-17,21.5,0.18639328984155767,,,,,
2021-02-18,22.49,4.604651162790696,,,,,
2021-02-19,22.05,-1.9564250778123515,,,,,
2021-02-22,23.45,6.349206349206349,,,,,
2021-02-23,23.11,-1.449893390191892,,,,,
2021-02-24,21.34,-7.659022068368671,,,,,
2021-02-25,28.89,35.37956888472353,,,,,
2021-02-26,27.95,-3.2537210107303594,,,,,
2021-03-01,23.35,-16.45796064400715,,,,,
2021-03-02,24.1,3.2119914346895095,,,,,
2021-03-03,26.67,10.663900414937766,,,,,
2021-03-04,28.57,7.124109486314212,,,,,
2021-03-05,24.66,-13.685684284214206,,,,,
2021-03-08,25.47,3.2846715328467058,,,,,
2021-03-09,24.03,-5.653710247349819,,,,,
2021-03-10,22.56,-6.117353308364559,,,,,
2021-03-11,21.91,-2.8812056737588576,,,,,
2021-03-12,20.69,-5.568233683249657,,,,,
2021-03-15,20.03,-3.189946834219426,,,,,
2021-03-16,19.79,-1.1982026959560743,,,,,
2021-03-17,19.23,-2.8297119757453193,,,,,
2021-03-18,21.58,12.220488819552777,,,,,
2021-03-19,20.95,-2.919369786839665,,,,,
2021-03-22,18.88,-9.880668257756565,,,,,
2021-03-23,20.3,7.521186440677985,,,,,
2021-03-24,21.2,4.433497536945796,,,,,
2021-03-25,19.81,-6.5566037735849125,,,,,
2021-03-26,18.86,-4.795557799091366,,,,,
2021-03-29,20.74,9.968186638388122,,,,,
2021-03-30,19.61,-5.448408871745414,,,,,
2021-03-31,19.4,-1.0708822029576792,,,,,
2021-04-01,17.33,-10.670103092783512,,,,,
2021-04-05,17.91,3.3467974610502216,,,,,
2021-04-06,18.12,1.1725293132328396,,,,,
2021-04-07,17.16,-5.298013245033117,,,,,
2021-04-08,16.95,-1.2237762237762295,,,,,
2021-04-09,16.69,-1.5339233038347944,,,,,
2021-04-12,16.91,1.3181545835829755,,,,,
2021-04-13,16.65,-1.5375517445298748,,,,,
2021-04-14,16.99,2.042042042042036,,,,,
2021-04-15,16.57,-2.4720423778693212,,,,,
2021-04-16,16.25,-1.931200965600488,,,,,
2021-04-19,17.29,6.400000000000006,,,,,
2021-04-20,18.68,8.039329091960678,,,,,
2021-04-21,17.5,-6.316916488222701,,,,,
2021-04-22,18.71,6.914285714285717,,,,,
2021-04-23,17.33,-7.37573490112241,,,,,
2021-04-26,17.64,1.7888055395268498,,,,,
2021-04-27,17.56,-0.45351473922903285,,,,,
2021-04-28,17.28,-1.5945330296127436,,,,,
2021-04-29,17.61,1.9097222222222099,,,,,
2021-04-30,18.61,5.678591709256109,,,,,
2021-05-03,18.31,-1.6120365394948988,,,,,
2021-05-04,19.48,6.389950846531955,,,,,
2021-05-05,19.15,-1.6940451745379947,,,,,
2021-05-06,18.39,-3.9686684073106937,,,,,
2021-05-07,16.69,-9.24415443175639,,,,,
2021-05-10,19.66,17.79508687837028,,,,,
2021-05-11,21.84,11.088504577822999,,,,,
2021-05-12,27.59,26.327838827838825,,,,,
2021-05-13,23.13,-16.16527727437478,,,,,
2021-05-14,18.81,-18.67704280155642,,,,,
2021-05-17,19.72,4.837852206273263,,,,,
2021-05-18,21.34,8.215010141987843,,,,,
2021-05-19,22.18,3.936269915651369,,,,,
2021-05-20,20.67,-6.807935076645622,,,,,
2021-05-21,20.15,-2.515723270440262,,,,,
2021-05-24,18.4,-8.684863523573206,,,,,
2021-05-25,18.84,2.3913043478260843,,,,,
2021-05-26,17.36,-7.855626326963905,,,,,
2021-05-27,16.74,-3.571428571428581,,,,,
2021-05-28,16.76,0.11947431302272715,,,,,
2021-06-01,17.9,6.801909307875875,,,,,
2021-06-02,17.48,-2.346368715083791,,,,,
2021-06-03,18.04,3.203661327231111,,,,,
2021-06-04,16.42,-8.980044345897987,,,,,
2021-06-07,16.42,0.0,,,,,
2021-06-08,17.07,3.9585870889159436,,,,,
2021-06-09,17.89,4.803749267721158,,,,,
2021-06-10,16.1,-10.005589714924534,,,,,
2021-06-11,15.65,-2.795031055900632,,,,,
2021-06-14,16.39,4.728434504792323,,,,,
2021-06-15,17.02,3.843807199511895,,,,,
2021-06-16,18.15,6.639247943595761,,,,,
2021-06-17,17.75,-2.2038567493112837,,,,,
2021-06-18,20.7,16.619718309859156,,,,,
2021-06-21,17.89,-13.574879227053138,,,,,
2021-06-22,16.66,-6.875349357182781,,,,,
2021-06-23,16.32,-2.0408163265306145,,,,,
2021-06-24,15.97,-2.1446078431372473,,,,,
2021-06-25,15.62,-2.1916092673763377,,,,,
2021-06-28,15.76,0.8962868117797784,,,,,
2021-06-29,16.02,1.6497461928933976,,,,,
2021-06-30,15.83,-1.1860174781523014,,,,,
2021-07-01,15.48,-2.210991787744787,,,,,
2021-07-02,15.07,-2.6485788113695063,,,,,
2021-07-06,16.44,9.090909090909104,,,,,
2021-07-07,16.2,-1.4598540145985495,,,,,
2021-07-08,19.0,17.28395061728396,,,,,
2021-07-09,16.18,-14.842105263157901,,,,,
2021-07-12,16.17,-0.06180469715697523,,,,,
2021-07-13,17.12,5.875077303648735,,,,,
2021-07-14,16.33,-4.614485981308425,,,,,
2021-07-15,17.01,4.16411512553585,,,,,
2021-07-16,18.45,8.465608465608444,,,,,
2021-07-19,22.5,21.95121951219512,,,,,
2021-07-20,19.73,-12.311111111111106,,,,,
2021-07-21,17.91,-9.224531170805882,,,,,
2021-07-22,17.69,-1.2283640424343933,,,,,
2021-07-23,17.2,-2.7699265121537753,,,,,
2021-07-26,17.58,2.209302325581386,,,,,
2021-07-27,19.36,10.125142207053472,,,,,
2021-07-28,18.31,-5.423553719008267,,,,,
2021-07-29,17.7,-3.331512834516659,,,,,
2021-07-30,18.24,3.050847457627115,,,,,
2021-08-02,19.46,6.688596491228083,,,,,
2021-08-03,18.04,-7.29701952723536,,,,,
2021-08-04,17.97,-0.388026607538805,,,,,
2021-08-05,17.28,-3.839732888146896,,,,,
2021-08-06,16.15,-6.539351851851871,,,,,
2021-08-09,16.72,3.529411764705892,,,,,
2021-08-10,16.79,0.4186602870813516,,,,,
2021-08-11,16.06,-4.34782608695653,,,,,
2021-08-12,15.59,-2.926525529265245,,,,,
2021-08-13,15.45,-0.8980115458627314,,,,,
2021-08-16,16.12,4.33656957928803,,,,,
2021-08-17,17.91,11.10421836228288,,,,,
2021-08-18,21.57,20.435510887772203,,,,,
2021-08-19,21.67,0.46360686138156026,,,,,
2021-08-20,18.56,-14.351638209506245,,,,,
2021-08-23,17.15,-7.596982758620696,,,,,
2021-08-24,17.22,0.40816326530612734,,,,,
2021-08-25,16.79,-2.4970963995354256,,,,,
2021-08-26,18.84,12.209648600357358,,,,,
2021-08-27,16.39,-13.004246284501054,,,,,
2021-08-30,16.19,-1.220256253813301,,,,,
2021-08-31,16.48,1.7912291537986347,,,,,
2021-09-01,16.11,-2.2451456310679685,,,,,
2021-09-02,16.41,1.862197392923659,,,,,
2021-09-03,16.41,0.0,,,,,
2021-09-07,18.14,10.542352224253504,,,,,
2021-09-08,17.96,-0.9922822491730932,,,,,
2021-09-09,18.8,4.677060133630295,,,,,
2021-09-10,20.95,11.436170212765951,,,,,
2021-09-13,19.37,-7.541766109785197,,,,,
2021-09-14,19.46,0.4646360351058254,,,,,
2021-09-15,18.18,-6.57759506680371,,,,,
2021-09-16,18.69,2.8052805280528226,,,,,
2021-09-17,20.81,11.342964151952906,,,,,
2021-09-20,25.71,23.546371936568967,,,,,
2021-09-21,24.36,-5.2508751458576475,,,,,
2021-09-22,20.87,-14.326765188834145,,,,,
2021-09-23,18.63,-10.733109726880697,,,,,
2021-09-24,17.75,-4.723564143853998,,,,,
2021-09-27,18.76,5.690140845070424,,,,,
2021-09-28,23.25,23.93390191897653,,,,,
2021-09-29,22.56,-2.9677419354838808,,,,,
2021-09-30,23.14,2.5709219858156107,,,,,
2021-10-01,21.15,-8.599827139152993,,,,,
2021-10-04,22.96,8.55791962174941,,,,,
2021-10-05,21.3,-7.229965156794426,,,,,
2021-10-06,21.0,-1.4084507042253502,,,,,
2021-10-07,19.54,-6.952380952380954,,,,,
2021-10-08,18.77,-3.94063459570112,,,,,
2021-10-11,20.0,6.553010122535974,,,,,
2021-10-12,19.85,-0.7499999999999951,,,,,
2021-10-13,18.64,-6.095717884130991,,,,,
2021-10-14,16.86,-9.549356223175975,,,,,
2021-10-15,16.3,-3.3214709371292894,,,,,
2021-10-18,16.31,0.061349693251511184,,,,,
2021-10-19,15.7,-3.7400367872470808,,,,,
2021-10-20,15.49,-1.3375796178343946,,,,,
2021-10-21,15.01,-3.0987734021949653,,,,,
2021-10-22,15.43,2.7981345769487076,,,,,
2021-10-25,15.24,-1.2313674659753748,,,,,
2021-10-26,15.98,4.855643044619429,,,,,
2021-10-27,16.98,6.2578222778473025,,,,,
2021-10-28,16.53,-2.6501766784452263,,,,,
2021-10-29,16.26,-1.6333938294010864,,,,,
2021-11-01,16.41,0.9225092250922495,,,,,
2021-11-02,16.03,-2.3156611822059636,,,,,
2021-11-03,15.1,-5.801621958827208,,,,,
2021-11-04,15.44,2.251655629139071,,,,,
2021-11-05,16.48,6.735751295336789,,,,,
2021-11-08,17.22,4.490291262135915,,,,,
2021-11-09,17.78,3.252032520325221,,,,,
2021-11-10,18.73,5.343082114735664,,,,,
2021-11-11,17.66,-5.712760277629469,,,,,
2021-11-12,16.29,-7.757644394110996,,,,,
2021-11-15,16.49,1.2277470841006721,,,,,
2021-11-16,16.37,-0.7277137659187249,,,,,
2021-11-17,17.11,4.520464263897361,,,,,
2021-11-18,17.59,2.805376972530693,,,,,
2021-11-19,17.91,1.8192154633314361,,,,,
2021-11-22,19.17,7.035175879396993,,,,,
2021-11-23,19.38,1.0954616588419341,,,,,
2021-11-24,18.58,-4.127966976264197,,,,,
2021-11-26,28.62,54.03659849300324,,,,,
2021-11-29,22.96,-19.77638015373865,,,,,
2021-11-30,27.19,18.42334494773519,,,,,
2021-12-01,31.12,14.453843324751748,,,,,
2021-12-02,27.95,-10.186375321336772,,,,,
2021-12-03,30.67,9.731663685152059,,,,,
2021-12-06,27.18,-11.3791979132703,,,,,
2021-12-07,21.89,-19.462840323767473,,,,,
2021-12-08,19.9,-9.090909090909104,,,,,
2021-12-09,21.58,8.442211055276383,,,,,
2021-12-10,18.69,-13.392029657089887,,,,,
2021-12-13,20.31,8.667736757624379,,,,,
2021-12-14,21.89,7.779419005416055,,,,,
2021-12-15,19.29,-11.877569666514399,,,,,
2021-12-16,20.57,6.635562467599798,,,,,
2021-12-17,21.57,4.861448711716099,,,,,
2021-12-20,22.87,6.026889197960128,,,,,
2021-12-21,21.01,-8.132925229558374,,,,,
2021-12-22,18.63,-11.327939076630189,,,,,
2021-12-23,17.96,-3.596349973161561,,,,,
2021-12-27,17.68,-1.5590200445434355,,,,,
2021-12-28,17.54,-0.7918552036199178,,,,,
2021-12-29,16.95,-3.3637400228050174,,,,,
2021-12-30,17.33,2.2418879056047114,,,,,
2021-12-31,17.22,-0.6347374495095148,,,,,
2022-01-03,16.6,-3.6004645760743137,,,,,
2022-01-04,16.91,1.8674698795180689,,,,,
2022-01-05,19.73,16.67652276759315,,,,,
2022-01-06,19.61,-0.608210846426771,,,,,
2022-01-07,18.76,-4.334523202447715,,,,,
2022-01-10,19.4,3.4115138592750283,,,,,
2022-01-11,18.41,-5.103092783505147,,,,,
2022-01-12,17.62,-4.2911461162411735,,,,,
2022-01-13,20.31,15.266742338251982,,,,,
2022-01-14,19.19,-5.514524864598702,,,,,
2022-01-18,22.79,18.759770713913483,,,,,
2022-01-19,23.85,4.651162790697683,,,,,
2022-01-20,25.59,7.295597484276728,,,,,
2022-01-21,28.85,12.739351309105128,,,,,
2022-01-24,29.9,3.6395147313691423,,,,,
2022-01-25,31.16,4.21404682274249,,,,,
2022-01-26,31.96,2.5673940949935803,,,,,
2022-01-27,30.49,-4.599499374217775,,,,,
2022-01-28,27.66,-9.281731715316488,,,,,
2022-01-31,24.83,-10.23138105567607,,,,,
2022-02-01,21.96,-11.558598469593228,,,,,
2022-02-02,22.09,0.5919854280509895,,,,,
2022-02-03,24.35,10.230873698506127,,,,,
2022-02-04,23.22,-4.640657084188926,,,,,
2022-02-07,22.86,-1.5503875968992276,,,,,
2022-02-08,21.44,-6.211723534558178,,,,,
2022-02-09,19.96,-6.902985074626866,,,,,
2022-02-10,23.91,19.789579158316627,,,,,
2022-02-11,27.36,14.429109159347542,,,,,
2022-02-14,28.33,3.5453216374268903,,,,,
2022-02-15,25.7,-9.283445111189547,,,,,
2022-02-16,24.29,-5.486381322957201,,,,,
2022-02-17,28.11,15.726636475916012,,,,,
2022-02-18,27.75,-1.2806830309498363,,,,,
2022-02-22,28.81,3.819819819819825,,,,,
2022-02-23,31.02,7.670947587643173,,,,,
2022-02-24,30.32,-2.2566086395873652,,,,,
2022-02-25,27.59,-9.003957783641159,,,,,
2022-02-28,30.15,9.278724175425879,,,,,
2022-03-01,33.32,10.514096185737976,,,,,
2022-03-02,30.74,-7.743097238895569,,,,,
2022-03-03,30.48,-0.8458035133376618,,,,,
2022-03-04,31.98,4.921259842519676,,,,,
2022-03-07,36.45,13.977485928705446,,,,,
2022-03-08,35.13,-3.6213991769547316,,,,,
2022-03-09,32.45,-7.628807287218898,,,,,
2022-03-10,30.23,-6.841294298921429,,,,,
2022-03-11,30.75,1.7201455507773744,,,,,
2022-03-14,31.77,3.3170731707317103,,,,,
2022-03-15,29.83,-6.106389675794777,,,,,
2022-03-16,26.67,-10.593362386858852,,,,,
2022-03-17,25.67,-3.749531308586429,,,,,
2022-03-18,23.87,-7.012076353720298,,,,,
2022-03-21,23.53,-1.4243820695433618,,,,,
2022-03-22,22.94,-2.5074373140671513,,,,,
2022-03-23,23.57,2.7462946817785383,,,,,
2022-03-24,21.67,-8.061094611794651,,,,,
2022-03-25,20.81,-3.9686202122750536,,,,,
2022-03-28,19.63,-5.670350792888035,,,,,
2022-03-29,18.9,-3.7187977585328658,,,,,
2022-03-30,19.33,2.2751322751322745,,,,,
2022-03-31,20.56,6.363166063114334,,,,,
2022-04-01,19.63,-4.52334630350194,,,,,
2022-04-04,18.57,-5.399898115129897,,,,,
2022-04-05,21.03,13.247172859450739,,,,,
2022-04-06,22.1,5.0879695672848335,,,,,
2022-04-07,21.55,-2.488687782805432,,,,,
2022-04-08,21.16,-1.8097447795823673,,,,,
2022-04-11,24.37,15.170132325141772,,,,,
2022-04-12,24.26,-0.45137464095198476,,,,,
2022-04-13,21.82,-10.057708161582857,,,,,
2022-04-14,22.7,4.032997250229142,,,,,
2022-04-18,22.17,-2.3348017621145245,,,,,
2022-04-19,21.37,-3.608479927830399,,,,,
2022-04-20,20.32,-4.9134300421151185,,,,,
2022-04-21,22.68,11.61417322834646,,,,,
2022-04-22,28.21,24.382716049382715,,,,,
2022-04-25,27.02,-4.218362282878418,,,,,
2022-04-26,33.52,24.056254626202822,,,,,
2022-04-27,31.6,-5.727923627684972,,,,,
2022-04-28,29.99,-5.094936708860764,,,,,
2022-04-29,33.4,11.370456818939644,,,,,
2022-05-02,32.34,-3.1736526946107624,,,,,
2022-05-03,29.25,-9.554730983302417,,,,,
2022-05-04,25.42,-13.094017094017085,,,,,
2022-05-05,31.2,22.738001573564116,,,,,
2022-05-06,30.19,-3.2371794871794757,,,,,
2022-05-09,34.75,15.104339185160654,,,,,
2022-05-10,32.99,-5.0647482014388405,,,,,
2022-05-11,32.56,-1.303425280387993,,,,,
2022-05-12,31.77,-2.4262899262899373,,,,,
2022-05-13,28.87,-9.128108278249913,,,,,
2022-05-16,27.47,-4.849324558365087,,,,,
2022-05-17,26.1,-4.987258827812147,,,,,
2022-05-18,30.96,18.620689655172406,,,,,
2022-05-19,29.35,-5.200258397932811,,,,,
2022-05-20,29.43,0.2725724020442799,,,,,
2022-05-23,28.48,-3.2279986408426775,,,,,
2022-05-24,29.45,3.4058988764045006,,,,,
2022-05-25,28.37,-3.6672325976230824,,,,,
2022-05-26,27.5,-3.0666196686640834,,,,,
2022-05-27,25.72,-6.472727272727274,,,,,
2022-05-30,26.54,3.188180404354579,,,,,
2022-05-31,26.19,-1.3187641296156682,,,,,
2022-06-01,25.69,-1.9091256204658236,,,,,
2022-06-02,24.72,-3.7757882444531043,,,,,
2022-06-03,24.79,0.28317152103560783,,,,,
2022-06-06,25.07,1.1294876966518874,,,,,
2022-06-07,24.02,-4.188272836059037,,,,,
2022-06-08,23.96,-0.24979184013321776,,,,,
2022-06-09,26.09,8.889816360601,,,,,
2022-06-10,27.75,6.362591031046372,,,,,
2022-06-13,34.02,22.594594594594607,,,,,
2022-06-14,32.69,-3.9094650205761527,,,,,
2022-06-15,29.62,-9.39125114713979,,,,,
2022-06-16,32.95,11.242403781228916,,,,,
2022-06-17,31.13,-5.523520485584232,,,,,
2022-06-20,31.03,-0.3212335367812291,,,,,
2022-06-21,30.19,-2.7070576861102147,,,,,
2022-06-22,28.95,-4.107320304736673,,,,,
2022-06-23,29.05,0.3454231433505983,,,,,
2022-06-24,27.23,-6.2650602409638605,,,,,
2022-06-27,26.95,-1.0282776349614386,,,,,
2022-06-28,28.36,5.231910946196661,,,,,
2022-06-29,28.16,-0.7052186177715081,,,,,
2022-06-30,28.71,1.953125,,,,,
2022-07-01,26.7,-7.0010449320794255,,,,,
2022-07-04,27.53,3.1086142322097388,,,,,
2022-07-05,27.54,0.03632401017070741,,,,,
2022-07-06,26.73,-2.941176470588236,,,,,
2022-07-07,26.08,-2.4317246539468873,,,,,
2022-07-08,24.64,-5.521472392638027,,,,,
2022-07-11,26.17,6.20941558441559,,,,,
2022-07-12,27.29,4.279709591134884,,,,,
2022-07-13,26.82,-1.7222425796995178,,,,,
2022-07-14,26.4,-1.5659955257270708,,,,,
2022-07-15,24.23,-8.219696969696965,,,,,
2022-07-18,25.3,4.4160132067684765,,,,,
2022-07-19,24.5,-3.1620553359683834,,,,,
2022-07-20,23.88,-2.5306122448979673,,,,,
2022-07-21,23.11,-3.2244556113902867,,,,,
2022-07-22,23.03,-0.3461704889658135,,,,,
2022-07-25,23.36,1.4329135909682877,,,,,
2022-07-26,24.69,5.693493150684947,,,,,
2022-07-27,23.24,-5.872823005265304,,,,,
2022-07-28,22.33,-3.915662650602414,,,,,
2022-07-29,21.33,-4.478280340349306,,,,,
2022-08-01,22.84,7.079231129864039,,,,,
2022-08-02,23.93,4.772329246935203,,,,,
2022-08-03,21.95,-8.274132887588802,,,,,
2022-08-04,21.44,-2.323462414578581,,,,,
2022-08-05,21.15,-1.3526119402985204,,,,,
2022-08-08,21.29,0.6619385342789608,,,,,
2022-08-09,21.77,2.2545796148426556,,,,,
2022-08-10,19.74,-9.324758842443737,,,,,
2022-08-11,20.2,2.3302938196555267,,,,,
2022-08-12,19.53,-3.3168316831683087,,,,,
2022-08-15,19.95,2.1505376344086002,,,,,
2022-08-16,19.69,-1.3032581453633951,,,,,
2022-08-17,19.9,1.0665312341289868,,,,,
2022-08-18,19.56,-1.70854271356784,,,,,
2022-08-19,20.6,5.316973415132931,,,,,
2022-08-22,23.8,15.533980582524265,,,,,
2022-08-23,24.11,1.3025210084033567,,,,,
2022-08-24,22.82,-5.350476980506014,,,,,
2022-08-25,21.78,-4.5574057843996485,,,,,
2022-08-26,25.56,17.355371900826434,,,,,
2022-08-29,26.21,2.543035993740217,,,,,
2022-08-30,26.21,0.0,,,,,
2022-08-31,25.87,-1.297214803510105,,,,,
2022-09-01,25.56,-1.1982991882489413,,,,,
2022-09-02,25.47,-0.35211267605633756,,,,,
2022-09-05,25.99,2.0416175893207766,,,,,
2022-09-06,26.91,3.539823008849563,,,,,
2022-09-07,24.64,-8.43552582683017,,,,,
2022-09-08,23.61,-4.180194805194814,,,,,
2022-09-09,22.79,-3.47310461668785,,,,,
2022-09-12,23.87,4.738920579201422,,,,,
2022-09-13,27.27,14.243820695433595,,,,,
2022-09-14,26.16,-4.0704070407040716,,,,,
2022-09-15,26.27,0.42048929663607293,,,,,
2022-09-16,26.3,0.11419870574800317,,,,,
2022-09-19,25.76,-2.0532319391634912,,,,,
2022-09-20,27.16,5.434782608695654,,,,,
2022-09-21,27.99,3.0559646539027874,,,,,
2022-09-22,27.35,-2.286530903894235,,,,,
2022-09-23,29.92,9.396709323583185,,,,,
2022-09-26,32.26,7.820855614973254,,,,,
2022-09-27,32.6,1.0539367637941721,,,,,
2022-09-28,30.18,-7.423312883435584,,,,,
2022-09-29,31.84,5.500331345261755,,,,,
2022-09-30,31.62,-0.6909547738693456,,,,,
2022-10-03,30.1,-4.807084123972172,,,,,
2022-10-04,29.07,-3.4219269102990113,,,,,
2022-10-05,28.55,-1.7887856897144783,,,,,
2022-10-06,30.52,6.900175131348507,,,,,
2022-10-07,31.36,2.752293577981657,,,,,
2022-10-10,32.45,3.475765306122458,,,,,
2022-10-11,33.63,3.6363636363636376,,,,,
2022-10-12,33.57,-0.1784121320249854,,,,,
2022-10-13,31.94,-4.855525767053914,,,,,
2022-10-14,32.02,0.250469630557304,,,,,
2022-10-17,31.37,-2.0299812617114332,,,,,
2022-10-18,30.5,-2.773350334714697,,,,,
2022-10-19,30.76,0.8524590163934587,,,,,
2022-10-20,29.98,-2.5357607282184724,,,,,
2022-10-21,29.69,-0.9673115410273492,,,,,
2022-10-24,29.85,0.5389019872010792,,,,,
2022-10-25,28.46,-4.656616415410387,,,,,
2022-10-26,27.28,-4.146170063246657,,,,,
2022-10-27,27.39,0.40322580645160144,,,,,
2022-10-28,25.75,-5.9875867104782765,,,,,
2022-10-31,25.88,0.5048543689320395,,,,,
2022-11-01,25.81,-0.2704791344667723,,,,,
2022-11-02,25.86,0.19372336303757898,,,,,
2022-11-03,25.3,-2.1655065738592327,,,,,
2022-11-04,24.55,-2.964426877470361,,,,,
2022-11-07,24.35,-0.8146639511201648,,,,,
2022-11-08,25.54,4.887063655030799,,,,,
2022-11-09,26.09,2.153484729835564,,,,,
2022-11-10,23.53,-9.812188577999226,,,,,
2022-11-11,22.52,-4.292392690182756,,,,,
2022-11-14,23.73,5.373001776198949,,,,,
2022-11-15,24.54,3.4134007585334913,,,,,
2022-11-16,24.11,-1.7522412387938058,,,,,
2022-11-17,23.93,-0.7465781833264185,,,,,
2022-11-18,23.12,-3.38487254492269,,,,,
2022-11-21,22.36,-3.287197231833916,,,,,
2022-11-22,21.29,-4.785330948121647,,,,,
2022-11-23,20.35,-4.415218412400179,,,,,
2022-11-24,20.42,0.3439803439803546,,,,,
2022-11-25,20.5,0.3917727717923425,,,,,
2022-11-28,22.21,8.341463414634154,,,,,
2022-11-29,21.89,-1.4407924358397106,,,,,
2022-11-30,20.58,-5.984467793513026,,,,,
2022-12-01,19.84,-3.5957240038872573,,,,,
2022-12-02,19.06,-3.931451612903236,,,,,
2022-12-05,20.75,8.866736621196235,,,,,
2022-12-06,22.17,6.843373493975902,,,,,
2022-12-07,22.68,2.3004059539918797,,,,,
2022-12-08,22.29,-1.7195767195767209,,,,,
2022-12-09,22.83,2.4226110363391617,,,,,
2022-12-12,25.0,9.505037231712677,,,,,
2022-12-13,22.55,-9.799999999999997,,,,,
2022-12-14,21.14,-6.252771618625275,,,,,
2022-12-15,22.83,7.994323557237459,,,,,
2022-12-16,22.62,-0.9198423127463773,,,,,
2022-12-19,22.42,-0.8841732979663952,,,,,
2022-12-20,21.48,-4.19268510258698,,,,,
2022-12-21,20.07,-6.564245810055869,,,,,
2022-12-22,21.97,9.466865969108106,,,,,
2022-12-23,20.87,-5.006827492034582,,,,,
2022-12-27,21.65,3.737422137038804,,,,,
2022-12-28,22.14,2.263279445727484,,,,,
2022-12-29,21.44,-3.1616982836494945,,,,,
2022-12-30,21.67,1.0727611940298587,,,,,
2023-01-03,22.9,5.6760498384863745,,,,,
2023-01-04,22.01,-3.8864628820960534,,,,,
2023-01-05,22.46,2.0445252158109994,,,,,
2023-01-06,21.13,-5.921638468388258,,,,,
2023-01-09,21.97,3.975390440132509,,,,,
2023-01-10,20.58,-6.326809285389167,,,,,
2023-01-11,21.09,2.478134110787189,,,,,
2023-01-12,18.83,-10.715979137031773,,,,,
2023-01-13,18.35,-2.549123738714798,,,,,
2023-01-16,19.49,6.212534059945485,,,,,
2023-01-17,19.36,-0.6670087224217469,,,,,
2023-01-18,20.34,5.061983471074383,,,,,
2023-01-19,20.52,0.8849557522123908,,,,,
2023-01-20,19.85,-3.2651072124756264,,,,,
2023-01-23,19.81,-0.2015113350126052,,,,,
2023-01-24,19.2,-3.0792529025744586,,,,,
2023-01-25,19.08,-0.6250000000000089,,,,,
2023-01-26,18.73,-1.8343815513626738,,,,,
2023-01-27,18.51,-1.1745862253069839,,,,,
2023-01-30,19.94,7.725553754727166,,,,,
2023-01-31,19.4,-2.7081243731193694,,,,,
2023-02-01,17.87,-7.8865979381443125,,,,,
2023-02-02,18.73,4.812534974818128,,,,,
2023-02-03,18.33,-2.135611318740005,,,,,
2023-02-06,19.43,6.001091107474088,,,,,
2023-02-07,18.66,-3.9629439011837353,,,,,
2023-02-08,19.63,5.1982851018220755,,,,,
2023-02-09,20.71,5.5017829852267,,,,,
2023-02-10,20.53,-0.869145340415256,,,,,
2023-02-13,20.34,-0.9254749147588948,,,,,
2023-02-14,18.91,-7.030481809242872,,,,,
2023-02-15,18.23,-3.5959809624537264,,,,,
2023-02-16,20.17,10.64179923203512,,,,,
2023-02-17,20.02,-0.7436787307883108,,,,,
2023-02-20,21.23,6.043956043956045,,,,,
2023-02-21,22.87,7.724917569477152,,,,,
2023-02-22,22.29,-2.5360734586794997,,,,,
2023-02-23,21.14,-5.159264244055628,,,,,
2023-02-24,21.67,2.5070955534531647,,,,,
2023-02-27,20.95,-3.3225657591139934,,,,,
2023-02-28,20.7,-1.1933174224343701,,,,,
2023-03-01,20.58,-0.5797101449275366,,,,,
2023-03-02,19.59,-4.810495626822153,,,,,
2023-03-03,18.49,-5.615109749872394,,,,,
2023-03-06,18.61,0.6489994591671211,,,,,
2023-03-07,19.59,5.265986029016667,,,,,
2023-03-08,19.11,-2.450229709035223,,,,,
2023-03-09,22.61,18.315018315018317,,,,,
2023-03-10,24.8,9.685979655019917,,,,,
2023-03-13,26.52,6.93548387096774,,,,,
2023-03-14,23.73,-10.520361990950223,,,,,
2023-03-15,26.14,10.155920775389804,,,,,
2023-03-16,22.99,-12.05049732211172,,,,,
2023-03-17,25.51,10.961287516311447,,,,,
2023-03-20,24.15,-5.331242649941215,,,,,
2023-03-21,21.38,-11.469979296066246,,,,,
2023-03-22,22.26,4.115996258185239,,,,,
2023-03-23,22.61,1.5723270440251458,,,,,
2023-03-24,21.74,-3.8478549314462707,,,,,
2023-03-27,20.6,-5.243790248390045,,,,,
2023-03-28,19.97,-3.0582524271844824,,,,,
2023-03-29,19.12,-4.25638457686529,,,,,
2023-03-30,19.02,-0.5230125523012608,,,,,
2023-03-31,18.7,-1.6824395373291279,,,,,
2023-04-03,18.55,-0.8021390374331472,,,,,
2023-04-04,19.0,2.425876010781658,,,,,
2023-04-05,19.08,0.42105263157894424,,,,,
2023-04-06,18.4,-3.563941299790352,,,,,
2023-04-10,18.97,3.0978260869565233,,,,,
2023-04-11,19.1,0.685292567211393,,,,,
2023-04-12,19.09,-0.05235602094241232,,,,,
2023-04-13,17.8,-6.757464641173383,,,,,
2023-04-14,17.07,-4.101123595505618,,,,,
2023-04-17,16.95,-0.702987697715296,,,,,
2023-04-18,16.83,-0.707964601769917,,,,,
2023-04-19,16.46,-2.1984551396315943,,,,,
2023-04-20,17.17,4.313487241798297,,,,,
2023-04-21,16.77,-2.3296447291788147,,,,,
2023-04-24,16.89,0.7155635062611854,,,,,
2023-04-25,18.76,11.071640023682662,,,,,
2023-04-26,18.84,0.4264392324093702,,,,,
2023-04-27,17.03,-9.607218683651798,,,,,
2023-04-28,15.78,-7.3399882560188034,,,,,
2023-05-01,16.08,1.9011406844106293,,,,,
2023-05-02,17.78,10.572139303482597,,,,,
2023-05-03,18.34,3.149606299212593,,,,,
2023-05-04,20.09,9.541984732824439,,,,,
2023-05-05,17.19,-14.43504230960676,,,,,
2023-05-08,16.98,-1.221640488656195,,,,,
2023-05-09,17.71,4.2991755005889365,,,,,
2023-05-10,16.94,-4.347826086956519,,,,,
2023-05-11,16.93,-0.05903187721369996,,,,,
2023-05-12,17.03,0.5906674542232704,,,,,
2023-05-15,17.12,0.5284791544333478,,,,,
2023-05-16,17.99,5.081775700934554,,,,,
2023-05-17,16.87,-6.225680933852129,,,,,
2023-05-18,16.05,-4.8606994665086,,,,,
2023-05-19,16.81,4.735202492211821,,,,,
2023-05-22,17.21,2.3795359904818625,,,,,
2023-05-23,18.53,7.669959325973275,,,,,
2023-05-24,20.03,8.09498111171074,,,,,
2023-05-25,19.14,-4.4433349975037455,,,,,
2023-05-26,17.95,-6.217345872518287,,,,,
2023-05-29,17.46,-2.7298050139275665,,,,,
2023-05-30,17.46,0.0,,,,,
2023-05-31,17.94,2.749140893470803,,,,,
2023-06-01,15.65,-12.76477146042364,,,,,
2023-06-02,14.6,-6.709265175718859,,,,,
2023-06-05,14.73,0.8904109589041198,,,,,
2023-06-06,13.96,-5.227427019687713,,,,,
2023-06-07,13.94,-0.14326647564470996,,,,,
2023-06-08,13.65,-2.0803443328550886,,,,,
2023-06-09,13.83,1.318681318681314,,,,,
2023-06-12,15.01,8.53217642805495,,,,,
2023-06-13,14.61,-2.664890073284476,,,,,
2023-06-14,13.88,-4.99657768651608,,,,,
2023-06-15,14.5,4.466858789625361,,,,,
2023-06-16,13.54,-6.620689655172418,,,,,
2023-06-19,14.19,4.800590841949792,,,,,
2023-06-20,13.88,-2.1846370683579863,,,,,
2023-06-21,13.2,-4.899135446685888,,,,,
2023-06-22,12.91,-2.196969696969686,,,,,
2023-06-23,13.44,4.105344694035629,,,,,
2023-06-26,14.25,6.026785714285721,,,,,
2023-06-27,13.74,-3.578947368421048,,,,,
2023-06-28,13.43,-2.2561863173216956,,,,,
2023-06-29,13.54,0.8190618019359608,,,,,
2023-06-30,13.59,0.36927621861153614,,,,,
2023-07-03,13.57,-0.14716703458425018,,,,,
2023-07-04,13.7,0.9579955784819294,,,,,
2023-07-05,14.18,3.50364963503651,,,,,
2023-07-06,15.44,8.885754583921024,,,,,
2023-07-07,14.83,-3.9507772020725307,,,,,
2023-07-10,15.07,1.618341200269735,,,,,
2023-07-11,14.84,-1.5262110152621133,,,,,
2023-07-12,13.54,-8.760107816711592,,,,,
2023-07-13,13.61,0.5169867060561328,,,,,
2023-07-14,13.34,-1.983835415135926,,,,,
2023-07-17,13.48,1.0494752623688264,,,,,
2023-07-18,13.3,-1.3353115727002929,,,,,
2023-07-19,13.76,3.4586466165413388,,,,,
2023-07-20,13.99,1.6715116279069742,,,,,
2023-07-21,13.6,-2.7877055039313814,,,,,
2023-07-24,13.91,2.2794117647058965,,,,,
2023-07-25,13.86,-0.35945363048167644,,,,,
2023-07-26,13.19,-4.834054834054835,,,,,
2023-07-27,14.41,9.24943138741472,,,,,
2023-07-28,13.33,-7.494795281054822,,,,,
2023-07-31,13.63,2.2505626406601698,,,,,
2023-08-01,13.93,2.201027146001455,,,,,
2023-08-02,16.09,15.50610193826274,,,,,
2023-08-03,15.92,-1.0565568676196402,,,,,
2023-08-04,17.1,7.412060301507539,,,,,
2023-08-07,15.77,-7.777777777777784,,,,,
2023-08-08,15.99,1.3950538998097617,,,,,
2023-08-09,15.96,-0.18761726078798668,,,,,
2023-08-10,15.85,-0.6892230576441172,,,,,
2023-08-11,14.84,-6.372239747634067,,,,,
2023-08-14,14.82,-0.13477088948786742,,,,,
2023-08-15,16.46,11.066126855600533,,,,,
2023-08-16,16.78,1.9441069258809174,,,,,
2023-08-17,17.89,6.615017878426688,,,,,
2023-08-18,17.3,-3.297931805477916,,,,,
2023-08-21,17.13,-0.9826589595375856,,,,,
2023-08-22,16.97,-0.9340338587273789,,,,,
2023-08-23,15.98,-5.833824395992915,,,,,
2023-08-24,17.2,7.634543178973718,,,,,
2023-08-25,15.68,-8.837209302325578,,,,,
2023-08-28,15.08,-3.826530612244894,,,,,
2023-08-29,14.45,-4.177718832891253,,,,,
2023-08-30,13.88,-3.944636678200686,,,,,
2023-08-31,13.57,-2.2334293948126804,,,,,
2023-09-01,13.09,-3.537214443625647,,,,,
2023-09-04,13.82,5.576776165011466,,,,,
2023-09-05,14.01,1.374819102749636,,,,,
2023-09-06,14.45,3.1406138472519496,,,,,
2023-09-07,14.4,-0.34602076124566894,,,,,
2023-09-08,13.84,-3.8888888888888973,,,,,
2023-09-11,13.8,-0.28901734104045396,,,,,
2023-09-12,14.23,3.1159420289855078,,,,,
2023-09-13,13.48,-5.270555165144064,,,,,
2023-09-14,12.82,-4.896142433234418,,,,,
2023-09-15,13.79,7.566302652106072,,,,,
2023-09-18,14.0,1.5228426395939243,,,,,
2023-09-19,14.11,0.7857142857142785,,,,,
2023-09-20,15.14,7.299787384833456,,,,,
2023-09-21,17.54,15.852047556142669,,,,,
2023-09-22,17.2,-1.9384264538198415,,,,,
2023-09-25,16.9,-1.744186046511631,,,,,
2023-09-26,18.94,12.071005917159772,,,,,
2023-09-27,18.22,-3.801478352692722,,,,,
2023-09-28,17.34,-4.829857299670682,,,,,
2023-09-29,17.52,1.038062283737018,,,,,
2023-10-02,17.61,0.5136986301369939,,,,,
2023-10-03,19.78,12.322544009085767,,,,,
2023-10-04,18.58,-6.066734074823065,,,,,
2023-10-05,18.49,-0.4843918191603902,,,,,
2023-10-06,17.45,-5.624661979448343,,,,,
2023-10-09,17.7,1.4326647564469885,,,,,
2023-10-10,17.03,-3.7853107344632653,,,,,
2023-10-11,16.09,-5.519671168526141,,,,,
2023-10-12,16.69,3.7290242386575523,,,,,
2023-10-13,19.32,15.757938885560208,,,,,
2023-10-16,17.21,-10.921325051759833,,,,,
2023-10-17,17.88,3.893085415456121,,,,,
2023-10-18,19.22,7.494407158836691,,,,,
2023-10-19,21.4,11.342351716961495,,,,,
2023-10-20,21.71,1.4485981308411278,,,,,
2023-10-23,20.37,-6.172270842929528,,,,,
2023-10-24,18.97,-6.872852233676985,,,,,
2023-10-25,20.19,6.43120716921457,,,,,
2023-10-26,20.68,2.426944031698852,,,,,
2023-10-27,21.27,2.852998065764023,,,,,
2023-10-30,19.75,-7.1462153267512925,,,,,
2023-10-31,18.14,-8.151898734177209,,,,,
2023-11-01,16.87,-7.001102535832415,,,,,
2023-11-02,15.66,-7.172495554238301,,,,,
2023-11-03,14.91,-4.789272030651337,,,,,
2023-11-06,14.89,-0.13413816230717357,,,,,
2023-11-07,14.81,-0.5372733378106065,,,,,
2023-11-08,14.45,-2.4307900067522037,,,,,
2023-11-09,15.29,5.813148788927336,,,,,
2023-11-10,14.17,-7.3250490516677536,,,,,
2023-11-13,14.76,4.163726182074812,,,,,
2023-11-14,14.16,-4.0650406504065035,,,,,
2023-11-15,14.18,0.14124293785311437,,,,,
2023-11-16,14.32,0.9873060648801113,,,,,
2023-11-17,13.8,-3.6312849162011163,,,,,
2023-11-20,13.41,-2.826086956521745,,,,,
2023-11-21,13.35,-0.4474272930648837,,,,,
2023-11-22,12.85,-3.745318352059923,,,,,
2023-11-23,12.8,-0.38910505836574627,,,,,
2023-11-24,12.46,-2.6562499999999933,,,,,
2023-11-27,12.69,1.845906902086658,,,,,
2023-11-28,12.69,0.0,,,,,
2023-11-29,12.98,2.2852639873916614,,,,,
2023-11-30,12.92,-0.46224961479198745,,,,,
2023-12-01,12.63,-2.244582043343646,,,,,
2023-12-04,13.08,3.562945368171011,,,,,
2023-12-05,12.85,-1.7584097859327241,,,,,
2023-12-06,12.97,0.9338521400778177,,,,,
2023-12-07,13.06,0.6939090208172738,,,,,
2023-12-08,12.35,-5.436447166921909,,,,,
2023-12-11,12.63,2.267206477732797,,,,,
2023-12-12,12.07,-4.433887569279493,,,,,
2023-12-13,12.19,0.9942004971002394,,,,,
2023-12-14,12.48,2.378999179655472,,,,,
2023-12-15,12.28,-1.602564102564108,,,,,
2023-12-18,12.56,2.28013029315961,,,,,
2023-12-19,12.53,-0.23885350318472165,,,,,
2023-12-20,13.67,9.098164405426989,,,,,
2023-12-21,13.65,-0.1463057790782707,,,,,
2023-12-22,13.03,-4.542124542124548,,,,,
2023-12-26,12.99,-0.3069838833461125,,,,,
2023-12-27,12.43,-4.311008468052346,,,,,
2023-12-28,12.47,0.32180209171359664,,,,,
2023-12-29,12.45,-0.1603849238171695,,,,,
2024-01-02,13.2,6.024096385542177,,,0.94,0.65,0.27
2024-01-03,14.04,6.363636363636371,,,1.05,0.69,0.38
2024-01-04,14.13,0.641025641025661,,,0.95,0.69,0.53
2024-01-05,13.35,-5.520169851380052,,,1.18,0.7,0.83
2024-01-08,13.08,-2.0224719101123556,,,0.84,0.59,0.29
2024-01-09,12.76,-2.4464831804281384,,,0.93,0.61,0.46
2024-01-10,12.69,-0.5485893416927956,,,1.28,1.55,0.45
2024-01-11,12.44,-1.970055161544526,,,1.04,0.8,0.51
2024-01-12,12.7,2.0900321543408262,,,0.88,0.83,0.19
2024-01-15,13.25,4.330708661417337,,,,,
2024-01-16,13.84,4.452830188679235,,,1.01,0.84,0.4
2024-01-17,14.79,6.86416184971097,,,1.01,0.69,0.45
2024-01-18,14.13,-4.462474645030412,,,0.91,0.69,0.5
2024-01-19,13.3,-5.874026893135175,,,0.88,0.59,0.37
2024-01-22,13.19,-0.8270676691729428,,,0.82,0.49,0.2
2024-01-23,12.55,-4.852160727824096,,,0.91,0.57,0.42
2024-01-24,13.14,4.701195219123511,,,,,
2024-01-25,13.45,2.3592085235920823,,,0.94,0.67,0.5
2024-01-26,13.26,-1.4126394052044522,,,0.91,0.66,0.21
2024-01-29,13.6,2.564102564102555,,,0.94,0.57,0.57
2024-01-30,13.31,-2.132352941176463,,,0.91,0.66,0.41
2024-01-31,14.35,7.813673929376397,,,0.92,0.64,0.62
2024-02-01,13.88,-3.2752613240418005,,,1.0,0.64,0.55
2024-02-02,13.85,-0.2161383285302687,,,1.04,0.62,0.9
2024-02-05,13.67,-1.2996389891696714,,,0.93,0.65,0.37
2024-02-06,13.06,-4.462326261887339,,,0.82,0.73,0.29
2024-02-07,12.83,-1.761102603369069,,,0.98,0.7,0.39
2024-02-08,12.79,-0.3117692907248726,,,0.84,0.62,0.49
2024-02-09,12.93,1.094605160281481,,,0.82,0.48,0.37
2024-02-12,13.93,7.733952049497295,,,1.0,0.55,0.38
2024-02-13,15.85,13.783201722900218,,,0.89,0.65,0.28
2024-02-14,14.38,-9.27444794952681,,,0.96,0.57,0.41
2024-02-15,14.01,-2.5730180806675995,,,0.85,0.54,0.18
2024-02-16,14.24,1.6416845110635236,,,0.93,0.53,0.36
2024-02-19,14.71,3.300561797752821,,,,,
2024-02-20,15.42,4.8266485384092395,,,0.93,0.55,0.44
2024-02-21,15.34,-0.5188067444876765,,,1.09,0.72,0.99
2024-02-22,14.54,-5.215123859191662,,,0.94,0.66,0.38
2024-02-23,13.75,-5.4332874828060485,,,0.96,0.66,0.66
2024-02-26,13.74,-0.07272727272726875,,,1.0,0.7,0.5
2024-02-27,13.43,-2.2561863173216956,,,0.97,0.61,0.68
2024-02-28,13.84,3.052866716306779,,,0.87,0.48,0.52
2024-02-29,13.4,-3.1791907514450823,,,0.93,0.64,0.47
2024-03-01,13.11,-2.164179104477615,,,0.97,0.6,0.38
2024-03-04,13.49,2.898550724637694,,,0.86,0.64,0.34
2024-03-05,14.46,7.19051148999259,,,1.04,0.7,0.8
2024-03-06,14.5,0.2766251728907321,,,1.06,0.83,0.36
2024-03-07,14.44,-0.4137931034482789,,,0.95,0.56,0.73
2024-03-08,14.74,2.0775623268698196,,,0.92,0.56,0.48
2024-03-11,15.22,3.256445047489831,,,1.03,0.68,0.61
2024-03-12,13.84,-9.06701708278581,,,1.07,0.68,0.45
2024-03-13,13.75,-0.6502890173410436,,,0.87,0.59,0.35
2024-03-14,14.4,4.7272727272727355,,,0.9,0.63,0.41
2024-03-15,14.41,0.0694444444444331,,,0.8,0.61,0.19
2024-03-18,14.33,-0.5551700208188737,,,0.86,0.5,0.3
2024-03-19,13.82,-3.558967201674812,,,1.02,0.66,0.61
2024-03-20,13.04,-5.643994211287994,,,0.98,0.72,0.27
2024-03-21,12.92,-0.9202453987730008,,,0.99,0.67,0.52
2024-03-22,13.06,1.0835913312693624,,,1.29,0.65,0.69
2024-03-25,13.19,0.9954058192955584,,,1.02,0.7,0.32
2024-03-26,13.24,0.37907505686125553,,,1.0,0.64,0.65
2024-03-27,12.78,-3.474320241691853,,,1.02,0.67,0.68
2024-03-28,13.01,1.7996870109546093,,,1.19,0.56,0.27
2024-04-01,13.65,4.919292851652579,,,0.94,0.65,0.2
2024-04-02,14.61,7.03296703296703,,,0.95,0.66,0.68
2024-04-03,14.33,-1.9164955509924697,,,1.06,0.69,0.96
2024-04-04,16.35,14.096301465457085,,,1.03,0.68,0.78
2024-04-05,16.03,-1.957186544342504,,,1.19,0.71,1.13
2024-04-08,15.19,-5.240174672489095,,,1.02,0.64,0.67
2024-04-09,14.98,-1.3824884792626668,,,1.05,0.72,0.98
2024-04-10,15.8,5.473965287049398,,,1.01,0.63,0.49
2024-04-11,14.91,-5.632911392405071,,,0.98,0.63,0.7
2024-04-12,17.31,16.096579476861162,,,0.85,0.68,0.42
2024-04-15,19.23,11.091854419410762,,,0.92,0.64,0.44
2024-04-16,18.4,-4.31617264690588,,,0.83,0.73,0.4
2024-04-17,18.21,-1.0326086956521596,,,1.27,1.13,0.51
2024-04-18,18.0,-1.1532125205930832,,,0.99,0.68,0.73
2024-04-19,18.71,3.9444444444444393,,,1.03,0.65,0.66
2024-04-22,16.94,-9.460181721004812,,,0.91,0.57,0.43
2024-04-23,15.69,-7.3789846517119395,,,1.03,0.65,0.86
2024-04-24,15.97,1.7845761631612556,,,0.94,0.71,0.55
2024-04-25,15.37,-3.7570444583594376,,,0.93,0.68,0.42
2024-04-26,15.03,-2.2121014964216035,,,1.0,0.55,1.37
2024-04-29,14.67,-2.39520958083832,,,0.93,0.61,0.43
2024-04-30,15.65,6.6802999318336775,,,0.94,0.6,0.53
2024-05-01,15.39,-1.6613418530351476,,,1.06,0.84,0.57
2024-05-02,14.68,-4.613385315139706,,,0.99,0.73,0.37
2024-05-03,13.49,-8.106267029972747,,,0.94,0.6,0.79
2024-05-06,13.49,0.0,,,1.29,0.63,0.73
2024-05-07,13.23,-1.927353595255743,,,0.99,0.72,0.73
2024-05-08,13.0,-1.7384731670445963,,,0.97,0.69,0.54
2024-05-09,12.69,-2.384615384615385,,,0.85,0.55,0.43
2024-05-10,12.55,-1.1032308904649235,,,0.9,0.6,0.51
2024-05-13,13.6,8.366533864541825,,,0.89,0.57,0.46
2024-05-14,13.42,-1.3235294117647012,,,0.9,0.53,0.73
2024-05-15,12.45,-7.228017883755589,,,0.88,0.57,0.39
2024-05-16,12.42,-0.24096385542168308,,,0.82,0.59,0.46
2024-05-17,11.99,-3.46215780998389,,,0.81,0.54,0.49
2024-05-20,12.15,1.334445371142623,,,1.0,0.53,0.67
2024-05-21,11.86,-2.3868312757201693,,,0.83,0.59,0.3
2024-05-22,12.29,3.6256323777402955,,,0.82,0.57,0.17
2024-05-23,12.77,3.9056143205858485,,,0.9,0.65,0.25
2024-05-24,11.93,-6.577916992952226,,,1.0,0.67,0.28
2024-05-27,12.36,3.6043587594300153,,,,,
2024-05-28,12.92,4.530744336569592,,,0.88,0.56,0.3
2024-05-29,14.28,10.526315789473673,,,1.0,0.68,0.42
2024-05-30,14.47,1.3305322128851715,,,1.01,0.87,0.56
2024-05-31,12.92,-10.711817553559088,,,0.94,0.73,0.56
2024-06-03,13.11,1.4705882352941124,,,0.89,0.58,0.38
2024-06-04,13.16,0.38138825324181,,,0.95,0.61,0.85
2024-06-05,12.63,-4.027355623100304,,,0.98,0.75,0.41
2024-06-06,12.58,-0.39588281868567776,,,0.99,0.59,0.34
2024-06-07,12.22,-2.861685214626386,,,0.85,0.58,0.4
2024-06-10,12.74,4.255319148936176,,,0.9,0.58,0.51
2024-06-11,12.85,0.8634222919937207,,,0.88,0.59,0.49
2024-06-12,12.04,-6.303501945525292,,,0.66,0.53,0.41
2024-06-13,11.94,-0.830564784053156,,,0.79,0.87,0.31
2024-06-14,12.66,6.030150753768848,,,0.93,0.58,0.24
2024-06-17,12.75,0.7109004739336511,,,0.87,0.62,0.39
2024-06-18,12.3,-3.529411764705881,,,0.87,0.58,0.32
2024-06-19,12.48,1.4634146341463428,,,,,
2024-06-20,13.28,6.41025641025641,,,0.87,0.62,0.44
2024-06-21,13.2,-0.6024096385542133,,,0.83,0.63,0.52
2024-06-24,13.33,0.9848484848484995,,,0.92,0.58,0.3
2024-06-25,12.84,-3.675918979744941,,,0.9,0.59,0.23
2024-06-26,12.55,-2.258566978193144,,,0.75,0.54,0.2
2024-06-27,12.24,-2.4701195219123506,,,0.85,0.76,0.14
2024-06-28,12.44,1.6339869281045694,,,0.89,0.64,0.3
2024-07-01,12.22,-1.7684887459807008,,,0.93,0.56,0.43
2024-07-02,12.03,-1.55482815057284,,,0.94,0.7,0.49
2024-07-03,12.09,0.4987531172069959,,,0.84,0.51,0.47
2024-07-04,12.26,1.4061207609594728,,,,,
2024-07-05,12.48,1.794453507340954,,,0.89,0.56,0.58
2024-07-08,12.37,-0.8814102564102644,,,0.79,0.51,0.25
2024-07-09,12.51,1.1317704122878025,,,0.9,0.57,0.49
2024-07-10,12.85,2.7178257394084637,,,0.85,0.55,0.69
2024-07-11,12.92,0.5447470817120603,,,0.8,0.61,0.39
2024-07-12,12.46,-3.5603715170278605,,,0.82,0.57,0.46
2024-07-15,13.12,5.296950240770459,,,0.84,0.52,0.35
2024-07-16,13.19,0.5335365853658569,,,0.79,0.49,0.44
2024-07-17,14.48,9.780136467020473,,,0.8,0.53,0.49
2024-07-18,15.93,10.013812154696122,,,0.87,0.6,0.62
2024-07-19,16.52,3.703703703703698,,,0.8,0.6,0.33
2024-07-22,14.91,-9.745762711864403,,,0.87,0.55,0.41
2024-07-23,14.72,-1.2743125419181767,,,0.96,0.63,0.88
2024-07-24,18.04,22.55434782608694,,,1.02,0.7,0.89
2024-07-25,18.46,2.32815964523283,,,0.98,0.8,0.66
2024-07-26,16.39,-11.213434452871073,,,1.04,0.73,0.63
2024-07-29,16.6,1.281269066503965,,,0.92,0.65,0.28
2024-07-30,17.69,6.566265060240961,,,1.04,0.68,1.78
2024-07-31,16.36,-7.518371961560211,,,0.97,0.59,0.47
2024-08-01,18.59,13.630806845965783,,,0.92,0.64,0.6
2024-08-02,23.39,25.820333512641213,,,1.16,0.81,0.76
2024-08-05,38.57,64.8995297135528,,,1.28,0.77,0.42
2024-08-06,27.71,-28.15659839253305,,,1.11,0.72,0.89
2024-08-07,27.85,0.5052327679538005,,,1.06,0.69,0.71
2024-08-08,23.79,-14.578096947935371,,,1.19,0.97,1.13
2024-08-09,20.37,-14.375788146279945,,,0.93,0.6,0.86
2024-08-12,20.71,1.6691212567501168,,,1.02,0.68,0.67
2024-08-13,18.12,-12.506035731530663,,,0.98,0.67,0.71
2024-08-14,16.19,-10.651214128035313,,,0.9,0.67,0.66
2024-08-15,15.23,-5.92958616429895,,,0.92,0.58,0.71
2024-08-16,14.8,-2.8233749179251477,,,0.88,0.51,0.54
2024-08-19,14.65,-1.0135135135135198,,,0.72,0.47,0.4
2024-08-20,15.88,8.395904436860068,,,0.84,0.59,0.51
2024-08-21,16.27,2.4559193954659886,,,0.86,0.59,0.5
2024-08-22,17.55,7.867240319606639,,,0.92,0.74,0.63
2024-08-23,15.86,-9.629629629629633,,,1.07,0.55,1.3
2024-08-26,16.15,1.828499369482972,,,0.91,0.57,0.37
2024-08-27,15.43,-4.458204334365323,,,1.0,0.7,0.57
2024-08-28,17.11,10.887880751782241,,,0.9,0.64,0.53
2024-08-29,15.65,-8.533021624780822,,,0.93,0.62,0.53
2024-08-30,15.0,-4.153354632587858,,,0.73,0.6,0.15
2024-09-02,15.55,3.6666666666666625,,,,,
2024-09-03,20.72,33.24758842443729,,,0.81,0.73,0.42
2024-09-04,21.32,2.895752895752901,,,0.99,0.73,0.53
2024-09-05,19.9,-6.660412757973743,,,0.86,0.98,0.17
2024-09-06,22.38,12.46231155778894,,,1.12,0.75,1.04
2024-09-09,19.45,-13.092046470062558,,,1.09,0.64,0.96
2024-09-10,19.08,-1.9023136246786643,,,0.94,0.69,0.45
2024-09-11,17.69,-7.285115303983214,,,0.86,0.6,0.43
2024-09-12,17.07,-3.5048049745619037,,,0.94,0.57,0.66
2024-09-13,16.56,-2.987697715289994,,,0.92,0.54,0.75
2024-09-16,17.14,3.5024154589372136,,,0.82,0.52,0.38
2024-09-17,17.61,2.742123687281217,,,0.8,0.51,0.44
2024-09-18,18.23,3.5207268597387875,,,0.96,0.61,0.41
2024-09-19,16.33,-10.42238069116842,,,0.95,0.77,0.32
2024-09-20,16.15,-1.102265768524191,,,0.85,0.52,0.86
2024-09-23,15.89,-1.609907120743026,,,0.83,0.49,0.58
2024-09-24,15.39,-3.146633102580243,,,0.9,0.54,0.98
2024-09-25,15.41,0.1299545159194171,,,0.76,0.52,0.22
2024-09-26,15.37,-0.2595717066839809,,,0.79,0.5,1.05
2024-09-27,16.96,10.344827586206918,,,0.76,0.53,0.24
2024-09-30,16.73,-1.3561320754717054,,,0.92,0.55,0.45
2024-10-01,19.26,15.122534369396302,,,0.88,0.55,0.42
2024-10-02,18.9,-1.8691588785046842,,,1.02,0.56,0.89
2024-10-03,20.49,8.412698412698404,,,0.88,0.71,0.26
2024-10-04,19.21,-6.246949731576368,,,1.02,0.48,0.34
2024-10-07,22.64,17.8552837064029,,,0.79,0.55,0.26
2024-10-08,21.42,-5.388692579505294,,,0.92,0.54,0.54
2024-10-09,20.86,-2.614379084967333,,,0.97,0.59,0.5
2024-10-10,20.93,0.3355704697986628,,,0.87,0.49,0.74
2024-10-11,20.46,-2.2455805064500622,,,0.88,0.44,0.36
2024-10-14,19.7,-3.7145650048875933,,,0.82,0.5,0.49
2024-10-15,20.64,4.77157360406093,,,0.88,0.57,0.35
2024-10-16,19.58,-5.135658914728691,,,0.89,0.57,0.62
2024-10-17,19.11,-2.400408580183855,,,0.92,0.77,0.73
2024-10-18,18.03,-5.651491365777073,,,0.81,0.42,1.03
2024-10-21,18.37,1.8857459789240139,,,0.9,0.49,0.43
2024-10-22,18.2,-0.9254218835057282,,,0.98,0.59,1.09
2024-10-23,19.24,5.714285714285716,,,0.92,0.58,0.97
2024-10-24,19.08,-0.8316008316008316,,,0.86,0.55,0.69
2024-10-25,20.33,6.551362683438167,,,0.9,0.51,0.67
2024-10-28,19.8,-2.6069847515986067,,,1.0,0.58,1.2
2024-10-29,19.34,-2.323232323232327,,,0.9,0.62,0.81
2024-10-30,20.35,5.222337125129273,,,0.92,0.63,1.17
2024-10-31,23.16,13.80835380835379,,,0.99,0.63,1.28
2024-11-01,21.88,-5.5267702936096725,,,1.12,0.71,2.32
2024-11-04,21.98,0.4570383912248621,,,1.33,0.61,3.04
2024-11-05,20.49,-6.778889899909013,,,0.99,0.62,0.92
2024-11-06,16.27,-20.595412396290868,,,0.88,0.54,0.69
2024-11-07,15.2,-6.57652120467117,,,0.82,0.47,0.98
2024-11-08,14.94,-1.7105263157894735,,,0.81,0.55,0.66
2024-11-11,14.97,0.20080321285140812,,,0.74,0.48,0.41
2024-11-12,14.71,-1.736806947227787,,,0.79,0.5,0.69
2024-11-13,14.02,-4.690686607749839,,,0.84,0.54,0.61
2024-11-14,14.31,2.0684736091298284,,,0.85,0.63,0.61
2024-11-15,16.14,12.788259958071269,,,0.9,0.6,0.88
2024-11-18,15.58,-3.4696406443618377,,,0.82,0.51,0.57
2024-11-19,16.35,4.942233632862658,,,0.87,0.62,0.44
2024-11-20,17.16,4.954128440366956,,,0.8,0.58,0.43
2024-11-21,16.87,-1.68997668997668,,,0.8,0.53,0.47
2024-11-22,15.24,-9.66212211025489,,,0.85,0.51,0.85
2024-11-25,14.6,-4.199475065616798,,,0.77,0.48,0.75
2024-11-26,14.1,-3.424657534246578,,,0.81,0.48,0.46
2024-11-27,14.1,0.0,,,0.86,0.56,0.27
2024-11-28,13.9,-1.4184397163120477,,,,,
2024-11-29,13.51,-2.8057553956834624,,,0.86,0.56,0.66
2024-12-02,13.34,-1.2583271650629113,,,0.87,0.62,0.32
2024-12-03,13.3,-0.2998500749625155,,,0.83,0.55,0.3
2024-12-04,13.45,1.1278195488721776,,,0.8,0.49,0.31
2024-12-05,13.54,0.6691449814126393,,,0.8,0.5,0.33
2024-12-06,12.77,-5.686853766617428,,,0.84,0.54,0.53
2024-12-09,14.19,11.119812059514489,,,0.79,0.56,0.24
2024-12-10,14.18,-0.0704721634954164,,,0.84,0.48,0.29
2024-12-11,13.58,-4.231311706629048,,,0.79,0.53,0.45
2024-12-12,13.92,2.503681885125175,,,0.87,0.68,0.28
2024-12-13,13.81,-0.7902298850574696,,,0.84,0.58,0.29
2024-12-16,14.69,6.372194062273717,,,0.85,0.51,0.66
2024-12-17,15.87,8.032675289312463,,,0.81,0.49,0.66
2024-12-18,27.62,74.03906742281035,,,0.85,0.45,0.46
2024-12-19,24.09,-12.780593772628535,,,0.98,0.62,0.73
2024-12-20,18.36,-23.78580323785804,,,0.93,0.54,1.21
2024-12-23,16.78,-8.605664488017418,,,0.89,0.48,0.48
2024-12-24,14.27,-14.958283671036954,,,0.96,0.51,1.06
2024-12-26,14.73,3.223545900490543,,,0.78,0.49,0.65
2024-12-27,15.95,8.282416836388308,,,0.89,0.67,0.66
2024-12-30,17.4,9.090909090909083,,,0.92,0.63,0.56
2024-12-31,17.35,-0.2873563218390607,,,0.81,0.46,0.42
2025-01-02,17.93,3.3429394812680036,,,1.04,0.8,0.7
2025-01-03,16.13,-10.03904071388735,,,0.81,0.45,0.32
2025-01-06,16.04,-0.5579665220086794,,,0.8,0.42,0.66
2025-01-07,17.82,11.097256857855363,,,0.78,0.45,0.26
2025-01-08,17.7,-0.6734006734006814,,,0.95,0.6,0.56
2025-01-09,18.07,2.090395480226004,,,1.73,0.0,0.09
2025-01-10,19.54,8.135030437188707,,,0.97,0.7,0.5
2025-01-13,19.19,-1.7911975435005,,,0.95,0.6,0.78
2025-01-14,18.71,-2.5013027618551398,,,0.77,0.41,0.94
2025-01-15,16.12,-13.842864778193476,,,0.86,0.58,0.72
2025-01-16,16.6,2.977667493796532,,,0.85,0.94,0.27
2025-01-17,15.97,-3.795180722891567,,,0.69,0.43,0.32
2025-01-20,15.81,-1.0018785222291826,,,,,
2025-01-21,15.06,-4.743833017077803,,,0.72,0.46,0.46
2025-01-22,15.1,0.26560424966799445,,,0.76,0.49,0.19
2025-01-23,15.02,-0.5298013245033095,,,0.78,0.53,0.32
2025-01-24,14.85,-1.131824234354195,,,0.76,0.52,0.27
2025-01-27,17.9,20.538720538720522,,,0.89,0.57,0.57
2025-01-28,16.41,-8.324022346368709,,,0.75,0.53,0.43
2025-01-29,16.56,0.9140767824497242,,,0.72,0.59,0.19
2025-01-30,15.84,-4.347826086956519,,,0.69,0.52,0.18
2025-01-31,16.43,3.7247474747474696,,,0.85,0.49,0.78
2025-02-03,18.62,13.329275715155209,,,0.93,0.54,0.77
2025-02-04,17.21,-7.572502685284643,,,0.84,0.51,0.43
2025-02-05,15.77,-8.367228355607214,,,0.79,0.54,0.53
2025-02-06,15.5,-1.7121116043119833,,,0.8,0.57,0.43
2025-02-07,16.54,6.7096774193548425,,,0.79,0.52,0.34
2025-02-10,15.81,-4.413542926239411,,,0.77,0.47,0.25
2025-02-11,16.02,1.3282732447817747,,,0.83,0.53,0.35
2025-02-12,15.89,-0.811485642946308,,,0.85,0.56,0.45
2025-02-13,15.1,-4.971680302076786,,,0.95,0.77,0.4
2025-02-14,14.77,-2.1854304635761546,,,0.7,0.46,0.26
2025-02-17,15.37,4.062288422478,,,,,
2025-02-18,15.35,-0.13012361743656164,,,0.76,0.5,0.31
2025-02-19,15.27,-0.5211726384364845,,,0.89,0.6,0.29
2025-02-20,15.66,2.5540275049116046,,,0.75,0.59,0.43
2025-02-21,18.21,16.283524904214563,,,0.87,0.63,0.42
2025-02-24,18.98,4.228445908841283,,,0.97,0.58,0.57
2025-02-25,19.43,2.3709167544784027,,,0.92,0.64,0.76
2025-02-26,19.1,-1.6984045290787342,,,0.92,0.6,0.47
2025-02-27,21.13,10.62827225130889,,,0.84,0.68,0.2
2025-02-28,19.63,-7.0989115002366265,,,0.92,0.61,0.64
2025-03-03,22.78,16.04686704024454,,,0.94,0.64,0.44
2025-03-04,23.51,3.2045654082528463,,,0.91,0.61,0.61
2025-03-05,21.93,-6.720544449170573,,,0.76,0.54,0.26
2025-03-06,24.87,13.40629274965801,,,0.95,0.65,1.2
2025-03-07,23.37,-6.0313630880579066,,,0.9,0.57,0.98
2025-03-10,27.86,19.21266581086862,,,0.92,0.6,0.63
2025-03-11,26.92,-3.3740129217516124,,,0.91,0.57,0.6
2025-03-12,24.23,-9.992570579494808,,,0.91,0.62,0.41
2025-03-13,24.66,1.7746595130004206,,,1.03,0.94,0.44
2025-03-14,21.77,-11.719383617193834,,,0.96,0.57,0.68
2025-03-17,20.51,-5.787781350482302,,,0.91,0.59,0.75
2025-03-18,21.7,5.802047781569963,,,0.78,0.58,0.22
2025-03-19,19.9,-8.294930875576046,,,0.88,0.54,0.51
2025-03-20,19.8,-0.5025125628140614,,,0.83,0.61,0.45
2025-03-21,19.28,-2.626262626262621,,,0.82,0.55,0.45
2025-03-24,17.48,-9.336099585062241,,,0.76,0.48,0.42
2025-03-25,17.15,-1.8878718535469186,,,0.79,0.65,0.33
2025-03-26,18.33,6.880466472303204,,,0.95,0.71,0.32
2025-03-27,18.69,1.9639934533551617,,,0.97,0.72,0.57
2025-03-28,21.65,15.837346174424805,,,1.02,0.68,0.64
2025-03-31,22.28,2.9099307159353494,,,0.97,0.58,0.46
2025-04-01,21.77,-2.289048473967692,,,0.91,0.53,0.49
2025-04-02,21.51,-1.194304088194753,,,0.95,0.59,0.65
2025-04-03,30.02,39.56299395629939,,,1.15,1.02,0.46
2025-04-04,45.31,50.93271152564958,,,1.18,0.64,0.6
2025-04-07,46.98,3.68572059148089,,,1.2,0.63,0.78
2025-04-08,52.33,11.387824606215414,,,1.23,0.77,0.62
2025-04-09,33.62,-35.7538696732276,,,1.04,0.58,1.04
2025-04-10,40.72,21.118381915526484,,,1.11,0.76,0.6
2025-04-11,37.56,-7.760314341846753,,,0.78,0.43,0.57
2025-04-14,30.89,-17.75825346112886,,,1.01,0.68,0.8
2025-04-15,30.12,-2.4927160893493006,,,1.02,0.72,0.67
2025-04-16,32.64,8.366533864541825,,,0.95,0.72,0.51
2025-04-17,29.65,-9.160539215686281,,,0.89,0.54,0.53
2025-04-21,33.82,14.064080944350765,,,1.0,0.67,0.62
2025-04-22,30.57,-9.60969840331165,,,0.87,0.54,0.84
2025-04-23,28.45,-6.934903500163559,,,0.9,0.54,0.63
2025-04-24,26.47,-6.959578207381368,,,0.99,0.64,0.52
2025-04-25,24.84,-6.157914620324889,,,0.81,0.46,0.63
2025-04-28,25.15,1.2479871175523405,,,0.84,0.57,0.24
2025-04-29,24.17,-3.8966202783300097,,,0.88,0.55,0.52
2025-04-30,24.7,2.1928009929664816,,,0.83,0.67,0.31
2025-05-01,24.6,-0.4048582995951344,,,0.83,0.52,0.52
2025-05-02,22.68,-7.804878048780495,,,0.84,0.49,0.78
2025-05-05,23.64,4.232804232804233,,,0.92,0.6,0.52
2025-05-06,24.76,4.737732656514382,,,0.91,0.64,0.5
2025-05-07,23.55,-4.886914378029084,,,0.8,0.54,0.53
2025-05-08,22.48,-4.54352441613588,,,0.81,0.54,0.22
2025-05-09,21.9,-2.5800711743772298,,,0.77,0.53,0.35
2025-05-12,18.39,-16.02739726027397,,,0.85,0.5,0.92
2025-05-13,18.22,-0.9244154431756524,,,0.79,0.55,0.7
2025-05-14,18.62,2.1953896816685026,,,0.7,0.41,0.4
2025-05-15,17.83,-4.242749731471552,,,0.68,0.52,0.25
2025-05-16,17.24,-3.3090297251822776,,,0.69,0.43,0.28
2025-05-19,18.14,5.220417633410679,,,0.87,0.48,0.54
2025-05-20,18.09,-0.2756339581036382,,,0.78,0.56,0.28
2025-05-21,20.87,15.367606412382528,,,0.89,0.55,0.49
2025-05-22,20.28,-2.8270244369908992,,,0.94,0.75,0.58
2025-05-23,22.29,9.911242603550296,,,0.95,0.6,0.65
2025-05-26,20.57,-7.7164647824136345,,,,,
2025-05-27,18.96,-7.826932425862909,,,0.88,0.52,0.39
2025-05-28,19.31,1.8459915611814148,,,0.81,0.58,0.39
2025-05-29,19.18,-0.6732263076126288,,,0.77,0.53,0.15
2025-05-30,18.57,-3.1803962460896784,,,0.88,0.57,0.39
2025-06-02,18.36,-1.1308562197092087,,,0.85,0.58,0.59
2025-06-03,17.69,-3.6492374727668753,,,0.93,0.51,0.43
2025-06-04,17.61,-0.45223289994348326,,,0.85,0.52,0.4
2025-06-05,18.48,4.940374787052826,,,0.86,0.63,0.44
2025-06-06,16.77,-9.253246753246758,,,0.87,0.55,0.39
2025-06-09,17.16,2.3255813953488413,,,0.79,0.52,0.8
2025-06-10,16.95,-1.2237762237762295,,,0.87,0.57,0.63
2025-06-11,17.26,1.828908554572295,,,0.79,0.52,0.36
2025-06-12,18.02,4.403244495944358,,,0.87,0.58,0.39
2025-06-13,20.82,15.53829078801332,,,0.89,0.61,0.36
2025-06-16,19.11,-8.213256484149856,,,0.9,0.51,0.37
2025-06-17,21.6,13.02982731554161,,,0.94,0.61,0.33
2025-06-18,20.14,-6.759259259259265,,,0.97,0.98,0.38
2025-06-19,22.17,10.07944389275075,,,,,
2025-06-20,20.62,-6.991429860171405,,,0.88,0.54,0.53
2025-06-23,19.83,-3.8312318137730506,,,0.95,0.54,0.86
2025-06-24,17.48,-11.8507312153303,,,0.9,0.56,0.33
2025-06-25,16.76,-4.11899313501144,,,0.81,0.53,0.54
2025-06-26,16.59,-1.0143198090692196,,,0.77,0.53,0.54
2025-06-27,16.32,-1.6274864376130127,,,0.75,0.52,0.33
2025-06-30,16.73,2.5122549019607865,,,0.83,0.51,0.83
2025-07-01,16.83,0.5977286312014218,,,0.86,0.51,0.51
2025-07-02,16.64,-1.128936423054061,,,0.83,0.55,0.14
2025-07-03,16.38,-1.562500000000011,,,0.79,0.48,0.41
2025-07-04,17.48,6.715506715506714,,,,,
2025-07-07,17.79,1.7734553775743622,,,0.92,0.58,0.58
2025-07-08,16.81,-5.508712759977518,,,0.87,0.56,0.47
2025-07-09,15.94,-5.1754907792980305,,,0.89,0.56,0.93
2025-07-10,15.78,-1.0037641154328703,,,0.77,0.52,0.43
2025-07-11,16.4,3.9290240811153287,,,0.84,0.53,0.72
2025-07-14,17.2,4.878048780487809,,,0.85,0.51,0.66
2025-07-15,17.38,1.0465116279069653,,,0.83,0.57,0.79
2025-07-16,17.16,-1.2658227848101222,,,0.86,0.53,0.32
2025-07-17,16.52,-3.7296037296037365,,,0.8,0.65,0.52
2025-07-18,16.41,-0.6658595641646503,,,0.74,0.48,0.56
2025-07-21,16.65,1.4625228519195455,,,0.88,0.51,0.22
2025-07-22,16.5,-0.9009009009008917,,,0.87,0.55,0.69
2025-07-23,15.37,-6.848484848484848,,,0.81,0.55,0.63
2025-07-24,15.39,0.13012361743658385,,,0.9,0.57,0.66
2025-07-25,14.93,-2.9889538661468595,,,0.91,0.72,0.56
2025-07-28,15.03,0.6697923643670389,,,0.85,0.58,0.54
2025-07-29,15.98,6.320691949434476,,,0.94,0.57,1.1
2025-07-30,15.48,-3.1289111389236512,,,0.9,0.59,0.77
2025-07-31,16.72,8.010335917312661,,,1.03,0.84,0.33
2025-08-01,20.38,21.88995215311005,,,0.94,0.75,0.43
2025-08-04,17.52,-14.033366045142293,,,0.9,0.61,0.37
2025-08-05,17.85,1.8835616438356295,,,0.87,0.58,0.64
2025-08-06,16.77,-6.050420168067239,,,0.86,0.62,0.55
2025-08-07,16.57,-1.1926058437686349,,,0.79,0.57,0.37
2025-08-08,15.15,-8.569704284852142,,,0.86,0.64,0.43
2025-08-11,16.25,7.26072607260726,,,0.83,0.64,0.28
2025-08-12,14.73,-9.353846153846145,,,0.95,0.6,0.52
2025-08-13,14.49,-1.6293279022403295,,,0.77,0.63,0.34
2025-08-14,14.83,2.346445824706689,,,0.85,0.75,0.26
2025-08-15,15.09,1.7532029669588667,,,0.79,0.48,0.53
2025-08-18,14.99,-0.6626905235255109,,,0.79,0.5,0.71
2025-08-19,15.57,3.8692461641093967,,,0.91,0.59,0.89
2025-08-20,15.69,0.770712909441218,,,0.88,0.66,0.44
2025-08-21,16.6,5.799872530274075,,,0.92,0.62,1.11
2025-08-22,14.22,-14.33734939759036,,,0.88,0.5,0.44
2025-08-25,14.79,4.008438818565385,,,0.86,0.55,0.89
2025-08-26,14.62,-1.1494252873563204,,,0.89,0.55,0.72
2025-08-27,14.85,1.5731874145006763,,,0.75,0.53,0.29
2025-08-28,14.43,-2.8282828282828243,,,0.89,0.75,0.48
2025-08-29,15.36,6.444906444906451,,,0.83,0.56,0.35
2025-09-01,16.12,4.947916666666674,,,,,
2025-09-02,17.17,6.513647642679898,,,0.93,0.68,0.53
2025-09-03,16.35,-4.7757716948165445,,,0.87,0.61,0.35
2025-09-04,15.3,-6.422018348623859,,,0.96,0.62,1.28
2025-09-05,15.18,-0.7843137254902044,,,0.75,0.58,0.2
2025-09-08,15.11,-0.46113306982872304,,,0.8,0.63,0.31
2025-09-09,15.04,-0.46326935804102964,,,0.87,0.54,0.55
2025-09-10,15.35,2.0611702127659504,,,0.82,0.54,0.35
2025-09-11,14.71,-4.169381107491854,,,0.86,0.68,0.53
2025-09-12,14.76,0.3399048266485405,,,0.83,0.58,0.64
2025-09-15,15.69,6.3008130081300795,,,0.89,0.54,1.11
2025-09-16,16.36,4.270235818992996,,,0.78,0.54,0.51
2025-09-17,15.72,-3.9119804400977953,,,1.06,0.6,0.58
2025-09-18,15.7,-0.12722646310433516,,,0.75,0.54,0.76
2025-09-19,15.45,-1.5923566878980888,,,0.77,0.45,0.55
2025-09-22,16.1,4.207119741100329,,,0.81,0.48,0.35
2025-09-23,16.64,3.354037267080745,,,0.9,0.47,0.54
2025-09-24,16.18,-2.7644230769230838,,,0.86,0.51,0.35
2025-09-25,16.74,3.4610630407911014,,,0.9,0.56,0.5
2025-09-26,15.29,-8.661887694145754,,,0.82,0.51,0.36
2025-09-29,16.12,5.428384565075217,,,0.78,0.52,0.35
2025-09-30,16.28,0.992555831265518,,,0.89,0.58,0.91
2025-10-01,16.29,0.06142506142505777,,,0.77,0.48,0.45
2025-10-02,16.63,2.0871700429711426,,,0.81,0.47,0.82
2025-10-03,16.65,0.12026458208056479,,,0.84,0.6,0.3
2025-10-06,16.37,-1.6816816816816682,,,0.73,0.45,0.35
2025-10-07,17.24,5.314599877825277,,,0.91,0.5,0.54
2025-10-08,16.3,-5.452436194895583,,,0.76,0.5,0.37
2025-10-09,16.43,0.797546012269934,,,0.8,0.54,0.34
2025-10-10,21.66,31.832014607425442,,,0.98,0.69,0.72
2025-10-13,19.03,-12.142197599261307,,,0.81,0.55,0.36
2025-10-14,20.81,9.353652128218592,,,0.87,0.49,0.63
2025-10-15,20.64,-0.8169149447381008,,,0.78,0.48,0.49
2025-10-16,25.31,22.625968992248048,,,0.86,0.56,1.05
2025-10-17,20.78,-17.8980640063216,,,0.93,0.72,0.62
2025-10-20,18.23,-12.271414821944182,,,0.86,0.5,0.81
2025-10-21,17.87,-1.974766867800326,,,0.88,0.48,0.89
2025-10-22,18.6,4.085058757694471,,,0.83,0.53,0.33
2025-10-23,17.3,-6.989247311827961,,,0.85,0.6,0.91
2025-10-24,16.37,-5.375722543352602,,,0.86,0.52,0.42
2025-10-27,15.79,-3.5430665852168697,,,0.79,0.46,0.43
2025-10-28,16.42,3.9898670044332007,,,0.74,0.47,0.41
2025-10-29,16.92,3.0450669914738215,,,0.78,0.44,0.95
2025-10-30,16.91,-0.05910165484634966,,,0.81,0.57,0.78
2025-10-31,17.44,3.134240094618579,,,0.86,0.55,0.52
2025-11-03,17.17,-1.5481651376146766,,,0.93,0.58,0.59
2025-11-04,19.0,10.658124635993005,,,0.85,0.66,0.36
2025-11-05,18.01,-5.2105263157894655,,,0.85,0.57,0.68
2025-11-06,19.5,8.273181565796772,,,0.88,0.56,0.83
2025-11-07,19.08,-2.1538461538461617,,,1.08,0.63,1.04
2025-11-10,17.6,-7.756813417190756,,,0.83,0.49,1.08
2025-11-11,17.28,-1.8181818181818188,,,0.85,0.7,0.35
2025-11-12,17.51,1.331018518518512,,,0.78,0.56,0.64
2025-11-13,20.0,14.220445459737284,,,0.83,0.65,0.61
2025-11-14,19.83,-0.8500000000000063,,,1.04,0.63,0.76
2025-11-17,22.38,12.859304084720137,,,0.97,0.76,0.53
2025-11-18,24.69,10.321715817694388,,,0.91,0.7,0.6
2025-11-19,23.66,-4.171729445119487,,,0.98,0.63,0.76
2025-11-20,26.42,11.665257819103969,,,0.95,0.59,0.73
2025-11-21,23.43,-11.317183951551858,,,0.87,0.56,0.44
2025-11-24,20.52,-12.419974391805377,,,0.91,0.58,0.79
2025-11-25,18.56,-9.551656920077978,,,0.94,0.76,0.7
2025-11-26,17.19,-7.38146551724137,,,0.88,0.69,0.44
2025-11-27,17.21,0.11634671320535084,,,,,
2025-11-28,16.35,-4.997094712376526,,,0.7,0.44,1.47
2025-12-01,17.24,5.44342507645259,,,0.95,0.59,0.68
2025-12-02,16.59,-3.7703016241299236,,,0.79,0.54,0.4
2025-12-03,16.08,-3.074141048824608,,,0.91,0.58,0.94
2025-12-04,15.78,-1.8656716417910335,,,0.78,0.5,0.7
2025-12-05,15.41,-2.344740177439797,,,0.75,0.43,0.77
2025-12-08,16.66,8.111615833874097,,,0.91,0.65,0.69
2025-12-09,16.93,1.6206482593037252,,,0.82,0.52,0.54
2025-12-10,15.77,-6.851742468989963,,,0.91,0.59,0.65
2025-12-11,14.85,-5.833861762840842,,,0.83,0.59,0.59
2025-12-12,15.74,5.993265993265995,,,0.91,0.57,0.84
2025-12-15,16.5,4.828462515883092,,,0.92,0.58,0.68
2025-12-16,16.48,-0.12121212121212199,,,0.94,0.74,0.56
2025-12-17,17.62,6.917475728155353,,,0.99,0.75,0.83
2025-12-18,16.87,-4.256526674233829,,,0.79,0.59,0.19
2025-12-19,14.91,-11.618257261410792,,,0.85,0.59,0.3
2025-12-22,14.08,-5.566733735747819,,,0.89,0.61,0.44
2025-12-23,14.0,-0.5681818181818232,,,0.8,0.46,0.33
2025-12-24,13.47,-3.785714285714281,,,0.91,0.57,0.61
2025-12-26,13.6,0.9651076466221209,,,0.85,0.64,0.24
2025-12-29,14.2,4.4117647058823595,,,0.93,0.67,0.3
2025-12-30,14.33,0.9154929577464888,,,0.83,0.51,0.37
2025-12-31,14.95,4.326587578506613,,,1.13,0.92,0.38
2026-01-02,14.51,-2.943143812709026,,,0.83,0.56,0.47
2026-01-05,14.9,2.6878015161957203,,,0.89,0.54,0.45
2026-01-06,14.75,-1.0067114093959773,,,0.9,0.58,0.51
2026-01-07,15.38,4.271186440677965,,,0.96,0.63,0.37
2026-01-08,15.45,0.4551365409622754,,,0.83,0.49,0.53
2026-01-09,14.49,-6.2135922330097015,,,0.75,0.47,0.5
2026-01-12,15.12,4.347826086956519,,,0.97,0.66,0.91
2026-01-13,15.98,5.687830687830697,,,0.88,0.7,0.39
2026-01-14,16.75,4.818523153942422,,,0.93,0.77,0.41
2026-01-15,15.84,-5.432835820895521,,,0.83,0.52,0.56
2026-01-16,15.86,0.12626262626262985,,,0.73,0.46,0.29
2026-01-19,18.84,18.789407313997476,,,,,
2026-01-20,20.09,6.634819532908698,,,0.9,0.52,0.46
2026-01-21,16.9,-15.87854654056745,,,0.85,0.46,0.41
2026-01-22,15.64,-7.455621301775139,,,0.76,0.41,0.38
2026-01-23,16.09,2.8772378516624064,,,0.88,0.58,0.34
2026-01-26,16.15,0.3729024238657397,,,0.96,0.56,0.52
2026-01-27,16.35,1.2383900928792713,,,0.76,0.54,0.29
2026-01-28,16.35,0.0,,,0.81,0.57,0.26
2026-01-29,16.88,3.241590214067269,,,0.84,0.52,0.4
2026-01-30,17.44,3.31753554502372,,,0.82,0.58,0.33
2026-02-02,16.34,-6.307339449541294,,,0.93,0.65,0.24
2026-02-03,18.0,10.159118727050176,,,0.84,0.53,0.51
2026-02-04,18.64,3.5555555555555562,,,1.0,0.63,0.52
2026-02-05,21.77,16.791845493562228,,,0.92,0.65,0.7
2026-02-06,17.76,-18.419843821773075,,,0.86,0.58,0.75
2026-02-09,17.36,-2.2522522522522626,,,0.88,0.6,0.65
2026-02-10,17.79,2.4769585253456183,,,0.97,0.78,0.57
2026-02-11,17.65,-0.786958965711082,,,1.01,0.67,0.38
2026-02-12,20.82,17.960339943342785,,,0.94,0.67,0.68
2026-02-13,20.6,-1.056676272814594,,,0.88,0.6,0.48
2026-02-16,21.2,2.9126213592232997,,,,,
2026-02-17,20.29,-4.292452830188676,,,0.98,0.83,0.36
2026-02-18,19.62,-3.302119270576631,,,1.01,0.69,0.26
2026-02-19,20.23,3.1090723751274085,,,0.87,0.64,0.36
2026-02-20,19.09,-5.635195254572423,,,0.9,0.65,0.41
2026-02-23,21.01,10.057621791513881,,,0.93,0.63,0.44
2026-02-24,19.55,-6.949071870537837,,,0.87,0.62,0.38
2026-02-25,17.93,-8.286445012787723,,,0.85,0.61,0.3
2026-02-26,18.63,3.904071388733965,,,0.85,0.59,0.28
2026-02-27,19.86,6.602254428341392,,,0.84,0.66,0.43
2026-03-02,21.44,7.955689828801615,,,0.94,0.67,0.48
2026-03-03,23.57,9.9347014925373,,,0.96,0.72,0.61
2026-03-04,21.15,-10.267288926601614,,,0.94,0.65,0.51
2026-03-05,23.75,12.293144208037843,,,0.9,0.6,0.79
2026-03-06,29.49,24.168421052631572,,,0.96,0.67,0.78
2026-03-09,25.5,-13.530010172939978,,,1.0,0.64,0.57
2026-03-10,24.93,-2.2352941176470575,,,0.94,0.57,0.63
2026-03-11,24.23,-2.807862013638185,,,1.05,0.8,0.45
2026-03-12,27.29,12.628972348328515,,,0.91,0.68,0.55
2026-03-13,27.19,-0.3664345914254241,,,0.9,0.58,0.39
2026-03-16,23.51,-13.534387642515632,,,1.05,0.76,0.32
2026-03-17,22.37,-4.849000425350914,,,1.0,0.86,0.46
2026-03-18,25.09,12.15914170764416,,,1.12,0.9,0.4
2026-03-19,24.06,-4.105221203666809,,,0.84,0.58,0.44
2026-03-20,26.78,11.305070656691619,,,1.01,0.81,0.51
2026-03-23,26.15,-2.352501867064982,,,0.99,0.57,0.72
2026-03-24,26.95,3.0592734225621365,,,0.89,0.58,0.37
2026-03-25,25.33,-6.011131725417441,,,0.99,0.56,0.59
2026-03-26,27.44,8.330043426766686,,,1.0,0.63,1.15
2026-03-27,31.05,13.155976676384839,,,0.96,0.56,0.81
2026-03-30,30.61,-1.4170692431561993,,,1.07,0.66,0.7
2026-03-31,25.25,-17.51061744527932,,,0.96,0.56,1.11
2026-04-01,24.54,-2.8118811881188144,,,1.03,0.63,0.48
2026-04-02,23.87,-2.730236348818249,,,1.05,0.59,0.52
2026-04-06,24.17,1.2568077084206042,,,1.02,0.68,0.4
2026-04-07,25.78,6.661150186181208,,,0.96,0.72,0.55
2026-04-08,21.04,-18.386346004654776,,,1.03,0.56,0.5
2026-04-09,19.49,-7.366920152091261,,,0.89,0.48,0.7
2026-04-10,19.23,-1.334017444843505,,,0.82,0.51,0.35
2026-04-13,19.12,-0.572022880915235,,,0.87,0.52,0.58
2026-04-14,18.36,-3.974895397489553,,,0.68,0.5,0.29
2026-04-15,18.17,-1.0348583877995532,,,0.78,0.47,0.58
2026-04-16,17.94,-1.2658227848101333,,,0.67,0.45,0.26
2026-04-17,17.48,-2.564102564102566,,,0.66,0.41,0.35
2026-04-20,18.87,7.951945080091538,,,0.91,0.54,0.84
2026-04-21,19.5,3.338632750397452,,,0.94,0.56,0.42
2026-04-22,18.92,-2.9743589743589705,,,0.86,0.48,0.66
2026-04-23,19.31,2.061310782240988,,,0.91,0.51,0.54
2026-04-24,18.71,-3.107198342827544,,,0.79,0.53,0.42
2026-04-27,18.02,-3.6878674505611997,,,0.86,0.5,0.61
2026-04-28,17.83,-1.0543840177580588,,,0.83,0.52,0.6
2026-04-29,18.81,5.496354458777342,,,0.93,0.52,0.18
2026-04-30,16.89,-10.207336523125987,,,0.78,0.46,0.44
2026-05-01,16.99,0.5920663114268754,,,0.76,0.46,0.28
2026-05-04,18.29,7.651559741024139,,,0.87,0.54,0.16
2026-05-05,17.38,-4.975396391470754,,,0.84,0.57,0.47
2026-05-06,17.39,0.05753739930955959,,,0.67,0.51,0.37
2026-05-07,17.08,-1.782633697527325,,,0.8,0.46,0.48
2026-05-08,17.19,0.6440281030445139,,,0.74,0.53,0.36
2026-05-11,18.38,6.922629435718419,,,0.74,0.43,0.65
2026-05-12,17.99,-2.121871599564751,,,0.84,0.49,0.68
2026-05-13,17.87,-0.6670372429127158,,,0.73,0.5,0.3
2026-05-14,17.26,-3.4135422495803036,,,0.67,0.51,0.7
2026-05-15,18.43,6.778679026651213,,,0.93,0.59,0.37
2026-05-18,17.82,-3.309820944112851,,,0.82,0.51,0.49
2026-05-19,18.06,1.3468013468013407,,,0.84,0.56,0.18
2026-05-20,17.44,-3.4330011074196976,,,0.75,0.49,0.19
2026-05-21,16.76,-3.8990825688073327,,,0.83,0.49,0.5
2026-05-22,16.7,-0.35799522673032325,,,0.85,0.55,0.75
2026-05-25,16.59,-0.6586826347305341,,,,,
2026-05-26,17.01,2.5316455696202667,,,0.82,0.47,0.51
2026-05-27,16.29,-4.232804232804243,,,0.83,0.43,0.28
2026-05-28,15.74,-3.3763044812768483,,,0.74,0.39,0.61
2026-05-29,15.32,-2.668360864040664,,,0.64,0.42,0.34
2026-06-01,16.05,4.7650130548302805,,,0.77,0.44,0.51
2026-06-02,15.77,-1.7445482866043638,,,0.73,0.43,0.34
2026-06-03,16.06,1.8389346861128697,,,0.83,0.49,0.29
2026-06-04,15.4,-4.109589041095885,,,0.77,0.44,0.82
2026-06-05,21.51,39.67532467532469,,,0.97,0.67,0.43
2026-06-08,18.92,-12.04091120409112,,,0.96,0.52,0.73
2026-06-09,19.87,5.0211416490486105,,,0.96,0.62,0.37
2026-06-10,22.22,11.826874685455447,,,0.97,0.66,0.4
2026-06-11,19.44,-12.5112511251125,,,0.86,0.56,0.43
2026-06-12,17.68,-9.053497942386834,,,0.76,0.54,0.67
2026-06-15,16.2,-8.371040723981904,,,0.89,0.54,1.28
2026-06-16,16.41,1.2962962962963065,,,0.84,0.59,0.24
2026-06-17,18.44,12.370505789152952,,,0.86,0.59,0.32
2026-06-18,16.4,-11.062906724511945,,,0.91,0.58,0.2
2026-06-19,16.78,2.3170731707317316,,,,,
2026-06-22,17.28,2.979737783075098,,,0.92,0.6,0.23
2026-06-23,19.49,12.789351851851837,,,0.92,0.56,0.41
2026-06-24,18.63,-4.412519240636225,,,1.02,0.61,0.82
2026-06-25,18.89,1.3955984970477786,,,0.99,0.67,0.57
2026-06-26,18.41,-2.541026998411855,,,1.12,0.85,0.73
2026-06-29,17.65,-4.12819120043455,,,0.95,0.59,1.4
2026-06-30,16.45,-6.798866855524077,,,0.88,0.64,0.61
2026-07-01,16.59,0.8510638297872353,,,0.9,0.69,0.33
2026-07-02,16.15,-2.65220012055456,,,0.79,0.53,0.38
2026-07-03,15.81,-2.105263157894721,,,,,
2026-07-06,15.57,-1.5180265654648917,,,0.9,0.62,0.43
2026-07-07,16.13,3.596660244059069,,,0.9,0.69,0.21
2026-07-08,16.9,4.773713577185368,,,1.03,0.86,0.51
2026-07-09,15.84,-6.2721893491124225,,,0.86,0.57,0.51
2026-07-10,15.03,-5.113636363636365,,,0.81,0.55,0.44
2026-07-13,17.16,14.171656686626743,,,0.96,0.67,0.49
2026-07-14,16.5,-3.8461538461538436,,,0.93,0.62,0.32
2026-07-15,15.67,-5.030303030303029,,,0.93,0.69,0.35
2026-07-16,16.73,6.76451818761965,,,0.87,0.67,0.25
2026-07-17,18.77,12.193664076509258,,,0.97,0.73,0.36
2026-07-20,18.65,-0.6393180607352167,,,1.0,0.66,0.63
2026-07-21,17.05,-8.579088471849861,,,0.92,0.65,0.51
2026-07-22,16.64,-2.404692082111437,,,1.01,0.67,0.71
2026-07-23,18.7,12.379807692307686,,,0.88,0.61,0.29
2026-07-24,18.58,-0.6417112299465288,,,0.99,0.79,0.42
2026-07-27,18.67,0.4843918191604013,,,0.94,0.66,0.5
2026-07-28,18.21,-2.463845741831816,,,0.96,0.71,0.86
2026-07-29,20.66,13.454146073585926,,,1.05,0.61,0.67
2026-07-30,17.09,-17.279767666989354,,,0.91,0.61,0.35
2026-07-31,15.99,-6.4365125804564105,,,0.91,0.63,0.35
2026-08-03,15.86,-0.8130081300813052,,,0.8,0.55,0.67
2026-08-04,16.5,4.035308953341743,,,0.69,0.46,0.33
2026-08-05,15.81,-4.181818181818175,,,0.88,0.6,0.39
2026-08-06,15.15,-4.174573055028463,,,0.86,0.57,0.44
2026-08-07,14.9,-1.650165016501648,,,0.76,0.54,0.29
2026-08-10,15.46,3.7583892617449655,,,0.86,0.61,0.34
2026-08-11,15.28,-1.1642949547218673,,,0.81,0.63,0.2
2026-08-12,14.55,-4.777486910994755,,,0.84,0.61,0.53
2026-08-13,14.63,0.5498281786941561,,,0.79,0.59,0.61
2026-08-14,14.25,-2.5974025974025983,,,,,
2026-08-17,15.19,6.596491228070178,,,0.92,0.65,0.42
2026-08-18,15.84,4.279131007241599,,,0.95,0.64,0.44
2026-08-19,14.89,-5.99747474747474,,,0.8,0.52,0.3
2026-08-20,16.01,7.5218267293485574,,,0.78,0.58,0.2
2026-08-21,15.13,-5.496564647095569,,,0.72,0.51,0.21
2026-08-24,15.85,4.758757435558492,,,0.91,0.68,0.27
2026-08-25,15.45,-2.5236593059936974,,,0.83,0.57,0.43
2026-08-26,15.21,-1.5533980582524198,,,0.87,0.64,0.34
2026-08-27,14.51,-4.602235371466145,,,0.73,0.39,0.42
2026-08-28,14.43,-0.5513439007580945,,,0.84,0.62,0.25
2026-08-31,14.92,3.3957033957033866,,,0.84,0.7,0.25
2026-09-01,16.34,9.51742627345844,,,0.95,0.67,0.34
2026-09-02,15.2,-6.976744186046513,,,0.84,0.56,0.33
2026-09-03,14.32,-5.789473684210522,,,0.76,0.47,0.48
2026-09-04,14.53,1.4664804469273651,,,0.76,0.58,0.21
2026-09-07,15.3,5.299380591878888,,,,,
2026-09-08,15.72,2.7450980392156765,,,0.8,0.48,0.3
2026-09-09,16.46,4.707379134860057,,,0.88,0.67,0.35
2026-09-10,17.84,8.383961117861482,,,0.83,0.6,0.26
2026-09-11,15.84,-11.210762331838565,,,,,
2026-09-14,17.1,7.954545454545459,,,0.91,0.67,0.39
2026-09-15,17.2,0.5847953216374213,,,0.86,0.56,0.33
2026-09-16,17.71,2.9651162790697683,,,0.98,0.69,0.4
2026-09-17,15.44,-12.817617165443263,,,0.79,0.52,0.5
2026-09-18,14.81,-4.080310880829008,,,0.81,0.58,0.21
2026-09-21,14.87,0.4051316677920136,,,0.74,0.53,0.59
2026-09-22,14.21,-4.438466711499656,,,0.78,0.47,0.47
2026-09-23,15.18,6.826178747361,,,0.86,0.46,0.36
2026-09-24,15.67,3.22793148880105,,,0.8,0.55,0.38
2026-09-25,14.87,-5.105296745373334,,,0.75,0.52,0.29
2026-09-28,16.07,8.069939475453936,,,0.88,0.58,0.48
2026-09-29,16.04,-0.18668326073429942,,,0.76,0.38,0.41
2026-09-30,16.34,1.8703241895261957,,,0.88,0.53,0.56
2026-10-01,16.39,0.3059975520195879,,,0.9,0.57,0.57
2026-10-02,15.31,-6.589383770591828,0.00427711234161,0.00616965130087,0.78,0.58,0.14
2026-10-05,15.52,1.3716525146962644,,,0.83,0.59,0.31
2026-10-06,15.01,-3.2860824742268036,0.00278360653836,0.00441965427162,0.82,0.57,0.22
2026-10-07,15.08,0.4663557628247883,0.00686385356368,0.01,0.87,0.63,0.39
