date,symbol,score,price
2024-04-23,TQQQ,-15.0,26.062
2024-04-23,UPRO,-5.0,61.667
2024-04-23,YINN,-28.0,19.972
2024-04-24,TQQQ,1.0,26.317
2024-04-24,UPRO,6.0,61.618
2024-04-24,YINN,-21.0,20.95
2024-04-25,TQQQ,3.0,25.895
2024-04-25,UPRO,7.0,60.785
2024-04-25,YINN,-14.0,21.426
2024-04-26,TQQQ,12.0,27.086
2024-04-26,UPRO,10.0,62.54
2024-04-26,YINN,3.0,22.512
2024-04-29,TQQQ,14.0,27.409
2024-04-29,UPRO,14.0,63.147
2024-04-29,YINN,11.0,23.055
2024-04-30,TQQQ,11.0,25.839
2024-04-30,UPRO,11.0,60.168
2024-04-30,YINN,5.0,21.552
2024-05-01,TQQQ,-4.0,25.283
2024-05-01,UPRO,1.0,59.482
2024-05-01,YINN,4.0,21.978
2024-05-02,TQQQ,-8.0,26.219
2024-05-02,UPRO,-3.0,61.119
2024-05-02,YINN,22.0,25.596
2024-05-03,TQQQ,21.0,27.782
2024-05-03,UPRO,20.0,63.392
2024-05-03,YINN,27.0,26.236
2024-05-06,TQQQ,23.0,28.693
2024-05-06,UPRO,22.0,65.352
2024-05-06,YINN,34.0,26.091
2024-05-07,TQQQ,26.0,28.693
2024-05-07,UPRO,26.0,65.548
2024-05-07,YINN,33.0,25.092
2024-05-08,TQQQ,23.0,28.639
2024-05-08,UPRO,22.0,65.519
2024-05-08,YINN,21.0,24.723
2024-05-09,TQQQ,32.0,28.796
2024-05-09,UPRO,31.0,66.577
2024-05-09,YINN,40.0,26.295
2024-05-10,TQQQ,42.0,28.992
2024-05-10,UPRO,41.0,66.861
2024-05-10,YINN,47.0,27.352
2024-05-13,TQQQ,44.0,29.183
2024-05-13,UPRO,43.0,66.822
2024-05-13,YINN,50.0,29.098
2024-05-14,TQQQ,48.0,29.727
2024-05-14,UPRO,46.0,67.723
2024-05-14,YINN,46.0,28.041
2024-05-15,TQQQ,60.0,31.099
2024-05-15,UPRO,57.0,70.203
2024-05-15,YINN,48.0,28.943
2024-05-16,TQQQ,65.0,30.908
2024-05-16,UPRO,62.0,69.732
2024-05-16,YINN,56.0,31.464
2024-05-17,TQQQ,64.0,30.839
2024-05-17,UPRO,62.0,70.007
2024-05-17,YINN,65.0,32.017
2024-05-20,TQQQ,67.0,31.476
2024-05-20,UPRO,65.0,70.212
2024-05-20,YINN,66.0,30.97
2024-05-21,TQQQ,67.0,31.638
2024-05-21,UPRO,64.0,70.693
2024-05-21,YINN,50.0,29.602
2024-05-22,TQQQ,62.0,31.618
2024-05-22,UPRO,59.0,70.046
2024-05-22,YINN,42.0,28.361
2024-05-23,TQQQ,60.0,31.148
2024-05-23,UPRO,56.0,68.419
2024-05-23,YINN,24.0,26.644
2024-05-24,TQQQ,56.0,32.02
2024-05-24,UPRO,52.0,69.781
2024-05-24,YINN,-4.0,26.498
2024-05-28,TQQQ,55.0,32.368
2024-05-28,UPRO,50.0,69.909
2024-05-28,YINN,-3.0,26.382
2024-05-29,TQQQ,47.0,31.692
2024-05-29,UPRO,43.0,68.4
2024-05-29,YINN,-15.0,25.189
2024-05-30,TQQQ,43.0,30.673
2024-05-30,UPRO,26.0,66.998
2024-05-30,YINN,-18.0,25.208
2024-05-31,TQQQ,16.0,30.638
2024-05-31,UPRO,16.0,68.762
2024-05-31,YINN,-33.0,23.812
2024-06-03,TQQQ,46.0,30.937
2024-06-03,UPRO,32.0,68.929
2024-06-03,YINN,-29.0,24.103
2024-06-04,TQQQ,34.0,31.167
2024-06-04,UPRO,17.0,69.105
2024-06-04,YINN,-24.0,24.636
2024-06-05,TQQQ,43.0,33.049
2024-06-05,UPRO,28.0,71.555
2024-06-05,YINN,-24.0,25.228
2024-06-06,TQQQ,45.0,33.01
2024-06-06,UPRO,29.0,71.526
2024-06-06,YINN,-26.0,25.218
2024-06-07,TQQQ,46.0,32.887
2024-06-07,UPRO,31.0,71.183
2024-06-07,YINN,-34.0,23.433
2024-06-10,TQQQ,47.0,33.235
2024-06-10,UPRO,33.0,71.829
2024-06-10,YINN,-34.0,23.928
2024-06-11,TQQQ,47.0,33.921
2024-06-11,UPRO,31.0,72.319
2024-06-11,YINN,-43.0,23.385
2024-06-12,TQQQ,55.0,35.259
2024-06-12,UPRO,38.0,74.083
2024-06-12,YINN,-37.0,23.201
2024-06-13,TQQQ,51.0,35.822
2024-06-13,UPRO,34.0,74.544
2024-06-13,YINN,-44.0,23.152
2024-06-14,TQQQ,48.0,36.342
2024-06-14,UPRO,30.0,74.554
2024-06-14,YINN,-47.0,22.551
2024-06-17,SOXL,52.0,61.803
2024-06-17,TQQQ,49.0,37.66
2024-06-17,UPRO,31.0,76.308
2024-06-17,YINN,-43.0,23.385
2024-06-18,SOXL,60.0,64.338
2024-06-18,TQQQ,53.0,37.679
2024-06-18,UPRO,36.0,76.866
2024-06-18,YINN,-39.0,23.53
2024-06-19,SOXL,61.0,65.24
2024-06-19,TQQQ,54.0,76.9
2024-06-19,UPRO,37.0,78.44
2024-06-19,YINN,-39.0,24.26
2024-06-20,SOXL,61.0,59.19
2024-06-20,TQQQ,55.0,36.792
2024-06-20,UPRO,39.0,76.19
2024-06-20,YINN,-33.0,24.306
2024-06-21,SOXL,47.0,57.395
2024-06-21,TQQQ,49.0,36.454
2024-06-21,UPRO,36.0,75.651
2024-06-21,YINN,-43.0,23.133
2024-06-24,GDXU,-16.0,34.51
2024-06-24,SOXL,42.0,52.484
2024-06-24,TQQQ,47.0,35.22
2024-06-24,UPRO,38.0,74.888
2024-06-24,YINN,-41.0,23.609
2024-06-25,GDXU,-27.0,33.21
2024-06-25,SOXL,17.0,54.689
2024-06-25,TQQQ,44.0,36.396
2024-06-25,UPRO,33.0,75.719
2024-06-25,YINN,-53.0,23.125
2024-06-26,GDXU,-28.0,33.01
2024-06-26,SOXL,16.0,54.175
2024-06-26,TQQQ,44.0,36.623
2024-06-26,UPRO,34.0,76.026
2024-06-26,YINN,-46.0,23.106
2024-06-27,GDXU,-11.0,34.31
2024-06-27,SOXL,20.0,53.205
2024-06-27,TQQQ,50.0,36.889
2024-06-27,UPRO,41.0,76.311
2024-06-27,YINN,-61.0,21.491
2024-06-28,GDXU,-15.0,33.54
2024-06-28,SOXL,30.0,54.748
2024-06-28,TQQQ,53.0,36.225
2024-06-28,UPRO,43.0,75.35
2024-06-28,YINN,-54.0,21.617
2024-07-01,GDXU,-17.0,33.16
2024-07-01,SOXL,24.0,54.748
2024-07-01,TQQQ,51.0,36.819
2024-07-01,UPRO,43.0,75.781
2024-07-01,YINN,-49.0,21.907
2024-07-02,GDXU,-16.0,33.49
2024-07-02,SOXL,28.0,56.963
2024-07-02,TQQQ,54.0,37.947
2024-07-02,UPRO,46.0,77.262
2024-07-02,YINN,-47.0,22.787
2024-07-03,GDXU,28.0,37.25
2024-07-03,SOXL,36.0,59.723
2024-07-03,TQQQ,57.0,38.88
2024-07-03,UPRO,48.0,78.233
2024-07-03,YINN,-19.0,23.957
2024-07-04,GDXU,18.0,37.16
2024-07-04,SOXL,30.0,60.47
2024-07-04,TQQQ,51.0,79.23
2024-07-04,UPRO,42.0,79.65
2024-07-04,YINN,-23.0,24.6
2024-07-05,GDXU,55.0,40.5
2024-07-05,SOXL,58.0,60.138
2024-07-05,TQQQ,64.0,40.057
2024-07-05,UPRO,58.0,79.547
2024-07-05,YINN,-55.0,22.777
2024-07-08,GDXU,44.0,39.94
2024-07-08,SOXL,60.0,63.599
2024-07-08,TQQQ,63.0,40.322
2024-07-08,UPRO,57.0,79.792
2024-07-08,YINN,-62.0,22.158
2024-07-09,GDXU,45.0,39.75
2024-07-09,SOXL,60.0,63.54
2024-07-09,TQQQ,63.0,40.411
2024-07-09,UPRO,58.0,79.988
2024-07-09,YINN,-52.0,22.835
2024-07-10,GDXU,62.0,43.3
2024-07-10,SOXL,68.0,67.832
2024-07-10,TQQQ,67.0,41.677
2024-07-10,UPRO,63.0,82.292
2024-07-10,YINN,-52.0,22.564
2024-07-11,GDXU,57.0,46.81
2024-07-11,SOXL,52.0,61.305
2024-07-11,TQQQ,54.0,38.938
2024-07-11,UPRO,53.0,80.174
2024-07-11,YINN,-16.0,24.015
2024-07-12,GDXU,67.0,46.79
2024-07-12,SOXL,68.0,63.233
2024-07-12,TQQQ,67.0,39.572
2024-07-12,UPRO,66.0,81.606
2024-07-12,YINN,-10.0,24.633
2024-07-15,GDXU,86.0,46.15
2024-07-15,SOXL,73.0,63.431
2024-07-15,TQQQ,71.0,39.866
2024-07-15,UPRO,72.0,82.273
2024-07-15,YINN,-19.0,23.019
2024-07-16,GDXU,87.0,50.79
2024-07-16,SOXL,70.0,64.578
2024-07-16,TQQQ,70.0,39.895
2024-07-16,UPRO,72.0,83.714
2024-07-16,YINN,-42.0,23.048
2024-07-17,GDXU,87.0,47.6
2024-07-17,SOXL,31.0,50.98
2024-07-17,TQQQ,34.0,36.387
2024-07-17,UPRO,61.0,80.145
2024-07-17,YINN,-46.0,22.052
2024-07-18,GDXU,84.0,44.54
2024-07-18,SOXL,2.0,51.089
2024-07-18,TQQQ,23.0,35.842
2024-07-18,UPRO,30.0,78.242
2024-07-18,YINN,-50.0,21.501
2024-07-19,GDXU,78.0,43.07
2024-07-19,SOXL,-7.0,46.481
2024-07-19,TQQQ,20.0,34.87
2024-07-19,UPRO,27.0,76.595
2024-07-19,YINN,-52.0,20.931
2024-07-22,GDXU,74.0,43.27
2024-07-22,SOXL,3.0,52.345
2024-07-22,TQQQ,24.0,36.392
2024-07-22,UPRO,30.0,78.978
2024-07-22,YINN,-49.0,22.265
2024-07-23,GDXU,74.0,43.17
2024-07-23,SOXL,12.0,49.972
2024-07-23,TQQQ,33.0,35.999
2024-07-23,UPRO,60.0,78.566
2024-07-23,YINN,-63.0,21.279
2024-07-24,GDXU,80.0,42.05
2024-07-24,SOXL,-23.0,42.426
2024-07-24,TQQQ,0.0,32.118
2024-07-24,UPRO,18.0,73.192
2024-07-24,YINN,-66.0,20.553
2024-07-25,GDXU,18.0,38.37
2024-07-25,SOXL,-40.0,39.34
2024-07-25,TQQQ,-13.0,31.048
2024-07-25,UPRO,11.0,71.996
2024-07-25,YINN,-72.0,19.848
2024-07-26,GDXU,22.0,39.37
2024-07-26,SOXL,-36.0,41.457
2024-07-26,TQQQ,-9.0,31.936
2024-07-26,UPRO,15.0,74.369
2024-07-26,YINN,-70.0,20.147
2024-07-29,GDXU,8.0,39.53
2024-07-29,SOXL,-35.0,41.348
2024-07-29,TQQQ,-9.0,32.122
2024-07-29,UPRO,13.0,74.438
2024-07-29,YINN,-67.0,20.205
2024-07-30,GDXU,19.0,40.72
2024-07-30,SOXL,-44.0,36.828
2024-07-30,TQQQ,-21.0,30.812
2024-07-30,UPRO,8.0,73.29
2024-07-30,YINN,-74.0,19.596
2024-07-31,GDXU,72.0,43.91
2024-07-31,SOXL,-24.0,43.899
2024-07-31,TQQQ,12.0,33.506
2024-07-31,UPRO,27.0,76.713
2024-07-31,YINN,-55.0,20.437
2024-08-01,GDXU,37.0,41.33
2024-08-01,SOXL,-46.0,34.613
2024-08-01,TQQQ,-12.0,31.092
2024-08-01,UPRO,10.0,73.555
2024-08-01,YINN,-61.0,19.577
2024-08-02,GDXU,2.0,38.47
2024-08-02,SOXL,-84.0,29.016
2024-08-02,TQQQ,-54.0,28.825
2024-08-02,UPRO,-23.0,69.397
2024-08-02,YINN,-68.0,19.258
2024-08-05,GDXU,-23.0,34.73
2024-08-05,SOXL,-91.0,27.582
2024-08-05,TQQQ,-66.0,26.312
2024-08-05,UPRO,-41.0,63.278
2024-08-05,YINN,-74.0,18.949
2024-08-06,GDXU,-18.0,35.23
2024-08-06,SOXL,-90.0,28.264
2024-08-06,TQQQ,-60.0,26.97
2024-08-06,UPRO,-35.0,65.014
2024-08-06,YINN,-74.0,18.369
2024-08-07,GDXU,-11.0,32.5
2024-08-07,SOXL,-87.0,25.93
2024-08-07,TQQQ,-58.0,26.101
2024-08-07,UPRO,-28.0,63.651
2024-08-07,YINN,-70.0,18.543
2024-08-08,GDXU,-24.0,34.93
2024-08-08,SOXL,-88.0,31.112
2024-08-08,TQQQ,-57.0,28.491
2024-08-08,UPRO,-31.0,68.044
2024-08-08,YINN,-63.0,19.828
2024-08-09,GDXU,-14.0,35.83
2024-08-09,SOXL,-88.0,30.667
2024-08-09,TQQQ,-54.0,28.879
2024-08-09,UPRO,-26.0,68.878
2024-08-09,YINN,-62.0,19.722
2024-08-12,GDXU,8.0,39.12
2024-08-12,SOXL,-86.0,31.063
2024-08-12,TQQQ,-47.0,29.075
2024-08-12,UPRO,-23.0,68.956
2024-08-12,YINN,-33.0,20.186
2024-08-13,GDXU,56.0,40.79
2024-08-13,SOXL,-71.0,34.89
2024-08-13,TQQQ,-34.0,31.19
2024-08-13,UPRO,-15.0,72.339
2024-08-13,YINN,-31.0,20.563
2024-08-14,GDXU,24.0,39.95
2024-08-14,SOXL,-63.0,34.663
2024-08-14,TQQQ,-6.0,31.244
2024-08-14,UPRO,11.0,73.035
2024-08-14,YINN,-60.0,19.403
2024-08-15,GDXU,61.0,40.54
2024-08-15,SOXL,-15.0,39.479
2024-08-15,TQQQ,16.0,33.595
2024-08-15,UPRO,23.0,76.742
2024-08-15,YINN,-25.0,20.534
2024-08-16,CONL,-75.0,35.22
2024-08-16,GDXU,77.0,44.44
2024-08-16,SOXL,-13.0,39.291
2024-08-16,TQQQ,20.0,33.683
2024-08-16,UPRO,26.0,77.144
2024-08-16,YINN,-13.0,21.791
2024-08-19,CONL,-69.0,34.93
2024-08-19,GDXU,84.0,47.05
2024-08-19,SOXL,-11.0,41.14
2024-08-19,TQQQ,20.0,34.988
2024-08-19,UPRO,27.0,79.36
2024-08-19,YINN,-12.0,22.419
2024-08-20,CONL,-65.0,32.51
2024-08-20,GDXU,90.0,47.95
2024-08-20,SOXL,7.0,39.647
2024-08-20,TQQQ,42.0,34.772
2024-08-20,UPRO,41.0,78.929
2024-08-20,YINN,-21.0,20.902
2024-08-21,CONL,-50.0,35.37
2024-08-21,GDXU,91.0,49.07
2024-08-21,SOXL,16.0,41.269
2024-08-21,TQQQ,46.0,35.248
2024-08-21,UPRO,46.0,79.782
2024-08-21,YINN,-16.0,21.53
2024-08-22,CONL,-42.0,32.74
2024-08-22,GDXU,84.0,45.21
2024-08-22,SOXL,17.0,37.095
2024-08-22,TQQQ,49.0,33.555
2024-08-22,UPRO,48.0,77.84
2024-08-22,YINN,-25.0,21.008
2024-08-23,CONL,-10.0,36.92
2024-08-23,GDXU,88.0,47.22
2024-08-23,SOXL,16.0,39.954
2024-08-23,TQQQ,45.0,34.61
2024-08-23,UPRO,50.0,80.223
2024-08-23,YINN,-14.0,22.081
2024-08-26,CONL,-4.0,34.39
2024-08-26,GDXU,84.0,46.64
2024-08-26,SOXL,6.0,36.957
2024-08-26,TQQQ,40.0,33.595
2024-08-26,UPRO,51.0,79.596
2024-08-26,YINN,-14.0,21.472
2024-08-27,CONL,-47.0,32.42
2024-08-27,GDXU,82.0,46.37
2024-08-27,SOXL,6.0,38.065
2024-08-27,TQQQ,40.0,33.879
2024-08-27,UPRO,48.0,79.929
2024-08-27,YINN,-11.0,22.129
2024-08-28,CONL,-54.0,29.8
2024-08-28,GDXU,75.0,43.28
2024-08-28,SOXL,0.0,36.196
2024-08-28,TQQQ,32.0,32.731
2024-08-28,UPRO,46.0,78.517
2024-08-28,YINN,-23.0,21.076
2024-08-29,CONL,-33.0,29.16
2024-08-29,GDXU,79.0,44.82
2024-08-29,SOXL,23.0,35.79
2024-08-29,TQQQ,53.0,32.559
2024-08-29,UPRO,61.0,78.478
2024-08-29,YINN,-20.0,21.569
2024-08-30,CONL,-54.0,27.52
2024-08-30,GDXU,77.0,43.79
2024-08-30,SOXL,15.0,38.361
2024-08-30,TQQQ,45.0,33.668
2024-08-30,UPRO,56.0,80.606
2024-08-30,YINN,-16.0,21.83
2024-09-03,CONL,-45.0,23.34
2024-09-03,GDXU,10.0,38.53
2024-09-03,SOXL,-22.0,29.738
2024-09-03,TQQQ,22.0,30.596
2024-09-03,UPRO,63.0,75.644
2024-09-03,YINN,-30.0,20.669
2024-09-04,CONL,-62.0,21.68
2024-09-04,GDXU,10.0,37.6
2024-09-04,SOXL,-47.0,29.965
2024-09-04,TQQQ,-1.0,30.336
2024-09-04,UPRO,24.0,75.085
2024-09-04,YINN,-54.0,20.669
2024-09-05,CONL,-71.0,20.73
2024-09-05,GDXU,16.0,38.95
2024-09-05,SOXL,-58.0,29.421
2024-09-05,TQQQ,-14.0,30.434
2024-09-05,UPRO,13.0,74.536
2024-09-05,YINN,-54.0,20.331
2024-09-06,CONL,-81.0,17.49
2024-09-06,GDXU,-3.0,35.56
2024-09-06,SOXL,-75.0,25.673
2024-09-06,TQQQ,-38.0,27.966
2024-09-06,UPRO,-2.0,70.721
2024-09-06,YINN,-66.0,19.538
2024-09-09,CONL,-79.0,19.31
2024-09-09,GDXU,-10.0,36.78
2024-09-09,SOXL,-72.0,27.127
2024-09-09,TQQQ,-31.0,29.006
2024-09-09,UPRO,4.0,73.035
2024-09-09,YINN,-68.0,19.577
2024-09-10,CONL,-84.0,20.22
2024-09-10,GDXU,-7.0,38.36
2024-09-10,SOXL,-77.0,28.037
2024-09-10,TQQQ,-34.0,29.787
2024-09-10,UPRO,-1.0,73.967
2024-09-10,YINN,-72.0,19.384
2024-09-11,CONL,-86.0,19.87
2024-09-11,GDXU,-1.0,39.16
2024-09-11,SOXL,-76.0,31.864
2024-09-11,TQQQ,-33.0,31.686
2024-09-11,UPRO,-4.0,76.193
2024-09-11,YINN,-64.0,19.954
2024-09-12,CONL,-80.0,21.24
2024-09-12,GDXU,74.0,45.24
2024-09-12,SOXL,-57.0,31.458
2024-09-12,TQQQ,-8.0,32.623
2024-09-12,UPRO,7.0,78.115
2024-09-12,YINN,-64.0,19.944
2024-09-13,CONL,-70.0,21.25
2024-09-13,GDXU,82.0,48.47
2024-09-13,SOXL,-37.0,33.061
2024-09-13,TQQQ,33.0,33.05
2024-09-13,UPRO,43.0,79.262
2024-09-13,YINN,-60.0,20.263
2024-09-16,CONL,-71.0,20.83
2024-09-16,GDXU,79.0,48.04
2024-09-16,SOXL,-46.0,31.805
2024-09-16,TQQQ,5.0,32.608
2024-09-16,UPRO,41.0,79.635
2024-09-16,YINN,-55.0,20.573
2024-09-17,CONL,-61.0,21.1
2024-09-17,GDXU,80.0,46.5
2024-09-17,SOXL,-25.0,31.805
2024-09-17,TQQQ,41.0,32.628
2024-09-17,UPRO,54.0,79.704
2024-09-17,YINN,-24.0,21.385
2024-09-18,CONL,-62.0,21.1
2024-09-18,GDXU,79.0,44.71
2024-09-18,SOXL,-34.0,30.796
2024-09-18,TQQQ,37.0,32.201
2024-09-18,UPRO,52.0,78.939
2024-09-18,YINN,-30.0,21.076
2024-09-19,CONL,-34.0,22.56
2024-09-19,GDXU,81.0,47.11
2024-09-19,SOXL,22.0,34.732
2024-09-19,TQQQ,71.0,34.635
2024-09-19,UPRO,70.0,82.949
2024-09-19,YINN,-8.0,23.27
2024-09-20,CONL,-43.0,23.01
2024-09-20,GDXU,86.0,49.92
2024-09-20,SOXL,-16.0,33.179
2024-09-20,TQQQ,59.0,34.414
2024-09-20,UPRO,63.0,82.39
2024-09-20,YINN,-3.0,23.26
2024-09-23,CONL,-7.0,23.06
2024-09-23,GDXU,92.0,48.95
2024-09-23,SOXL,14.0,33.523
2024-09-23,TQQQ,70.0,34.602
2024-09-23,UPRO,70.0,82.882
2024-09-23,YINN,11.0,24.129
2024-09-24,CONL,-32.0,23.42
2024-09-24,GDXU,93.0,53.39
2024-09-24,SOXL,24.0,34.721
2024-09-24,TQQQ,73.0,35.092
2024-09-24,UPRO,70.0,83.587
2024-09-24,YINN,55.0,31.157
2024-09-25,CONL,-4.0,22.18
2024-09-25,GDXU,93.0,52.39
2024-09-25,SOXL,27.0,35.384
2024-09-25,TQQQ,74.0,35.215
2024-09-25,UPRO,73.0,82.978
2024-09-25,YINN,62.0,28.672
2024-09-26,CONL,19.0,25.57
2024-09-26,GDXU,95.0,54.0
2024-09-26,SOXL,49.0,39.255
2024-09-26,TQQQ,81.0,35.962
2024-09-26,UPRO,79.0,83.979
2024-09-26,YINN,88.0,35.425
2024-09-27,CONL,16.0,28.75
2024-09-27,GDXU,87.0,48.98
2024-09-27,SOXL,42.0,37.285
2024-09-27,TQQQ,76.0,35.343
2024-09-27,UPRO,75.0,83.508
2024-09-27,YINN,93.0,36.354
2024-09-30,CONL,22.0,24.84
2024-09-30,GDXU,78.0,46.78
2024-09-30,SOXL,40.0,36.315
2024-09-30,TQQQ,82.0,35.618
2024-09-30,UPRO,81.0,84.588
2024-09-30,YINN,93.0,35.026
2024-10-01,CONL,-25.0,21.15
2024-10-01,GDXU,81.0,49.14
2024-10-01,SOXL,19.0,33.493
2024-10-01,TQQQ,65.0,34.11
2024-10-01,UPRO,73.0,82.242
2024-10-01,YINN,93.0,39.313
2024-10-02,CONL,-23.0,20.98
2024-10-02,GDXU,79.0,48.69
2024-10-02,SOXL,30.0,34.612
2024-10-02,TQQQ,68.0,34.237
2024-10-02,UPRO,72.0,82.252
2024-10-02,YINN,93.0,47.887
2024-10-03,CONL,-31.0,20.64
2024-10-03,GDXU,51.0,46.25
2024-10-03,SOXL,25.0,34.859
2024-10-03,TQQQ,65.0,34.159
2024-10-03,UPRO,69.0,81.791
2024-10-03,YINN,93.0,44.331
2024-10-04,CONL,-23.0,22.53
2024-10-04,GDXU,54.0,45.85
2024-10-04,SOXL,34.0,36.315
2024-10-04,TQQQ,75.0,35.362
2024-10-04,UPRO,75.0,83.93
2024-10-04,YINN,93.0,49.158
2024-10-07,CONL,-25.0,22.0
2024-10-07,GDXU,32.0,44.03
2024-10-07,SOXL,35.0,36.047
2024-10-07,TQQQ,76.0,34.198
2024-10-07,UPRO,77.0,81.673
2024-10-07,YINN,93.0,55.551
2024-10-08,CONL,-54.0,21.7
2024-10-08,GDXU,15.0,43.65
2024-10-08,SOXL,36.0,37.087
2024-10-08,TQQQ,76.0,35.682
2024-10-08,UPRO,75.0,83.94
2024-10-08,YINN,92.0,38.659
2024-10-09,CONL,-26.0,21.51
2024-10-09,GDXU,17.0,42.94
2024-10-09,SOXL,42.0,38.225
2024-10-09,TQQQ,78.0,36.542
2024-10-09,UPRO,77.0,85.648
2024-10-09,YINN,47.0,36.791
2024-10-10,CONL,-70.0,20.78
2024-10-10,GDXU,35.0,46.76
2024-10-10,SOXL,38.0,37.453
2024-10-10,TQQQ,76.0,36.414
2024-10-10,UPRO,75.0,85.177
2024-10-10,YINN,49.0,38.061
2024-10-11,CONL,9.0,23.8
2024-10-11,GDXU,71.0,47.38
2024-10-11,SOXL,43.0,38.285
2024-10-11,TQQQ,79.0,36.507
2024-10-11,UPRO,79.0,86.58
2024-10-11,YINN,37.0,38.64
2024-10-14,CONL,-7.0,29.2
2024-10-14,GDXU,47.0,47.66
2024-10-14,SOXL,49.0,40.413
2024-10-14,TQQQ,81.0,37.441
2024-10-14,UPRO,82.0,88.71
2024-10-14,YINN,34.0,36.25
2024-10-15,CONL,14.0,29.17
2024-10-15,GDXU,72.0,49.53
2024-10-15,SOXL,7.0,34.127
2024-10-15,TQQQ,77.0,35.947
2024-10-15,UPRO,79.0,86.649
2024-10-15,YINN,-11.0,30.521
2024-10-16,CONL,30.0,33.33
2024-10-16,GDXU,77.0,50.7
2024-10-16,SOXL,-6.0,34.117
2024-10-16,TQQQ,70.0,35.927
2024-10-16,UPRO,72.0,87.709
2024-10-16,YINN,-22.0,32.162
2024-10-17,CONL,28.0,31.32
2024-10-17,GDXU,82.0,52.61
2024-10-17,SOXL,31.0,34.859
2024-10-17,TQQQ,78.0,36.036
2024-10-17,UPRO,80.0,87.728
2024-10-17,YINN,-45.0,29.791
2024-10-18,CONL,35.0,36.22
2024-10-18,GDXU,91.0,59.07
2024-10-18,SOXL,3.0,34.919
2024-10-18,TQQQ,79.0,36.674
2024-10-18,UPRO,80.0,88.631
2024-10-18,YINN,-14.0,33.556
2024-10-21,CONL,31.0,34.12
2024-10-21,GDXU,93.0,59.59
2024-10-21,SOXL,-4.0,34.74
2024-10-21,TQQQ,77.0,36.876
2024-10-21,UPRO,78.0,88.209
2024-10-21,YINN,-26.0,32.2
2024-10-22,CONL,30.0,33.1
2024-10-22,GDXU,94.0,63.12
2024-10-22,SOXL,-7.0,34.344
2024-10-22,TQQQ,75.0,36.984
2024-10-22,UPRO,76.0,88.023
2024-10-22,YINN,-16.0,32.892
2024-10-23,CONL,26.0,29.49
2024-10-23,GDXU,92.0,59.24
2024-10-23,SOXL,-14.0,33.463
2024-10-23,TQQQ,67.0,35.274
2024-10-23,UPRO,68.0,85.55
2024-10-23,YINN,-17.0,32.57
2024-10-24,CONL,25.0,32.37
2024-10-24,GDXU,82.0,55.59
2024-10-24,SOXL,-13.0,33.948
2024-10-24,TQQQ,67.0,36.114
2024-10-24,UPRO,68.0,86.08
2024-10-24,YINN,-24.0,31.953
2024-10-25,CONL,33.0,31.06
2024-10-25,GDXU,82.0,53.35
2024-10-25,SOXL,17.0,34.929
2024-10-25,TQQQ,68.0,36.723
2024-10-25,UPRO,67.0,85.913
2024-10-25,YINN,-20.0,31.944
2024-10-28,CONL,31.0,34.44
2024-10-28,GDXU,79.0,52.35
2024-10-28,SOXL,-12.0,34.998
2024-10-28,TQQQ,68.0,36.758
2024-10-28,UPRO,67.0,86.688
2024-10-28,YINN,-9.0,33.48
2024-10-29,CONL,36.0,35.5
2024-10-29,GDXU,80.0,55.0
2024-10-29,SOXL,13.0,37.602
2024-10-29,TQQQ,67.0,37.775
2024-10-29,UPRO,65.0,87.061
2024-10-29,YINN,-12.0,32.826
2024-10-30,CONL,40.0,33.01
2024-10-30,GDXU,77.0,52.87
2024-10-30,SOXL,-19.0,33.671
2024-10-30,TQQQ,65.0,36.935
2024-10-30,UPRO,64.0,86.266
2024-10-30,YINN,-23.0,31.621
2024-10-31,CONL,-19.0,22.82
2024-10-31,GDXU,19.0,48.45
2024-10-31,SOXL,-63.0,29.79
2024-10-31,TQQQ,12.0,34.124
2024-10-31,UPRO,19.0,81.123
2024-10-31,YINN,-29.0,31.28
2024-11-01,CONL,-27.0,23.77
2024-11-01,GDXU,26.0,46.6
2024-11-01,SOXL,-49.0,30.523
2024-11-01,TQQQ,25.0,34.851
2024-11-01,UPRO,28.0,82.105
2024-11-01,YINN,-18.0,31.678
2024-11-04,CONL,-33.0,24.59
2024-11-04,GDXU,23.0,46.55
2024-11-04,SOXL,-57.0,30.048
2024-11-04,TQQQ,12.0,34.527
2024-11-04,UPRO,18.0,81.545
2024-11-04,YINN,-7.0,32.2
2024-11-05,CONL,-27.0,26.68
2024-11-05,GDXU,16.0,47.08
2024-11-05,SOXL,-58.0,31.067
2024-11-05,TQQQ,15.0,35.839
2024-11-05,UPRO,18.0,84.49
2024-11-05,YINN,31.0,34.457
2024-11-06,CONL,38.0,43.1
2024-11-06,GDXU,-17.0,42.1
2024-11-06,SOXL,-36.0,33.78
2024-11-06,TQQQ,59.0,38.748
2024-11-06,UPRO,58.0,90.781
2024-11-06,YINN,-4.0,31.451
2024-11-07,CONL,53.0,43.49
2024-11-07,GDXU,-13.0,45.05
2024-11-07,SOXL,6.0,35.849
2024-11-07,TQQQ,70.0,40.561
2024-11-07,UPRO,66.0,92.822
2024-11-07,YINN,48.0,36.544
2024-11-08,CONL,59.0,48.62
2024-11-08,GDXU,-18.0,43.17
2024-11-08,SOXL,2.0,35.057
2024-11-08,TQQQ,69.0,40.659
2024-11-08,UPRO,66.0,94.0
2024-11-08,YINN,-4.0,30.474
2024-11-11,CONL,87.0,67.81
2024-11-11,GDXU,-57.0,35.67
2024-11-11,SOXL,-21.0,32.444
2024-11-11,TQQQ,80.0,40.585
2024-11-11,UPRO,78.0,94.196
2024-11-11,YINN,-5.0,30.256
2024-11-12,CONL,86.0,65.62
2024-11-12,GDXU,-67.0,33.76
2024-11-12,SOXL,-26.0,31.355
2024-11-12,TQQQ,79.0,40.364
2024-11-12,UPRO,76.0,93.283
2024-11-12,YINN,-29.0,26.898
2024-11-13,CONL,83.0,51.48
2024-11-13,GDXU,-68.0,32.11
2024-11-13,SOXL,-35.0,29.394
2024-11-13,TQQQ,74.0,40.188
2024-11-13,UPRO,73.0,93.401
2024-11-13,YINN,-28.0,26.708
2024-11-14,CONL,61.0,49.33
2024-11-14,GDXU,-72.0,32.63
2024-11-14,SOXL,-36.0,29.305
2024-11-14,TQQQ,70.0,39.337
2024-11-14,UPRO,69.0,91.566
2024-11-14,YINN,-41.0,25.864
2024-11-15,CONL,66.0,59.1
2024-11-15,GDXU,-70.0,31.97
2024-11-15,SOXL,-62.0,26.394
2024-11-15,TQQQ,26.0,36.493
2024-11-15,UPRO,49.0,87.954
2024-11-15,YINN,-45.0,26.244
2024-11-18,CONL,82.0,66.34
2024-11-18,GDXU,-54.0,36.14
2024-11-18,SOXL,-62.0,27.394
2024-11-18,TQQQ,26.0,37.23
2024-11-18,UPRO,49.0,89.024
2024-11-18,YINN,-36.0,27.647
2024-11-19,CONL,88.0,65.89
2024-11-19,GDXU,-51.0,38.54
2024-11-19,SOXL,-64.0,27.573
2024-11-19,TQQQ,22.0,37.976
2024-11-19,UPRO,45.0,89.995
2024-11-19,YINN,-36.0,26.87
2024-11-20,CONL,89.0,63.99
2024-11-20,GDXU,-41.0,37.65
2024-11-20,SOXL,-67.0,26.86
2024-11-20,TQQQ,21.0,37.932
2024-11-20,UPRO,44.0,90.044
2024-11-20,YINN,-35.0,27.154
2024-11-21,CONL,72.0,54.06
2024-11-21,GDXU,-34.0,39.02
2024-11-21,SOXL,-55.0,28.206
2024-11-21,TQQQ,31.0,38.306
2024-11-21,UPRO,55.0,91.438
2024-11-21,YINN,-38.0,26.68
2024-11-22,CONL,77.0,57.34
2024-11-22,GDXU,-18.0,39.45
2024-11-22,SOXL,-44.0,28.206
2024-11-22,TQQQ,59.0,38.448
2024-11-22,UPRO,63.0,92.194
2024-11-22,YINN,-58.0,24.868
2024-11-25,CONL,81.0,60.15
2024-11-25,GDXU,-53.0,35.66
2024-11-25,SOXL,-38.0,29.038
2024-11-25,TQQQ,62.0,38.625
2024-11-25,UPRO,66.0,93.097
2024-11-25,YINN,-59.0,24.906
2024-11-26,CONL,74.0,52.96
2024-11-26,GDXU,-48.0,36.01
2024-11-26,SOXL,-38.0,27.85
2024-11-26,TQQQ,64.0,39.224
2024-11-26,UPRO,67.0,94.588
2024-11-26,YINN,-63.0,24.451
2024-11-27,CONL,75.0,59.14
2024-11-27,GDXU,-39.0,36.51
2024-11-27,SOXL,-42.0,26.711
2024-11-27,TQQQ,45.0,38.276
2024-11-27,UPRO,71.0,93.617
2024-11-27,YINN,-41.0,26.395
2024-11-29,CONL,80.0,53.38
2024-11-29,GDXU,-31.0,37.31
2024-11-29,SOXL,-34.0,27.781
2024-11-29,TQQQ,66.0,39.254
2024-11-29,UPRO,70.0,95.246
2024-11-29,YINN,-41.0,26.348
2024-12-02,CONL,71.0,55.61
2024-12-02,GDXU,-51.0,34.94
2024-12-02,SOXL,-28.0,29.899
2024-12-02,TQQQ,70.0,40.527
2024-12-02,UPRO,72.0,95.805
2024-12-02,YINN,-37.0,26.566
2024-12-03,CONL,63.0,58.16
2024-12-03,GDXU,-9.0,37.56
2024-12-03,SOXL,-35.0,29.434
2024-12-03,TQQQ,61.0,40.885
2024-12-03,UPRO,63.0,95.854
2024-12-03,YINN,-26.0,26.908
2024-12-04,CONL,76.0,66.47
2024-12-04,GDXU,-5.0,37.29
2024-12-04,SOXL,-16.0,30.572
2024-12-04,TQQQ,61.0,42.379
2024-12-04,UPRO,60.0,97.592
2024-12-04,YINN,-31.0,26.32
2024-12-05,CONL,92.0,62.07
2024-12-05,GDXU,-36.0,37.32
2024-12-05,SOXL,-16.0,28.83
2024-12-05,TQQQ,63.0,42.03
2024-12-05,UPRO,61.0,97.12
2024-12-05,YINN,-29.0,26.614
2024-12-06,CONL,82.0,70.88
2024-12-06,GDXU,-42.0,35.19
2024-12-06,SOXL,-20.0,29.315
2024-12-06,TQQQ,59.0,43.111
2024-12-06,UPRO,57.0,97.631
2024-12-06,YINN,6.0,27.515
2024-12-09,CONL,37.0,57.23
2024-12-09,GDXU,16.0,38.37
2024-12-09,SOXL,-18.0,28.939
2024-12-09,TQQQ,56.0,42.104
2024-12-09,UPRO,54.0,96.041
2024-12-09,YINN,42.0,34.059
2024-12-10,CONL,26.0,54.34
2024-12-10,GDXU,3.0,38.57
2024-12-10,SOXL,-46.0,26.79
2024-12-10,TQQQ,53.0,41.647
2024-12-10,UPRO,51.0,95.138
2024-12-10,YINN,20.0,29.762
2024-12-11,CONL,60.0,58.27
2024-12-11,GDXU,20.0,41.89
2024-12-11,SOXL,-48.0,28.83
2024-12-11,TQQQ,54.0,43.873
2024-12-11,UPRO,50.0,97.336
2024-12-11,YINN,12.0,28.795
2024-12-12,CONL,37.0,57.96
2024-12-12,GDXU,-5.0,36.98
2024-12-12,SOXL,-44.0,28.177
2024-12-12,TQQQ,56.0,43.003
2024-12-12,UPRO,52.0,95.786
2024-12-12,YINN,19.0,28.814
2024-12-13,CONL,24.0,57.06
2024-12-13,GDXU,-58.0,33.88
2024-12-13,SOXL,-17.0,30.394
2024-12-13,TQQQ,58.0,43.927
2024-12-13,UPRO,51.0,95.648
2024-12-13,YINN,3.0,27.591
2024-12-16,CONL,58.0,58.71
2024-12-16,GDXU,-62.0,33.17
2024-12-16,SOXL,-8.0,32.186
2024-12-16,TQQQ,64.0,45.838
2024-12-16,UPRO,57.0,96.797
2024-12-16,YINN,-23.0,26.32
2024-12-17,CONL,20.0,57.2
2024-12-17,GDXU,-74.0,32.58
2024-12-17,SOXL,-15.0,30.82
2024-12-17,TQQQ,59.0,45.224
2024-12-17,UPRO,51.0,95.56
2024-12-17,YINN,0.0,27.553
2024-12-18,CONL,21.0,45.63
2024-12-18,GDXU,-76.0,28.12
2024-12-18,SOXL,-10.0,27.553
2024-12-18,TQQQ,62.0,40.335
2024-12-18,UPRO,54.0,87.09
2024-12-18,YINN,-19.0,25.931
2024-12-19,CONL,-4.0,43.58
2024-12-19,GDXU,-96.0,27.5
2024-12-19,SOXL,-74.0,26.038
2024-12-19,TQQQ,2.0,39.765
2024-12-19,UPRO,-2.0,86.894
2024-12-19,YINN,-25.0,26.367
2024-12-20,CONL,-10.0,45.02
2024-12-20,GDXU,-94.0,28.37
2024-12-20,SOXL,-79.0,27.028
2024-12-20,TQQQ,-5.0,40.797
2024-12-20,UPRO,-9.0,89.779
2024-12-20,YINN,-23.0,26.832
2024-12-23,CONL,-22.0,41.59
2024-12-23,GDXU,-96.0,28.62
2024-12-23,SOXL,-74.0,29.378
2024-12-23,TQQQ,-4.0,41.933
2024-12-23,UPRO,-7.0,91.536
2024-12-23,YINN,-24.0,27.596
2024-12-24,CONL,-13.0,45.08
2024-12-24,GDXU,-96.0,28.46
2024-12-24,SOXL,-39.0,30.262
2024-12-24,TQQQ,30.0,43.6
2024-12-24,UPRO,5.0,94.459
2024-12-24,YINN,9.0,28.526
2024-12-26,CONL,-15.0,43.36
2024-12-26,GDXU,-90.0,28.7
2024-12-26,SOXL,-34.0,30.351
2024-12-26,TQQQ,34.0,43.506
2024-12-26,UPRO,9.0,94.449
2024-12-26,YINN,15.0,28.814
2024-12-27,CONL,-19.0,40.61
2024-12-27,GDXU,-95.0,28.07
2024-12-27,SOXL,-63.0,29.477
2024-12-27,TQQQ,4.0,41.736
2024-12-27,UPRO,2.0,91.437
2024-12-27,YINN,8.0,27.951
2024-12-30,CONL,-40.0,37.41
2024-12-30,GDXU,-96.0,26.68
2024-12-30,SOXL,-76.0,27.74
2024-12-30,TQQQ,-12.0,40.06
2024-12-30,UPRO,-12.0,88.239
2024-12-30,YINN,-17.0,26.915
2024-12-31,CONL,-40.0,35.29
2024-12-31,GDXU,-95.0,27.18
2024-12-31,SOXL,-71.0,27.114
2024-12-31,TQQQ,-6.0,39.01
2024-12-31,UPRO,-6.0,87.235
2024-12-31,YINN,-23.0,26.791
2025-01-02,CONL,-32.0,37.82
2025-01-02,GDXU,-75.0,30.64
2025-01-02,SOXL,-72.0,27.472
2025-01-02,TQQQ,-14.0,38.763
2025-01-02,UPRO,-11.0,86.507
2025-01-02,YINN,-40.0,25.323
2025-01-03,CONL,-23.0,41.71
2025-01-03,GDXU,-79.0,29.79
2025-01-03,SOXL,-68.0,29.606
2025-01-03,TQQQ,-7.0,40.622
2025-01-03,UPRO,-7.0,89.676
2025-01-03,YINN,-43.0,26.436
2025-01-06,CONL,7.0,46.96
2025-01-06,GDXU,-82.0,28.63
2025-01-06,SOXL,-19.0,32.257
2025-01-06,TQQQ,35.0,42.007
2025-01-06,UPRO,32.0,91.231
2025-01-06,YINN,-44.0,25.496
2025-01-07,CONL,-21.0,39.3
2025-01-07,GDXU,-71.0,29.79
2025-01-07,SOXL,-23.0,30.927
2025-01-07,TQQQ,7.0,39.744
2025-01-07,UPRO,6.0,88.18
2025-01-07,YINN,-49.0,24.624
2025-01-08,CONL,-34.0,38.01
2025-01-08,GDXU,-43.0,31.83
2025-01-08,SOXL,-38.0,29.964
2025-01-08,TQQQ,-8.0,39.774
2025-01-08,UPRO,-5.0,88.416
2025-01-08,YINN,-54.0,24.269
2025-01-10,CONL,-60.0,37.59
2025-01-10,GDXU,-29.0,31.93
2025-01-10,SOXL,-70.0,27.859
2025-01-10,TQQQ,-27.0,37.876
2025-01-10,UPRO,-19.0,84.342
2025-01-10,YINN,-66.0,22.159
2025-01-13,CONL,-52.0,35.38
2025-01-13,GDXU,-46.0,30.2
2025-01-13,SOXL,-77.0,27.65
2025-01-13,TQQQ,-40.0,37.482
2025-01-13,UPRO,-31.0,84.745
2025-01-13,YINN,-67.0,22.418
2025-01-14,CONL,-45.0,36.5
2025-01-14,GDXU,-24.0,32.88
2025-01-14,SOXL,-70.0,27.918
2025-01-14,TQQQ,-30.0,37.349
2025-01-14,UPRO,-18.0,84.991
2025-01-14,YINN,-50.0,23.943
2025-01-15,CONL,-14.0,42.0
2025-01-15,GDXU,-24.0,33.73
2025-01-15,SOXL,-41.0,29.725
2025-01-15,TQQQ,-12.0,39.873
2025-01-15,UPRO,-7.0,89.627
2025-01-15,YINN,-46.0,24.844
2025-01-16,CONL,17.0,44.0
2025-01-16,GDXU,-10.0,33.23
2025-01-16,SOXL,-36.0,29.775
2025-01-16,TQQQ,-10.0,39.059
2025-01-16,UPRO,16.0,89.115
2025-01-16,YINN,-44.0,24.844
2025-01-17,CONL,48.0,48.17
2025-01-17,GDXU,-15.0,33.66
2025-01-17,SOXL,-24.0,32.257
2025-01-17,TQQQ,25.0,40.987
2025-01-17,UPRO,26.0,91.624
2025-01-17,YINN,-11.0,26.234
2025-01-21,CONL,34.0,47.79
2025-01-21,GDXU,9.0,35.91
2025-01-21,SOXL,-18.0,33.449
2025-01-21,TQQQ,30.0,41.667
2025-01-21,UPRO,31.0,94.016
2025-01-21,YINN,-10.0,27.059
2025-01-22,CONL,44.0,48.22
2025-01-22,GDXU,4.0,35.72
2025-01-22,SOXL,-3.0,34.898
2025-01-22,TQQQ,41.0,43.284
2025-01-22,UPRO,39.0,95.64
2025-01-22,YINN,-14.0,26.503
2025-01-23,CONL,47.0,48.22
2025-01-23,GDXU,-15.0,35.57
2025-01-23,SOXL,-12.0,34.67
2025-01-23,TQQQ,38.0,43.55
2025-01-23,UPRO,38.0,97.204
2025-01-23,YINN,-14.0,26.608
2025-01-24,CONL,53.0,48.96
2025-01-24,GDXU,10.0,36.98
2025-01-24,SOXL,-6.0,32.416
2025-01-24,TQQQ,46.0,42.766
2025-01-24,UPRO,46.0,96.289
2025-01-24,YINN,0.0,28.564
2025-01-27,CONL,26.0,42.38
2025-01-27,GDXU,-10.0,34.79
2025-01-27,SOXL,-62.0,24.88
2025-01-27,TQQQ,-1.0,39.015
2025-01-27,UPRO,27.0,92.185
2025-01-27,YINN,9.0,29.284
2025-01-28,CONL,22.0,43.43
2025-01-28,GDXU,-11.0,35.77
2025-01-28,SOXL,-67.0,25.188
2025-01-28,TQQQ,4.0,40.745
2025-01-28,UPRO,33.0,94.488
2025-01-28,YINN,5.0,30.262
2025-01-29,CONL,23.0,46.22
2025-01-29,GDXU,-2.0,36.44
2025-01-29,SOXL,-58.0,25.496
2025-01-29,TQQQ,35.0,40.494
2025-01-29,UPRO,38.0,93.189
2025-01-29,YINN,20.0,29.964
2025-01-30,CONL,47.0,49.4
2025-01-30,GDXU,34.0,40.75
2025-01-30,SOXL,-55.0,26.955
2025-01-30,TQQQ,34.0,41.002
2025-01-30,UPRO,37.0,94.675
2025-01-30,YINN,25.0,31.892
2025-01-31,CONL,55.0,46.29
2025-01-31,GDXU,33.0,39.18
2025-01-31,SOXL,-41.0,26.826
2025-01-31,TQQQ,45.0,40.78
2025-01-31,UPRO,45.0,93.071
2025-01-31,YINN,19.0,29.955
2025-02-03,CONL,-10.0,43.88
2025-02-03,GDXU,34.0,40.86
2025-02-03,SOXL,-63.0,25.426
2025-02-03,TQQQ,3.0,39.794
2025-02-03,UPRO,7.0,91.142
2025-02-03,YINN,7.0,29.475
2025-02-04,CONL,23.0,42.72
2025-02-04,GDXU,39.0,42.7
2025-02-04,SOXL,-62.0,26.062
2025-02-04,TQQQ,31.0,41.238
2025-02-04,UPRO,29.0,92.982
2025-02-04,YINN,20.0,31.441
2025-02-05,CONL,-24.0,41.12
2025-02-05,GDXU,69.0,45.8
2025-02-05,SOXL,-64.0,27.501
2025-02-05,TQQQ,25.0,41.776
2025-02-05,UPRO,25.0,94.065
2025-02-05,YINN,6.0,29.955
2025-02-06,CONL,-42.0,39.65
2025-02-06,GDXU,59.0,46.0
2025-02-06,SOXL,-57.0,27.492
2025-02-06,TQQQ,33.0,42.402
2025-02-06,UPRO,32.0,95.039
2025-02-06,YINN,15.0,30.894
2025-02-07,CONL,-44.0,40.83
2025-02-07,GDXU,68.0,45.0
2025-02-07,SOXL,-55.0,26.141
2025-02-07,TQQQ,36.0,40.785
2025-02-07,UPRO,35.0,92.353
2025-02-07,YINN,25.0,32.285
2025-02-10,CONL,-45.0,42.37
2025-02-10,GDXU,81.0,48.47
2025-02-10,SOXL,-50.0,27.154
2025-02-10,TQQQ,41.0,42.219
2025-02-10,UPRO,40.0,94.134
2025-02-10,YINN,34.0,34.778
2025-02-11,CONL,-45.0,38.44
2025-02-11,GDXU,73.0,46.61
2025-02-11,SOXL,-49.0,27.204
2025-02-11,TQQQ,40.0,41.919
2025-02-11,UPRO,39.0,94.331
2025-02-11,YINN,29.0,33.809
2025-02-12,CONL,-60.0,40.69
2025-02-12,GDXU,71.0,48.79
2025-02-12,SOXL,-58.0,27.343
2025-02-12,TQQQ,34.0,42.002
2025-02-12,UPRO,13.0,93.455
2025-02-12,YINN,43.0,36.36
2025-02-13,CONL,2.0,47.48
2025-02-13,GDXU,81.0,49.96
2025-02-13,SOXL,-48.0,28.266
2025-02-13,TQQQ,41.0,43.772
2025-02-13,UPRO,40.0,96.368
2025-02-13,YINN,36.0,36.36
2025-02-14,CONL,-42.0,39.87
2025-02-14,GDXU,67.0,44.96
2025-02-14,SOXL,-46.0,28.345
2025-02-14,TQQQ,44.0,44.285
2025-02-14,UPRO,42.0,96.26
2025-02-14,YINN,51.0,39.15
2025-02-18,CONL,-59.0,37.02
2025-02-18,GDXU,56.0,46.31
2025-02-18,SOXL,-23.0,29.775
2025-02-18,TQQQ,44.0,44.561
2025-02-18,UPRO,42.0,96.998
2025-02-18,YINN,51.0,39.889
2025-02-19,CONL,-66.0,35.36
2025-02-19,GDXU,52.0,46.1
2025-02-19,SOXL,-17.0,31.244
2025-02-19,TQQQ,45.0,44.566
2025-02-19,UPRO,44.0,97.716
2025-02-19,YINN,53.0,39.035
2025-02-20,CONL,-62.0,34.75
2025-02-20,GDXU,76.0,48.83
2025-02-20,SOXL,-18.0,31.473
2025-02-20,TQQQ,41.0,44.024
2025-02-20,UPRO,40.0,96.466
2025-02-20,YINN,61.0,41.375
2025-02-21,CONL,-55.0,28.96
2025-02-21,GDXU,45.0,43.66
2025-02-21,SOXL,-22.0,28.604
2025-02-21,TQQQ,39.0,41.268
2025-02-21,UPRO,17.0,91.477
2025-02-21,YINN,71.0,43.11
2025-02-24,CONL,-62.0,26.89
2025-02-24,GDXU,-4.0,44.15
2025-02-24,SOXL,-69.0,26.568
2025-02-24,TQQQ,-9.0,39.784
2025-02-24,UPRO,-4.0,90.158
2025-02-24,YINN,52.0,38.748
2025-02-25,CONL,-91.0,23.45
2025-02-25,GDXU,-21.0,42.11
2025-02-25,SOXL,-79.0,24.89
2025-02-25,TQQQ,-26.0,38.266
2025-02-25,UPRO,-11.0,88.731
2025-02-25,YINN,52.0,39.975
2025-02-26,CONL,-91.0,23.51
2025-02-26,GDXU,1.0,43.68
2025-02-26,SOXL,-77.0,26.102
2025-02-26,TQQQ,-19.0,38.512
2025-02-26,UPRO,-8.0,88.829
2025-02-26,YINN,75.0,43.408
2025-02-27,CONL,-91.0,22.47
2025-02-27,GDXU,-26.0,38.91
2025-02-27,SOXL,-83.0,21.594
2025-02-27,TQQQ,-31.0,35.317
2025-02-27,UPRO,-10.0,84.588
2025-02-27,YINN,68.0,42.171
2025-02-28,CONL,-91.0,23.99
2025-02-28,GDXU,-38.0,39.53
2025-02-28,SOXL,-89.0,22.567
2025-02-28,TQQQ,-42.0,36.934
2025-02-28,UPRO,-18.0,88.426
2025-02-28,YINN,42.0,39.131
2025-03-03,CONL,-82.0,21.85
2025-03-03,GDXU,-23.0,39.55
2025-03-03,SOXL,-82.0,20.363
2025-03-03,TQQQ,-29.0,34.548
2025-03-03,UPRO,-4.0,83.899
2025-03-03,YINN,39.0,36.868
2025-03-04,CONL,-93.0,23.23
2025-03-04,GDXU,-43.0,41.28
2025-03-04,SOXL,-95.0,20.502
2025-03-04,TQQQ,-66.0,34.169
2025-03-04,UPRO,-44.0,80.799
2025-03-04,YINN,31.0,38.508
2025-03-05,CONL,-93.0,25.42
2025-03-05,GDXU,-4.0,45.73
2025-03-05,SOXL,-95.0,21.793
2025-03-05,TQQQ,-55.0,35.5
2025-03-05,UPRO,-38.0,83.328
2025-03-05,YINN,60.0,44.194
2025-03-06,CONL,-94.0,23.5
2025-03-06,GDXU,30.0,44.67
2025-03-06,SOXL,-96.0,19.092
2025-03-06,TQQQ,-56.0,32.557
2025-03-06,UPRO,-37.0,78.939
2025-03-06,YINN,69.0,44.654
2025-03-07,CONL,-84.0,24.08
2025-03-07,GDXU,29.0,45.87
2025-03-07,SOXL,-97.0,20.73
2025-03-07,TQQQ,-70.0,33.232
2025-03-07,UPRO,-49.0,80.1
2025-03-07,YINN,74.0,44.731
2025-03-10,CONL,-95.0,15.69
2025-03-10,GDXU,-4.0,41.56
2025-03-10,SOXL,-97.0,17.861
2025-03-10,TQQQ,-84.0,29.485
2025-03-10,UPRO,-61.0,73.772
2025-03-10,YINN,52.0,40.972
2025-03-11,CONL,-96.0,17.81
2025-03-11,GDXU,25.0,45.83
2025-03-11,SOXL,-97.0,17.285
2025-03-11,TQQQ,-88.0,29.14
2025-03-11,UPRO,-68.0,71.922
2025-03-11,YINN,57.0,42.573
2025-03-12,CONL,-86.0,17.81
2025-03-12,GDXU,27.0,46.55
2025-03-12,SOXL,-97.0,18.169
2025-03-12,TQQQ,-85.0,30.136
2025-03-12,UPRO,-69.0,72.975
2025-03-12,YINN,49.0,42.353
2025-03-13,CONL,-73.0,15.2
2025-03-13,GDXU,76.0,50.9
2025-03-13,SOXL,-97.0,17.96
2025-03-13,TQQQ,-91.0,28.49
2025-03-13,UPRO,-78.0,70.062
2025-03-13,YINN,54.0,43.293
2025-03-14,CONL,-96.0,16.07
2025-03-14,GDXU,84.0,52.28
2025-03-14,SOXL,-92.0,19.658
2025-03-14,TQQQ,-82.0,30.511
2025-03-14,UPRO,-65.0,74.284
2025-03-14,YINN,79.0,46.812
2025-03-17,CONL,-91.0,17.1
2025-03-17,GDXU,95.0,55.9
2025-03-17,SOXL,-88.0,20.641
2025-03-17,TQQQ,-80.0,31.102
2025-03-17,UPRO,-60.0,75.957
2025-03-17,YINN,85.0,50.187
2025-03-18,CONL,-88.0,15.69
2025-03-18,GDXU,95.0,56.59
2025-03-18,SOXL,-89.0,19.787
2025-03-18,TQQQ,-87.0,29.535
2025-03-18,UPRO,-67.0,73.546
2025-03-18,YINN,86.0,50.005
2025-03-19,CONL,-91.0,17.2
2025-03-19,GDXU,95.0,57.6
2025-03-19,SOXL,-84.0,20.234
2025-03-19,TQQQ,-77.0,30.683
2025-03-19,UPRO,-57.0,75.839
2025-03-19,YINN,82.0,49.362
2025-03-20,CONL,-70.0,17.28
2025-03-20,GDXU,95.0,57.42
2025-03-20,SOXL,-81.0,19.787
2025-03-20,TQQQ,-70.0,30.368
2025-03-20,UPRO,-51.0,75.287
2025-03-20,YINN,66.0,45.086
2025-03-21,CONL,-92.0,17.18
2025-03-21,GDXU,83.0,54.79
2025-03-21,SOXL,-87.0,19.142
2025-03-21,TQQQ,-82.0,30.654
2025-03-21,UPRO,-64.0,75.287
2025-03-21,YINN,28.0,42.631
2025-03-24,CONL,-61.0,19.51
2025-03-24,GDXU,90.0,54.01
2025-03-24,SOXL,-51.0,20.85
2025-03-24,TQQQ,-54.0,32.601
2025-03-24,UPRO,-16.0,79.195
2025-03-24,YINN,31.0,42.986
2025-03-25,CONL,-55.0,19.73
2025-03-25,GDXU,92.0,56.76
2025-03-25,SOXL,-49.0,20.466
2025-03-25,TQQQ,-28.0,33.183
2025-03-25,UPRO,-13.0,79.716
2025-03-25,YINN,25.0,41.645
2025-03-26,CONL,-63.0,17.8
2025-03-26,GDXU,89.0,55.42
2025-03-26,SOXL,-74.0,18.713
2025-03-26,TQQQ,-57.0,31.337
2025-03-26,UPRO,-18.0,76.952
2025-03-26,YINN,25.0,41.423
2025-03-27,CONL,-77.0,16.78
2025-03-27,GDXU,93.0,59.57
2025-03-27,SOXL,-80.0,17.687
2025-03-27,TQQQ,-61.0,30.803
2025-03-27,UPRO,-44.0,76.232
2025-03-27,YINN,31.0,43.0
2025-03-28,CONL,-76.0,14.14
2025-03-28,GDXU,92.0,58.69
2025-03-28,SOXL,-92.0,15.964
2025-03-28,TQQQ,-84.0,28.351
2025-03-28,UPRO,-65.0,71.655
2025-03-28,YINN,12.0,39.847
2025-03-31,CONL,-88.0,13.86
2025-03-31,GDXU,86.0,59.76
2025-03-31,SOXL,-96.0,15.885
2025-03-31,TQQQ,-88.0,28.331
2025-03-31,UPRO,-73.0,72.898
2025-03-31,YINN,5.0,39.866
2025-04-01,CONL,-88.0,14.2
2025-04-01,GDXU,87.0,59.01
2025-04-01,SOXL,-93.0,15.885
2025-04-01,TQQQ,-83.0,28.984
2025-04-01,UPRO,-61.0,73.608
2025-04-01,YINN,8.0,39.616
2025-04-02,CONL,-74.0,15.56
2025-04-02,GDXU,83.0,58.79
2025-04-02,SOXL,-91.0,16.193
2025-04-02,TQQQ,-82.0,29.632
2025-04-02,UPRO,-62.0,74.999
2025-04-02,YINN,3.0,38.914
2025-04-03,CONL,-99.0,13.5
2025-04-03,GDXU,85.0,58.57
2025-04-03,SOXL,-98.0,11.363
2025-04-03,TQQQ,-93.0,24.87
2025-04-03,UPRO,-89.0,64.247
2025-04-03,YINN,-4.0,37.799
2025-04-04,CONL,-95.0,11.88
2025-04-04,GDXU,-28.0,42.59
2025-04-04,SOXL,-99.0,8.694
2025-04-04,TQQQ,-99.0,20.316
2025-04-04,UPRO,-99.0,53.09
2025-04-04,YINN,-36.0,30.301
2025-04-07,CONL,-99.0,11.36
2025-04-07,GDXU,-43.0,41.93
2025-04-07,SOXL,-99.0,9.113
2025-04-07,TQQQ,-99.0,20.396
2025-04-07,UPRO,-99.0,52.331
2025-04-07,YINN,-76.0,22.149
2025-04-08,CONL,-99.0,10.54
2025-04-08,GDXU,-11.0,41.87
2025-04-08,SOXL,-99.0,8.216
2025-04-08,TQQQ,-99.0,19.234
2025-04-08,UPRO,-99.0,49.963
2025-04-08,YINN,-71.0,21.495
2025-04-09,CONL,-99.0,14.04
2025-04-09,GDXU,2.0,52.95
2025-04-09,SOXL,-99.0,12.718
2025-04-09,TQQQ,-99.0,26.012
2025-04-09,UPRO,-99.0,63.931
2025-04-09,YINN,-68.0,25.763
2025-04-10,CONL,-82.0,12.86
2025-04-10,GDXU,82.0,60.13
2025-04-10,SOXL,-99.0,9.591
2025-04-10,TQQQ,-98.0,22.813
2025-04-10,UPRO,-98.0,57.243
2025-04-10,YINN,-66.0,25.629
2025-04-11,CONL,-99.0,13.71
2025-04-11,GDXU,95.0,69.4
2025-04-11,SOXL,-99.0,10.188
2025-04-11,TQQQ,-95.0,24.02
2025-04-11,UPRO,-95.0,60.252
2025-04-11,YINN,-64.0,28.917
2025-04-14,CONL,-87.0,13.9
2025-04-14,GDXU,95.0,71.51
2025-04-14,SOXL,-99.0,10.427
2025-04-14,TQQQ,-90.0,24.524
2025-04-14,UPRO,-83.0,61.929
2025-04-14,YINN,-51.0,29.916
2025-04-15,CONL,-77.0,13.72
2025-04-15,GDXU,96.0,73.91
2025-04-15,SOXL,-99.0,10.557
2025-04-15,TQQQ,-86.0,24.618
2025-04-15,UPRO,-76.0,61.446
2025-04-15,YINN,-50.0,29.474
2025-04-16,CONL,-87.0,13.2
2025-04-16,GDXU,96.0,80.22
2025-04-16,SOXL,-99.0,9.302
2025-04-16,TQQQ,-91.0,22.393
2025-04-16,UPRO,-88.0,57.332
2025-04-16,YINN,-56.0,27.427
2025-04-17,CONL,-83.0,13.59
2025-04-17,GDXU,97.0,76.13
2025-04-17,SOXL,-99.0,9.162
2025-04-17,TQQQ,-94.0,22.329
2025-04-17,UPRO,-91.0,57.49
2025-04-17,YINN,-58.0,27.465
2025-04-18,CONL,-83.0,13.57
2025-04-18,GDXU,97.0,76.09
2025-04-18,SOXL,-99.0,9.3
2025-04-18,TQQQ,-93.0,45.55
2025-04-18,UPRO,-91.0,58.588
2025-04-18,YINN,-56.0,29.18
2025-04-21,CONL,-75.0,13.57
2025-04-21,GDXU,97.0,79.12
2025-04-21,SOXL,-99.0,8.674
2025-04-21,TQQQ,-99.0,20.697
2025-04-21,UPRO,-97.0,53.406
2025-04-21,YINN,-57.0,27.398
2025-04-22,CONL,-16.0,15.89
2025-04-22,GDXU,97.0,71.81
2025-04-22,SOXL,-99.0,9.142
2025-04-22,TQQQ,-91.0,22.279
2025-04-22,UPRO,-90.0,57.411
2025-04-22,YINN,-40.0,30.003
2025-04-23,CONL,18.0,16.66
2025-04-23,GDXU,61.0,65.66
2025-04-23,SOXL,-87.0,10.248
2025-04-23,TQQQ,-78.0,23.758
2025-04-23,UPRO,-73.0,60.163
2025-04-23,YINN,-28.0,31.07
2025-04-24,CONL,9.0,18.21
2025-04-24,GDXU,74.0,69.64
2025-04-24,SOXL,-52.0,11.951
2025-04-24,TQQQ,-46.0,25.78
2025-04-24,UPRO,-42.0,63.892
2025-04-24,YINN,-6.0,31.695
2025-04-25,CONL,5.0,19.21
2025-04-25,GDXU,53.0,65.66
2025-04-25,SOXL,-40.0,12.289
2025-04-25,TQQQ,-32.0,26.63
2025-04-25,UPRO,-29.0,65.243
2025-04-25,YINN,-6.0,31.368
2025-04-28,CONL,-1.0,18.44
2025-04-28,GDXU,52.0,67.67
2025-04-28,SOXL,-37.0,12.24
2025-04-28,TQQQ,-29.0,26.611
2025-04-28,UPRO,-24.0,65.381
2025-04-28,YINN,-6.0,31.358
2025-04-29,CONL,7.0,18.59
2025-04-29,GDXU,52.0,64.13
2025-04-29,SOXL,-34.0,11.811
2025-04-29,TQQQ,-23.0,27.13
2025-04-29,UPRO,-18.0,66.486
2025-04-29,YINN,-5.0,30.926
2025-04-30,CONL,2.0,18.0
2025-04-30,GDXU,55.0,66.06
2025-04-30,SOXL,-39.0,12.11
2025-04-30,TQQQ,-30.0,27.135
2025-04-30,UPRO,-26.0,66.555
2025-04-30,YINN,-7.0,30.964
2025-05-01,CONL,0.0,17.7
2025-05-01,GDXU,-1.0,58.4
2025-05-01,SOXL,-10.0,12.05
2025-05-01,TQQQ,8.0,28.069
2025-05-01,UPRO,11.0,67.986
2025-05-01,YINN,-3.0,30.801
2025-05-02,CONL,17.0,18.28
2025-05-02,GDXU,-5.0,58.17
2025-05-02,SOXL,-13.0,13.236
2025-05-02,TQQQ,7.0,29.384
2025-05-02,UPRO,11.0,70.935
2025-05-02,YINN,12.0,33.771
2025-05-05,CONL,-4.0,17.35
2025-05-05,GDXU,25.0,64.39
2025-05-05,SOXL,6.0,12.997
2025-05-05,TQQQ,22.0,28.875
2025-05-05,UPRO,26.0,69.771
2025-05-05,YINN,16.0,33.742
2025-05-06,CONL,-2.0,16.87
2025-05-06,GDXU,71.0,73.24
2025-05-06,SOXL,1.0,12.588
2025-05-06,TQQQ,15.0,28.054
2025-05-06,UPRO,20.0,67.996
2025-05-06,YINN,26.0,34.819
2025-05-07,CONL,6.0,16.82
2025-05-07,GDXU,77.0,68.52
2025-05-07,SOXL,-3.0,13.226
2025-05-07,TQQQ,8.0,28.381
2025-05-07,UPRO,15.0,68.854
2025-05-07,YINN,15.0,32.55
2025-05-08,CONL,17.0,18.52
2025-05-08,GDXU,39.0,64.74
2025-05-08,SOXL,11.0,13.604
2025-05-08,TQQQ,28.0,29.226
2025-05-08,UPRO,33.0,70.195
2025-05-08,YINN,21.0,33.896
2025-05-09,CONL,19.0,17.19
2025-05-09,GDXU,75.0,71.17
2025-05-09,SOXL,12.0,14.052
2025-05-09,TQQQ,23.0,29.157
2025-05-09,UPRO,27.0,69.88
2025-05-09,YINN,17.0,33.512
2025-05-12,CONL,22.0,18.51
2025-05-12,GDXU,-23.0,54.91
2025-05-12,SOXL,19.0,17.06
2025-05-12,TQQQ,50.0,32.687
2025-05-12,UPRO,51.0,76.735
2025-05-12,YINN,39.0,36.848
2025-05-13,CONL,26.0,27.4
2025-05-13,GDXU,-29.0,54.86
2025-05-13,SOXL,22.0,18.524
2025-05-13,TQQQ,63.0,34.185
2025-05-13,UPRO,67.0,78.294
2025-05-13,YINN,38.0,35.982
2025-05-14,CONL,34.0,28.7
2025-05-14,GDXU,-51.0,51.17
2025-05-14,SOXL,26.0,18.763
2025-05-14,TQQQ,68.0,34.789
2025-05-14,UPRO,69.0,78.56
2025-05-14,YINN,47.0,37.569
2025-05-15,CONL,27.0,24.61
2025-05-15,GDXU,-37.0,54.51
2025-05-15,SOXL,26.0,18.394
2025-05-15,TQQQ,69.0,34.897
2025-05-15,UPRO,69.0,79.685
2025-05-15,YINN,37.0,35.963
2025-05-16,CONL,35.0,28.9
2025-05-16,GDXU,-40.0,53.5
2025-05-16,SOXL,25.0,18.315
2025-05-16,TQQQ,68.0,35.328
2025-05-16,UPRO,69.0,81.174
2025-05-16,YINN,29.0,35.54
2025-05-19,CONL,38.0,28.42
2025-05-19,GDXU,-16.0,57.08
2025-05-19,SOXL,27.0,17.986
2025-05-19,TQQQ,68.0,35.422
2025-05-19,UPRO,71.0,81.431
2025-05-19,YINN,34.0,36.203
2025-05-20,CONL,34.0,27.85
2025-05-20,GDXU,4.0,62.26
2025-05-20,SOXL,27.0,17.896
2025-05-20,TQQQ,66.0,35.051
2025-05-20,UPRO,69.0,80.543
2025-05-20,YINN,40.0,37.347
2025-05-21,CONL,34.0,27.32
2025-05-21,GDXU,50.0,65.13
2025-05-21,SOXL,25.0,16.93
2025-05-21,TQQQ,63.0,33.592
2025-05-21,UPRO,62.0,76.509
2025-05-21,YINN,44.0,36.78
2025-05-22,CONL,38.0,30.03
2025-05-22,GDXU,53.0,63.86
2025-05-22,SOXL,16.0,16.442
2025-05-22,TQQQ,55.0,33.765
2025-05-22,UPRO,52.0,76.489
2025-05-22,YINN,39.0,36.261
2025-05-23,CONL,41.0,28.08
2025-05-23,GDXU,81.0,69.19
2025-05-23,SOXL,3.0,15.666
2025-05-23,TQQQ,40.0,32.791
2025-05-23,UPRO,40.0,74.891
2025-05-23,YINN,36.0,36.367
2025-05-26,CONL,39.0,28.08
2025-05-26,GDXU,76.0,69.19
2025-05-26,SOXL,4.0,15.73
2025-05-26,TQQQ,41.0,66.32
2025-05-26,UPRO,40.0,75.92
2025-05-26,YINN,36.0,37.83
2025-05-27,CONL,43.0,28.72
2025-05-27,GDXU,59.0,65.92
2025-05-27,SOXL,17.0,17.219
2025-05-27,TQQQ,57.0,35.075
2025-05-27,UPRO,57.0,79.468
2025-05-27,YINN,27.0,35.367
2025-05-28,CONL,33.0,26.11
2025-05-28,GDXU,59.0,68.26
2025-05-28,SOXL,14.0,16.97
2025-05-28,TQQQ,58.0,34.625
2025-05-28,UPRO,56.0,78.097
2025-05-28,YINN,2.0,34.252
2025-05-29,CONL,29.0,25.0
2025-05-29,GDXU,73.0,68.01
2025-05-29,SOXL,14.0,17.13
2025-05-29,TQQQ,56.0,34.794
2025-05-29,UPRO,56.0,78.975
2025-05-29,YINN,31.0,35.281
2025-05-30,CONL,7.0,24.44
2025-05-30,GDXU,66.0,69.66
2025-05-30,SOXL,1.0,16.104
2025-05-30,TQQQ,47.0,34.611
2025-05-30,UPRO,48.0,78.698
2025-05-30,YINN,0.0,33.368
2025-06-02,CONL,7.0,24.5
2025-06-02,GDXU,93.0,82.6
2025-06-02,SOXL,3.0,16.831
2025-06-02,TQQQ,52.0,35.407
2025-06-02,UPRO,53.0,79.941
2025-06-02,YINN,3.0,34.339
2025-06-03,CONL,21.0,26.86
2025-06-03,GDXU,92.0,79.46
2025-06-03,SOXL,4.0,18.225
2025-06-03,TQQQ,53.0,36.232
2025-06-03,UPRO,54.0,81.362
2025-06-03,YINN,32.0,35.492
2025-06-04,CONL,13.0,26.23
2025-06-04,GDXU,93.0,80.44
2025-06-04,SOXL,7.0,19.012
2025-06-04,TQQQ,53.0,36.524
2025-06-04,UPRO,53.0,81.234
2025-06-04,YINN,45.0,37.338
2025-06-05,CONL,10.0,23.82
2025-06-05,GDXU,93.0,81.51
2025-06-05,SOXL,18.0,18.733
2025-06-05,TQQQ,66.0,35.674
2025-06-05,UPRO,64.0,80.01
2025-06-05,YINN,53.0,38.155
2025-06-06,CONL,-40.0,25.16
2025-06-06,GDXU,86.0,74.8
2025-06-06,SOXL,16.0,19.101
2025-06-06,TQQQ,63.0,36.692
2025-06-06,UPRO,63.0,82.398
2025-06-06,YINN,45.0,38.001
2025-06-09,CONL,-21.0,26.24
2025-06-09,GDXU,89.0,76.85
2025-06-09,SOXL,19.0,20.496
2025-06-09,TQQQ,63.0,36.855
2025-06-09,UPRO,65.0,82.595
2025-06-09,YINN,58.0,39.385
2025-06-10,CONL,-11.0,25.88
2025-06-10,GDXU,81.0,73.6
2025-06-10,SOXL,24.0,21.8
2025-06-10,TQQQ,65.0,37.567
2025-06-10,UPRO,67.0,84.025
2025-06-10,YINN,55.0,39.933
2025-06-11,CONL,-8.0,25.03
2025-06-11,GDXU,81.0,75.38
2025-06-11,SOXL,28.0,21.551
2025-06-11,TQQQ,71.0,37.182
2025-06-11,UPRO,73.0,83.295
2025-06-11,YINN,67.0,40.578
2025-06-12,CONL,-23.0,23.11
2025-06-12,GDXU,89.0,81.87
2025-06-12,SOXL,21.0,21.601
2025-06-12,TQQQ,64.0,37.424
2025-06-12,UPRO,65.0,84.242
2025-06-12,YINN,62.0,40.02
2025-06-13,CONL,-41.0,23.36
2025-06-13,GDXU,92.0,85.79
2025-06-13,SOXL,14.0,19.958
2025-06-13,TQQQ,58.0,36.01
2025-06-13,UPRO,61.0,81.303
2025-06-13,YINN,50.0,37.857
2025-06-16,CONL,-22.0,26.96
2025-06-16,GDXU,86.0,80.93
2025-06-16,SOXL,20.0,21.81
2025-06-16,TQQQ,63.0,37.478
2025-06-16,UPRO,66.0,83.65
2025-06-16,YINN,60.0,39.597
2025-06-17,CONL,-15.0,25.39
2025-06-17,GDXU,83.0,80.86
2025-06-17,SOXL,17.0,21.332
2025-06-17,TQQQ,59.0,36.371
2025-06-17,UPRO,60.0,81.461
2025-06-17,YINN,52.0,38.338
2025-06-18,CONL,17.0,33.56
2025-06-18,GDXU,81.0,78.43
2025-06-18,SOXL,9.0,21.522
2025-06-18,TQQQ,50.0,36.321
2025-06-18,UPRO,52.0,81.401
2025-06-18,YINN,44.0,36.8
2025-06-19,CONL,29.0,33.56
2025-06-19,GDXU,79.0,78.43
2025-06-19,SOXL,6.0,21.61
2025-06-19,TQQQ,45.0,73.46
2025-06-19,UPRO,47.0,82.52
2025-06-19,YINN,18.0,38.28
2025-06-20,CONL,30.0,36.56
2025-06-20,GDXU,75.0,74.44
2025-06-20,SOXL,6.0,21.123
2025-06-20,TQQQ,46.0,35.822
2025-06-20,UPRO,48.0,80.691
2025-06-20,YINN,14.0,36.069
2025-06-23,CONL,20.0,36.31
2025-06-23,GDXU,79.0,77.33
2025-06-23,SOXL,4.0,21.492
2025-06-23,TQQQ,45.0,36.934
2025-06-23,UPRO,47.0,83.088
2025-06-23,YINN,22.0,37.617
2025-06-24,CONL,57.0,45.06
2025-06-24,GDXU,49.0,72.14
2025-06-24,SOXL,15.0,23.927
2025-06-24,TQQQ,60.0,38.616
2025-06-24,UPRO,61.0,85.83
2025-06-24,YINN,64.0,40.797
2025-06-25,CONL,62.0,47.7
2025-06-25,GDXU,48.0,72.32
2025-06-25,SOXL,24.0,24.557
2025-06-25,TQQQ,69.0,38.912
2025-06-25,UPRO,68.0,85.998
2025-06-25,YINN,67.0,40.642
2025-06-26,CONL,81.0,53.0
2025-06-26,GDXU,50.0,75.5
2025-06-26,SOXL,30.0,25.176
2025-06-26,TQQQ,73.0,39.978
2025-06-26,UPRO,71.0,87.946
2025-06-26,YINN,68.0,40.961
2025-06-27,CONL,64.0,46.95
2025-06-27,GDXU,22.0,67.27
2025-06-27,SOXL,35.0,25.086
2025-06-27,TQQQ,78.0,40.37
2025-06-27,UPRO,77.0,89.133
2025-06-27,YINN,61.0,39.848
2025-06-30,CONL,64.0,46.13
2025-06-30,GDXU,42.0,72.7
2025-06-30,SOXL,32.0,25.086
2025-06-30,TQQQ,79.0,41.153
2025-06-30,UPRO,77.0,90.439
2025-06-30,YINN,56.0,39.655
2025-07-01,CONL,54.0,42.13
2025-07-01,GDXU,49.0,72.94
2025-07-01,SOXL,24.0,24.687
2025-07-01,TQQQ,74.0,40.107
2025-07-01,UPRO,75.0,90.261
2025-07-01,YINN,59.0,39.926
2025-07-02,CONL,58.0,46.92
2025-07-02,GDXU,48.0,75.0
2025-07-02,SOXL,26.0,26.025
2025-07-02,TQQQ,71.0,40.905
2025-07-02,UPRO,71.0,91.458
2025-07-02,YINN,32.0,39.423
2025-07-03,CONL,73.0,47.05
2025-07-03,GDXU,52.0,75.9
2025-07-03,SOXL,43.0,26.405
2025-07-03,TQQQ,89.0,42.051
2025-07-03,UPRO,89.0,93.564
2025-07-03,YINN,28.0,38.116
2025-07-04,CONL,74.0,47.05
2025-07-04,GDXU,54.0,75.9
2025-07-04,SOXL,42.0,26.43
2025-07-04,TQQQ,89.0,84.81
2025-07-04,UPRO,88.0,94.6
2025-07-04,YINN,28.0,39.39
2025-07-07,CONL,75.0,47.49
2025-07-07,GDXU,52.0,77.13
2025-07-07,SOXL,36.0,24.946
2025-07-07,TQQQ,86.0,41.114
2025-07-07,UPRO,86.0,91.467
2025-07-07,YINN,29.0,38.155
2025-07-08,CONL,61.0,46.86
2025-07-08,GDXU,19.0,67.22
2025-07-08,SOXL,42.0,26.345
2025-07-08,TQQQ,85.0,41.168
2025-07-08,UPRO,85.0,91.24
2025-07-08,YINN,54.0,39.249
2025-07-09,CONL,68.0,51.87
2025-07-09,GDXU,30.0,69.79
2025-07-09,SOXL,37.0,26.625
2025-07-09,TQQQ,84.0,42.021
2025-07-09,UPRO,84.0,92.852
2025-07-09,YINN,23.0,37.623
2025-07-10,CONL,82.0,55.98
2025-07-10,GDXU,37.0,71.17
2025-07-10,SOXL,46.0,27.344
2025-07-10,TQQQ,86.0,41.828
2025-07-10,UPRO,86.0,93.624
2025-07-10,YINN,27.0,38.658
2025-07-11,CONL,83.0,55.37
2025-07-11,GDXU,49.0,73.86
2025-07-11,SOXL,42.0,27.264
2025-07-11,TQQQ,85.0,41.51
2025-07-11,UPRO,84.0,92.526
2025-07-11,YINN,28.0,38.523
2025-07-14,CONL,93.0,57.35
2025-07-14,GDXU,71.0,73.57
2025-07-14,SOXL,47.0,26.475
2025-07-14,TQQQ,84.0,41.952
2025-07-14,UPRO,84.0,93.03
2025-07-14,YINN,54.0,39.8
2025-07-15,CONL,93.0,55.51
2025-07-15,GDXU,29.0,70.26
2025-07-15,SOXL,55.0,27.264
2025-07-15,TQQQ,86.0,42.061
2025-07-15,UPRO,84.0,91.823
2025-07-15,YINN,63.0,42.132
2025-07-16,CONL,89.0,58.45
2025-07-16,GDXU,48.0,70.64
2025-07-16,SOXL,39.0,27.004
2025-07-16,TQQQ,80.0,42.18
2025-07-16,UPRO,79.0,92.704
2025-07-16,YINN,63.0,41.59
2025-07-17,CONL,94.0,62.0
2025-07-17,GDXU,21.0,68.16
2025-07-17,SOXL,52.0,27.294
2025-07-17,TQQQ,85.0,43.161
2025-07-17,UPRO,84.0,94.415
2025-07-17,YINN,67.0,41.929
2025-07-18,CONL,93.0,64.57
2025-07-18,GDXU,29.0,67.52
2025-07-18,SOXL,51.0,27.304
2025-07-18,TQQQ,85.0,43.013
2025-07-18,UPRO,83.0,94.128
2025-07-18,YINN,79.0,43.535
2025-07-21,CONL,90.0,63.0
2025-07-21,GDXU,73.0,74.78
2025-07-21,SOXL,65.0,27.474
2025-07-21,TQQQ,86.0,43.667
2025-07-21,UPRO,84.0,94.632
2025-07-21,YINN,79.0,44.029
2025-07-22,CONL,92.0,60.13
2025-07-22,GDXU,79.0,80.78
2025-07-22,SOXL,50.0,26.295
2025-07-22,TQQQ,79.0,42.988
2025-07-22,UPRO,79.0,94.622
2025-07-22,YINN,85.0,45.78
2025-07-23,CONL,88.0,58.06
2025-07-23,GDXU,77.0,77.82
2025-07-23,SOXL,26.0,25.756
2025-07-23,TQQQ,83.0,43.553
2025-07-23,UPRO,83.0,97.006
2025-07-23,YINN,89.0,46.912
2025-07-24,CONL,84.0,57.72
2025-07-24,GDXU,72.0,75.18
2025-07-24,SOXL,26.0,25.596
2025-07-24,TQQQ,84.0,43.841
2025-07-24,UPRO,84.0,97.135
2025-07-24,YINN,87.0,46.39
2025-07-25,CONL,82.0,56.12
2025-07-25,GDXU,69.0,76.61
2025-07-25,SOXL,22.0,25.576
2025-07-25,TQQQ,83.0,44.089
2025-07-25,UPRO,84.0,98.193
2025-07-25,YINN,78.0,45.442
2025-07-28,CONL,43.0,52.68
2025-07-28,GDXU,40.0,70.94
2025-07-28,SOXL,56.0,26.855
2025-07-28,TQQQ,84.0,44.518
2025-07-28,UPRO,84.0,98.134
2025-07-28,YINN,79.0,44.793
2025-07-29,CONL,30.0,50.4
2025-07-29,GDXU,43.0,73.0
2025-07-29,SOXL,53.0,27.004
2025-07-29,TQQQ,79.0,44.317
2025-07-29,UPRO,78.0,97.352
2025-07-29,YINN,75.0,43.845
2025-07-30,CONL,40.0,52.0
2025-07-30,GDXU,32.0,67.09
2025-07-30,SOXL,54.0,27.584
2025-07-30,TQQQ,75.0,44.47
2025-07-30,UPRO,74.0,96.967
2025-07-30,YINN,65.0,42.481
2025-07-31,CONL,40.0,52.15
2025-07-31,GDXU,15.0,66.4
2025-07-31,SOXL,15.0,24.956
2025-07-31,TQQQ,71.0,43.737
2025-07-31,UPRO,69.0,95.78
2025-07-31,YINN,38.0,41.194
2025-08-01,CONL,-13.0,34.79
2025-08-01,GDXU,32.0,69.15
2025-08-01,SOXL,-11.0,24.057
2025-08-01,TQQQ,28.0,41.114
2025-08-01,UPRO,27.0,91.012
2025-08-01,YINN,27.0,39.229
2025-08-04,CONL,-18.0,35.43
2025-08-04,GDXU,72.0,78.3
2025-08-04,SOXL,0.0,24.976
2025-08-04,TQQQ,57.0,43.365
2025-08-04,UPRO,37.0,95.087
2025-08-04,YINN,34.0,41.106
2025-08-05,CONL,-32.0,30.95
2025-08-05,GDXU,80.0,84.82
2025-08-05,SOXL,-10.0,24.497
2025-08-05,TQQQ,33.0,42.462
2025-08-05,UPRO,33.0,93.693
2025-08-05,YINN,37.0,41.726
2025-08-06,CONL,-40.0,32.04
2025-08-06,GDXU,84.0,89.33
2025-08-06,SOXL,-11.0,23.967
2025-08-06,TQQQ,57.0,44.049
2025-08-06,UPRO,57.0,95.72
2025-08-06,YINN,34.0,42.2
2025-08-07,CONL,-24.0,33.57
2025-08-07,GDXU,87.0,92.5
2025-08-07,SOXL,-2.0,24.976
2025-08-07,TQQQ,58.0,44.495
2025-08-07,UPRO,56.0,95.542
2025-08-07,YINN,35.0,42.035
2025-08-08,CONL,-16.0,33.45
2025-08-08,GDXU,87.0,92.88
2025-08-08,SOXL,6.0,25.686
2025-08-08,TQQQ,65.0,45.695
2025-08-08,UPRO,63.0,97.669
2025-08-08,YINN,32.0,41.706
2025-08-11,CONL,-10.0,35.37
2025-08-11,GDXU,86.0,90.97
2025-08-11,SOXL,33.0,25.586
2025-08-11,TQQQ,66.0,45.293
2025-08-11,UPRO,63.0,96.996
2025-08-11,YINN,27.0,40.681
2025-08-12,CONL,-16.0,36.05
2025-08-12,GDXU,87.0,93.63
2025-08-12,SOXL,44.0,27.973
2025-08-12,TQQQ,70.0,46.964
2025-08-12,UPRO,67.0,100.102
2025-08-12,YINN,37.0,42.693
2025-08-13,CONL,-9.0,37.06
2025-08-13,GDXU,87.0,93.33
2025-08-13,SOXL,51.0,29.242
2025-08-13,TQQQ,71.0,47.034
2025-08-13,UPRO,69.0,101.14
2025-08-13,YINN,73.0,46.448
2025-08-14,CONL,-11.0,36.47
2025-08-14,GDXU,84.0,91.7
2025-08-14,SOXL,52.0,29.392
2025-08-14,TQQQ,72.0,46.905
2025-08-14,UPRO,70.0,101.13
2025-08-14,YINN,61.0,43.709
2025-08-15,CONL,-30.0,34.84
2025-08-15,GDXU,86.0,94.72
2025-08-15,SOXL,45.0,27.344
2025-08-15,TQQQ,70.0,46.241
2025-08-15,UPRO,70.0,100.359
2025-08-15,YINN,62.0,43.787
2025-08-18,CONL,-30.0,35.51
2025-08-18,GDXU,82.0,93.75
2025-08-18,SOXL,48.0,27.504
2025-08-18,TQQQ,71.0,46.181
2025-08-18,UPRO,71.0,100.221
2025-08-18,YINN,68.0,44.513
2025-08-19,CONL,-40.0,31.35
2025-08-19,GDXU,77.0,86.12
2025-08-19,SOXL,39.0,26.215
2025-08-19,TQQQ,63.0,44.297
2025-08-19,UPRO,65.0,98.529
2025-08-19,YINN,62.0,43.293
2025-08-20,CONL,-58.0,31.79
2025-08-20,GDXU,80.0,93.65
2025-08-20,SOXL,-6.0,25.776
2025-08-20,TQQQ,29.0,43.489
2025-08-20,UPRO,33.0,97.708
2025-08-20,YINN,63.0,43.893
2025-08-21,CONL,-52.0,30.9
2025-08-21,GDXU,87.0,98.31
2025-08-21,SOXL,-2.0,25.326
2025-08-21,TQQQ,29.0,42.884
2025-08-21,UPRO,33.0,96.571
2025-08-21,YINN,65.0,43.738
2025-08-22,CONL,-37.0,34.9
2025-08-22,GDXU,92.0,103.27
2025-08-22,SOXL,41.0,27.424
2025-08-22,TQQQ,60.0,44.813
2025-08-22,UPRO,63.0,100.863
2025-08-22,YINN,81.0,46.583
2025-08-25,CONL,-48.0,31.89
2025-08-25,GDXU,91.0,102.94
2025-08-25,SOXL,41.0,27.274
2025-08-25,TQQQ,62.0,44.421
2025-08-25,UPRO,65.0,99.568
2025-08-25,YINN,83.0,46.303
2025-08-26,CONL,-52.0,32.35
2025-08-26,GDXU,95.0,109.67
2025-08-26,SOXL,42.0,27.914
2025-08-26,TQQQ,37.0,44.936
2025-08-26,UPRO,62.0,100.765
2025-08-26,YINN,82.0,46.564
2025-08-27,CONL,-41.0,32.43
2025-08-27,GDXU,91.0,109.11
2025-08-27,SOXL,45.0,28.153
2025-08-27,TQQQ,61.0,45.14
2025-08-27,UPRO,65.0,101.397
2025-08-27,YINN,39.0,43.09
2025-08-28,CONL,-37.0,32.11
2025-08-28,GDXU,89.0,107.77
2025-08-28,SOXL,52.0,28.503
2025-08-28,TQQQ,67.0,45.963
2025-08-28,UPRO,70.0,102.466
2025-08-28,YINN,67.0,44.193
2025-08-29,CONL,-45.0,31.51
2025-08-29,GDXU,97.0,117.95
2025-08-29,SOXL,14.0,26.015
2025-08-29,TQQQ,40.0,44.307
2025-08-29,UPRO,66.0,100.517
2025-08-29,YINN,70.0,45.287
2025-09-01,CONL,-49.0,31.51
2025-09-01,GDXU,97.0,117.95
2025-09-01,SOXL,12.0,26.04
2025-09-01,TQQQ,41.0,89.36
2025-09-01,UPRO,67.0,101.63
2025-09-01,YINN,72.0,46.8
2025-09-02,CONL,-45.0,31.29
2025-09-02,GDXU,97.0,128.06
2025-09-02,SOXL,-10.0,25.226
2025-09-02,TQQQ,30.0,43.176
2025-09-02,UPRO,35.0,98.292
2025-09-02,YINN,73.0,46.409
2025-09-03,CONL,-36.0,30.95
2025-09-03,GDXU,97.0,130.54
2025-09-03,SOXL,-15.0,24.886
2025-09-03,TQQQ,25.0,44.183
2025-09-03,UPRO,50.0,99.766
2025-09-03,YINN,71.0,45.258
2025-09-04,CONL,-46.0,31.84
2025-09-04,GDXU,97.0,126.44
2025-09-04,SOXL,-11.0,25.626
2025-09-04,TQQQ,24.0,45.378
2025-09-04,UPRO,50.0,102.248
2025-09-04,YINN,39.0,43.264
2025-09-05,CONL,-58.0,30.23
2025-09-05,GDXU,97.0,136.69
2025-09-05,SOXL,-3.0,26.425
2025-09-05,TQQQ,46.0,45.527
2025-09-05,UPRO,50.0,101.259
2025-09-05,YINN,67.0,44.948
2025-09-08,CONL,-46.0,30.85
2025-09-08,GDXU,97.0,142.98
2025-09-08,SOXL,25.0,27.054
2025-09-08,TQQQ,51.0,46.176
2025-09-08,UPRO,53.0,102.021
2025-09-08,YINN,75.0,46.874
2025-09-09,CONL,-16.0,34.22
2025-09-09,GDXU,97.0,140.02
2025-09-09,SOXL,21.0,27.154
2025-09-09,TQQQ,47.0,46.553
2025-09-09,UPRO,50.0,102.723
2025-09-09,YINN,80.0,48.654
2025-09-10,CONL,-3.0,33.52
2025-09-10,GDXU,98.0,150.3
2025-09-10,SOXL,35.0,28.573
2025-09-10,TQQQ,51.0,46.602
2025-09-10,UPRO,53.0,103.593
2025-09-10,YINN,79.0,47.803
2025-09-11,CONL,2.0,35.32
2025-09-11,GDXU,99.0,159.21
2025-09-11,SOXL,40.0,29.142
2025-09-11,TQQQ,53.0,47.386
2025-09-11,UPRO,56.0,106.105
2025-09-11,YINN,84.0,51.431
2025-09-12,CONL,9.0,35.08
2025-09-12,GDXU,99.0,159.18
2025-09-12,SOXL,44.0,29.272
2025-09-12,TQQQ,56.0,47.976
2025-09-12,UPRO,59.0,105.908
2025-09-12,YINN,82.0,50.502
2025-09-15,CONL,8.0,35.88
2025-09-15,GDXU,100.0,164.67
2025-09-15,SOXL,49.0,29.972
2025-09-15,TQQQ,62.0,49.201
2025-09-15,UPRO,63.0,107.54
2025-09-15,YINN,85.0,51.49
2025-09-16,CONL,7.0,36.1
2025-09-16,GDXU,100.0,153.38
2025-09-16,SOXL,51.0,30.451
2025-09-16,TQQQ,61.0,49.067
2025-09-16,UPRO,62.0,107.065
2025-09-16,YINN,86.0,52.544
2025-09-17,CONL,3.0,34.47
2025-09-17,GDXU,97.0,150.06
2025-09-17,SOXL,54.0,30.441
2025-09-17,TQQQ,59.0,48.754
2025-09-17,UPRO,62.0,106.679
2025-09-17,YINN,90.0,54.78
2025-09-18,CONL,23.0,39.2
2025-09-18,GDXU,89.0,149.87
2025-09-18,SOXL,78.0,33.608
2025-09-18,TQQQ,69.0,50.068
2025-09-18,UPRO,69.0,108.153
2025-09-18,YINN,85.0,52.738
2025-09-19,CONL,25.0,39.14
2025-09-19,GDXU,100.0,173.37
2025-09-19,SOXL,70.0,32.989
2025-09-19,TQQQ,66.0,51.06
2025-09-19,UPRO,67.0,109.597
2025-09-19,YINN,86.0,52.041
2025-09-22,CONL,2.0,36.63
2025-09-22,GDXU,100.0,188.11
2025-09-22,SOXL,76.0,34.397
2025-09-22,TQQQ,68.0,51.923
2025-09-22,UPRO,69.0,111.159
2025-09-22,YINN,82.0,50.928
2025-09-23,CONL,-1.0,34.05
2025-09-23,GDXU,100.0,187.14
2025-09-23,SOXL,79.0,34.278
2025-09-23,TQQQ,69.0,50.876
2025-09-23,UPRO,70.0,109.389
2025-09-23,YINN,81.0,48.916
2025-09-24,CONL,-8.0,34.37
2025-09-24,GDXU,99.0,172.86
2025-09-24,SOXL,69.0,34.178
2025-09-24,TQQQ,60.0,50.329
2025-09-24,UPRO,62.0,108.255
2025-09-24,YINN,84.0,50.502
2025-09-25,CONL,-40.0,31.17
2025-09-25,GDXU,95.0,179.09
2025-09-25,SOXL,63.0,33.828
2025-09-25,TQQQ,54.0,49.654
2025-09-25,UPRO,55.0,106.709
2025-09-25,YINN,83.0,50.861
2025-09-26,CONL,-68.0,32.32
2025-09-26,GDXU,100.0,190.5
2025-09-26,SOXL,60.0,33.998
2025-09-26,TQQQ,51.0,50.25
2025-09-26,UPRO,54.0,108.433
2025-09-26,YINN,80.0,49.661
2025-09-29,CONL,5.0,36.66
2025-09-29,GDXU,100.0,199.03
2025-09-29,SOXL,62.0,33.998
2025-09-29,TQQQ,53.0,50.92
2025-09-29,UPRO,55.0,109.325
2025-09-29,YINN,83.0,51.906
2025-09-30,CONL,7.0,37.4
2025-09-30,GDXU,100.0,204.88
2025-09-30,SOXL,56.0,34.817
2025-09-30,TQQQ,49.0,51.317
2025-09-30,UPRO,51.0,110.485
2025-09-30,YINN,84.0,52.535
2025-10-01,CONL,25.0,39.3
2025-10-01,GDXU,100.0,210.08
2025-10-01,SOXL,60.0,36.836
2025-10-01,TQQQ,53.0,52.042
2025-10-01,UPRO,55.0,111.684
2025-10-01,YINN,84.0,53.386
2025-10-02,CONL,52.0,45.15
2025-10-02,GDXU,91.0,209.0
2025-10-02,SOXL,66.0,39.054
2025-10-02,TQQQ,53.0,52.677
2025-10-02,UPRO,53.0,111.991
2025-10-02,YINN,87.0,54.789
2025-10-03,CONL,57.0,47.09
2025-10-03,GDXU,100.0,209.0
2025-10-03,SOXL,75.0,38.205
2025-10-03,TQQQ,61.0,51.962
2025-10-03,UPRO,62.0,111.862
2025-10-03,YINN,84.0,53.57
2025-10-06,CONL,70.0,48.79
2025-10-06,GDXU,100.0,229.377
2025-10-06,SOXL,75.0,41.683
2025-10-06,TQQQ,61.0,53.124
2025-10-06,UPRO,61.0,113.081
2025-10-06,YINN,83.0,53.464
2025-10-07,CONL,59.0,42.992
2025-10-07,GDXU,95.0,210.44
2025-10-07,SOXL,66.0,38.805
2025-10-07,TQQQ,56.0,52.265
2025-10-07,UPRO,56.0,111.813
2025-10-07,YINN,58.0,51.673
2025-10-08,CONL,57.0,47.712
2025-10-08,GDXU,100.0,227.46
2025-10-08,SOXL,71.0,42.752
2025-10-08,TQQQ,57.0,54.037
2025-10-08,UPRO,57.0,113.745
2025-10-08,YINN,56.0,52.06
2025-10-09,CONL,72.0,49.47
2025-10-09,GDXU,91.0,209.33
2025-10-09,SOXL,64.0,42.212
2025-10-09,TQQQ,52.0,53.823
2025-10-09,UPRO,51.0,112.764
2025-10-09,YINN,55.0,50.009
2025-10-10,CONL,53.0,44.31
2025-10-10,GDXU,86.0,201.495
2025-10-10,SOXL,40.0,34.188
2025-10-10,TQQQ,15.0,48.176
2025-10-10,UPRO,15.0,103.548
2025-10-10,YINN,38.0,42.016
2025-10-13,CONL,-23.0,39.734
2025-10-13,GDXU,96.0,224.77
2025-10-13,SOXL,34.0,39.114
2025-10-13,TQQQ,6.0,51.233
2025-10-13,UPRO,6.0,108.255
2025-10-13,YINN,46.0,45.674
2025-10-14,CONL,-28.0,39.015
2025-10-14,GDXU,93.0,223.61
2025-10-14,SOXL,26.0,36.606
2025-10-14,TQQQ,2.0,50.19
2025-10-14,UPRO,2.0,107.779
2025-10-14,YINN,43.0,45.384
2025-10-15,CONL,-42.0,37.338
2025-10-15,GDXU,99.0,241.99
2025-10-15,SOXL,36.0,39.954
2025-10-15,TQQQ,10.0,51.218
2025-10-15,UPRO,8.0,109.157
2025-10-15,YINN,47.0,46.661
2025-10-16,CONL,-54.0,36.275
2025-10-16,GDXU,100.0,273.198
2025-10-16,SOXL,36.0,40.543
2025-10-16,TQQQ,25.0,50.647
2025-10-16,UPRO,3.0,106.957
2025-10-16,YINN,50.0,47.338
2025-10-17,CONL,-69.0,34.025
2025-10-17,GDXU,76.0,209.085
2025-10-17,SOXL,24.0,40.264
2025-10-17,TQQQ,-4.0,51.61
2025-10-17,UPRO,-6.0,108.651
2025-10-17,YINN,48.0,47.29
2025-10-20,CONL,-36.0,39.37
2025-10-20,GDXU,88.0,228.52
2025-10-20,SOXL,39.0,42.212
2025-10-20,TQQQ,29.0,53.545
2025-10-20,UPRO,26.0,112.031
2025-10-20,YINN,52.0,49.003
2025-10-21,CONL,-39.0,37.68
2025-10-21,GDXU,-9.0,161.57
2025-10-21,SOXL,34.0,41.483
2025-10-21,TQQQ,27.0,53.486
2025-10-21,UPRO,24.0,112.001
2025-10-21,YINN,48.0,46.98
2025-10-22,CONL,-74.0,31.72
2025-10-22,GDXU,-19.0,162.83
2025-10-22,SOXL,21.0,38.365
2025-10-22,TQQQ,20.0,51.913
2025-10-22,UPRO,19.0,110.227
2025-10-22,YINN,46.0,46.274
2025-10-23,CONL,-71.0,33.06
2025-10-23,GDXU,-4.0,167.64
2025-10-23,SOXL,28.0,41.143
2025-10-23,TQQQ,23.0,53.213
2025-10-23,UPRO,21.0,112.08
2025-10-23,YINN,50.0,48.645
2025-10-24,CONL,-46.0,37.87
2025-10-24,GDXU,-8.0,161.07
2025-10-24,SOXL,40.0,43.112
2025-10-24,TQQQ,33.0,54.871
2025-10-24,UPRO,31.0,114.716
2025-10-24,YINN,50.0,49.109
2025-10-27,CONL,18.0,41.63
2025-10-27,GDXU,-37.0,141.85
2025-10-27,SOXL,50.0,46.809
2025-10-27,TQQQ,41.0,57.784
2025-10-27,UPRO,37.0,118.819
2025-10-27,YINN,74.0,50.986
2025-10-28,CONL,13.0,40.88
2025-10-28,GDXU,-28.0,148.55
2025-10-28,SOXL,52.0,46.929
2025-10-28,TQQQ,45.0,59.104
2025-10-28,UPRO,40.0,119.691
2025-10-28,YINN,71.0,50.183
2025-10-29,CONL,-22.0,38.215
2025-10-29,GDXU,-21.0,149.27
2025-10-29,SOXL,62.0,49.348
2025-10-29,TQQQ,52.0,59.858
2025-10-29,UPRO,46.0,119.82
2025-10-29,YINN,75.0,50.541
2025-10-30,CONL,-55.0,35.515
2025-10-30,GDXU,-20.0,159.42
2025-10-30,SOXL,54.0,47.359
2025-10-30,TQQQ,46.0,57.119
2025-10-30,UPRO,42.0,115.975
2025-10-30,YINN,49.0,47.551
2025-10-31,CONL,-17.0,39.9
2025-10-31,GDXU,-20.0,153.85
2025-10-31,SOXL,51.0,47.749
2025-10-31,TQQQ,42.0,57.928
2025-10-31,UPRO,37.0,116.876
2025-10-31,YINN,40.0,45.974
2025-11-03,CONL,-53.0,33.89
2025-11-03,GDXU,-27.0,148.17
2025-11-03,SOXL,55.0,48.548
2025-11-03,TQQQ,46.0,58.722
2025-11-03,UPRO,41.0,117.61
2025-11-03,YINN,41.0,46.351
2025-11-04,CONL,-80.0,31.37
2025-11-04,GDXU,-43.0,128.7
2025-11-04,SOXL,26.0,42.772
2025-11-04,TQQQ,21.0,55.129
2025-11-04,UPRO,18.0,113.428
2025-11-04,YINN,38.0,44.774
2025-11-05,CONL,-81.0,31.18
2025-11-05,GDXU,-40.0,140.71
2025-11-05,SOXL,26.0,46.799
2025-11-05,TQQQ,20.0,56.201
2025-11-05,UPRO,17.0,114.419
2025-11-05,YINN,40.0,46.042
2025-11-06,CONL,-85.0,28.145
2025-11-06,GDXU,-30.0,142.4
2025-11-06,SOXL,23.0,42.982
2025-11-06,TQQQ,-1.0,53.049
2025-11-06,UPRO,-3.0,110.752
2025-11-06,YINN,47.0,47.348
2025-11-07,CONL,-92.0,25.61
2025-11-07,GDXU,-34.0,152.7
2025-11-07,SOXL,-16.0,41.713
2025-11-07,TQQQ,-11.0,52.498
2025-11-07,UPRO,-9.0,111.04
2025-11-07,YINN,37.0,46.574
2025-11-10,CONL,-80.0,29.9
2025-11-10,GDXU,9.0,174.73
2025-11-10,SOXL,24.0,44.931
2025-11-10,TQQQ,21.0,55.938
2025-11-10,UPRO,20.0,116.064
2025-11-10,YINN,69.0,49.322
2025-11-11,CONL,-85.0,29.55
2025-11-11,GDXU,10.0,178.51
2025-11-11,SOXL,-4.0,41.783
2025-11-11,TQQQ,-3.0,55.476
2025-11-11,UPRO,19.0,116.867
2025-11-11,YINN,70.0,49.351
2025-11-12,CONL,-89.0,27.87
2025-11-12,GDXU,62.0,197.04
2025-11-12,SOXL,8.0,43.681
2025-11-12,TQQQ,6.0,55.362
2025-11-12,UPRO,29.0,117.065
2025-11-12,YINN,70.0,49.883
2025-11-13,CONL,-94.0,25.985
2025-11-13,GDXU,61.0,180.76
2025-11-13,SOXL,-7.0,39.194
2025-11-13,TQQQ,-3.0,51.942
2025-11-13,UPRO,0.0,111.238
2025-11-13,YINN,70.0,48.886
2025-11-14,CONL,-95.0,24.43
2025-11-14,GDXU,37.0,174.53
2025-11-14,SOXL,-14.0,38.835
2025-11-14,TQQQ,-10.0,51.982
2025-11-14,UPRO,-10.0,111.069
2025-11-14,YINN,67.0,47.019
2025-11-17,CONL,-96.0,20.97
2025-11-17,GDXU,41.0,165.77
2025-11-17,SOXL,-20.0,36.816
2025-11-17,TQQQ,-11.0,50.647
2025-11-17,UPRO,-10.0,107.928
2025-11-17,YINN,41.0,45.355
2025-11-18,CONL,-97.0,20.6
2025-11-18,GDXU,26.0,169.55
2025-11-18,SOXL,-43.0,34.328
2025-11-18,TQQQ,-22.0,48.816
2025-11-18,UPRO,-16.0,105.232
2025-11-18,YINN,29.0,44.832
2025-11-19,CONL,-97.0,19.9
2025-11-19,GDXU,51.0,174.8
2025-11-19,SOXL,-32.0,35.936
2025-11-19,TQQQ,-15.0,49.654
2025-11-19,UPRO,-15.0,106.352
2025-11-19,YINN,26.0,43.497
2025-11-20,CONL,-98.0,16.93
2025-11-20,GDXU,47.0,152.42
2025-11-20,SOXL,-22.0,30.79
2025-11-20,TQQQ,-52.0,46.106
2025-11-20,UPRO,-11.0,101.457
2025-11-20,YINN,26.0,41.648
2025-11-21,CONL,-99.0,17.25
2025-11-21,GDXU,-15.0,155.02
2025-11-21,SOXL,-57.0,31.709
2025-11-21,TQQQ,-34.0,47.128
2025-11-21,UPRO,-18.0,104.43
2025-11-21,YINN,10.0,42.055
2025-11-24,CONL,-99.0,19.42
2025-11-24,GDXU,35.0,181.93
2025-11-24,SOXL,-36.0,35.837
2025-11-24,TQQQ,-16.0,50.702
2025-11-24,UPRO,-13.0,109.018
2025-11-24,YINN,28.0,44.106
2025-11-25,CONL,-99.0,19.15
2025-11-25,GDXU,47.0,182.24
2025-11-25,SOXL,-43.0,36.146
2025-11-25,TQQQ,-15.0,51.625
2025-11-25,UPRO,-11.0,112.001
2025-11-25,YINN,34.0,44.938
2025-11-26,CONL,-99.0,20.76
2025-11-26,GDXU,74.0,208.55
2025-11-26,SOXL,-17.0,39.164
2025-11-26,TQQQ,-9.0,52.975
2025-11-26,UPRO,14.0,114.28
2025-11-26,YINN,32.0,44.116
2025-11-27,CONL,-99.0,20.76
2025-11-27,GDXU,85.0,208.55
2025-11-27,SOXL,-14.0,39.19
2025-11-27,TQQQ,12.0,53.37
2025-11-27,UPRO,14.0,115.32
2025-11-27,YINN,31.0,45.59
2025-11-28,CONL,-93.0,21.97
2025-11-28,GDXU,89.0,223.83
2025-11-28,SOXL,12.0,41.233
2025-11-28,TQQQ,15.0,54.136
2025-11-28,UPRO,16.0,116.074
2025-11-28,YINN,35.0,44.609
2025-12-01,CONL,-99.0,19.9
2025-12-01,GDXU,89.0,219.44
2025-12-01,SOXL,15.0,41.283
2025-12-01,TQQQ,15.0,53.65
2025-12-01,UPRO,16.0,114.449
2025-12-01,YINN,36.0,45.064
2025-12-02,CONL,-96.0,20.36
2025-12-02,GDXU,67.0,210.75
2025-12-02,SOXL,23.0,43.771
2025-12-02,TQQQ,20.0,54.89
2025-12-02,UPRO,19.0,115.023
2025-12-02,YINN,32.0,44.435
2025-12-03,CONL,-84.0,22.48
2025-12-03,GDXU,90.0,207.32
2025-12-03,SOXL,26.0,46.55
2025-12-03,TQQQ,20.0,55.278
2025-12-03,UPRO,19.0,116.153
2025-12-03,YINN,27.0,43.526
2025-12-04,CONL,-58.0,22.02
2025-12-04,GDXU,73.0,208.95
2025-12-04,SOXL,42.0,45.13
2025-12-04,TQQQ,35.0,55.099
2025-12-04,UPRO,34.0,116.46
2025-12-04,YINN,32.0,43.864
2025-12-05,CONL,-80.0,21.27
2025-12-05,GDXU,89.0,207.08
2025-12-05,SOXL,50.0,46.47
2025-12-05,TQQQ,41.0,55.734
2025-12-05,UPRO,40.0,116.966
2025-12-05,YINN,63.0,45.693
2025-12-08,CONL,-81.0,21.98
2025-12-08,GDXU,63.0,192.61
2025-12-08,SOXL,42.0,47.959
2025-12-08,TQQQ,32.0,55.387
2025-12-08,UPRO,30.0,115.895
2025-12-08,YINN,32.0,44.251
2025-12-09,CONL,-48.0,22.47
2025-12-09,GDXU,70.0,213.31
2025-12-09,SOXL,41.0,47.759
2025-12-09,TQQQ,30.0,55.595
2025-12-09,UPRO,28.0,115.558
2025-12-09,YINN,20.0,42.113
2025-12-10,CONL,-56.0,22.11
2025-12-10,GDXU,77.0,223.96
2025-12-10,SOXL,36.0,49.618
2025-12-10,TQQQ,26.0,56.23
2025-12-10,UPRO,25.0,117.778
2025-12-10,YINN,27.0,42.974
2025-12-11,CONL,-78.0,21.11
2025-12-11,GDXU,94.0,247.43
2025-12-11,SOXL,43.0,48.758
2025-12-11,TQQQ,35.0,55.694
2025-12-11,UPRO,36.0,118.482
2025-12-11,YINN,27.0,43.264
2025-12-12,CONL,-51.0,20.85
2025-12-12,GDXU,95.0,243.22
2025-12-12,SOXL,42.0,41.683
2025-12-12,TQQQ,39.0,52.429
2025-12-12,UPRO,41.0,114.676
2025-12-12,YINN,29.0,42.897
2025-12-15,CONL,-88.0,18.19
2025-12-15,GDXU,93.0,234.78
2025-12-15,SOXL,33.0,41.153
2025-12-15,TQQQ,11.0,51.635
2025-12-15,UPRO,35.0,114.141
2025-12-15,YINN,23.0,41.735
2025-12-16,CONL,-87.0,18.47
2025-12-16,GDXU,92.0,235.98
2025-12-16,SOXL,17.0,40.463
2025-12-16,TQQQ,17.0,51.942
2025-12-16,UPRO,41.0,113.17
2025-12-16,YINN,12.0,40.468
2025-12-17,CONL,-90.0,17.27
2025-12-17,GDXU,91.0,244.05
2025-12-17,SOXL,0.0,35.986
2025-12-17,TQQQ,12.0,49.034
2025-12-17,UPRO,18.0,109.395
2025-12-17,YINN,19.0,40.236
2025-12-18,CONL,-91.0,16.54
2025-12-18,GDXU,92.0,241.96
2025-12-18,SOXL,9.0,38.555
2025-12-18,TQQQ,13.0,51.128
2025-12-18,UPRO,39.0,111.842
2025-12-18,YINN,24.0,41.358
2025-12-19,CONL,-97.0,17.35
2025-12-19,GDXU,97.0,260.55
2025-12-19,SOXL,12.0,41.693
2025-12-19,TQQQ,13.0,53.124
2025-12-19,UPRO,38.0,114.766
2025-12-19,YINN,25.0,42.519
2025-12-22,CONL,-89.0,17.74
2025-12-22,GDXU,99.0,288.4
2025-12-22,SOXL,47.0,43.232
2025-12-22,TQQQ,47.0,53.848
2025-12-22,UPRO,50.0,116.837
2025-12-22,YINN,25.0,42.664
2025-12-23,CONL,-97.0,16.93
2025-12-23,GDXU,99.0,289.5
2025-12-23,SOXL,46.0,43.671
2025-12-23,TQQQ,48.0,54.603
2025-12-23,UPRO,52.0,118.432
2025-12-23,YINN,22.0,42.274
2025-12-24,CONL,-97.0,16.55
2025-12-24,GDXU,95.0,282.97
2025-12-24,SOXL,51.0,44.181
2025-12-24,TQQQ,52.0,55.036
2025-12-24,UPRO,56.0,119.575
2025-12-24,YINN,25.0,42.361
2025-12-25,CONL,-97.0,16.55
2025-12-25,GDXU,99.0,282.97
2025-12-25,SOXL,52.0,44.21
2025-12-25,TQQQ,52.0,55.36
2025-12-25,UPRO,56.0,120.32
2025-12-25,YINN,25.0,43.67
2025-12-26,CONL,-97.0,16.14
2025-12-26,GDXU,99.0,298.69
2025-12-26,SOXL,50.0,44.181
2025-12-26,TQQQ,49.0,54.986
2025-12-26,UPRO,53.0,119.486
2025-12-26,YINN,51.0,43.564
2025-12-29,CONL,-97.0,15.69
2025-12-29,GDXU,80.0,245.68
2025-12-29,SOXL,19.0,43.791
2025-12-29,TQQQ,20.0,54.171
2025-12-29,UPRO,46.0,118.184
2025-12-29,YINN,19.0,42.041
2025-12-30,CONL,-97.0,15.4
2025-12-30,GDXU,86.0,252.28
2025-12-30,SOXL,42.0,43.641
2025-12-30,TQQQ,41.0,53.783
2025-12-30,UPRO,47.0,117.707
2025-12-30,YINN,25.0,42.584
2025-12-31,CONL,-97.0,14.65
2025-12-31,GDXU,83.0,243.66
2025-12-31,SOXL,16.0,42.002
2025-12-31,TQQQ,17.0,52.411
2025-12-31,UPRO,42.0,115.044
2025-12-31,YINN,18.0,41.313
2026-01-01,CONL,-97.0,14.65
2026-01-01,GDXU,79.0,243.66
2026-01-01,SOXL,10.0,42.03
2026-01-01,TQQQ,11.0,52.72
2026-01-01,UPRO,17.0,115.76
2026-01-01,YINN,19.0,42.59
2026-01-02,CONL,-93.0,15.98
2026-01-02,GDXU,56.0,242.06
2026-01-02,SOXL,40.0,47.209
2026-01-02,TQQQ,12.0,52.043
2026-01-02,UPRO,18.0,115.61
2026-01-02,YINN,64.0,46.289
2026-01-05,CONL,-56.0,18.45
2026-01-05,GDXU,88.0,265.0
2026-01-05,SOXL,53.0,49.188
2026-01-05,TQQQ,38.0,53.286
2026-01-05,UPRO,44.0,117.856
2026-01-05,YINN,62.0,46.561
2026-01-06,CONL,-55.0,17.82
2026-01-06,GDXU,91.0,296.82
2026-01-06,SOXL,66.0,53.975
2026-01-06,TQQQ,48.0,54.688
2026-01-06,UPRO,54.0,119.903
2026-01-06,YINN,73.0,46.61
2026-01-07,CONL,-65.0,17.17
2026-01-07,GDXU,85.0,286.31
2026-01-07,SOXL,60.0,52.256
2026-01-07,TQQQ,46.0,54.847
2026-01-07,UPRO,51.0,118.77
2026-01-07,YINN,60.0,44.262
2026-01-08,CONL,-78.0,17.08
2026-01-08,GDXU,86.0,290.34
2026-01-08,SOXL,47.0,49.618
2026-01-08,TQQQ,38.0,53.872
2026-01-08,UPRO,43.0,118.621
2026-01-08,YINN,58.0,44.67
2026-01-09,CONL,-84.0,16.42
2026-01-09,GDXU,93.0,299.13
2026-01-09,SOXL,61.0,53.915
2026-01-09,TQQQ,44.0,55.433
2026-01-09,UPRO,48.0,120.897
2026-01-09,YINN,56.0,44.437
2026-01-12,CONL,-77.0,16.71
2026-01-12,GDXU,99.0,330.0
2026-01-12,SOXL,70.0,54.614
2026-01-12,TQQQ,52.0,55.562
2026-01-12,UPRO,56.0,121.473
2026-01-12,YINN,76.0,48.831
2026-01-13,CONL,-49.0,18.02
2026-01-13,GDXU,99.0,335.55
2026-01-13,SOXL,72.0,56.033
2026-01-13,TQQQ,53.0,55.274
2026-01-13,UPRO,57.0,120.678
2026-01-13,YINN,76.0,47.434
2026-01-14,CONL,-11.0,18.45
2026-01-14,GDXU,99.0,339.55
2026-01-14,SOXL,66.0,55.344
2026-01-14,TQQQ,28.0,53.515
2026-01-14,UPRO,53.0,118.929
2026-01-14,YINN,70.0,46.61
2026-01-15,CONL,-32.0,16.09
2026-01-15,GDXU,97.0,341.86
2026-01-15,SOXL,83.0,58.042
2026-01-15,TQQQ,63.0,54.061
2026-01-15,UPRO,67.0,119.794
2026-01-15,YINN,70.0,46.522
2026-01-16,CONL,-53.0,16.3
2026-01-16,GDXU,92.0,345.0
2026-01-16,SOXL,79.0,60.71
2026-01-16,TQQQ,36.0,53.823
2026-01-16,UPRO,62.0,119.386
2026-01-16,YINN,34.0,43.971
2026-01-19,CONL,-56.0,16.3
2026-01-19,GDXU,98.0,345.0
2026-01-19,SOXL,80.0,60.75
2026-01-19,TQQQ,37.0,54.14
2026-01-19,UPRO,63.0,120.13
2026-01-19,YINN,36.0,45.33
2026-01-20,CONL,-81.0,14.5
2026-01-20,GDXU,99.0,392.44
2026-01-20,SOXL,67.0,57.902
2026-01-20,TQQQ,20.0,50.433
2026-01-20,UPRO,27.0,112.082
2026-01-20,YINN,34.0,42.623
2026-01-21,CONL,-90.0,14.39
2026-01-21,GDXU,99.0,402.476
2026-01-21,SOXL,66.0,63.438
2026-01-21,TQQQ,20.0,52.421
2026-01-21,UPRO,25.0,115.868
2026-01-21,YINN,39.0,44.078
2026-01-22,CONL,-94.0,13.88
2026-01-22,GDXU,99.0,430.707
2026-01-22,SOXL,68.0,63.678
2026-01-22,TQQQ,22.0,53.584
2026-01-22,UPRO,27.0,117.667
2026-01-22,YINN,62.0,44.427
2026-01-23,CONL,-96.0,13.1
2026-01-23,GDXU,99.0,450.69
2026-01-23,SOXL,68.0,61.56
2026-01-23,TQQQ,46.0,54.061
2026-01-23,UPRO,50.0,117.687
2026-01-23,YINN,35.0,44.291
2026-01-26,CONL,-97.0,12.67
2026-01-26,GDXU,99.0,513.36
2026-01-26,SOXL,66.0,60.66
2026-01-26,TQQQ,50.0,54.757
2026-01-26,UPRO,54.0,119.486
2026-01-26,YINN,38.0,44.32
2026-01-27,CONL,-92.0,12.36
2026-01-27,GDXU,99.0,449.38
2026-01-27,SOXL,80.0,64.917
2026-01-27,TQQQ,60.0,56.209
2026-01-27,UPRO,63.0,120.917
2026-01-27,YINN,66.0,46.037
2026-01-28,CONL,-93.0,12.18
2026-01-28,GDXU,99.0,497.81
2026-01-28,SOXL,85.0,70.044
2026-01-28,TQQQ,66.0,56.726
2026-01-28,UPRO,67.0,120.847
2026-01-28,YINN,74.0,47.871
2026-01-29,CONL,-97.0,11.0
2026-01-29,GDXU,95.0,421.335
2026-01-29,SOXL,66.0,70.424
2026-01-29,TQQQ,29.0,55.712
2026-01-29,UPRO,32.0,119.993
2026-01-29,YINN,72.0,48.899
2026-01-30,CONL,-98.0,10.5
2026-01-30,GDXU,30.0,356.89
2026-01-30,SOXL,70.0,61.75
2026-01-30,TQQQ,53.0,53.684
2026-01-30,UPRO,55.0,118.87
2026-01-30,YINN,44.0,44.737
2026-02-02,CONL,-98.0,9.75
2026-02-02,GDXU,-32.0,269.28
2026-02-02,SOXL,71.0,65.157
2026-02-02,TQQQ,57.0,54.777
2026-02-02,UPRO,60.0,120.678
2026-02-02,YINN,32.0,43.118
2026-02-03,CONL,-98.0,8.89
2026-02-03,GDXU,1.0,324.375
2026-02-03,SOXL,46.0,61.16
2026-02-03,TQQQ,14.0,52.212
2026-02-03,UPRO,40.0,117.518
2026-02-03,YINN,25.0,41.711
2026-02-04,CONL,-98.0,7.79
2026-02-04,GDXU,-9.0,306.53
2026-02-04,SOXL,12.0,53.155
2026-02-04,TQQQ,9.0,49.468
2026-02-04,UPRO,17.0,115.769
2026-02-04,YINN,18.0,40.266
2026-02-05,CONL,-98.0,5.72
2026-02-05,GDXU,-36.0,262.4
2026-02-05,SOXL,-14.0,53.215
2026-02-05,TQQQ,-18.0,47.361
2026-02-05,UPRO,-2.0,111.337
2026-02-05,YINN,17.0,40.013
2026-02-06,CONL,-98.0,7.16
2026-02-06,GDXU,-23.0,293.4
2026-02-06,SOXL,12.0,61.71
2026-02-06,TQQQ,-3.0,50.293
2026-02-06,UPRO,9.0,117.747
2026-02-06,YINN,27.0,43.108
2026-02-09,CONL,-98.0,7.35
2026-02-09,GDXU,14.0,342.5
2026-02-09,SOXL,48.0,63.988
2026-02-09,TQQQ,12.0,51.437
2026-02-09,UPRO,40.0,119.396
2026-02-09,YINN,36.0,43.67
2026-02-10,CONL,-98.0,6.92
2026-02-10,GDXU,15.0,354.0
2026-02-10,SOXL,50.0,63.299
2026-02-10,TQQQ,16.0,50.721
2026-02-10,UPRO,44.0,118.413
2026-02-10,YINN,39.0,44.097
2026-02-11,CONL,-98.0,6.1
2026-02-11,GDXU,23.0,383.43
2026-02-11,SOXL,51.0,68.005
2026-02-11,TQQQ,13.0,51.099
2026-02-11,UPRO,40.0,118.263
2026-02-11,YINN,32.0,43.903
2026-02-12,CONL,-98.0,5.44
2026-02-12,GDXU,37.0,298.0
2026-02-12,SOXL,54.0,63.059
2026-02-12,TQQQ,12.0,47.977
2026-02-12,UPRO,20.0,112.788
2026-02-12,YINN,28.0,41.158
2026-02-13,CONL,-98.0,6.79
2026-02-13,GDXU,8.0,347.25
2026-02-13,SOXL,36.0,64.548
2026-02-13,TQQQ,-9.0,48.186
2026-02-13,UPRO,3.0,112.807
2026-02-13,YINN,19.0,40.149
2026-02-16,CONL,-98.0,6.83
2026-02-16,GDXU,14.0,347.25
2026-02-16,SOXL,36.0,64.59
2026-02-16,TQQQ,-8.0,48.47
2026-02-16,UPRO,3.0,113.51
2026-02-16,YINN,17.0,41.39
2026-02-17,CONL,-98.0,7.04
2026-02-17,GDXU,-27.0,308.75
2026-02-17,SOXL,7.0,64.308
2026-02-17,TQQQ,-17.0,48.067
2026-02-17,UPRO,-2.0,113.354
2026-02-17,YINN,16.0,40.712
2026-02-18,CONL,-99.0,7.49
2026-02-18,GDXU,8.0,329.49
2026-02-18,SOXL,47.0,66.247
2026-02-18,TQQQ,6.0,49.101
2026-02-18,UPRO,12.0,115.053
2026-02-18,YINN,25.0,41.304
2026-02-19,CONL,-99.0,6.73
2026-02-19,GDXU,12.0,349.22
2026-02-19,SOXL,37.0,65.187
2026-02-19,TQQQ,-4.0,48.544
2026-02-19,UPRO,5.0,114.179
2026-02-19,YINN,20.0,40.896
2026-02-20,CONL,-96.0,7.56
2026-02-20,GDXU,13.0,372.15
2026-02-20,SOXL,45.0,67.066
2026-02-20,TQQQ,4.0,49.767
2026-02-20,UPRO,10.0,116.514
2026-02-20,YINN,21.0,41.459
2026-02-23,CONL,-99.0,6.725
2026-02-23,GDXU,74.0,410.84
2026-02-23,SOXL,36.0,65.817
2026-02-23,TQQQ,-8.0,47.957
2026-02-23,UPRO,2.0,112.957
2026-02-23,YINN,24.0,41.08
2026-02-24,CONL,-99.0,6.21
2026-02-24,GDXU,79.0,417.69
2026-02-24,SOXL,45.0,68.485
2026-02-24,TQQQ,0.0,49.488
2026-02-24,UPRO,5.0,115.352
2026-02-24,YINN,15.0,40.081
2026-02-25,CONL,-55.0,7.89
2026-02-25,GDXU,91.0,421.99
2026-02-25,SOXL,52.0,71.813
2026-02-25,TQQQ,30.0,51.566
2026-02-25,UPRO,32.0,118.214
2026-02-25,YINN,11.0,40.285
2026-02-26,CONL,-43.0,8.345
2026-02-26,GDXU,91.0,457.2
2026-02-26,SOXL,41.0,65.297
2026-02-26,TQQQ,5.0,49.757
2026-02-26,UPRO,10.0,116.256
2026-02-26,YINN,-2.0,37.035
2026-02-27,CONL,-53.0,7.65
2026-02-27,GDXU,91.0,480.06
2026-02-27,SOXL,16.0,62.729
2026-02-27,TQQQ,2.0,49.23
2026-02-27,UPRO,6.0,114.596
2026-02-27,YINN,-2.0,36.725
2026-03-02,CONL,-37.0,8.26
2026-03-02,GDXU,91.0,471.91
2026-03-02,SOXL,11.0,62.719
2026-03-02,TQQQ,0.0,49.409
2026-03-02,UPRO,4.0,114.606
2026-03-02,YINN,-12.0,35.513
2026-03-03,CONL,-46.0,7.72
2026-03-03,GDXU,11.0,348.91
2026-03-03,SOXL,-22.0,53.385
2026-03-03,TQQQ,-28.0,47.818
2026-03-03,UPRO,-15.0,111.545
2026-03-03,YINN,-30.0,33.097
2026-03-04,CONL,-36.0,10.49
2026-03-04,GDXU,25.0,354.22
2026-03-04,SOXL,2.0,56.583
2026-03-04,TQQQ,21.0,49.965
2026-03-04,UPRO,1.0,113.901
2026-03-04,YINN,-21.0,33.534
2026-03-05,CONL,-35.0,10.32
2026-03-05,GDXU,-13.0,315.0
2026-03-05,SOXL,0.0,54.764
2026-03-05,TQQQ,21.0,49.508
2026-03-05,UPRO,0.0,112.002
2026-03-05,YINN,-31.0,31.797
2026-03-06,CONL,-35.0,9.21
2026-03-06,GDXU,-16.0,308.15
2026-03-06,SOXL,-24.0,47.859
2026-03-06,TQQQ,-17.0,47.261
2026-03-06,UPRO,-14.0,107.491
2026-03-06,YINN,-23.0,32.35
2026-03-09,CONL,-34.0,9.29
2026-03-09,GDXU,-34.0,317.77
2026-03-09,SOXL,-39.0,53.285
2026-03-09,TQQQ,-25.0,49.101
2026-03-09,UPRO,-20.0,110.283
2026-03-09,YINN,-17.0,34.116
2026-03-10,CONL,-33.0,9.37
2026-03-10,GDXU,7.0,326.01
2026-03-10,SOXL,-8.0,54.554
2026-03-10,TQQQ,13.0,49.11
2026-03-10,UPRO,-9.0,109.627
2026-03-10,YINN,-7.0,34.387
2026-03-11,CONL,-33.0,9.0
2026-03-11,GDXU,-30.0,304.99
2026-03-11,SOXL,-12.0,56.053
2026-03-11,TQQQ,-14.0,49.061
2026-03-11,UPRO,-16.0,109.26
2026-03-11,YINN,-15.0,33.766
2026-03-12,CONL,-32.0,9.255
2026-03-12,GDXU,-33.0,284.87
2026-03-12,SOXL,-31.0,50.247
2026-03-12,TQQQ,-26.0,46.556
2026-03-12,UPRO,-21.0,104.241
2026-03-12,YINN,-16.0,33.194
2026-03-13,CONL,-31.0,9.13
2026-03-13,GDXU,-59.0,233.96
2026-03-13,SOXL,-34.0,50.687
2026-03-13,TQQQ,-34.0,45.661
2026-03-13,UPRO,-24.0,102.372
2026-03-13,YINN,-14.0,33.378
2026-03-16,CONL,-31.0,9.85
2026-03-16,GDXU,-61.0,242.14
2026-03-16,SOXL,-19.0,53.655
2026-03-16,TQQQ,-26.0,47.182
2026-03-16,UPRO,-22.0,105.443
2026-03-16,YINN,-4.0,35.076
2026-03-17,CONL,-26.0,10.5
2026-03-17,GDXU,-59.0,238.05
2026-03-17,SOXL,-24.0,54.914
2026-03-17,TQQQ,-25.0,47.878
2026-03-17,UPRO,-21.0,106.258
2026-03-17,YINN,-4.0,35.066
2026-03-18,CONL,-31.0,9.73
2026-03-18,GDXU,-79.0,192.54
2026-03-18,SOXL,-15.0,53.985
2026-03-18,TQQQ,-27.0,45.83
2026-03-18,UPRO,-22.0,101.836
2026-03-18,YINN,-12.0,33.204
2026-03-19,CONL,-42.0,9.76
2026-03-19,GDXU,-95.0,158.05
2026-03-19,SOXL,-27.0,54.814
2026-03-19,TQQQ,-38.0,45.422
2026-03-19,UPRO,-31.0,101.001
2026-03-19,YINN,-17.0,33.107
2026-03-20,CONL,-40.0,9.25
2026-03-20,GDXU,-95.0,140.91
2026-03-20,SOXL,-25.0,51.107
2026-03-20,TQQQ,-42.0,42.828
2026-03-20,UPRO,-33.0,96.489
2026-03-20,YINN,-26.0,30.284
2026-03-23,CONL,-44.0,9.52
2026-03-23,GDXU,-95.0,158.23
2026-03-23,SOXL,-21.0,52.995
2026-03-23,TQQQ,-39.0,44.309
2026-03-23,UPRO,-28.0,99.59
2026-03-23,YINN,-32.0,30.837
2026-03-24,CONL,-85.0,7.66
2026-03-24,GDXU,-95.0,158.76
2026-03-24,SOXL,-14.0,54.924
2026-03-24,TQQQ,-41.0,43.364
2026-03-24,UPRO,-30.0,98.556
2026-03-24,YINN,-25.0,30.733
2026-03-25,CONL,-87.0,7.67
2026-03-25,GDXU,-87.0,173.73
2026-03-25,SOXL,11.0,57.003
2026-03-25,TQQQ,-38.0,44.202
2026-03-25,UPRO,-30.0,100.122
2026-03-25,YINN,-14.0,32.366
2026-03-26,CONL,-87.0,7.01
2026-03-26,GDXU,-95.0,147.95
2026-03-26,SOXL,-22.0,48.938
2026-03-26,TQQQ,-45.0,41.056
2026-03-26,UPRO,-34.0,94.804
2026-03-26,YINN,-25.0,29.567
2026-03-27,CONL,-87.0,6.03
2026-03-27,GDXU,-93.0,165.95
2026-03-27,SOXL,-36.0,46.579
2026-03-27,TQQQ,-57.0,38.616
2026-03-27,UPRO,-46.0,89.853
2026-03-27,YINN,-28.0,29.256
2026-03-30,CONL,-87.0,6.0
2026-03-30,GDXU,-91.0,165.94
2026-03-30,SOXL,-55.0,40.593
2026-03-30,TQQQ,-62.0,37.73
2026-03-30,UPRO,-48.0,88.937
2026-03-30,YINN,-25.0,29.606
2026-03-31,CONL,-87.0,7.0
2026-03-31,GDXU,-79.0,201.39
2026-03-31,SOXL,-53.0,47.879
2026-03-31,TQQQ,-58.0,41.504
2026-03-31,UPRO,-45.0,96.596
2026-03-31,YINN,-22.0,31.89
2026-04-01,CONL,-87.0,6.88
2026-04-01,GDXU,-12.0,228.82
2026-04-01,SOXL,3.0,52.226
2026-04-01,TQQQ,-38.0,43.047
2026-04-01,UPRO,-26.0,98.778
2026-04-01,YINN,-15.0,31.054
2026-04-02,CONL,-87.0,6.74
2026-04-02,GDXU,-50.0,218.02
2026-04-02,SOXL,-23.0,52.715
2026-04-02,TQQQ,-41.0,43.147
2026-04-02,UPRO,-29.0,98.987
2026-04-02,YINN,-21.0,30.947
2026-04-03,CONL,-87.0,6.74
2026-04-03,GDXU,-49.0,218.02
2026-04-03,SOXL,1.0,52.75
2026-04-03,TQQQ,-39.0,43.33
2026-04-03,UPRO,-27.0,99.38
2026-04-03,YINN,-19.0,31.84
2026-04-06,CONL,-87.0,7.0
2026-04-06,GDXU,-35.0,212.12
2026-04-06,SOXL,5.0,54.774
2026-04-06,TQQQ,-39.0,43.914
2026-04-06,UPRO,-28.0,100.342
2026-04-06,YINN,-28.0,30.937
2026-04-07,CONL,-87.0,7.03
2026-04-07,GDXU,-60.0,219.38
2026-04-07,SOXL,3.0,56.513
2026-04-07,TQQQ,-45.0,43.963
2026-04-07,UPRO,-33.0,100.451
2026-04-07,YINN,-31.0,30.733
2026-04-08,CONL,-80.0,7.01
2026-04-08,GDXU,3.0,242.61
2026-04-08,SOXL,29.0,67.456
2026-04-08,TQQQ,8.0,47.797
2026-04-08,UPRO,13.0,108.031
2026-04-08,YINN,5.0,33.008
2026-04-09,CONL,-87.0,6.53
2026-04-09,GDXU,1.0,243.52
2026-04-09,SOXL,37.0,71.933
2026-04-09,TQQQ,19.0,48.753
2026-04-09,UPRO,23.0,109.924
2026-04-09,YINN,3.0,32.833
2026-04-10,CONL,-89.0,6.41
2026-04-10,GDXU,3.0,250.66
2026-04-10,SOXL,42.0,76.34
2026-04-10,TQQQ,26.0,48.962
2026-04-10,UPRO,29.0,109.575
2026-04-10,YINN,5.0,32.658
2026-04-13,CONL,-88.0,6.93
2026-04-13,GDXU,-2.0,247.05
2026-04-13,SOXL,43.0,80.507
2026-04-13,TQQQ,27.0,50.446
2026-04-13,UPRO,28.0,112.782
2026-04-13,YINN,5.0,33.241
2026-04-14,CONL,-44.0,7.7
2026-04-14,GDXU,9.0,262.94
2026-04-14,SOXL,52.0,85.254
2026-04-14,TQQQ,47.0,53.184
2026-04-14,UPRO,43.0,116.876
2026-04-14,YINN,11.0,34.407
2026-04-15,CONL,-36.0,8.68
2026-04-15,GDXU,1.0,242.61
2026-04-15,SOXL,62.0,85.904
2026-04-15,TQQQ,60.0,55.415
2026-04-15,UPRO,55.0,119.585
2026-04-15,YINN,13.0,34.417
2026-04-16,CONL,-29.0,9.0
2026-04-16,GDXU,1.0,239.97
2026-04-16,SOXL,73.0,88.312
2026-04-16,TQQQ,70.0,56.192
2026-04-16,UPRO,66.0,120.482
2026-04-16,YINN,23.0,35.321
2026-04-17,CONL,-29.0,9.59
2026-04-17,GDXU,15.0,260.56
2026-04-17,SOXL,82.0,94.618
2026-04-17,TQQQ,78.0,58.342
2026-04-17,UPRO,78.0,124.735
2026-04-17,YINN,31.0,36.361
2026-04-20,CONL,-24.0,10.07
2026-04-20,GDXU,-3.0,250.23
2026-04-20,SOXL,82.0,95.877
2026-04-20,TQQQ,79.0,57.835
2026-04-20,UPRO,76.0,123.998
2026-04-20,YINN,18.0,36.487
2026-04-21,CONL,-19.0,8.55
2026-04-21,GDXU,-27.0,204.0
2026-04-21,SOXL,84.0,98.026
2026-04-21,TQQQ,81.0,57.157
2026-04-21,UPRO,75.0,121.587
2026-04-21,YINN,15.0,34.893
2026-04-22,CONL,-21.0,9.47
2026-04-22,GDXU,-56.0,213.67
2026-04-22,SOXL,83.0,105.571
2026-04-22,TQQQ,79.0,59.956
2026-04-22,UPRO,74.0,125.193
2026-04-22,YINN,13.0,34.504
2026-04-23,CONL,-4.0,8.72
2026-04-23,GDXU,-67.0,197.37
2026-04-23,SOXL,83.0,112.696
2026-04-23,TQQQ,80.0,58.97
2026-04-23,UPRO,75.0,123.669
2026-04-23,YINN,10.0,33.163
2026-04-24,CONL,-12.0,8.85
2026-04-24,GDXU,-64.0,208.87
2026-04-24,SOXL,82.0,128.236
2026-04-24,TQQQ,79.0,62.296
2026-04-24,UPRO,72.0,126.488
2026-04-24,YINN,12.0,34.145
2026-04-27,CONL,-10.0,8.59
2026-04-27,GDXU,-74.0,197.75
2026-04-27,SOXL,84.0,123.309
2026-04-27,TQQQ,79.0,62.375
2026-04-27,UPRO,72.0,127.085
2026-04-27,YINN,-12.0,32.979
2026-04-28,CONL,-36.0,8.35
2026-04-28,GDXU,-93.0,172.14
2026-04-28,SOXL,84.0,109.488
2026-04-28,TQQQ,74.0,60.483
2026-04-28,UPRO,70.0,125.193
2026-04-28,YINN,-14.0,32.444
2026-04-29,CONL,-86.0,7.29
2026-04-29,GDXU,-93.0,158.02
2026-04-29,SOXL,80.0,117.893
2026-04-29,TQQQ,70.0,61.599
2026-04-29,UPRO,64.0,125.123
2026-04-29,YINN,-13.0,32.687
2026-04-30,CONL,-70.0,7.76
2026-04-30,GDXU,-93.0,169.79
2026-04-30,SOXL,83.0,126.897
2026-04-30,TQQQ,72.0,63.271
2026-04-30,UPRO,68.0,128.669
2026-04-30,YINN,-12.0,33.844
2026-05-01,CONL,-49.0,8.04
2026-05-01,GDXU,-93.0,162.96
2026-05-01,SOXL,85.0,130.315
2026-05-01,TQQQ,78.0,65.024
2026-05-01,UPRO,73.0,129.785
2026-05-01,YINN,11.0,33.863
2026-05-04,CONL,-16.0,9.02
2026-05-04,GDXU,-93.0,154.3
2026-05-04,SOXL,84.0,127.467
2026-05-04,TQQQ,74.0,64.636
2026-05-04,UPRO,67.0,128.34
2026-05-04,YINN,-11.0,33.144
2026-05-05,CONL,-16.0,8.55
2026-05-05,GDXU,-93.0,154.69
2026-05-05,SOXL,88.0,144.066
2026-05-05,TQQQ,79.0,67.105
2026-05-05,UPRO,72.0,131.329
2026-05-05,YINN,-12.0,32.959
2026-05-06,CONL,-26.0,8.57
2026-05-06,GDXU,-72.0,191.09
2026-05-06,SOXL,90.0,165.741
2026-05-06,TQQQ,85.0,71.268
2026-05-06,UPRO,78.0,136.757
2026-05-06,YINN,15.0,35.69
2026-05-07,CONL,-47.0,8.11
2026-05-07,GDXU,-31.0,187.66
2026-05-07,SOXL,90.0,152.0
2026-05-07,TQQQ,87.0,71.039
2026-05-07,UPRO,78.0,135.482
2026-05-07,YINN,14.0,34.884
2026-05-08,CONL,-61.0,8.82
2026-05-08,GDXU,-65.0,192.22
2026-05-08,SOXL,89.0,176.824
2026-05-08,TQQQ,86.0,75.958
2026-05-08,UPRO,76.0,138.669
2026-05-08,YINN,14.0,34.952
2026-05-11,CONL,-7.0,10.14
2026-05-11,GDXU,-17.0,223.66
2026-05-11,SOXL,91.0,190.295
2026-05-11,TQQQ,88.0,76.635
2026-05-11,UPRO,79.0,139.536
2026-05-11,YINN,17.0,35.564
2026-05-12,CONL,-16.0,9.32
2026-05-12,GDXU,-60.0,198.13
2026-05-12,SOXL,86.0,172.407
2026-05-12,TQQQ,76.0,74.643
2026-05-12,UPRO,70.0,138.978
2026-05-12,YINN,14.0,35.185
2026-05-13,CONL,-52.0,8.8
2026-05-13,GDXU,-22.0,216.186
2026-05-13,SOXL,90.0,184.119
2026-05-13,TQQQ,83.0,76.914
2026-05-13,UPRO,76.0,141.269
2026-05-13,YINN,30.0,37.77
2026-05-14,CONL,-21.0,9.66
2026-05-14,GDXU,-36.0,201.85
2026-05-14,SOXL,89.0,186.068
2026-05-14,TQQQ,86.0,78.616
2026-05-14,UPRO,78.0,144.526
2026-05-14,YINN,16.0,34.796
2026-05-15,CONL,-58.0,8.15
2026-05-15,GDXU,-89.0,154.34
2026-05-15,SOXL,86.0,164.073
2026-05-15,TQQQ,78.0,75.022
2026-05-15,UPRO,73.0,139.177
2026-05-15,YINN,-11.0,31.909
2026-05-18,CONL,-81.0,7.65
2026-05-18,GDXU,-86.0,155.355
2026-05-18,SOXL,71.0,151.651
2026-05-18,TQQQ,71.0,74.006
2026-05-18,UPRO,68.0,138.809
2026-05-18,YINN,-11.0,31.676
2026-05-19,CONL,-80.0,7.95
2026-05-19,GDXU,-91.0,137.23
2026-05-19,SOXL,64.0,151.791
2026-05-19,TQQQ,67.0,72.622
2026-05-19,UPRO,65.0,136.1
2026-05-19,YINN,-11.0,32.007
2026-05-20,CONL,-73.0,7.78
2026-05-20,GDXU,-88.0,148.566
2026-05-20,SOXL,77.0,173.087
2026-05-20,TQQQ,72.0,76.187
2026-05-20,UPRO,67.0,140.273
2026-05-20,YINN,-11.0,31.9
2026-05-21,CONL,-75.0,7.96
2026-05-21,GDXU,-92.0,140.48
2026-05-21,SOXL,72.0,178.273
2026-05-21,TQQQ,67.0,76.625
2026-05-21,UPRO,63.0,141.02
2026-05-21,YINN,-17.0,30.908
2026-05-22,CONL,-77.0,7.24
2026-05-22,GDXU,-91.0,142.0
2026-05-22,SOXL,83.0,190.435
2026-05-22,TQQQ,73.0,77.511
2026-05-22,UPRO,69.0,142.514
2026-05-22,YINN,-17.0,29.956
2026-05-25,CONL,-81.0,7.24
2026-05-25,GDXU,-91.0,141.26
2026-05-25,SOXL,80.0,190.56
2026-05-25,TQQQ,69.0,77.84
2026-05-25,UPRO,65.0,143.08
2026-05-25,YINN,-17.0,30.82
2026-05-26,CONL,-76.0,6.85
2026-05-26,GDXU,-84.0,153.5
2026-05-26,SOXL,83.0,225.642
2026-05-26,TQQQ,74.0,81.604
2026-05-26,UPRO,69.0,145.283
2026-05-26,YINN,-17.0,30.481
2026-05-27,CONL,-88.0,6.39
2026-05-27,GDXU,-88.0,146.18
2026-05-27,SOXL,83.0,217.837
2026-05-27,TQQQ,73.0,81.325
2026-05-27,UPRO,68.0,145.263
2026-05-27,YINN,-20.0,29.46
2026-05-28,CONL,-89.0,6.98
2026-05-28,GDXU,-88.0,148.0
2026-05-28,SOXL,83.0,224.483
2026-05-28,TQQQ,74.0,83.326
2026-05-28,UPRO,69.0,147.604
2026-05-28,YINN,-22.0,28.634
2026-05-29,CONL,-80.0,7.5
2026-05-29,GDXU,-80.0,161.53
2026-05-29,SOXL,82.0,224.193
2026-05-29,TQQQ,73.0,84.203
2026-05-29,UPRO,68.0,148.59
2026-05-29,YINN,-20.0,28.75
2026-06-01,CONL,-82.0,7.0
2026-06-01,GDXU,-90.0,144.54
2026-06-01,SOXL,81.0,226.881
2026-06-01,TQQQ,72.0,85.676
2026-06-01,UPRO,67.0,149.696
2026-06-01,YINN,-20.0,29.392
2026-06-02,CONL,-91.0,6.33
2026-06-02,GDXU,-87.0,151.8
2026-06-02,SOXL,78.0,266.146
2026-06-02,TQQQ,69.0,86.851
2026-06-02,UPRO,64.0,150.273
2026-06-02,YINN,-11.0,31.948
2026-06-03,CONL,-91.0,5.55
2026-06-03,GDXU,-94.0,139.2
2026-06-03,SOXL,75.0,280.356
2026-06-03,TQQQ,64.0,86.194
2026-06-03,UPRO,59.0,147.136
2026-06-03,YINN,-19.0,29.8
2026-06-04,CONL,-92.0,5.61
2026-06-04,GDXU,-91.0,142.86
2026-06-04,SOXL,76.0,262.528
2026-06-04,TQQQ,62.0,84.86
2026-06-04,UPRO,59.0,148.739
2026-06-04,YINN,-20.0,29.645
2026-06-05,CONL,-93.0,4.8
2026-06-05,GDXU,-97.0,110.243
2026-06-05,SOXL,55.0,182.421
2026-06-05,TQQQ,28.0,72.741
2026-06-05,UPRO,28.0,136.986
2026-06-05,YINN,-24.0,27.759
2026-06-08,CONL,-93.0,5.4
2026-06-08,GDXU,-97.0,107.77
2026-06-08,SOXL,49.0,211.302
2026-06-08,TQQQ,20.0,75.948
2026-06-08,UPRO,20.0,138.022
2026-06-08,YINN,-31.0,27.613
2026-06-09,CONL,-94.0,4.96
2026-06-09,GDXU,-97.0,96.34
2026-06-09,SOXL,-12.0,201.548
2026-06-09,TQQQ,-8.0,73.408
2026-06-09,UPRO,2.0,136.687
2026-06-09,YINN,-26.0,27.613
2026-06-10,CONL,-95.0,5.109
2026-06-10,GDXU,-97.0,88.29
2026-06-10,SOXL,-20.0,180.532
2026-06-10,TQQQ,-16.0,68.977
2026-06-10,UPRO,-4.0,130.173
2026-06-10,YINN,-25.0,27.71
2026-06-11,CONL,-95.0,4.85
2026-06-11,GDXU,-97.0,88.7
2026-06-11,SOXL,-12.0,223.843
2026-06-11,TQQQ,-18.0,75.689
2026-06-11,UPRO,-12.0,136.747
2026-06-11,YINN,-28.0,28.08
2026-06-12,CONL,-95.0,5.29
2026-06-12,GDXU,-97.0,105.25
2026-06-12,SOXL,42.0,234.526
2026-06-12,TQQQ,6.0,77.192
2026-06-12,UPRO,6.0,138.859
2026-06-12,YINN,-18.0,28.945
2026-06-15,CONL,-80.0,6.13
2026-06-15,GDXU,-78.0,131.605
2026-06-15,SOXL,58.0,272.322
2026-06-15,TQQQ,43.0,84.233
2026-06-15,UPRO,39.0,146.16
2026-06-15,YINN,-16.0,29.188
2026-06-16,CONL,-84.0,5.855
2026-06-16,GDXU,-54.0,134.318
2026-06-16,SOXL,47.0,226.042
2026-06-16,TQQQ,36.0,79.592
2026-06-16,UPRO,36.0,143.57
2026-06-16,YINN,-20.0,27.798
2026-06-17,CONL,-80.0,6.015
2026-06-17,GDXU,-44.0,146.99
2026-06-17,SOXL,47.0,233.707
2026-06-17,TQQQ,35.0,77.212
2026-06-17,UPRO,34.0,138.191
2026-06-17,YINN,-22.0,25.66
2026-06-18,CONL,-91.0,5.435
2026-06-18,GDXU,-86.0,115.285
2026-06-18,SOXL,52.0,279.107
2026-06-18,TQQQ,32.0,82.52
2026-06-18,UPRO,9.0,142.245
2026-06-18,YINN,-29.0,24.843
2026-06-19,CONL,-92.0,5.4
2026-06-19,GDXU,-87.0,114.28
2026-06-19,SOXL,53.0,279.29
2026-06-19,TQQQ,33.0,82.87
2026-06-19,UPRO,10.0,142.81
2026-06-19,YINN,-29.0,25.56
2026-06-22,CONL,-84.0,5.605
2026-06-22,GDXU,-91.0,107.575
2026-06-22,SOXL,50.0,300.573
2026-06-22,TQQQ,29.0,82.231
2026-06-22,UPRO,5.0,140.861
2026-06-22,YINN,-27.0,25.115
2026-06-23,CONL,-93.0,5.15
2026-06-23,GDXU,-97.0,97.635
2026-06-23,SOXL,0.0,231.269
2026-06-23,TQQQ,-8.0,74.125
2026-06-23,UPRO,-8.0,134.845
2026-06-23,YINN,-32.0,23.763
2026-06-24,CONL,-98.0,4.723
2026-06-24,GDXU,-97.0,83.18
2026-06-24,SOXL,-1.0,229.42
2026-06-24,TQQQ,-7.0,73.159
2026-06-24,UPRO,-6.0,134.464
2026-06-24,YINN,-34.0,22.734
2026-06-25,CONL,-99.0,4.285
2026-06-25,GDXU,-98.0,88.34
2026-06-25,SOXL,23.0,252.445
2026-06-25,TQQQ,-12.0,74.805
2026-06-25,UPRO,-10.0,134.494
2026-06-25,YINN,-39.0,21.283
2026-06-26,CONL,-99.0,4.376
2026-06-26,GDXU,-96.0,95.245
2026-06-26,SOXL,-18.0,215.459
2026-06-26,TQQQ,-17.0,71.691
2026-06-26,UPRO,-13.0,131.849
2026-06-26,YINN,-39.0,21.019
2026-06-29,CONL,-100.0,4.39
2026-06-29,GDXU,-99.0,86.31
2026-06-29,SOXL,-10.0,236.365
2026-06-29,TQQQ,-10.0,77.041
2026-06-29,UPRO,-10.0,138.517
2026-06-29,YINN,-39.0,21.283
2026-06-30,CONL,-100.0,4.191
2026-06-30,GDXU,-99.0,84.33
2026-06-30,SOXL,29.0,266.535
2026-06-30,TQQQ,20.0,80.844
2026-06-30,UPRO,17.0,141.542
2026-06-30,YINN,-38.0,21.038
2026-07-01,CONL,-56.0,5.205
2026-07-01,GDXU,-92.0,90.5
2026-07-01,SOXL,-2.0,217.408
2026-07-01,TQQQ,23.0,77.31
2026-07-01,UPRO,23.0,141.142
2026-07-01,YINN,-33.0,21.822
2026-07-02,CONL,-49.0,5.435
2026-07-02,GDXU,-86.0,95.5
2026-07-02,SOXL,-33.0,181.351
2026-07-02,TQQQ,-6.0,73.208
2026-07-02,UPRO,20.0,140.523
2026-07-02,YINN,-36.0,21.636
2026-07-03,CONL,-50.0,5.4
2026-07-03,GDXU,-86.0,95.79
2026-07-03,SOXL,-40.0,181.47
2026-07-03,TQQQ,-11.0,73.35
2026-07-03,UPRO,20.0,140.77
2026-07-03,YINN,-34.0,22.08
2026-07-06,CONL,-44.0,5.63
2026-07-06,GDXU,-83.0,96.03
2026-07-06,SOXL,-5.0,194.523
2026-07-06,TQQQ,36.0,76.273
2026-07-06,UPRO,39.0,144.157
2026-07-06,YINN,-29.0,22.832
2026-07-07,CONL,-48.0,5.399
2026-07-07,GDXU,-91.0,86.77
2026-07-07,SOXL,-39.0,165.172
2026-07-07,TQQQ,-5.0,72.091
2026-07-07,UPRO,32.0,141.961
2026-07-07,YINN,-36.0,22.792
2026-07-08,CONL,-82.0,4.93
2026-07-08,GDXU,-99.0,72.75
2026-07-08,SOXL,-40.0,174.706
2026-07-08,TQQQ,-13.0,72.58
2026-07-08,UPRO,7.0,140.583
2026-07-08,YINN,-9.0,24.782
2026-07-09,CONL,-80.0,5.03
2026-07-09,GDXU,-92.0,84.685
2026-07-09,SOXL,-6.0,192.324
2026-07-09,TQQQ,13.0,76.193
2026-07-09,UPRO,40.0,144.137
2026-07-09,YINN,0.0,24.703
2026-07-10,CONL,-80.0,5.03
2026-07-10,GDXU,-91.0,85.13
2026-07-10,SOXL,-17.0,192.134
2026-07-10,TQQQ,13.0,76.881
2026-07-10,UPRO,41.0,145.904
2026-07-10,YINN,-4.0,24.85
2026-07-13,CONL,-79.0,4.885
2026-07-13,GDXU,-98.0,77.82
2026-07-13,SOXL,-32.0,165.262
2026-07-13,TQQQ,3.0,72.5
2026-07-13,UPRO,37.0,142.48
2026-07-13,YINN,-17.0,24.742
2026-07-14,CONL,-82.0,4.895
2026-07-14,GDXU,-92.0,82.79
2026-07-14,SOXL,-30.0,176.544
2026-07-14,TQQQ,6.0,74.875
2026-07-14,UPRO,35.0,144.027
2026-07-14,YINN,-7.0,25.438
2026-07-15,CONL,-52.0,5.22
2026-07-15,GDXU,-96.0,76.245
2026-07-15,SOXL,-36.0,165.442
2026-07-15,TQQQ,5.0,74.296
2026-07-15,UPRO,40.0,145.614
2026-07-15,YINN,-1.0,26.594
2026-07-16,CONL,-50.0,5.24
2026-07-16,GDXU,-98.0,71.6
2026-07-16,SOXL,-42.0,142.387
2026-07-16,TQQQ,1.0,70.603
2026-07-16,UPRO,41.0,143.358
2026-07-16,YINN,-10.0,27.163
2026-07-17,CONL,-80.0,4.74
2026-07-17,GDXU,-97.0,70.46
2026-07-17,SOXL,-58.0,135.381
2026-07-17,TQQQ,-24.0,67.4
2026-07-17,UPRO,6.0,138.806
2026-07-17,YINN,-32.0,26.251
2026-07-20,CONL,-45.0,5.115
2026-07-20,GDXU,-97.0,68.89
2026-07-20,SOXL,-55.0,136.72
2026-07-20,TQQQ,-19.0,67.519
2026-07-20,UPRO,26.0,138.227
2026-07-20,YINN,-18.0,28.309
2026-07-21,CONL,-35.0,6.21
2026-07-21,GDXU,-86.0,76.912
2026-07-21,SOXL,-43.0,158.436
2026-07-21,TQQQ,-10.0,71.232
2026-07-21,UPRO,30.0,141.641
2026-07-21,YINN,-11.0,27.31
2026-07-22,CONL,-28.0,5.535
2026-07-22,GDXU,-51.0,89.6
2026-07-22,SOXL,-35.0,160.885
2026-07-22,TQQQ,-7.0,70.144
2026-07-22,UPRO,34.0,141.022
2026-07-22,YINN,-16.0,26.839
2026-07-23,CONL,-69.0,4.945
2026-07-23,GDXU,-84.0,77.94
2026-07-23,SOXL,-47.0,157.397
2026-07-23,TQQQ,-31.0,66.172
2026-07-23,UPRO,4.0,135.891
2026-07-23,YINN,-11.0,26.859
2026-07-24,CONL,-78.0,4.74
2026-07-24,GDXU,-57.0,83.4
2026-07-24,SOXL,-50.0,136.72
2026-07-24,TQQQ,-29.0,63.876
2026-07-24,UPRO,8.0,136.031
2026-07-24,YINN,-18.0,27.143
2026-07-27,CONL,-69.0,5.015
2026-07-27,GDXU,-81.0,80.05
2026-07-27,SOXL,-66.0,128.066
2026-07-27,TQQQ,-42.0,63.278
2026-07-27,UPRO,5.0,136.121
2026-07-27,YINN,-9.0,28.75
2026-07-28,CONL,-44.0,5.25
2026-07-28,GDXU,-80.0,79.6
2026-07-28,SOXL,-72.0,109.468
2026-07-28,TQQQ,-44.0,61.441
2026-07-28,UPRO,4.0,137.059
2026-07-28,YINN,-10.0,29.642
2026-07-29,CONL,-70.0,5.085
2026-07-29,GDXU,-89.0,71.22
2026-07-29,SOXL,-84.0,91.93
2026-07-29,TQQQ,-62.0,57.639
2026-07-29,UPRO,-8.0,130.78
2026-07-29,YINN,-4.0,30.818
2026-07-30,CONL,-74.0,4.97
2026-07-30,GDXU,-79.0,79.92
2026-07-30,SOXL,-72.0,114.645
2026-07-30,TQQQ,-42.0,63.178
2026-07-30,UPRO,-1.0,137.329
2026-07-30,YINN,-3.0,31.817
2026-07-31,CONL,-93.0,3.699
2026-07-31,GDXU,-83.0,75.215
2026-07-31,SOXL,-68.0,114.645
2026-07-31,TQQQ,-35.0,64.495
2026-07-31,UPRO,5.0,140.034
2026-07-31,YINN,1.0,31.817
2026-08-03,CONL,-89.0,4.166
2026-08-03,GDXU,-56.0,79.21
2026-08-03,SOXL,-66.0,116.634
2026-08-03,TQQQ,-15.0,67.829
2026-08-03,UPRO,37.0,146.064
2026-08-03,YINN,-10.0,31.612
2026-08-04,CONL,-93.0,4.275
2026-08-04,GDXU,-45.0,88.38
2026-08-04,SOXL,-26.0,139.808
2026-08-04,TQQQ,42.0,74.676
2026-08-04,UPRO,58.0,153.87
2026-08-04,YINN,-13.0,31.269
2026-08-05,CONL,-91.0,4.16
2026-08-05,GDXU,-36.0,106.4
2026-08-05,SOXL,-24.0,131.984
2026-08-05,TQQQ,51.0,72.699
2026-08-05,UPRO,62.0,152.972
2026-08-05,YINN,-3.0,30.661
2026-08-06,CONL,-93.0,4.105
2026-08-06,GDXU,-35.0,103.84
2026-08-06,SOXL,-20.0,132.243
2026-08-06,TQQQ,45.0,71.891
2026-08-06,UPRO,63.0,152.163
2026-08-06,YINN,-1.0,30.357
2026-08-07,CONL,-84.0,4.29
2026-08-07,GDXU,-35.0,129.36
2026-08-07,SOXL,8.0,140.158
2026-08-07,TQQQ,57.0,74.326
2026-08-07,UPRO,68.0,154.788
2026-08-07,YINN,9.0,30.867
2026-08-10,CONL,-87.0,4.12
2026-08-10,GDXU,-34.0,130.09
2026-08-10,SOXL,-12.0,129.915
2026-08-10,TQQQ,61.0,73.658
2026-08-10,UPRO,70.0,154.708
2026-08-10,YINN,12.0,31.651
2026-08-11,CONL,-88.0,4.035
2026-08-11,GDXU,-33.0,130.26
2026-08-11,SOXL,-17.0,132.913
2026-08-11,TQQQ,52.0,72.919
2026-08-11,UPRO,67.0,153.091
2026-08-11,YINN,-6.0,29.466
2026-08-12,CONL,-90.0,4.055
2026-08-12,GDXU,-33.0,136.205
2026-08-12,SOXL,15.0,142.067
2026-08-12,TQQQ,56.0,74.456
2026-08-12,UPRO,65.0,154.279
2026-08-12,YINN,-28.0,28.427
2026-08-13,CONL,-86.0,4.04
2026-08-13,GDXU,-32.0,122.237
2026-08-13,SOXL,27.0,145.265
2026-08-13,TQQQ,66.0,77.001
2026-08-13,UPRO,71.0,157.404
2026-08-13,YINN,-34.0,27.525
2026-08-14,CONL,-82.0,4.15
2026-08-14,GDXU,-31.0,129.8
2026-08-14,SOXL,17.0,144.855
2026-08-14,TQQQ,65.0,76.642
2026-08-14,UPRO,70.0,156.356
2026-08-14,YINN,-34.0,27.604
2026-08-17,CONL,-78.0,4.226
2026-08-17,GDXU,-31.0,141.0
2026-08-17,SOXL,29.0,151.431
2026-08-17,TQQQ,62.0,76.253
2026-08-17,UPRO,65.0,154.129
2026-08-17,YINN,-24.0,28.015
2026-08-18,CONL,-70.0,4.035
2026-08-18,GDXU,-30.0,127.35
2026-08-18,SOXL,-31.0,129.015
2026-08-18,TQQQ,42.0,72.39
2026-08-18,UPRO,53.0,150.925
2026-08-18,YINN,-24.0,27.957
2026-08-19,CONL,-18.0,4.77
2026-08-19,GDXU,-29.0,157.675
2026-08-19,SOXL,-32.0,120.661
2026-08-19,TQQQ,46.0,71.921
2026-08-19,UPRO,57.0,151.893
2026-08-19,YINN,-39.0,29.417
2026-08-20,CONL,11.0,5.37
2026-08-20,GDXU,-29.0,169.0
2026-08-20,SOXL,-35.0,122.13
2026-08-20,TQQQ,35.0,70.344
2026-08-20,UPRO,51.0,148.02
2026-08-20,YINN,-43.0,29.338
2026-08-21,CONL,23.0,6.43
2026-08-21,GDXU,-28.0,184.668
2026-08-21,SOXL,-34.0,120.521
2026-08-21,TQQQ,40.0,71.033
2026-08-21,UPRO,52.0,149.617
2026-08-21,YINN,-15.0,29.867
2026-08-24,CONL,26.0,6.095
2026-08-24,GDXU,-27.0,182.34
2026-08-24,SOXL,-45.0,111.087
2026-08-24,TQQQ,11.0,68.877
2026-08-24,UPRO,30.0,148.32
2026-08-24,YINN,-48.0,29.005
2026-08-25,CONL,27.0,6.19
2026-08-25,GDXU,-19.0,195.51
2026-08-25,SOXL,-36.0,115.594
2026-08-25,TQQQ,16.0,70.134
2026-08-25,UPRO,33.0,149.677
2026-08-25,YINN,-45.0,29.044
2026-08-26,CONL,16.0,5.86
2026-08-26,GDXU,-26.0,182.75
2026-08-26,SOXL,-41.0,116.524
2026-08-26,TQQQ,11.0,70.334
2026-08-26,UPRO,27.0,149.707
2026-08-26,YINN,-41.0,29.015
2026-08-27,CONL,23.0,6.62
2026-08-27,GDXU,-23.0,190.34
2026-08-27,SOXL,-31.0,122.969
2026-08-27,TQQQ,44.0,73.159
2026-08-27,UPRO,53.0,152.642
2026-08-27,YINN,-35.0,28.28
2026-08-28,CONL,27.0,5.81
2026-08-28,GDXU,-25.0,174.51
2026-08-28,SOXL,-42.0,111.267
2026-08-28,TQQQ,22.0,71.711
2026-08-28,UPRO,52.0,151.514
2026-08-28,YINN,-34.0,28.819
2026-08-31,CONL,13.0,5.89
2026-08-31,GDXU,-37.0,157.845
2026-08-31,SOXL,-53.0,112.716
2026-08-31,TQQQ,8.0,71.781
2026-08-31,UPRO,20.0,150.007
2026-08-31,YINN,-27.0,28.525
2026-09-01,CONL,22.0,5.75
2026-09-01,GDXU,-42.0,152.385
2026-09-01,SOXL,-60.0,105.841
2026-09-01,TQQQ,1.0,69.017
2026-09-01,UPRO,14.0,146.892
2026-09-01,YINN,-27.0,28.466
2026-09-02,CONL,7.0,5.45
2026-09-02,GDXU,-65.0,152.178
2026-09-02,SOXL,-74.0,106.28
2026-09-02,TQQQ,-16.0,69.466
2026-09-02,UPRO,1.0,148.879
2026-09-02,YINN,-35.0,28.946
2026-09-03,CONL,17.0,6.58
2026-09-03,GDXU,-34.0,170.325
2026-09-03,SOXL,-74.0,106.67
2026-09-03,TQQQ,-6.0,71.891
2026-09-03,UPRO,24.0,153.461
2026-09-03,YINN,-38.0,28.437
2026-09-04,CONL,29.0,6.045
2026-09-04,GDXU,-39.0,165.145
2026-09-04,SOXL,-55.0,117.203
2026-09-04,TQQQ,1.0,72.23
2026-09-04,UPRO,11.0,151.614
2026-09-04,YINN,-14.0,29.711
2026-09-07,CONL,24.0,5.93
2026-09-07,GDXU,-40.0,161.91
2026-09-07,SOXL,-52.0,117.28
2026-09-07,TQQQ,3.0,72.37
2026-09-07,UPRO,11.0,151.88
2026-09-07,YINN,-14.0,30.32
2026-09-08,CONL,14.0,5.74
2026-09-08,GDXU,-41.0,162.37
2026-09-08,SOXL,-20.0,123.189
2026-09-08,TQQQ,25.0,72.021
2026-09-08,UPRO,10.0,149.038
2026-09-08,YINN,-41.0,27.486
2026-09-09,CONL,2.0,5.505
2026-09-09,GDXU,-41.0,162.98
2026-09-09,SOXL,-20.0,125.788
2026-09-09,TQQQ,0.0,71.412
2026-09-09,UPRO,7.0,146.932
2026-09-09,YINN,-40.0,26.467
2026-09-10,CONL,-25.0,5.17
2026-09-10,GDXU,-70.0,149.38
2026-09-10,SOXL,-54.0,115.684
2026-09-10,TQQQ,-13.0,69.076
2026-09-10,UPRO,0.0,144.247
2026-09-10,YINN,-45.0,25.967
2026-09-11,CONL,-34.0,5.465
2026-09-11,GDXU,-70.0,150.85
2026-09-11,SOXL,-30.0,121.74
2026-09-11,TQQQ,-9.0,70.843
2026-09-11,UPRO,1.0,147.761
2026-09-11,YINN,-56.0,26.242
2026-09-14,CONL,1.0,6.09
2026-09-14,GDXU,-80.0,134.08
2026-09-14,SOXL,-79.0,101.064
2026-09-14,TQQQ,-19.0,69.136
2026-09-14,UPRO,-5.0,145.734
2026-09-14,YINN,-55.0,27.055
2026-09-15,CONL,-18.0,5.617
2026-09-15,GDXU,-82.0,131.05
2026-09-15,SOXL,-79.0,102.253
2026-09-15,TQQQ,-26.0,67.769
2026-09-15,UPRO,-7.0,143.718
2026-09-15,YINN,-63.0,26.036
2026-09-16,CONL,-59.0,4.65
2026-09-16,GDXU,-80.0,137.0
2026-09-16,SOXL,-70.0,103.902
2026-09-16,TQQQ,-20.0,67.799
2026-09-16,UPRO,-7.0,141.851
2026-09-16,YINN,-56.0,24.919
2026-09-17,CONL,-60.0,4.835
2026-09-17,GDXU,-76.0,143.7
2026-09-17,SOXL,-42.0,114.745
2026-09-17,TQQQ,5.0,71.242
2026-09-17,UPRO,-7.0,146.623
2026-09-17,YINN,-61.0,25.517
2026-09-18,CONL,-1.0,6.171
2026-09-18,GDXU,-79.0,137.6
2026-09-18,SOXL,-35.0,123.589
2026-09-18,TQQQ,4.0,72.5
2026-09-18,UPRO,-9.0,146.932
2026-09-18,YINN,-52.0,25.791
2026-09-21,CONL,25.0,6.832
2026-09-21,GDXU,-80.0,135.985
2026-09-21,SOXL,-5.0,141.837
2026-09-21,TQQQ,28.0,78.758
2026-09-21,UPRO,21.0,153.8
2026-09-21,YINN,-43.0,27.084
2026-09-22,CONL,32.0,6.6
2026-09-22,GDXU,-76.0,141.02
2026-09-22,SOXL,3.0,147.245
2026-09-22,TQQQ,34.0,80.674
2026-09-22,UPRO,25.0,153.74
2026-09-22,YINN,-42.0,27.075
2026-09-23,CONL,27.0,6.575
2026-09-23,GDXU,-82.0,129.65
2026-09-23,SOXL,2.0,143.46
2026-09-23,TQQQ,32.0,78.545
2026-09-23,UPRO,24.0,150.85
2026-09-23,YINN,-50.0,25.825
2026-09-24,CONL,23.0,6.43
2026-09-24,GDXU,-87.0,120.85
2026-09-24,SOXL,-6.0,140.125
2026-09-24,TQQQ,26.0,77.095
2026-09-24,UPRO,-1.0,148.13
2026-09-24,YINN,-60.0,25.43
2026-09-25,CONL,18.0,6.19
2026-09-25,GDXU,-82.0,125.98
2026-09-25,SOXL,7.0,149.79
2026-09-25,TQQQ,33.0,78.819
2026-09-25,UPRO,26.0,150.64
2026-09-25,YINN,-62.0,24.785
2026-09-28,CONL,21.0,6.12
2026-09-28,GDXU,-90.0,108.0
2026-09-28,SOXL,-11.0,138.7
2026-09-28,TQQQ,25.0,76.64
2026-09-28,UPRO,-1.0,148.54
2026-09-28,YINN,-74.0,25.36
2026-09-29,CONL,19.0,6.06
2026-09-29,GDXU,-90.0,107.96
2026-09-29,SOXL,-6.0,142.4
2026-09-29,TQQQ,26.0,77.338
2026-09-29,UPRO,20.0,149.0
2026-09-29,YINN,-74.0,25.24
